ts,actual,p10,p30,p50,p70,p90,date
2026-01-27 00:00:00,485.0,760.6863403320311,870.8154296874999,935.0958251953124,994.3897705078124,1088.9334716796875,2026-01-27
2026-01-27 01:00:00,382.5,711.525146484375,853.8738403320312,934.9097290039062,1005.8452758789062,1115.3219604492188,2026-01-27
2026-01-27 02:00:00,392.5,641.8322143554688,804.2693481445312,893.86474609375,973.3023681640625,1095.291015625,2026-01-27
2026-01-27 03:00:00,375.0,513.6228332519531,686.837646484375,783.7274169921875,869.5548706054688,1000.4557495117188,2026-01-27
2026-01-27 04:00:00,350.0,540.0430297851562,708.7570190429688,808.1514282226562,898.9105834960938,1035.8460083007812,2026-01-27
2026-01-27 05:00:00,360.0,639.6061096191406,806.2705688476562,908.0324096679688,1001.301513671875,1142.3831787109375,2026-01-27
2026-01-27 06:00:00,397.5,689.2126159667969,857.4339599609375,963.28369140625,1061.3087768554688,1209.4236450195312,2026-01-27
2026-01-27 07:00:00,395.0,570.2406005859375,744.2322387695312,854.62353515625,957.2213134765625,1114.0472412109375,2026-01-27
2026-01-27 08:00:00,392.5,372.2195129394531,543.728759765625,658.6528930664062,764.0202026367188,926.3893432617188,2026-01-27
2026-01-27 09:00:00,315.03125,206.00733947753912,374.1029968261719,490.8717651367188,598.5620422363281,764.8723449707031,2026-01-27
2026-01-27 10:00:00,299.7330017089844,136.2118682861328,303.05018615722656,424.1376953125,534.1417846679688,707.9293518066406,2026-01-27
2026-01-27 11:00:00,552.5872802734375,261.5472717285156,428.59097290039057,551.8389892578125,668.1746215820312,847.94921875,2026-01-27
2026-01-27 12:00:00,324.2122497558594,153.78387451171875,316.320068359375,440.65277099609375,559.8197021484375,745.6326599121094,2026-01-27
2026-01-27 13:00:00,281.8592529296875,52.88148498535156,214.47093200683594,339.3945617675781,459.3357696533203,647.8740997314453,2026-01-27
2026-01-27 14:00:00,268.1832580566406,193.6648559570313,353.87005615234375,480.3189086914063,600.6741027832031,793.1842956542969,2026-01-27
2026-01-27 15:00:00,270.23223876953125,218.84194946289062,383.6364288330078,514.866455078125,642.7251892089844,843.2428588867188,2026-01-27
2026-01-27 16:00:00,725.718994140625,378.1112365722656,576.7214050292969,727.9775390625,871.6972045898438,1091.6514282226562,2026-01-27
2026-01-27 17:00:00,736.25,444.7163543701172,662.4482116699219,827.0770263671875,981.6903076171875,1209.578369140625,2026-01-27
2026-01-27 18:00:00,452.5,344.0113067626953,548.3112182617188,709.3302001953125,858.5945434570312,1080.052978515625,2026-01-27
2026-01-27 19:00:00,720.083251953125,376.49394226074213,566.1763000488281,717.815185546875,857.7015380859375,1066.6213989257812,2026-01-27
2026-01-27 20:00:00,337.5,454.4210510253906,638.1806030273438,784.9521484375,917.3810119628906,1117.0713195800781,2026-01-27
2026-01-27 21:00:00,887.5,545.2843933105469,728.6671752929688,873.45458984375,1000.2776489257812,1191.022705078125,2026-01-27
2026-01-27 22:00:00,773.5,408.1457061767578,590.2342529296875,732.9008178710938,852.7335815429688,1035.6849975585938,2026-01-27
2026-01-27 23:00:00,846.0,387.7891845703125,568.8431701660156,710.49072265625,826.0755004882812,999.0090942382812,2026-01-27
2026-01-28 00:00:00,808.0,347.421142578125,454.04205322265625,522.0842895507812,586.5861206054688,688.0663452148438,2026-01-28
2026-01-28 01:00:00,649.0,494.2500305175781,618.9276123046875,698.4005126953125,771.8636474609375,884.4671630859375,2026-01-28
2026-01-28 02:00:00,763.75,548.4981079101562,683.3997802734375,766.5768432617188,844.6995239257812,963.1893920898438,2026-01-28
2026-01-28 03:00:00,924.5,313.1044006347656,454.65911865234375,541.4130859375,621.6790771484375,743.02001953125,2026-01-28
2026-01-28 04:00:00,1030.0,164.69134521484375,300.8726196289063,385.64404296875,466.51025390625,587.1617431640625,2026-01-28
2026-01-28 05:00:00,1055.0,158.23532104492188,291.0859985351563,374.2353515625,452.42333984375,571.270263671875,2026-01-28
2026-01-28 06:00:00,1091.75,164.89413452148438,299.3233032226563,383.2306213378906,462.58685302734375,584.5071411132812,2026-01-28
2026-01-28 07:00:00,971.0,149.2570343017578,291.14950561523443,378.396484375,461.7450866699219,587.5094299316406,2026-01-28
2026-01-28 08:00:00,808.75,150.67951965332037,293.81567382812506,384.2747192382813,468.95751953125006,599.2615966796875,2026-01-28
2026-01-28 09:00:00,662.875,124.50993347167969,266.40386962890625,358.4783020019531,443.9331359863281,576.0339965820312,2026-01-28
2026-01-28 10:00:00,396.9392395019531,76.63893127441412,220.75280761718756,316.6246643066406,403.31661987304693,538.7756042480469,2026-01-28
2026-01-28 11:00:00,677.5,128.62167358398438,278.3856201171875,378.7333679199219,471.2114562988281,612.8283081054688,2026-01-28
2026-01-28 12:00:00,872.0,85.70553588867188,236.82469177246097,341.42303466796875,437.5488586425782,584.8219299316406,2026-01-28
2026-01-28 13:00:00,462.5,54.915771484375,210.80825805664062,319.36114501953125,419.5558166503906,571.9569396972656,2026-01-28
2026-01-28 14:00:00,292.5,62.087005615234375,221.50253295898438,335.9988708496094,441.6365051269531,602.0784301757812,2026-01-28
2026-01-28 15:00:00,378.75,16.59490966796875,186.50579833984375,309.1202697753906,423.0958557128906,592.7516479492188,2026-01-28
2026-01-28 16:00:00,887.3295288085938,161.63291931152344,360.2236022949219,497.94049072265625,621.8590393066406,802.3823547363281,2026-01-28
2026-01-28 17:00:00,579.25,342.0990905761719,542.935546875,682.982177734375,806.9117431640625,988.3575439453125,2026-01-28
2026-01-28 18:00:00,362.5,55.51239013671875,251.13140869140625,388.684814453125,506.838623046875,683.7275390625,2026-01-28
2026-01-28 19:00:00,497.5,68.11067199707031,260.2155456542969,395.61669921875,511.910888671875,682.5328979492188,2026-01-28
2026-01-28 20:00:00,808.75,82.69990539550787,271.91427612304693,405.6095581054688,518.89892578125,686.3859252929688,2026-01-28
2026-01-28 21:00:00,925.5,82.4322509765625,269.3594360351563,401.2389526367188,512.8995361328125,677.0213623046875,2026-01-28
2026-01-28 22:00:00,1068.0,83.90145874023438,267.1844482421875,394.5179443359375,500.9967041015625,660.413330078125,2026-01-28
2026-01-28 23:00:00,1034.25,68.83224487304688,248.42654418945318,373.6506958007813,477.9047241210938,632.69873046875,2026-01-28
2026-01-29 00:00:00,1021.75,367.1094970703124,511.6376953124999,603.23388671875,690.1452636718748,829.7563476562499,2026-01-29
2026-01-29 01:00:00,1019.25,377.9407958984375,551.0371704101562,659.994384765625,760.6837158203126,918.753662109375,2026-01-29
2026-01-29 02:00:00,1045.25,393.7161865234375,584.3245239257812,701.946533203125,812.2742919921875,984.0025634765625,2026-01-29
2026-01-29 03:00:00,874.5,370.849609375,575.07421875,702.2938842773438,820.3076782226561,1003.2031860351562,2026-01-29
2026-01-29 04:00:00,905.25,342.8534240722656,543.2842407226562,671.6741943359375,794.4036865234374,982.345947265625,2026-01-29
2026-01-29 05:00:00,558.7935180664062,304.41961669921875,502.6265869140625,631.0985717773438,752.3265991210938,941.0219116210938,2026-01-29
2026-01-29 06:00:00,764.0,307.8777160644531,506.88153076171875,637.3768310546875,760.4998779296875,952.4639892578126,2026-01-29
2026-01-29 07:00:00,470.0,246.52142333984375,450.75164794921875,583.6046142578125,709.0842895507812,905.8776855468751,2026-01-29
2026-01-29 08:00:00,345.0,74.67407226562506,273.13378906250006,405.5183715820313,529.6345825195312,726.9135131835938,2026-01-29
2026-01-29 09:00:00,474.5032348632813,136.81002807617193,326.63510131835943,458.7688598632813,583.3296813964844,780.2516784667969,2026-01-29
2026-01-29 10:00:00,672.2529907226562,232.95523071289057,421.4739379882812,557.8803100585938,682.7494506835938,884.1641845703125,2026-01-29
2026-01-29 11:00:00,943.1799926757812,376.0605010986328,568.40869140625,707.6030883789062,838.9410095214844,1046.6824645996094,2026-01-29
2026-01-29 12:00:00,855.0,339.3263854980468,529.367431640625,670.355712890625,805.157958984375,1018.9921875,2026-01-29
2026-01-29 13:00:00,692.5,237.21978759765625,425.9278564453125,567.59765625,703.3648071289062,919.886474609375,2026-01-29
2026-01-29 14:00:00,372.5,202.11520385742188,389.7121276855469,535.2626953125,675.2282409667969,901.0688171386719,2026-01-29
2026-01-29 15:00:00,564.4657592773438,260.70819091796875,457.6909484863281,615.422119140625,769.6677551269531,1009.5812072753906,2026-01-29
2026-01-29 16:00:00,915.75,237.807861328125,475.8125305175781,657.140869140625,829.126220703125,1089.9769287109375,2026-01-29
2026-01-29 17:00:00,633.75,-14.675888061523438,228.95407104492193,416.9317932128906,593.5981140136719,857.9903869628906,2026-01-29
2026-01-29 18:00:00,437.5,13.121170043945312,241.5306396484375,425.17724609375,596.2366333007812,856.9786376953125,2026-01-29
2026-01-29 19:00:00,395.0,16.288253784179744,237.5279541015626,415.0725708007813,580.0592651367188,832.142028808594,2026-01-29
2026-01-29 20:00:00,836.5,-7.3379669189453125,212.325927734375,389.36767578125,548.8388061523438,795.234130859375,2026-01-29
2026-01-29 21:00:00,1248.5,-5.635223388671875,219.54293823242188,397.9452819824219,555.1897888183594,797.9645690917969,2026-01-29
2026-01-29 22:00:00,1184.5,-3.68701171875,223.4766845703125,401.735107421875,552.3450317382812,789.2310791015625,2026-01-29
2026-01-29 23:00:00,814.5,-0.48455810546869316,222.66287231445318,399.9500122070313,548.4967651367188,779.7881469726562,2026-01-29
2026-01-30 00:00:00,954.5,295.19970703125,428.36962890625,515.7379150390625,601.3220214843749,735.4705810546875,2026-01-30
2026-01-30 01:00:00,805.0,233.06723022460938,392.9833068847656,497.3165588378906,596.721954345703,751.1170959472656,2026-01-30
2026-01-30 02:00:00,445.0,242.7506103515625,420.0625,534.529541015625,645.4374389648439,812.0075073242188,2026-01-30
2026-01-30 03:00:00,458.082763671875,258.11627197265625,450.5013427734375,576.261962890625,697.2926025390625,878.0712890625,2026-01-30
2026-01-30 04:00:00,527.75,249.287841796875,443.2930908203125,573.8858642578125,701.9700927734375,888.7598876953125,2026-01-30
2026-01-30 05:00:00,393.75,179.810791015625,374.25946044921875,507.74359130859375,636.8240356445312,826.0263061523438,2026-01-30
2026-01-30 06:00:00,350.0,186.54129028320312,380.5928955078125,515.571533203125,647.0195922851562,840.8399658203126,2026-01-30
2026-01-30 07:00:00,350.0,131.77978515625,327.3859558105469,463.0565185546875,596.527099609375,792.4104003906251,2026-01-30
2026-01-30 08:00:00,487.5,86.54118347167969,276.57116699218756,411.397705078125,542.470947265625,737.4767456054688,2026-01-30
2026-01-30 09:00:00,410.1545104980469,70.64033508300781,254.99285888671875,389.6075134277344,522.3945617675781,716.7755432128906,2026-01-30
2026-01-30 10:00:00,416.8030090332031,53.55638122558594,238.59207153320312,376.6450500488281,509.4557189941406,709.0016784667969,2026-01-30
2026-01-30 11:00:00,418.6889953613281,75.48593139648438,268.7893981933594,411.739990234375,551.24755859375,758.7190551757812,2026-01-30
2026-01-30 12:00:00,337.5,48.82788085937494,248.37002563476557,395.4804382324219,538.6387023925781,752.4485168457031,2026-01-30
2026-01-30 13:00:00,195.0,18.013824462890625,198.49043273925778,336.4850769042969,475.8996276855469,687.0254821777344,2026-01-30
2026-01-30 14:00:00,220.0,17.29412841796875,194.82186889648438,335.818115234375,480.75897216796875,700.8063049316406,2026-01-30
2026-01-30 15:00:00,140.0,-6.81060791015625,188.7765197753906,349.6922607421875,516.2490234375,756.574951171875,2026-01-30
2026-01-30 16:00:00,280.0,208.4666290283203,460.43572998046875,648.946044921875,833.8771362304688,1091.1915893554688,2026-01-30
2026-01-30 17:00:00,562.5,158.565673828125,385.27044677734375,565.51171875,741.4392700195312,994.2289428710938,2026-01-30
2026-01-30 18:00:00,342.5,157.09654235839844,363.9104309082031,531.6363525390625,693.911865234375,934.1705322265626,2026-01-30
2026-01-30 19:00:00,342.5,71.02944946289068,277.94454956054693,443.7633666992188,599.5304565429688,825.824951171875,2026-01-30
2026-01-30 20:00:00,330.0,18.672378540039062,236.106689453125,406.8245849609375,561.5844116210938,787.959228515625,2026-01-30
2026-01-30 21:00:00,345.0,141.47137451171875,369.5426025390625,545.30029296875,701.442138671875,927.0323486328125,2026-01-30
2026-01-30 22:00:00,350.0,141.54754638671875,368.63372802734375,539.7780151367188,687.2919311523438,901.1742553710938,2026-01-30
2026-01-30 23:00:00,537.5,57.12826538085943,276.67602539062506,443.2536010742188,586.0963745117188,789.4750366210938,2026-01-30
2026-01-31 00:00:00,345.0,260.17510986328125,349.6703796386719,410.190185546875,472.9476318359375,582.8570556640625,2026-01-31
2026-01-31 01:00:00,372.5,258.63671875,360.8231506347656,432.6648254394531,507.8563537597656,639.1482238769531,2026-01-31
2026-01-31 02:00:00,340.0,251.6972045898437,358.6266479492187,435.0145263671875,518.01220703125,661.7024536132812,2026-01-31
2026-01-31 03:00:00,352.5,212.10360717773438,323.2041931152344,404.9266662597656,494.02996826171875,649.6978759765625,2026-01-31
2026-01-31 04:00:00,460.0,204.63412475585938,315.0758361816406,398.0971984863281,490.82763671875,651.503662109375,2026-01-31
2026-01-31 05:00:00,397.5,182.53276062011716,290.11447143554676,372.0845642089844,463.9585571289062,626.4327697753906,2026-01-31
2026-01-31 06:00:00,117.5,161.27848815917963,267.77612304687494,349.6868896484375,443.6321411132812,609.764404296875,2026-01-31
2026-01-31 07:00:00,230.0,173.61605834960938,284.3484802246094,369.9674987792969,468.3824462890625,640.863037109375,2026-01-31
2026-01-31 08:00:00,100.0,140.81419372558594,251.13958740234375,338.278564453125,438.10662841796875,614.4996032714844,2026-01-31
2026-01-31 09:00:00,-10.0,58.78517150878906,168.78230285644534,256.4320983886719,358.918212890625,537.6151428222656,2026-01-31
2026-01-31 10:00:00,-25.0,-123.33238220214844,-12.197280883789062,78.532958984375,183.78497314453125,369.6424560546875,2026-01-31
2026-01-31 11:00:00,-50.0,-109.78384399414062,7.658477783203125,103.35653686523438,213.76739501953125,408.6238098144531,2026-01-31
2026-01-31 12:00:00,-50.0,-204.3302001953125,-84.77589416503906,15.073333740234377,129.69964599609375,333.0835266113281,2026-01-31
2026-01-31 13:00:00,-50.0,-253.70770263671875,-131.23609924316406,-30.467742919921875,89.26416015625,301.5269470214844,2026-01-31
2026-01-31 14:00:00,-50.0,-270.2183380126953,-144.7049560546875,-38.51953125,89.07261657714844,315.4415740966797,2026-01-31
2026-01-31 15:00:00,-50.0,-313.44866943359375,-175.79052734375,-56.61614990234375,86.034423828125,329.79608154296875,2026-01-31
2026-01-31 16:00:00,-50.0,-289.7409973144531,-113.97442626953125,27.30499267578125,189.32159423828125,456.4654541015625,2026-01-31
2026-01-31 17:00:00,405.0,-141.12318420410156,30.076263427734375,176.12948608398438,345.01593017578125,617.9879150390625,2026-01-31
2026-01-31 18:00:00,282.5,-42.27545166015625,119.75003051757812,259.0307312011719,423.81365966796875,689.6788940429688,2026-01-31
2026-01-31 19:00:00,212.5,-99.03652954101565,53.9329833984375,183.67416381835935,338.4872741699219,598.2690124511719,2026-01-31
2026-01-31 20:00:00,222.2400054931641,-167.90771484375,-14.95211791992186,111.75944519042967,259.3350677490235,516.7214202880859,2026-01-31
2026-01-31 21:00:00,265.0,-157.7340087890625,-1.96014404296875,123.9415283203125,270.10333251953125,525.2418823242188,2026-01-31
2026-01-31 22:00:00,280.0,-195.41897583007812,-37.15992736816406,86.97544860839844,227.89219665527344,476.45652770996094,2026-01-31
2026-01-31 23:00:00,318.0692443847656,-234.25485229492188,-74.08758544921875,49.572174072265625,189.17190551757812,431.3006896972656,2026-01-31
2026-02-01 00:00:00,327.5,37.137802124023466,110.67616271972656,158.5818328857422,208.01075744628906,294.46607971191406,2026-02-01
2026-02-01 01:00:00,320.0,-22.667953491210938,63.05023193359375,121.07980346679688,181.73495483398438,289.45062255859375,2026-02-01
2026-02-01 02:00:00,311.25,-20.131744384765625,70.87918090820312,134.5941162109375,202.84921264648438,327.24658203125,2026-02-01
2026-02-01 03:00:00,362.5,-9.511978149414062,89.63937377929688,160.49830627441406,236.7426300048828,375.70252990722656,2026-02-01
2026-02-01 04:00:00,205.0,2.4664764404296875,100.89231872558594,174.02548217773438,255.84765625000006,406.77655029296875,2026-02-01
2026-02-01 05:00:00,231.0,-40.60809326171878,55.964248657226534,129.48223876953125,213.00053405761716,371.82960510253906,2026-02-01
2026-02-01 06:00:00,25.0,-58.09112548828125,36.93458557128905,111.1021728515625,198.13705444335938,364.43377685546875,2026-02-01
2026-02-01 07:00:00,122.25,-152.6716766357422,-54.031158447265625,25.32586669921875,118.72279357910156,297.15049743652344,2026-02-01
2026-02-01 08:00:00,68.32849884033203,-198.36268615722656,-103.73391723632812,-23.779296875,73.07112121582031,260.1580963134766,2026-02-01
2026-02-01 09:00:00,-50.0,-199.22178649902344,-108.94798278808594,-29.8236083984375,71.1590270996094,263.93827819824224,2026-02-01
2026-02-01 10:00:00,-50.0,-206.65036010742188,-120.15625,-39.143157958984375,67.57057189941406,270.20806884765625,2026-02-01
2026-02-01 11:00:00,-50.0,-199.66195678710938,-113.20132446289062,-29.438934326171875,87.78631591796875,300.6586608886719,2026-02-01
2026-02-01 12:00:00,-50.0,-211.34872436523438,-132.30270385742188,-53.1719970703125,63.89097595214844,283.5724487304688,2026-02-01
2026-02-01 13:00:00,-50.0,-187.439697265625,-115.69229125976562,-47.168701171875,65.69827270507811,288.7347717285156,2026-02-01
2026-02-01 14:00:00,-50.0,-184.89990234374997,-114.34927368164062,-43.86929321289063,74.3148193359375,305.76702880859375,2026-02-01
2026-02-01 15:00:00,-50.0,-211.4246826171875,-129.1529541015625,-43.276641845703125,90.41349792480469,333.3988037109375,2026-02-01
2026-02-01 16:00:00,-50.0,-234.8741149902344,-114.48539733886722,-2.53564453125,151.64437866210935,417.5901794433594,2026-02-01
2026-02-01 17:00:00,215.2567443847656,-82.64544677734375,60.97831726074219,192.17987060546875,361.1003723144532,637.8254699707031,2026-02-01
2026-02-01 18:00:00,415.0,-0.1611328125,133.10751342773438,260.3570861816406,422.2107238769531,684.0023193359375,2026-02-01
2026-02-01 19:00:00,310.0,62.62892150878906,185.43667602539062,300.3067321777344,444.66810607910156,690.6741485595703,2026-02-01
2026-02-01 20:00:00,295.0,91.72760009765625,213.36964416503906,320.1120910644531,448.96917724609375,678.2108459472656,2026-02-01
2026-02-01 21:00:00,400.0,129.4334106445313,256.38729858398443,360.6492004394531,484.53305053710943,704.8267517089844,2026-02-01
2026-02-01 22:00:00,307.5,137.07681274414062,267.10809326171875,370.4832458496094,489.0423278808594,700.4451599121094,2026-02-01
2026-02-01 23:00:00,562.5,134.2235870361328,265.76184082031244,367.4989013671875,484.27996826171875,689.2737731933594,2026-02-01
2026-02-02 00:00:00,495.0,254.68673706054688,342.9505310058594,399.033203125,452.3833312988281,538.3885192871094,2026-02-02
2026-02-02 01:00:00,480.0,251.39111328125,353.1452331542969,420.9948425292969,486.7186279296875,592.1427612304688,2026-02-02
2026-02-02 02:00:00,502.5,196.91172790527344,305.60253906249994,381.3163146972656,456.70428466796875,580.4736328125,2026-02-02
2026-02-02 03:00:00,600.0,193.99479675292963,310.1989440917968,394.51861572265625,479.48486328124994,618.964599609375,2026-02-02
2026-02-02 04:00:00,507.5,209.1576080322265,321.99319458007807,409.683837890625,502.62051391601557,656.7329711914062,2026-02-02
2026-02-02 05:00:00,430.0,175.60203552246094,283.269775390625,371.024658203125,468.05282592773443,635.3495178222656,2026-02-02
2026-02-02 06:00:00,112.5,184.84828186035156,289.5704803466797,379.2023010253906,484.5137939453125,666.3746032714844,2026-02-02
2026-02-02 07:00:00,255.0,218.09346008300778,321.8979187011719,415.2640380859375,530.7559356689453,727.6345672607422,2026-02-02
2026-02-02 08:00:00,272.5,202.34661865234375,295.79473876953125,387.9040222167969,506.8989562988281,713.7074890136719,2026-02-02
2026-02-02 09:00:00,-23.221250534057617,205.91221618652344,288.65599060058594,378.7691955566406,502.95155334472656,718.1795196533203,2026-02-02
2026-02-02 10:00:00,-50.0,-70.31874084472655,7.821151733398452,100.66462707519533,232.923583984375,463.2088775634766,2026-02-02
2026-02-02 11:00:00,277.5,-143.55079650878906,-65.61857604980469,30.174835205078125,176.80958557128906,419.5965118408203,2026-02-02
2026-02-02 12:00:00,12.5,-156.45208740234375,-86.05191040039062,1.32159423828125,143.5208740234375,386.8424682617188,2026-02-02
2026-02-02 13:00:00,-50.0,-153.14599609375,-89.0872802734375,-16.23956298828125,113.63900756835938,353.1533813476563,2026-02-02
2026-02-02 14:00:00,-50.0,-164.37625122070312,-103.10250854492188,-30.989166259765625,96.26019287109375,336.6168518066406,2026-02-02
2026-02-02 15:00:00,-50.0,-170.99429321289062,-97.38238525390625,-12.2967529296875,125.354248046875,371.3696594238281,2026-02-02
2026-02-02 16:00:00,20.0,28.70062255859375,147.41505432128906,261.1426696777344,419.2763366699219,687.1761169433594,2026-02-02
2026-02-02 17:00:00,458.75,101.36386108398443,262.92626953125,405.7532348632813,582.5965270996094,859.5924987792969,2026-02-02
2026-02-02 18:00:00,197.5,127.95932006835932,278.71740722656244,419.8944091796875,588.9266357421875,849.3150024414062,2026-02-02
2026-02-02 19:00:00,35.0,134.42358398437506,272.84671020507824,399.7230224609375,548.5165100097656,787.7760009765625,2026-02-02
2026-02-02 20:00:00,10.006750106811523,57.3046875,191.68948364257807,307.2051696777344,436.6269836425781,654.3892211914062,2026-02-02
2026-02-02 21:00:00,123.63400268554688,12.940460205078068,150.3900756835937,260.8460388183594,382.4440612792969,588.1353454589844,2026-02-02
2026-02-02 22:00:00,-36.65975189208984,-136.6573944091797,5.608139038085952,115.5693817138672,230.4041290283203,425.64283752441406,2026-02-02
2026-02-02 23:00:00,-50.0,-49.481643676757784,93.90203857421878,202.85806274414065,316.27734375,504.28961181640625,2026-02-02
2026-02-03 00:00:00,191.19325256347656,78.49154663085938,113.45892333984375,143.32452392578125,182.96533203125,266.90106201171875,2026-02-03
2026-02-03 01:00:00,245.0,29.511932373046875,66.47244262695312,101.89999389648438,152.93789672851562,263.21612548828125,2026-02-03
2026-02-03 02:00:00,170.0,-14.212020874023438,26.277511596679688,65.94090270996094,124.72737121582031,251.63160705566406,2026-02-03
2026-02-03 03:00:00,165.0,-26.528289794921875,20.20123291015625,66.91009521484375,133.59280395507812,275.1031494140625,2026-02-03
2026-02-03 04:00:00,197.5,-45.88395690917969,2.6056671142578125,53.69245910644531,126.43756103515625,276.42884826660156,2026-02-03
2026-02-03 05:00:00,225.0,-61.43537902832031,-14.672592163085938,38.45570373535156,112.21279907226562,270.0345306396484,2026-02-03
2026-02-03 06:00:00,186.9812469482422,-63.36512756347656,-17.211349487304688,37.22590637207031,114.95152282714844,279.94029235839844,2026-02-03
2026-02-03 07:00:00,42.65549850463867,-47.88032531738281,-1.4285125732421875,56.00929260253906,137.84410095214844,309.98143005371094,2026-02-03
2026-02-03 08:00:00,-48.74325180053711,-101.47271728515624,-59.73800659179688,-5.37249755859375,74.8680419921875,246.4271240234375,2026-02-03
2026-02-03 09:00:00,-50.0,-116.37356567382811,-77.67877197265625,-27.38079833984375,50.73503112792969,220.51640319824216,2026-02-03
2026-02-03 10:00:00,-50.0,-116.38504028320312,-78.84149169921875,-27.415802001953125,51.652618408203125,223.66604614257815,2026-02-03
2026-02-03 11:00:00,-50.0,-31.927734375,11.354095458984375,68.0701904296875,157.30178833007812,339.2628479003906,2026-02-03
2026-02-03 12:00:00,-50.0,-149.7169189453125,-107.59671020507812,-49.55096435546875,40.780487060546875,223.37860107421875,2026-02-03
2026-02-03 13:00:00,-50.0,-124.17205810546875,-86.13504028320314,-33.365325927734375,55.8543701171875,236.22344970703125,2026-02-03
2026-02-03 14:00:00,-50.0,-115.16354370117188,-78.40899658203125,-25.87240600585937,64.77011108398438,246.61462402343744,2026-02-03
2026-02-03 15:00:00,-50.0,-134.91888427734375,-88.6044921875,-28.222686767578125,69.23068237304688,260.4178466796875,2026-02-03
2026-02-03 16:00:00,-50.0,-142.85182189941406,-61.74836730957031,23.71054077148437,143.0074615478515,358.18309020996094,2026-02-03
2026-02-03 17:00:00,-22.77775001525879,-71.94798278808594,41.606292724609375,155.6558380126953,300.42723083496094,534.2892303466797,2026-02-03
2026-02-03 18:00:00,27.833499908447266,-99.70181274414062,13.10772705078125,134.61236572265625,283.85955810546875,511.94061279296875,2026-02-03
2026-02-03 19:00:00,60.0,-177.61294555664062,-68.6868896484375,48.7147216796875,192.64804077148432,413.1985778808594,2026-02-03
2026-02-03 20:00:00,151.2532501220703,-175.98133850097656,-64.62268066406249,50.12309265136719,188.5803985595703,403.6501922607422,2026-02-03
2026-02-03 21:00:00,184.65550231933597,-200.69216918945315,-84.45397949218754,31.943084716796875,170.67443847656247,385.5867919921875,2026-02-03
2026-02-03 22:00:00,125.0,-221.72937011718747,-100.52661132812497,16.353271484375,155.2060241699219,362.8246154785156,2026-02-03
2026-02-03 23:00:00,125.0,-244.1119384765625,-122.15309143066406,-5.18310546875,135.7084350585938,343.15753173828125,2026-02-03
2026-02-04 00:00:00,155.0,-41.27864074707031,0.1569671630859233,27.85162353515625,61.40126037597656,130.0789794921875,2026-02-04
2026-02-04 01:00:00,205.0,-36.531463623046875,14.103042602539048,48.73204040527344,92.29318237304688,181.7931671142578,2026-02-04
2026-02-04 02:00:00,257.5,33.017333984375,87.59249877929688,126.96340942382812,177.2089538574219,283.10498046875,2026-02-04
2026-02-04 03:00:00,102.5,-32.048675537109375,28.787750244140625,75.32106018066406,132.65972900390625,252.2607421875,2026-02-04
2026-02-04 04:00:00,-50.0,-89.07476806640625,-24.842208862304688,26.06121826171875,90.81748962402341,223.40550231933594,2026-02-04
2026-02-04 05:00:00,-50.0,-152.9047088623047,-89.28701782226562,-36.061370849609375,32.616119384765625,177.70896911621094,2026-02-04
2026-02-04 06:00:00,-50.0,-154.46336364746094,-90.01243591308595,-33.62396240234375,40.92286682128905,196.81617736816406,2026-02-04
2026-02-04 07:00:00,-50.0,-163.040283203125,-98.05665588378905,-37.536407470703125,43.82907104492189,209.16714477539062,2026-02-04
2026-02-04 08:00:00,-50.0,-155.2329559326172,-98.71723937988281,-42.354736328125,38.12138366699219,207.8307647705078,2026-02-04
2026-02-04 09:00:00,-50.0,-136.68527221679688,-88.48883056640625,-37.93218994140625,43.209991455078125,216.80398559570312,2026-02-04
2026-02-04 10:00:00,-50.0,-142.577392578125,-96.43057250976562,-43.73794555664063,41.37683105468749,223.86355590820312,2026-02-04
2026-02-04 11:00:00,-50.0,-131.842041015625,-82.66070556640625,-25.051483154296875,72.20796203613281,264.4900207519531,2026-02-04
2026-02-04 12:00:00,-50.0,-145.0721435546875,-100.3447265625,-46.87518310546875,48.546630859375014,242.47653198242188,2026-02-04
2026-02-04 13:00:00,-50.0,-128.67828369140625,-90.189453125,-46.4918212890625,42.71440124511719,238.20156860351562,2026-02-04
2026-02-04 14:00:00,-50.0,-126.1524658203125,-87.86331176757812,-42.145263671875,51.128173828125,254.08978271484375,2026-02-04
2026-02-04 15:00:00,-50.0,-139.98355102539062,-91.36318969726562,-33.386810302734375,71.76342773437499,284.1982727050781,2026-02-04
2026-02-04 16:00:00,-50.0,-194.30911254882812,-118.01681518554688,-37.1640625,87.42864990234375,322.8731689453125,2026-02-04
2026-02-04 17:00:00,27.0,-179.28997802734375,-72.81900024414061,32.374237060546875,179.23092651367193,430.6416320800781,2026-02-04
2026-02-04 18:00:00,131.333251953125,50.509140014648494,149.87966918945318,255.60716247558597,402.21980285644537,646.6332244873047,2026-02-04
2026-02-04 19:00:00,25.10650062561035,56.76428222656253,147.26298522949222,242.63150024414065,375.7509765625,610.1075744628906,2026-02-04
2026-02-04 20:00:00,55.09149932861328,62.699874877929744,150.58895874023443,237.3398895263672,356.4880523681641,578.1441802978516,2026-02-04
2026-02-04 21:00:00,83.56575012207031,89.66221618652347,178.93354797363284,261.296875,374.07403564453125,587.4679870605469,2026-02-04
2026-02-04 22:00:00,24.95249938964844,119.76126098632812,212.10752868652344,293.0062866210937,397.31951904296875,599.3992004394531,2026-02-04
2026-02-04 23:00:00,194.1000061035156,93.42382812500003,188.29435729980472,267.423095703125,369.1961212158203,564.2728118896484,2026-02-04
2026-02-05 00:00:00,365.0,283.2219543457031,350.16807556152344,395.8963317871094,444.53843688964844,529.9840545654297,2026-02-05
2026-02-05 01:00:00,232.5,238.70814514160156,313.46673583984375,366.767578125,426.46644592285156,530.2514495849609,2026-02-05
2026-02-05 02:00:00,330.0,220.69329833984375,296.7598114013672,355.0595703125,422.36708068847656,541.8469848632812,2026-02-05
2026-02-05 03:00:00,287.5,241.64431762695312,318.0060729980469,380.2339782714844,452.7335968017578,582.8146362304688,2026-02-05
2026-02-05 04:00:00,292.5,246.43618774414062,318.98170471191406,381.2893371582031,457.50958251953125,596.6015930175781,2026-02-05
2026-02-05 05:00:00,325.0,244.09669494628906,308.6645965576172,368.1282653808594,445.75975036621094,592.5560150146484,2026-02-05
2026-02-05 06:00:00,327.5,296.5128479003906,353.6258850097656,410.6486511230469,491.2205505371094,644.4502258300781,2026-02-05
2026-02-05 07:00:00,476.0,349.9214172363281,400.3470458984375,453.98681640625,536.6777191162109,691.9544067382812,2026-02-05
2026-02-05 08:00:00,558.5,286.4133605957031,324.825439453125,367.7344665527344,442.24171447753906,594.6037902832031,2026-02-05
2026-02-05 09:00:00,394.47650146484375,206.81784057617188,233.58908081054688,265.24658203125,331.26239013671875,479.7867126464844,2026-02-05
2026-02-05 10:00:00,189.4620056152344,-24.62026977539063,-0.45611572265625355,28.33578491210937,90.625,238.60067749023438,2026-02-05
2026-02-05 11:00:00,142.1875,42.26866149902345,70.69529724121095,102.2827606201172,172.02024841308594,324.5491180419922,2026-02-05
2026-02-05 12:00:00,-50.0,-78.9132080078125,-51.56146240234375,-21.724822998046875,46.00904846191406,197.0875549316406,2026-02-05
2026-02-05 13:00:00,-50.0,-77.00521850585938,-52.21817016601562,-28.995086669921875,31.657562255859382,182.4273681640625,2026-02-05
2026-02-05 14:00:00,-50.0,-69.1851806640625,-44.651763916015625,-20.2578125,40.8912353515625,194.7198486328125,2026-02-05
2026-02-05 15:00:00,-50.0,-85.33621215820312,-53.267852783203125,-19.74188232421875,49.4239501953125,211.5468292236328,2026-02-05
2026-02-05 16:00:00,700.0,16.638595581054673,70.49061584472655,124.5517120361328,213.72088623046875,399.84959411621094,2026-02-05
2026-02-05 17:00:00,665.25,274.3640441894531,362.7755432128906,444.854736328125,560.0419006347656,765.9835510253906,2026-02-05
2026-02-05 18:00:00,627.0,508.0730285644531,593.0944976806641,680.1743774414062,800.3232421875,1006.1404113769531,2026-02-05
2026-02-05 19:00:00,712.75,398.8356018066406,479.0445251464844,560.493408203125,673.4964904785156,876.2861938476562,2026-02-05
2026-02-05 20:00:00,412.1292419433594,458.1119689941406,540.7513580322266,618.2303466796875,724.2860412597656,923.3298645019531,2026-02-05
2026-02-05 21:00:00,534.2857666015625,502.7160339355469,592.2331848144531,670.033935546875,773.8143310546875,970.6418762207031,2026-02-05
2026-02-05 22:00:00,500.0,210.73730468749997,310.30445861816406,391.26177978515625,490.5528869628906,681.2129821777344,2026-02-05
2026-02-05 23:00:00,487.5,229.3790130615234,335.7132263183594,419.06591796875,518.2815551757812,707.9812316894531,2026-02-05
2026-02-06 00:00:00,477.5,232.97183227539057,325.04840087890625,384.91412353515625,442.68896484374994,535.4537963867188,2026-02-06
2026-02-06 01:00:00,430.0,224.45767211914057,334.63052368164057,408.122802734375,479.6729125976562,590.2599487304688,2026-02-06
2026-02-06 02:00:00,500.0,214.10617065429682,334.26928710937494,416.2781982421875,497.67761230468744,624.6262817382812,2026-02-06
2026-02-06 03:00:00,590.6875,203.8185272216797,334.5323181152344,426.3442993164063,517.86083984375,658.057861328125,2026-02-06
2026-02-06 04:00:00,793.5,156.5938720703125,286.7470703125,383.26702880859375,484.1322937011719,639.0350646972656,2026-02-06
2026-02-06 05:00:00,751.9614868164062,142.24185180664062,272.8826599121094,373.03326416015625,479.2049560546875,645.1641540527344,2026-02-06
2026-02-06 06:00:00,425.0,138.90943908691406,270.7716369628906,376.2100830078125,492.6762084960938,673.2843017578125,2026-02-06
2026-02-06 07:00:00,537.5,156.04714965820312,289.3478546142578,401.03070068359375,530.0755920410156,725.8039245605469,2026-02-06
2026-02-06 08:00:00,436.5352478027344,131.04281616210938,251.36550903320312,363.44921875,496.82891845703125,703.3433227539062,2026-02-06
2026-02-06 09:00:00,367.35101318359375,133.4692077636719,237.07768249511722,345.2939758300781,483.72320556640625,698.7705078125,2026-02-06
2026-02-06 10:00:00,195.0,120.550537109375,216.12046813964844,323.8216247558594,467.3674621582031,694.6571655273438,2026-02-06
2026-02-06 11:00:00,393.7027587890625,132.9804229736328,223.5341033935547,330.7976989746094,486.5993194580078,721.3025970458984,2026-02-06
2026-02-06 12:00:00,380.8664855957031,162.84690856933594,239.0014190673828,332.62548828125,481.99806213378906,716.2956085205078,2026-02-06
2026-02-06 13:00:00,233.6202545166016,72.0272216796875,136.73776245117188,210.8847198486328,342.82008361816406,572.4182434082031,2026-02-06
2026-02-06 14:00:00,186.2875061035156,58.003021240234375,119.456787109375,193.0596466064453,320.55804443359375,549.2628173828125,2026-02-06
2026-02-06 15:00:00,-37.5,87.33862304687503,163.89208984375003,254.5852203369141,396.18292236328125,632.9854125976562,2026-02-06
2026-02-06 16:00:00,-50.0,51.25492858886716,178.6229095458984,303.352294921875,468.89210510253906,732.5323333740234,2026-02-06
2026-02-06 17:00:00,135.93374633789062,16.883636474609318,183.1493835449218,337.461181640625,524.6298217773438,799.2647705078125,2026-02-06
2026-02-06 18:00:00,64.0,23.609298706054688,181.28576660156253,338.0039367675781,521.5917663574219,788.3531188964844,2026-02-06
2026-02-06 19:00:00,60.98199844360352,35.40879821777344,176.35104370117188,318.3376159667969,482.795166015625,731.6852416992188,2026-02-06
2026-02-06 20:00:00,60.0,13.51176452636713,148.40742492675776,278.1112670898437,424.7016296386718,655.5457458496094,2026-02-06
2026-02-06 21:00:00,91.0,18.985427856445312,153.56546020507815,276.834716796875,414.78173828125,634.7971801757812,2026-02-06
2026-02-06 22:00:00,170.0,-21.785186767578125,110.81678771972656,228.6647491455078,354.96568298339844,562.7877044677734,2026-02-06
2026-02-06 23:00:00,107.5,19.5465087890625,150.64593505859375,265.6185607910156,386.9780578613282,584.7063903808594,2026-02-06
2026-02-07 00:00:00,20.0,-14.509902954101562,48.24940490722656,93.23556518554688,143.54846191406247,244.67471313476562,2026-02-07
2026-02-07 01:00:00,-50.0,-83.59066772460938,-12.95906066894532,40.29409790039063,102.17489624023438,226.22357177734375,2026-02-07
2026-02-07 02:00:00,97.5,-96.73728942871094,-22.001892089843736,37.29142761230469,107.05992126464847,248.35115051269537,2026-02-07
2026-02-07 03:00:00,-50.0,-140.3759002685547,-61.85699462890625,3.6337890625,81.07955932617188,236.6894989013672,2026-02-07
2026-02-07 04:00:00,120.0,-146.54330444335938,-68.54527282714844,-1.00823974609375,82.01495361328125,249.8301391601563,2026-02-07
2026-02-07 05:00:00,0.0,-152.71078491210938,-79.15260314941406,-11.6708984375,73.24971008300781,251.23135375976562,2026-02-07
2026-02-07 06:00:00,50.0,-149.34353637695312,-81.84814453124999,-14.461456298828123,73.80668640136723,259.42303466796875,2026-02-07
2026-02-07 07:00:00,140.0,-160.9062042236328,-96.44334411621094,-28.31158447265625,63.64259338378906,255.34071350097656,2026-02-07
2026-02-07 08:00:00,-50.0,-151.6685791015625,-97.43234252929688,-36.28778076171875,51.19970703125,242.18728637695312,2026-02-07
2026-02-07 09:00:00,-50.0,-132.141845703125,-88.60830688476562,-37.171722412109375,45.5238037109375,233.64041137695312,2026-02-07
2026-02-07 10:00:00,-50.0,-124.48944091796874,-88.84014892578125,-40.427093505859375,39.42567443847656,230.67010498046875,2026-02-07
2026-02-07 11:00:00,-50.0,-111.36993408203125,-75.57846069335938,-26.549530029296875,59.98756408691406,256.5238037109375,2026-02-07
2026-02-07 12:00:00,-50.0,-115.49038696289064,-82.91201782226562,-36.541351318359375,48.88606262207031,245.936767578125,2026-02-07
2026-02-07 13:00:00,-50.0,-101.9969482421875,-74.53482055664062,-34.90350341796875,46.79158020019531,244.22845458984375,2026-02-07
2026-02-07 14:00:00,-50.0,-95.58697509765625,-71.26760864257812,-32.60992431640625,49.701324462890625,250.43067932128906,2026-02-07
2026-02-07 15:00:00,-50.0,-108.22378540039062,-78.02633666992188,-33.529083251953125,54.017669677734375,262.4281005859375,2026-02-07
2026-02-07 16:00:00,-50.0,-141.62632751464844,-94.38444519042969,-33.91680908203125,67.99322509765625,293.23963928222656,2026-02-07
2026-02-07 17:00:00,289.8699951171875,55.24142456054682,119.78286743164058,198.04788208007807,320.1543884277343,561.3075866699219,2026-02-07
2026-02-07 18:00:00,310.0,157.36639404296875,224.27882385253906,308.9145202636719,435.53141784667974,672.7580261230469,2026-02-07
2026-02-07 19:00:00,302.5,144.7771759033203,215.40028381347656,302.1561279296875,429.3244171142578,667.6168670654297,2026-02-07
2026-02-07 20:00:00,305.0,103.7550048828125,180.89700317382812,267.728271484375,392.4798889160156,628.9485778808594,2026-02-07
2026-02-07 21:00:00,330.0,115.38438415527341,198.0126342773437,286.2376708984375,411.0309295654296,646.0615692138672,2026-02-07
2026-02-07 22:00:00,325.0,101.06915283203125,187.11497497558594,276.2819519042969,398.68817138671875,627.3760681152344,2026-02-07
2026-02-07 23:00:00,265.0,106.28723144531256,194.7537689208985,283.8306579589844,407.1566467285157,634.0068969726562,2026-02-07
2026-02-08 00:00:00,175.0,189.52200317382815,248.6456451416016,287.41424560546875,329.2516632080078,406.9766082763672,2026-02-08
2026-02-08 01:00:00,287.5,163.50918579101562,232.42153930664062,279.9283447265625,332.01808166503906,430.9567413330078,2026-02-08
2026-02-08 02:00:00,330.0,158.35725402832028,235.02819824218747,289.7698059082031,351.1725769042969,468.0948486328125,2026-02-08
2026-02-08 03:00:00,270.0,126.96409606933594,214.30238342285156,278.34393310546875,349.36700439453125,486.906494140625,2026-02-08
2026-02-08 04:00:00,135.0,86.74276733398438,177.4450225830078,247.54676818847656,327.41184997558594,478.91624450683594,2026-02-08
2026-02-08 05:00:00,210.0,36.71720886230469,126.96038818359375,199.92633056640625,283.6907348632812,447.3675537109375,2026-02-08
2026-02-08 06:00:00,245.0,-10.804977416992159,79.53556823730472,155.37091064453125,245.27801513671878,418.3373718261719,2026-02-08
2026-02-08 07:00:00,180.0,19.05012512207034,112.38313293457034,194.2291412353516,290.5931854248047,477.4850006103517,2026-02-08
2026-02-08 08:00:00,-50.0,-72.89909362792969,15.827102661132812,98.88307189941406,197.90660095214844,388.9525604248047,2026-02-08
2026-02-08 09:00:00,-50.0,-172.26951599121094,-87.75993347167969,-6.115814208984375,94.00869750976562,287.29698181152344,2026-02-08
2026-02-08 10:00:00,-50.0,-196.81834411621094,-114.94667053222656,-31.0086669921875,72.01475524902344,272.11396789550787,2026-02-08
2026-02-08 11:00:00,-50.0,-191.9194793701172,-109.36354064941406,-22.347564697265625,88.05856323242185,296.64512634277344,2026-02-08
2026-02-08 12:00:00,-50.0,-187.8424072265625,-108.68515014648438,-22.11117553710937,88.56961059570315,300.2675476074219,2026-02-08
2026-02-08 13:00:00,-50.0,-183.0550994873047,-107.39677429199219,-25.401885986328125,86.25340270996094,300.06159973144537,2026-02-08
2026-02-08 14:00:00,-50.0,-186.31411743164062,-110.35797119140625,-27.826568603515625,84.84780883789062,301.32061767578125,2026-02-08
2026-02-08 15:00:00,-50.0,-198.92124938964844,-115.96403503417969,-28.44842529296875,89.90354919433594,314.3070526123047,2026-02-08
2026-02-08 16:00:00,-49.47174835205078,-219.39096069335938,-106.94947814941406,-0.366119384765625,134.53042602539057,378.5833435058594,2026-02-08
2026-02-08 17:00:00,288.0,-72.8768615722656,65.91009521484378,191.8321228027344,345.9355163574219,602.4059753417969,2026-02-08
2026-02-08 18:00:00,-29.5,-10.478988647461023,124.8444061279296,253.8070373535156,408.76473999023426,661.7357482910155,2026-02-08
2026-02-08 19:00:00,24.0,-122.32553100585943,8.313491821289006,136.22950744628906,289.52510070800776,535.1732330322266,2026-02-08
2026-02-08 20:00:00,42.0,-239.22366333007812,-106.62106323242188,20.54803466796875,171.99337768554688,410.8494567871094,2026-02-08
2026-02-08 21:00:00,24.75,-230.4710235595703,-92.57083129882812,35.399200439453125,186.8240966796875,422.39990234375,2026-02-08
2026-02-08 22:00:00,12.25,-261.3165283203125,-120.76190185546875,6.266876220703125,155.41522216796875,383.71441650390625,2026-02-08
2026-02-08 23:00:00,-37.5,-283.1743927001953,-142.78515625,-17.82952880859375,132.47048950195312,356.9361877441406,2026-02-08
2026-02-09 00:00:00,32.04425048828125,-75.92050170898438,-39.619049072265625,-11.76190185546875,25.97900390625,110.57723999023438,2026-02-09
2026-02-09 01:00:00,20.0575008392334,-85.75997924804688,-47.762664794921875,-18.124267578125,27.375259399414062,134.65745544433594,2026-02-09
2026-02-09 02:00:00,-50.0,-79.59158325195312,-39.199127197265625,-6.6400146484375,45.16337585449219,171.63943481445312,2026-02-09
2026-02-09 03:00:00,-50.0,-87.7012939453125,-44.95611572265625,-8.936981201171875,48.52015686035156,189.1701202392578,2026-02-09
2026-02-09 04:00:00,-50.0,-88.95330810546875,-45.36505126953125,-8.628662109375,51.900421142578125,204.45776367187497,2026-02-09
2026-02-09 05:00:00,-50.0,-102.5130615234375,-62.2042236328125,-24.83917236328125,37.9932861328125,201.77758789062503,2026-02-09
2026-02-09 06:00:00,-50.0,-104.68011474609375,-66.288330078125,-28.415008544921875,38.2894287109375,208.2229461669922,2026-02-09
2026-02-09 07:00:00,5.791749954223633,-72.489501953125,-36.67910766601563,1.27978515625,69.23072814941406,242.92713928222656,2026-02-09
2026-02-09 08:00:00,54.10699844360352,-46.603912353515625,-21.336639404296875,6.807037353515625,65.98880004882812,234.71600341796878,2026-02-09
2026-02-09 09:00:00,-50.0,-56.87615966796875,-41.23345947265625,-23.72412109375,27.86376953125,192.80935668945312,2026-02-09
2026-02-09 10:00:00,-50.0,-59.5400390625,-48.18603515625,-31.258453369140625,19.274078369140625,185.6517791748047,2026-02-09
2026-02-09 11:00:00,0.0,-64.14361572265624,-46.9095458984375,-25.328155517578125,35.741119384765625,209.2457733154297,2026-02-09
2026-02-09 12:00:00,35.0,-71.51788330078125,-53.23992919921875,-30.3656005859375,31.36163330078125,204.64242553710938,2026-02-09
2026-02-09 13:00:00,-37.5,-63.336425781250014,-46.322723388671875,-27.27886962890625,30.302337646484375,206.010498046875,2026-02-09
2026-02-09 14:00:00,-50.0,-58.85699462890625,-44.69610595703125,-26.515594482421875,32.4609375,212.52972412109375,2026-02-09
2026-02-09 15:00:00,-50.0,-70.79415893554688,-52.727874755859375,-27.194793701171875,40.725341796875,234.78936767578125,2026-02-09
2026-02-09 16:00:00,222.5,-111.46279907226562,-71.47219848632812,-24.277862548828125,67.10258483886717,293.5141296386719,2026-02-09
2026-02-09 17:00:00,207.5,-152.98092651367188,-79.17129516601562,-1.317535400390625,124.49737548828125,378.2283630371094,2026-02-09
2026-02-09 18:00:00,-49.605751037597656,-166.73794555664062,-93.75564575195312,-5.63043212890625,132.4193115234375,392.6794128417969,2026-02-09
2026-02-09 19:00:00,-49.25,-137.49713134765625,-67.33091735839844,21.61947631835937,162.40219116210938,434.2401428222656,2026-02-09
2026-02-09 20:00:00,-48.01300048828125,-143.48582458496094,-70.47325134277344,17.362548828125,159.1830596923828,435.16868591308594,2026-02-09
2026-02-09 21:00:00,-50.0,-141.73080444335938,-62.37640380859375,28.6708984375,174.05685424804682,454.3008728027344,2026-02-09
2026-02-09 22:00:00,-49.260501861572266,-177.46560668945312,-91.46437072753908,3.147064208984375,150.15048217773438,427.6977844238281,2026-02-09
2026-02-09 23:00:00,-50.0,-193.5196533203125,-105.39265441894533,-9.44403076171875,136.38180541992188,412.75091552734375,2026-02-09
2026-02-10 00:00:00,245.09625244140625,-13.481719970703129,9.622314453124996,25.90829467773437,54.307861328125,126.60678100585938,2026-02-10
2026-02-10 01:00:00,257.5,105.14274597167969,128.01243591308594,143.5690460205078,178.8953399658203,275.7819519042969,2026-02-10
2026-02-10 02:00:00,102.5,127.57083129882812,151.11569213867188,167.4239501953125,209.04776000976562,330.7200164794922,2026-02-10
2026-02-10 03:00:00,200.0,148.2137145996094,174.00732421875003,193.96597290039065,243.79299926757815,386.11572265625,2026-02-10
2026-02-10 04:00:00,110.03150177001952,98.60029602050781,125.88529968261719,149.03953552246094,206.4502410888672,367.9663543701172,2026-02-10
2026-02-10 05:00:00,182.8757476806641,90.87760925292969,117.22599792480469,145.7152557373047,211.51123046875,390.4546203613281,2026-02-10
2026-02-10 06:00:00,141.6165008544922,140.19918823242185,166.91610717773435,199.62738037109372,276.0468444824219,470.2768249511719,2026-02-10
2026-02-10 07:00:00,216.15475463867188,169.816162109375,196.92434692382812,234.03884887695312,317.5045166015625,522.2940368652344,2026-02-10
2026-02-10 08:00:00,152.1540069580078,196.96524047851562,214.28054809570312,244.46652221679688,320.65753173828125,524.8379211425781,2026-02-10
2026-02-10 09:00:00,1.0577499866485596,157.72828674316406,166.39060974121094,185.55796813964844,252.12220764160156,452.7971496582031,2026-02-10
2026-02-10 10:00:00,-50.0,-43.330810546875,-37.030487060546875,-18.252655029296875,43.88360595703125,244.26187133789062,2026-02-10
2026-02-10 11:00:00,-50.0,-56.56011962890625,-46.1112060546875,-24.242095947265625,47.3236083984375,252.89767456054682,2026-02-10
2026-02-10 12:00:00,-50.0,-62.59368896484375,-53.031646728515625,-30.62152099609375,42.5216064453125,252.42210388183594,2026-02-10
2026-02-10 13:00:00,-50.0,-59.375457763671875,-51.98248291015625,-31.75,41.646514892578125,260.6232604980469,2026-02-10
2026-02-10 14:00:00,-50.0,-60.94656372070312,-54.73046874999999,-31.668487548828125,50.645233154296875,280.3310546875,2026-02-10
2026-02-10 15:00:00,262.9327392578125,-70.94537353515625,-59.037841796875,-21.3026123046875,77.49215698242188,327.21649169921875,2026-02-10
2026-02-10 16:00:00,563.4555053710938,116.13711547851562,149.76382446289062,212.31427001953125,339.0641326904297,626.9837036132812,2026-02-10
2026-02-10 17:00:00,602.1957397460938,218.3987274169922,277.20936584472656,367.34228515625,530.6160430908203,844.2330474853516,2026-02-10
2026-02-10 18:00:00,405.0,240.0382080078125,291.48492431640625,386.7218017578125,559.2261352539062,877.7087097167969,2026-02-10
2026-02-10 19:00:00,355.0,209.4906463623047,250.06959533691406,337.1617126464844,501.9029235839844,823.2322540283203,2026-02-10
2026-02-10 20:00:00,187.5,183.2606658935547,223.2172393798828,302.8187255859375,462.6362762451172,779.4494476318359,2026-02-10
2026-02-10 21:00:00,247.89149475097656,168.1246337890625,212.27206420898438,289.913818359375,450.94041442871094,766.2359924316406,2026-02-10
2026-02-10 22:00:00,215.7227478027344,122.0096740722656,171.35763549804685,250.5317230224609,409.4368133544922,719.77099609375,2026-02-10
2026-02-10 23:00:00,82.5,19.381576538085938,73.32252502441406,155.34193420410156,311.65888977050776,616.4064178466797,2026-02-10
2026-02-11 00:00:00,250.0,118.78968811035153,194.44796752929685,249.3539123535156,310.0215148925781,419.01368713378906,2026-02-11
2026-02-11 01:00:00,-25.0,-53.72967529296875,28.98883056640625,92.73878479003906,167.3526611328125,302.22198486328125,2026-02-11
2026-02-11 02:00:00,115.0,-135.36167907714844,-49.232757568359375,19.179718017578125,101.45309448242185,254.2118377685547,2026-02-11
2026-02-11 03:00:00,75.0,-163.18699645996094,-74.0802001953125,-1.04931640625,87.07460021972656,254.53208923339844,2026-02-11
2026-02-11 04:00:00,-49.00650024414063,-156.51564025878906,-72.73774719238281,0.30865478515625,94.45759582519531,276.3224639892578,2026-02-11
2026-02-11 05:00:00,-50.0,-161.73291015625,-82.11151123046875,-7.424652099609375,91.43081665039062,287.94793701171875,2026-02-11
2026-02-11 06:00:00,-50.0,-176.1620635986328,-96.34779357910156,-18.524932861328125,90.72645568847656,298.05183410644537,2026-02-11
2026-02-11 07:00:00,-50.0,-178.92962646484375,-100.91485595703125,-20.209930419921875,97.32138061523438,313.4386291503906,2026-02-11
2026-02-11 08:00:00,-50.0,-151.9466094970703,-89.64820861816406,-19.981353759765625,89.46943664550781,303.2609405517578,2026-02-11
2026-02-11 09:00:00,-50.0,-130.02001953125,-85.95803833007812,-32.62445068359375,64.82135009765625,272.7391357421875,2026-02-11
2026-02-11 10:00:00,-50.0,-123.18545532226562,-88.5941162109375,-41.00762939453125,50.653167724609375,257.84033203125,2026-02-11
2026-02-11 11:00:00,-50.0,-119.75900268554688,-83.436279296875,-34.48602294921875,66.76820373535155,277.4270935058594,2026-02-11
2026-02-11 12:00:00,-50.0,-106.45077514648438,-76.57907104492188,-32.980010986328125,65.66928100585938,277.4612121582031,2026-02-11
2026-02-11 13:00:00,-50.0,-88.51016235351562,-66.05276489257812,-33.7830810546875,57.28157043457031,269.5946350097656,2026-02-11
2026-02-11 14:00:00,-50.0,-88.2921142578125,-66.25836181640625,-30.1087646484375,67.33061218261719,287.12890625,2026-02-11
2026-02-11 15:00:00,-50.0,-122.00027465820312,-82.33267211914062,-23.88897705078125,94.25430297851562,332.4302673339844,2026-02-11
2026-02-11 16:00:00,-50.0,-206.96697998046875,-119.43531799316406,-24.90814208984375,122.90469360351562,393.95361328125,2026-02-11
2026-02-11 17:00:00,-7.0,-58.46028137207031,74.19027709960938,203.0804901123047,379.55226135253906,667.8601226806641,2026-02-11
2026-02-11 18:00:00,22.75,18.372802734375,138.12945556640625,268.2055969238281,442.9036865234375,723.2542724609375,2026-02-11
2026-02-11 19:00:00,129.5,43.13731384277344,149.09413146972656,266.2164001464844,424.16273498535156,692.9020233154297,2026-02-11
2026-02-11 20:00:00,54.75,24.06201171874997,125.11920166015622,230.7696533203125,373.7125244140625,628.1861877441406,2026-02-11
2026-02-11 21:00:00,129.5,10.792312622070312,113.97354125976562,216.7603302001953,356.8968048095703,607.2815093994141,2026-02-11
2026-02-11 22:00:00,233.09625244140625,-13.555725097656222,90.38873291015628,192.0245361328125,328.28582763671875,571.8021850585938,2026-02-11
2026-02-11 23:00:00,240.0,-70.65492248535156,31.832183837890625,131.3311004638672,266.22413635253906,504.06837463378906,2026-02-11
2026-02-12 00:00:00,260.0,156.7869415283203,228.82922363281247,277.8961486816406,330.10333251953125,425.11102294921875,2026-02-12
2026-02-12 01:00:00,260.0,132.33026123046872,211.80676269531247,268.1181640625,330.68894958496094,446.83982849121094,2026-02-12
2026-02-12 02:00:00,262.5,125.33546447753906,207.0791015625,267.8167724609375,337.76702880859375,473.5134582519531,2026-02-12
2026-02-12 03:00:00,305.0,121.92855834960943,206.6968383789063,274.1492614746094,352.0409545898438,504.9819335937501,2026-02-12
2026-02-12 04:00:00,260.0,93.94488525390622,174.9090423583984,244.18783569335935,330.56634521484375,500.6059875488281,2026-02-12
2026-02-12 05:00:00,2.5,16.161911010742188,91.34611511230469,161.83895874023438,254.37762451171878,439.719955444336,2026-02-12
2026-02-12 06:00:00,198.156005859375,-69.64671325683594,3.4137725830078125,76.95390319824219,180.3782501220703,380.74855041503906,2026-02-12
2026-02-12 07:00:00,214.062255859375,-106.69155883789062,-36.1973876953125,40.88775634765625,153.64299011230466,364.52496337890625,2026-02-12
2026-02-12 08:00:00,24.97450065612793,-108.49533081054688,-52.548187255859375,15.18731689453125,121.57568359375,331.3055725097656,2026-02-12
2026-02-12 09:00:00,-37.445499420166016,-100.77420043945312,-60.90618896484375,-7.608917236328125,88.58717346191406,293.84222412109375,2026-02-12
2026-02-12 10:00:00,-50.0,-111.330322265625,-79.83352661132812,-31.550323486328125,58.94078063964842,264.69476318359375,2026-02-12
2026-02-12 11:00:00,-50.0,-38.44844055175781,-6.9530181884765625,41.23829650878906,138.9015350341797,347.8679962158203,2026-02-12
2026-02-12 12:00:00,-50.0,-89.06832885742188,-62.706939697265625,-19.487548828125,76.61390686035156,289.6654052734375,2026-02-12
2026-02-12 13:00:00,-50.0,-72.64566040039062,-51.589935302734375,-17.12725830078125,76.19296264648438,293.8806457519531,2026-02-12
2026-02-12 14:00:00,-50.0,-80.97946166992188,-60.913909912109375,-23.010498046875,79.20982360839844,308.0137634277344,2026-02-12
2026-02-12 15:00:00,-50.0,-114.92233276367186,-82.4237060546875,-24.82244873046875,97.33302307128905,343.74066162109375,2026-02-12
2026-02-12 16:00:00,342.25,-187.65211486816406,-118.80952453613283,-30.08050537109375,120.02633666992188,401.21372985839844,2026-02-12
2026-02-12 17:00:00,429.4557495117188,-205.71563720703125,-97.124755859375,23.8944091796875,205.357421875,509.7079162597656,2026-02-12
2026-02-12 18:00:00,113.5,36.07690429687497,133.91851806640622,256.6971740722656,438.8135681152344,735.0745239257812,2026-02-12
2026-02-12 19:00:00,88.25,4.342132568359403,92.32266235351565,205.1832275390625,373.0871276855469,660.3802795410156,2026-02-12
2026-02-12 20:00:00,-49.5,48.84530639648435,137.79063415527338,242.8871154785156,396.80133056640625,669.6340942382812,2026-02-12
2026-02-12 21:00:00,25.25,54.00776672363281,149.1181640625,249.6779022216797,397.39390563964844,659.4515228271484,2026-02-12
2026-02-12 22:00:00,14.25,32.030792236328125,132.11361694335938,231.82977294921875,370.53788757324224,621.6884002685547,2026-02-12
2026-02-12 23:00:00,162.78924560546875,28.421722412109403,130.94656372070315,229.80279541015625,365.11981201171875,606.1613464355469,2026-02-12
2026-02-13 00:00:00,100.38574981689452,-99.82353210449219,-22.301605224609375,33.980682373046875,95.77322387695312,206.51797485351562,2026-02-13
2026-02-13 01:00:00,262.5,-89.39451599121088,-5.520858764648381,58.01542663574219,130.8856506347657,261.65690612792974,2026-02-13
2026-02-13 02:00:00,165.0,-90.51445007324219,-2.3390960693359233,67.03669738769531,147.736343383789,295.9028778076172,2026-02-13
2026-02-13 03:00:00,65.0,-112.39859008789062,-19.202484130859354,56.39474487304688,143.69024658203125,306.8007507324219,2026-02-13
2026-02-13 04:00:00,62.91849899291992,-146.85586547851562,-60.581787109375,13.84686279296875,105.22476196289062,283.35153198242193,2026-02-13
2026-02-13 05:00:00,-48.5,-143.61024475097656,-65.2691650390625,7.639923095703125,102.0270690917969,290.4983673095703,2026-02-13
2026-02-13 06:00:00,-52.089500427246094,-156.86241149902344,-81.803466796875,-7.452301025390625,98.25161743164062,301.41188049316406,2026-02-13
2026-02-13 07:00:00,-17.344499588012695,-165.22604370117188,-93.2120361328125,-16.81103515625,99.40301513671875,312.40155029296875,2026-02-13
2026-02-13 08:00:00,-50.0,-144.1725616455078,-89.99174499511719,-27.30673217773437,78.69309997558594,288.0118865966797,2026-02-13
2026-02-13 09:00:00,-50.0,-105.53695678710938,-72.4453125,-30.096954345703125,57.81964111328125,257.1366271972656,2026-02-13
2026-02-13 10:00:00,-50.0,-95.1732177734375,-73.19876098632812,-40.52603149414063,34.79562377929687,227.20693969726562,2026-02-13
2026-02-13 11:00:00,-50.0,-94.76556396484375,-71.51800537109375,-40.286376953125,39.79057312011719,230.8788604736328,2026-02-13
2026-02-13 12:00:00,-50.0,-82.46041870117188,-64.20455932617188,-38.02438354492188,38.74099731445312,231.04066467285156,2026-02-13
2026-02-13 13:00:00,-50.0,-64.9437255859375,-52.102874755859375,-35.005859375,34.481292724609375,228.3634033203125,2026-02-13
2026-02-13 14:00:00,-50.0,-62.35003662109375,-51.051422119140625,-30.55157470703125,50.720947265625,259.50860595703125,2026-02-13
2026-02-13 15:00:00,-50.0,-96.25942993164062,-71.35369873046875,-24.99472045898437,86.07044982910156,323.0413513183594,2026-02-13
2026-02-13 16:00:00,-50.0,-179.5783233642578,-99.4342041015625,-11.39019775390625,138.55747985839844,423.08763122558594,2026-02-13
2026-02-13 17:00:00,-48.69525146484375,-210.3619384765625,-88.20486450195312,35.3690185546875,219.96041870117188,532.4903259277344,2026-02-13
2026-02-13 18:00:00,-26.132999420166016,10.33245849609375,103.84320068359375,220.89727783203125,401.5674743652344,703.2351379394531,2026-02-13
2026-02-13 19:00:00,11.484999656677246,10.792633056640625,84.20802307128906,183.88699340820312,341.63812255859375,626.9519348144531,2026-02-13
2026-02-13 20:00:00,8.925000190734863,-18.14447021484375,54.24166870117186,144.76429748535156,287.26458740234375,558.6712951660156,2026-02-13
2026-02-13 21:00:00,181.10174560546875,4.10321044921875,86.81452941894531,176.6868896484375,316.10516357421875,580.3735046386719,2026-02-13
2026-02-13 22:00:00,13.243000030517578,-83.70172119140626,7.272293090820298,99.69146728515624,233.07684326171875,486.720703125,2026-02-13
2026-02-13 23:00:00,32.07500076293945,-169.2769775390625,-71.9215087890625,21.7763671875,153.25875854492182,398.3708801269531,2026-02-13
2026-02-14 00:00:00,-49.49325180053711,-46.24424743652344,0.0602264404296875,33.48162841796875,75.13265991210936,166.0774383544922,2026-02-14
2026-02-14 01:00:00,-50.0,-32.32539367675781,19.875045776367188,58.17555236816406,109.52149963378908,223.41229248046875,2026-02-14
2026-02-14 02:00:00,-50.0,-8.552139282226562,43.948272705078125,84.10804748535156,141.0555877685547,273.5222625732422,2026-02-14
2026-02-14 03:00:00,-50.0,48.12968444824219,99.18070983886719,140.85787963867188,202.52110290527344,348.7110137939453,2026-02-14
2026-02-14 04:00:00,-37.5,-15.347061157226562,29.138168334960938,67.43649291992188,130.96420288085938,291.10533142089844,2026-02-14
2026-02-14 05:00:00,45.0,29.626998901367173,66.56236267089842,103.6173858642578,170.41996765136716,340.40357971191406,2026-02-14
2026-02-14 06:00:00,-12.5,17.78759765625,52.46490478515625,90.91970825195312,164.80633544921875,346.5264892578125,2026-02-14
2026-02-14 07:00:00,-50.0,-37.206268310546875,-4.5333251953125,34.976348876953125,112.34396362304688,299.2467346191406,2026-02-14
2026-02-14 08:00:00,-50.0,-61.755767822265625,-39.589019775390625,-11.838531494140623,53.07171630859375,230.8650207519531,2026-02-14
2026-02-14 09:00:00,-50.0,-46.32135009765625,-33.519744873046875,-20.38580322265625,28.1087646484375,194.8404083251953,2026-02-14
2026-02-14 10:00:00,-50.0,-44.273529052734375,-35.68109130859375,-26.697174072265625,11.345428466796875,169.48733520507812,2026-02-14
2026-02-14 11:00:00,-50.0,-47.23004150390625,-36.130340576171875,-27.0498046875,13.54132080078125,173.0762939453125,2026-02-14
2026-02-14 12:00:00,-50.0,-40.627410888671875,-28.79901123046875,-18.50537109375,22.71728515625,187.7734375,2026-02-14
2026-02-14 13:00:00,-50.0,-39.552337646484375,-26.7010498046875,-14.894378662109377,31.31378173828125,206.3406982421875,2026-02-14
2026-02-14 14:00:00,-50.0,-46.26641845703125,-34.69921875,-19.6358642578125,40.414947509765625,234.08824157714847,2026-02-14
2026-02-14 15:00:00,-50.0,-65.05755615234375,-50.478179931640625,-20.651580810546875,61.908477783203125,284.3143615722656,2026-02-14
2026-02-14 16:00:00,-50.0,-114.8360595703125,-77.20236206054688,-21.316680908203125,94.10751342773438,365.9057312011719,2026-02-14
2026-02-14 17:00:00,-50.0,-176.71011352539062,-103.64614868164062,-13.784912109375,143.16668701171875,451.4936218261719,2026-02-14
2026-02-14 18:00:00,-46.479251861572266,-151.8147735595703,-91.36875915527344,1.755706787109375,167.31761169433594,481.2918243408203,2026-02-14
2026-02-14 19:00:00,-12.49625015258789,-116.08369445800781,-69.71488952636719,13.234100341796877,168.37849426269528,483.8334197998047,2026-02-14
2026-02-14 20:00:00,-50.0,-106.52445983886719,-59.53028869628906,16.80389404296875,163.3203582763672,473.5863494873047,2026-02-14
2026-02-14 21:00:00,-50.0,-96.34881591796875,-41.875213623046875,31.0233154296875,174.6977081298828,480.1558532714844,2026-02-14
2026-02-14 22:00:00,-50.0,-125.15272521972656,-64.65115356445312,8.81695556640625,143.21311950683597,441.0858917236328,2026-02-14
2026-02-14 23:00:00,-50.0,-129.13026428222656,-63.87725830078125,10.83367919921875,139.20802307128906,427.46116638183594,2026-02-14
2026-02-15 00:00:00,212.5,121.55790710449219,137.8988494873047,151.0942840576172,174.0115509033203,236.80043029785156,2026-02-15
2026-02-15 01:00:00,195.0,139.0133819580078,157.57188415527344,171.1362762451172,199.8581085205078,282.0518493652344,2026-02-15
2026-02-15 02:00:00,272.5,200.0457305908203,219.57444763183594,233.4977569580078,266.9469451904297,367.2727966308594,2026-02-15
2026-02-15 03:00:00,290.0,252.98114013671875,274.94342041015625,290.2732238769531,328.43113708496094,440.0283660888672,2026-02-15
2026-02-15 04:00:00,292.5,262.5170288085937,284.6217956542968,299.5516967773437,337.96903991699213,460.21643066406244,2026-02-15
2026-02-15 05:00:00,280.0,260.9152526855469,281.4797058105469,296.0920715332031,334.8186492919922,460.07728576660156,2026-02-15
2026-02-15 06:00:00,142.5,255.59469604492188,277.1186828613281,291.68621826171875,331.26954650878906,460.12281799316406,2026-02-15
2026-02-15 07:00:00,175.0,247.1153564453125,270.2681884765625,286.79034423828125,325.0159454345703,453.91064453125,2026-02-15
2026-02-15 08:00:00,-50.0,132.53868103027344,151.17552185058594,162.1761016845703,191.90711975097656,313.7750549316406,2026-02-15
2026-02-15 09:00:00,-50.0,-26.630676269531257,-9.821868896484375,-6.06829833984375,14.972686767578125,129.26565551757812,2026-02-15
2026-02-15 10:00:00,-50.0,-34.797454833984375,-19.903747558593757,-16.17852783203125,-0.764923095703125,105.01383972167969,2026-02-15
2026-02-15 11:00:00,-50.0,-39.57723999023437,-24.26385498046875,-21.28094482421875,-4.800689697265618,103.24794006347656,2026-02-15
2026-02-15 12:00:00,-50.0,-36.51251220703125,-21.254150390625007,-17.835540771484375,-1.961578369140625,110.38789367675781,2026-02-15
2026-02-15 13:00:00,-50.0,-32.076629638671875,-16.560333251953125,-13.755462646484377,2.4285888671874982,123.59449768066406,2026-02-15
2026-02-15 14:00:00,-50.0,-24.182342529296875,-13.064208984375,-11.640869140625,11.099853515625,145.84149169921875,2026-02-15
2026-02-15 15:00:00,-50.0,-27.170379638671868,-18.519439697265618,-10.633880615234377,27.722778320312507,188.6536102294922,2026-02-15
2026-02-15 16:00:00,-25.0,-31.7498779296875,-13.55221557617188,11.501251220703123,76.6934814453125,281.68838500976557,2026-02-15
2026-02-15 17:00:00,342.5,309.1928405761719,338.5364990234375,385.1860046386719,486.1228942871094,726.9916076660156,2026-02-15
2026-02-15 18:00:00,370.0,442.8011779785156,468.4132385253906,520.0861206054688,634.5061492919922,889.5647277832031,2026-02-15
2026-02-15 19:00:00,317.5,413.3818664550782,432.4535217285157,480.4215698242188,592.6838531494141,864.5649719238281,2026-02-15
2026-02-15 20:00:00,290.0,357.4415588378906,375.4722595214844,419.7039794921875,534.3203582763672,817.8129272460938,2026-02-15
2026-02-15 21:00:00,300.0,479.1243591308594,503.24749755859375,548.908447265625,670.4379119873047,962.2823181152344,2026-02-15
2026-02-15 22:00:00,322.5,646.1679840087891,679.2864837646484,732.255859375,856.5804443359375,1151.7979888916016,2026-02-15
2026-02-15 23:00:00,435.0,314.4828796386719,355.89483642578125,418.2510986328125,542.0458374023438,838.1285400390625,2026-02-15
2026-02-16 00:00:00,340.0,259.4095153808593,370.4845886230468,436.2366943359375,496.79895019531244,583.3215942382812,2026-02-16
2026-02-16 01:00:00,340.0,197.03323364257818,336.04745483398443,416.8308715820313,492.9274291992188,599.7782592773438,2026-02-16
2026-02-16 02:00:00,340.0,137.13415527343756,291.5664367675782,383.4928588867188,471.52416992187506,601.2852783203125,2026-02-16
2026-02-16 03:00:00,340.0,142.41351318359375,305.9909973144531,409.008056640625,508.91882324218756,663.0240478515625,2026-02-16
2026-02-16 04:00:00,340.0,129.44065856933594,279.8111877441406,387.2262268066406,499.7504577636719,679.2776489257812,2026-02-16
2026-02-16 05:00:00,340.0,94.06417846679688,223.0316162109375,330.0751037597656,452.8705749511719,650.5977172851562,2026-02-16
2026-02-16 06:00:00,340.0,120.00805664062503,228.7305603027344,332.4254150390625,470.07012939453125,688.8652648925781,2026-02-16
2026-02-16 07:00:00,332.5,150.68637084960938,238.09378051757812,333.3721618652344,479.00909423828125,708.4674987792969,2026-02-16
2026-02-16 08:00:00,130.0,144.0652618408203,201.07952880859375,274.4302062988281,401.9254913330078,622.4064483642578,2026-02-16
2026-02-16 09:00:00,-50.0,59.72737121582031,88.85176086425781,137.1832275390625,240.2900390625,447.92454528808594,2026-02-16
2026-02-16 10:00:00,-50.0,-21.045913696289062,1.1642303466796875,41.70567321777344,130.95204162597656,330.6826629638672,2026-02-16
2026-02-16 11:00:00,62.5,73.48320007324219,99.44728088378906,141.07362365722656,237.3417510986328,434.21836853027344,2026-02-16
2026-02-16 12:00:00,-25.0,34.38475036621094,55.80229187011718,90.13340759277344,180.70281982421875,374.91163635253906,2026-02-16
2026-02-16 13:00:00,-50.0,-14.431976318359379,1.0429077148437464,21.47177124023437,99.17730712890625,291.23374938964844,2026-02-16
2026-02-16 14:00:00,-50.0,25.6229248046875,38.29327392578124,58.8775634765625,137.3948211669922,333.6255187988281,2026-02-16
2026-02-16 15:00:00,-50.0,58.94601440429689,83.20330810546876,123.64520263671876,223.3661346435547,436.1672058105469,2026-02-16
2026-02-16 16:00:00,110.0,72.01782226562497,143.61520385742185,222.62591552734372,358.94209289550776,617.0883483886719,2026-02-16
2026-02-16 17:00:00,257.5,38.258758544921875,178.2666015625,308.643310546875,489.55584716796875,777.0097961425781,2026-02-16
2026-02-16 18:00:00,295.0,47.1038818359375,179.1694793701172,320.1406555175781,505.991455078125,789.6828002929688,2026-02-16
2026-02-16 19:00:00,280.0,75.6590576171875,198.47509765625,330.08160400390625,497.89306640625,768.2411499023438,2026-02-16
2026-02-16 20:00:00,257.5,108.26626586914062,230.96681213378906,353.75341796875,506.92218017578125,760.492431640625,2026-02-16
2026-02-16 21:00:00,265.0,173.4963073730469,308.57514953613287,427.42388916015625,574.7272338867188,816.9760131835938,2026-02-16
2026-02-16 22:00:00,275.0,80.3095703125,230.5614013671875,351.51123046875,487.2258605957031,718.1770935058594,2026-02-16
2026-02-16 23:00:00,315.0,38.316253662109375,200.90982055664062,323.6609191894531,453.15817260742193,670.3615417480469,2026-02-16
2026-02-17 00:00:00,215.0,141.5215759277344,214.33085632324213,255.2496795654297,294.7747344970703,359.46836853027344,2026-02-17
2026-02-17 01:00:00,242.5,96.55288696289062,187.50552368164062,236.992431640625,285.13827514648443,364.8727722167969,2026-02-17
2026-02-17 02:00:00,265.0,112.11846923828125,212.28549194335938,268.9565124511719,324.0335388183594,420.87054443359375,2026-02-17
2026-02-17 03:00:00,-12.5,84.34243774414062,192.30003356933594,257.73944091796875,321.6197509765625,436.91607666015625,2026-02-17
2026-02-17 04:00:00,12.5,64.161865234375,168.2662658691406,240.52438354492188,316.2827758789063,452.11199951171875,2026-02-17
2026-02-17 05:00:00,-37.5,53.121734619140625,150.9444122314453,228.22000122070312,316.88421630859375,472.3182373046875,2026-02-17
2026-02-17 06:00:00,-50.0,14.369415283203153,104.6532897949219,184.2996826171875,289.1172180175781,466.7915344238281,2026-02-17
2026-02-17 07:00:00,-50.0,-53.487487792968736,26.543533325195312,103.6897430419922,217.87228393554688,404.09503173828125,2026-02-17
2026-02-17 08:00:00,-50.0,-115.92202758789062,-62.82756042480469,-4.97418212890625,93.4752197265625,271.2699279785156,2026-02-17
2026-02-17 09:00:00,-50.0,-79.73805236816406,-51.451431274414055,-16.81329345703125,58.92108154296875,225.74388122558597,2026-02-17
2026-02-17 10:00:00,-50.0,-73.49948120117188,-51.94805908203125,-25.14642333984375,38.08799743652344,196.51940917968753,2026-02-17
2026-02-17 11:00:00,-50.0,-74.55206298828125,-48.22552490234376,-19.26861572265625,50.076019287109375,204.80934143066403,2026-02-17
2026-02-17 12:00:00,-50.0,-65.36541748046875,-41.695770263671875,-16.9796142578125,47.774383544921875,198.5114288330078,2026-02-17
2026-02-17 13:00:00,-50.0,-59.991485595703125,-41.154571533203125,-27.6669921875,25.108505249023438,172.404296875,2026-02-17
2026-02-17 14:00:00,-50.0,-52.41760253906249,-36.34967041015624,-22.44696044921875,32.50613403320313,185.36599731445312,2026-02-17
2026-02-17 15:00:00,-50.0,-79.13095092773438,-53.025634765625,-21.5699462890625,53.20787048339844,222.9491729736328,2026-02-17
2026-02-17 16:00:00,-50.0,-155.349853515625,-89.8360595703125,-25.331085205078125,80.7069091796875,287.3271484375,2026-02-17
2026-02-17 17:00:00,-50.0,-235.03009033203125,-119.61180114746094,-16.30487060546875,125.61717224121094,357.6392059326172,2026-02-17
2026-02-17 18:00:00,-50.0,-70.59059143066403,38.86077880859379,148.5019073486328,293.31248474121094,519.9425506591797,2026-02-17
2026-02-17 19:00:00,-50.0,-63.83436584472659,41.97714233398433,145.1623992919922,275.4852752685547,495.49659729003906,2026-02-17
2026-02-17 20:00:00,-50.0,-84.55824279785159,21.14219665527341,115.91017150878906,232.6039886474609,440.41184997558594,2026-02-17
2026-02-17 21:00:00,-50.0,-133.3515167236328,-17.920211791992188,73.52908325195312,184.32530212402344,383.09947204589844,2026-02-17
2026-02-17 22:00:00,-50.0,-193.93319702148438,-65.13824462890625,28.77392578125,130.79672241210943,319.6325988769531,2026-02-17
2026-02-17 23:00:00,-50.0,-209.3169708251953,-71.9051513671875,23.7110595703125,122.07461547851562,301.3202819824219,2026-02-17
2026-02-18 00:00:00,-50.0,55.91627502441406,63.59165954589844,75.04258728027344,100.19602966308594,167.72373962402344,2026-02-18
2026-02-18 01:00:00,-50.0,86.14820861816406,96.78303527832031,113.22084045410156,153.7916717529297,251.6960678100586,2026-02-18
2026-02-18 02:00:00,-50.0,184.3033142089844,196.88079833984378,217.68814086914065,270.4745788574219,392.2552947998047,2026-02-18
2026-02-18 03:00:00,-50.0,218.5606994628906,232.4106750488281,253.8251037597656,314.1283874511719,450.3321533203125,2026-02-18
2026-02-18 04:00:00,-50.0,201.13230895996094,213.1291961669922,231.8523406982422,291.0887908935547,437.8871154785156,2026-02-18
2026-02-18 05:00:00,12.5,212.11334228515625,222.26702880859375,239.57421875,297.0979919433594,442.9353332519531,2026-02-18
2026-02-18 06:00:00,0.0,209.0496826171875,222.33636474609375,237.73709106445312,293.4091796875,436.8011932373047,2026-02-18
2026-02-18 07:00:00,-50.0,80.66513061523438,97.63641357421875,113.35171508789062,163.20289611816406,301.8688201904297,2026-02-18
2026-02-18 08:00:00,-50.0,-37.864776611328125,-25.47979736328125,-16.648712158203125,19.518707275390625,142.1594467163086,2026-02-18
2026-02-18 09:00:00,-50.0,-39.227508544921875,-28.323730468749996,-27.26278686523437,-4.4658203124999964,106.13203430175781,2026-02-18
2026-02-18 10:00:00,-50.0,-44.09381103515625,-32.7039794921875,-30.831512451171875,-15.135284423828125,83.86372375488281,2026-02-18
2026-02-18 11:00:00,-50.0,-37.397247314453125,-25.08938598632812,-23.55892944335937,-6.8292846679687464,91.38223266601562,2026-02-18
2026-02-18 12:00:00,-50.0,-28.546417236328125,-15.29962158203125,-12.87237548828125,4.268646240234375,106.28105163574219,2026-02-18
2026-02-18 13:00:00,-50.0,-40.66961669921875,-26.481964111328125,-23.138580322265625,-3.4440307617187464,110.028076171875,2026-02-18
2026-02-18 14:00:00,-50.0,-40.129180908203125,-31.34716796875,-29.108612060546875,-0.9876708984374964,127.47210693359375,2026-02-18
2026-02-18 15:00:00,-50.0,-34.226593017578125,-31.626251220703125,-24.763641357421875,17.772323608398438,171.67286682128906,2026-02-18
2026-02-18 16:00:00,-50.0,-46.022979736328125,-38.213714599609375,-17.047454833984375,51.04219055175781,248.87921142578125,2026-02-18
2026-02-18 17:00:00,-50.0,-65.4520263671875,-46.001861572265625,-3.29010009765625,104.56726074218751,338.4561004638672,2026-02-18
2026-02-18 18:00:00,-50.0,91.34971618652344,107.94486999511719,158.29212951660156,283.3915100097656,536.4012756347656,2026-02-18
2026-02-18 19:00:00,-50.34600067138672,7.873474121093757,14.667907714843757,61.87319946289063,185.67930603027344,455.75926208496094,2026-02-18
2026-02-18 20:00:00,-50.0,-66.00679016113281,-62.38575744628906,-19.71783447265625,108.9040756225586,389.1257629394531,2026-02-18
2026-02-18 21:00:00,-50.0,-74.82569885253906,-66.42503356933594,-23.09857177734375,115.23536682128906,405.0076904296875,2026-02-18
2026-02-18 22:00:00,-50.0,-94.413330078125,-77.748046875,-27.753662109375,114.22343444824219,406.1164093017578,2026-02-18
2026-02-18 23:00:00,-50.0,-115.98965454101562,-89.904296875,-26.847076416015625,115.81639099121094,407.5094757080078,2026-02-18
2026-02-19 00:00:00,-50.0,-29.340789794921875,-20.967132568359375,-12.703643798828123,13.070739746093752,98.885986328125,2026-02-19
2026-02-19 01:00:00,-50.0,-38.9910888671875,-27.840118408203132,-16.56805419921875,19.12164306640625,125.54523468017578,2026-02-19
2026-02-19 02:00:00,-50.0,-46.620391845703125,-31.915100097656257,-18.8358154296875,23.340179443359375,144.17698669433594,2026-02-19
2026-02-19 03:00:00,-50.0,-47.069610595703125,-29.64654541015625,-17.595458984375,26.309463500976562,153.06576538085938,2026-02-19
2026-02-19 04:00:00,-50.0,-47.23731994628906,-29.157943725585938,-17.438446044921875,23.598358154296875,155.90235900878906,2026-02-19
2026-02-19 05:00:00,-50.0,-51.93952941894531,-31.767990112304688,-18.96200561523437,19.02015686035156,145.9047393798828,2026-02-19
2026-02-19 06:00:00,-50.0,-50.96757507324219,-30.779281616210938,-20.789031982421875,9.82244873046875,125.6075439453125,2026-02-19
2026-02-19 07:00:00,-50.0,-44.60084533691406,-26.07289123535156,-19.5947265625,-1.1525268554687464,104.40206909179688,2026-02-19
2026-02-19 08:00:00,-50.0,-44.30950927734375,-27.615966796875,-25.16204833984375,-16.6737060546875,75.38673400878906,2026-02-19
2026-02-19 09:00:00,-50.0,-39.75152587890625,-21.383422851562507,-20.68548583984375,-17.9013671875,66.68116760253906,2026-02-19
2026-02-19 10:00:00,-50.0,-41.083282470703125,-22.616333007812507,-19.71575927734375,-18.069458007812507,61.572052001953125,2026-02-19
2026-02-19 11:00:00,-50.0,-42.98794555664062,-25.777160644531243,-23.561676025390625,-21.322570800781243,60.3905029296875,2026-02-19
2026-02-19 12:00:00,-50.0,-45.719329833984375,-28.326660156250007,-26.129608154296875,-24.131011962890625,64.00428771972656,2026-02-19
2026-02-19 13:00:00,-50.0,-43.94732666015625,-26.378570556640625,-24.88201904296875,-22.46551513671875,75.35350036621094,2026-02-19
2026-02-19 14:00:00,-50.0,-36.40432739257812,-24.628173828124993,-23.3387451171875,-21.498626708984368,83.28556823730469,2026-02-19
2026-02-19 15:00:00,-50.0,-29.752716064453125,-22.35443115234375,-19.71722412109375,-14.897125244140625,107.05967712402344,2026-02-19
2026-02-19 16:00:00,-50.0,-29.5474853515625,-18.96710205078125,-16.62017822265625,3.0856323242187536,153.67288208007812,2026-02-19
2026-02-19 17:00:00,-50.0,-24.706573486328132,-12.726959228515625,-2.82244873046875,37.151580810546875,212.39540100097656,2026-02-19
2026-02-19 18:00:00,-50.08649826049805,-15.409698486328125,-5.798797607421875,6.760223388671875,58.38600158691406,254.2408752441406,2026-02-19
2026-02-19 19:00:00,-51.21200180053711,-21.452545166015625,-17.386474609375,-4.009552001953125,53.166351318359375,273.5334167480469,2026-02-19
2026-02-19 20:00:00,-50.0,-29.751159667968757,-28.455505371093757,-14.6025390625,54.26310729980469,296.013671875,2026-02-19
2026-02-19 21:00:00,-50.0,-40.992828369140625,-37.764068603515625,-20.20077514648437,62.87879943847656,321.9849548339844,2026-02-19
2026-02-19 22:00:00,-50.0,-46.50799560546876,-38.856689453125,-14.950042724609377,78.87370300292969,349.8463439941406,2026-02-19
2026-02-19 23:00:00,-50.0,-53.564453125,-40.937835693359375,-7.885498046875,90.86097717285156,373.0739440917969,2026-02-19
2026-02-20 00:00:00,-50.0,-9.01947021484375,-1.0206298828125,0.892669677734375,4.9271240234375,34.71571350097656,2026-02-20
2026-02-20 01:00:00,-50.0,-14.990051269531257,-7.712493896484375,-6.740386962890625,-1.859283447265625,38.24763488769531,2026-02-20
2026-02-20 02:00:00,-50.0,-18.424865722656243,-10.271667480468743,-8.545074462890625,-1.227142333984375,48.74899291992188,2026-02-20
2026-02-20 03:00:00,-50.0,-14.419586181640625,-4.347503662109375,-1.32391357421875,8.944076538085938,65.39645385742188,2026-02-20
2026-02-20 04:00:00,-50.0,-7.721832275390625,3.418609619140618,7.6588134765625,19.552566528320312,82.36833190917969,2026-02-20
2026-02-20 05:00:00,-50.0,-15.165771484375,-2.442474365234375,3.11083984375,15.438980102539062,79.66067504882812,2026-02-20
2026-02-20 06:00:00,-50.0,-17.535247802734368,-3.988983154296868,0.7279052734375,10.13714599609375,72.74092102050783,2026-02-20
2026-02-20 07:00:00,-50.0,-33.898834228515625,-21.3173828125,-16.2479248046875,-11.57867431640625,45.78993225097656,2026-02-20
2026-02-20 08:00:00,-50.0,-43.27023315429687,-30.634124755859368,-26.842803955078125,-26.728149414062493,23.165100097656257,2026-02-20
2026-02-20 09:00:00,-50.0,-33.66143798828125,-21.694061279296875,-21.203826904296875,-18.529052734375,23.413284301757812,2026-02-20
2026-02-20 10:00:00,-50.0,-31.63989257812499,-19.80566406249999,-19.48080444335937,-16.24353027343749,20.987747192382823,2026-02-20
2026-02-20 11:00:00,-50.0,-33.463623046875,-22.283050537109375,-22.068817138671875,-19.006469726562507,20.575393676757812,2026-02-20
2026-02-20 12:00:00,-50.0,-36.425323486328125,-25.268768310546875,-24.8192138671875,-21.493194580078125,22.352188110351562,2026-02-20
2026-02-20 13:00:00,-50.0,-36.679443359375,-26.389160156249996,-25.33505249023437,-22.961364746093746,28.750076293945316,2026-02-20
2026-02-20 14:00:00,-50.0,-36.1998291015625,-27.06756591796875,-25.812774658203125,-24.6695556640625,33.12150573730469,2026-02-20
2026-02-20 15:00:00,-50.0,-36.98272705078125,-25.329833984375,-23.888427734375,-23.724639892578132,47.130096435546875,2026-02-20
2026-02-20 16:00:00,-50.0,-35.09307861328125,-22.7974853515625,-19.92327880859375,-15.803802490234375,69.93135070800781,2026-02-20
2026-02-20 17:00:00,-50.0,-23.220245361328118,-10.519836425781243,-7.0684814453125,1.5045318603515696,99.26412963867188,2026-02-20
2026-02-20 18:00:00,-50.0,-1.290802001953125,10.62774658203125,13.14495849609375,23.652069091796875,130.35848999023438,2026-02-20
2026-02-20 19:00:00,-50.0,5.79595947265625,16.88360595703125,20.721588134765625,33.872802734375,151.82058715820312,2026-02-20
2026-02-20 20:00:00,-50.0,1.50042724609375,11.704376220703125,16.06036376953125,33.99848937988281,162.6728744506836,2026-02-20
2026-02-20 21:00:00,-50.0,-7.922607421875007,2.21173095703125,8.133209228515625,31.952499389648438,169.93733978271484,2026-02-20
2026-02-20 22:00:00,-50.0,6.341400146484368,16.16448974609375,23.316680908203125,51.14540100097656,195.36174774169922,2026-02-20
2026-02-20 23:00:00,-50.0,-16.610839843750007,-6.787933349609375,1.221649169921875,30.69195556640625,182.56146240234375,2026-02-20
2026-02-21 00:00:00,-50.0,-4.480133056640625,2.401641845703125,3.427886962890625,7.9903106689453125,44.14373779296875,2026-02-21
2026-02-21 01:00:00,-50.0,-20.63365173339843,-13.68815612792968,-12.15667724609375,-5.380523681640618,42.098373413085945,2026-02-21
2026-02-21 02:00:00,-50.0,-31.002639770507802,-22.348800659179677,-19.46737670898437,-9.82446289062499,47.63140869140625,2026-02-21
2026-02-21 03:00:00,-50.0,-33.244598388671875,-23.092605590820312,-19.64459228515625,-7.720611572265625,54.41560363769531,2026-02-21
2026-02-21 04:00:00,-50.0,-33.71070861816406,-23.579193115234375,-19.702301025390625,-7.936553955078132,60.28993225097656,2026-02-21
2026-02-21 05:00:00,-50.0,-42.22102355957031,-30.810333251953125,-26.103790283203125,-14.912063598632812,53.728363037109375,2026-02-21
2026-02-21 06:00:00,-50.0,-48.994293212890625,-36.68841552734375,-32.78753662109375,-25.154876708984375,41.00456237792969,2026-02-21
2026-02-21 07:00:00,-50.0,-53.027008056640625,-41.6573486328125,-37.879180908203125,-35.499191284179695,25.93896484375,2026-02-21
2026-02-21 08:00:00,-50.0,-46.009765625,-34.79792785644531,-34.331756591796875,-32.18159484863281,20.61126708984375,2026-02-21
2026-02-21 09:00:00,-50.0,-41.83184814453125,-33.3026123046875,-30.373321533203125,-28.571182250976562,18.961822509765625,2026-02-21
2026-02-21 10:00:00,-50.0,-41.219970703125,-31.867706298828125,-29.932830810546875,-27.084991455078125,18.319610595703125,2026-02-21
2026-02-21 11:00:00,-50.0,-43.812347412109375,-35.2091064453125,-33.420440673828125,-30.880905151367188,18.305374145507812,2026-02-21
2026-02-21 12:00:00,-50.0,-45.396484375,-37.455291748046875,-35.314239501953125,-32.870819091796875,22.552047729492188,2026-02-21
2026-02-21 13:00:00,-50.0,-43.008544921875,-36.508453369140625,-33.518585205078125,-32.32769775390625,31.341964721679688,2026-02-21
2026-02-21 14:00:00,-50.0,-40.7564697265625,-35.281341552734375,-32.207000732421875,-31.966796875,37.315155029296875,2026-02-21
2026-02-21 15:00:00,-50.0,-40.39361572265625,-32.019744873046875,-30.739715576171875,-30.72320556640625,51.87603759765625,2026-02-21
2026-02-21 16:00:00,-50.0,-37.75575256347656,-27.6138916015625,-26.333648681640625,-23.891387939453125,75.31269836425781,2026-02-21
2026-02-21 17:00:00,41.75,-42.89521789550781,-32.43292236328125,-30.822021484375,-23.763061523437507,87.81936645507812,2026-02-21
2026-02-21 18:00:00,93.270751953125,-12.834304809570312,-3.2419891357421875,-2.34991455078125,7.5234832763671875,129.4717025756836,2026-02-21
2026-02-21 19:00:00,163.95199584960938,-29.1361083984375,-20.334228515625,-17.471466064453125,-4.18452453613282,130.83929443359375,2026-02-21
2026-02-21 20:00:00,243.29849243164065,-20.374862670898438,-12.835617065429688,-8.935638427734375,10.456405639648438,158.14588165283203,2026-02-21
2026-02-21 21:00:00,249.0865020751953,73.22012329101562,80.40933227539062,86.07052612304688,112.58726501464844,271.0853729248047,2026-02-21
2026-02-21 22:00:00,285.0,150.6998748779297,157.84130859375,165.25930786132812,197.6255645751953,364.1106414794922,2026-02-21
2026-02-21 23:00:00,285.0,147.0687255859375,154.18959045410156,163.26744079589844,198.54815673828125,373.55682373046875,2026-02-21
2026-02-22 00:00:00,-37.5,103.81983947753906,190.81997680664062,253.85821533203125,314.5638122558594,396.5658874511719,2026-02-22
2026-02-22 01:00:00,-50.0,54.300506591796875,152.37161254882812,233.87106323242188,319.2693176269531,433.48190307617193,2026-02-22
2026-02-22 02:00:00,-50.0,3.4444122314453125,107.34727478027344,201.733154296875,305.04440307617193,445.3291931152344,2026-02-22
2026-02-22 03:00:00,-50.0,-29.48303222656247,78.71520996093753,179.91867065429688,295.8188781738281,459.175537109375,2026-02-22
2026-02-22 04:00:00,-50.0,-52.949615478515625,45.95509338378906,149.99246215820312,276.5692443847656,463.3779602050781,2026-02-22
2026-02-22 05:00:00,-50.0,-28.12921142578125,59.833343505859375,163.1834259033203,297.1071319580078,496.94593811035156,2026-02-22
2026-02-22 06:00:00,-50.0,32.443115234375,109.33702087402344,203.74343872070312,341.50003051757807,551.5313415527344,2026-02-22
2026-02-22 07:00:00,-50.0,34.60551452636719,98.15809631347656,177.53759765625,310.5003967285156,519.90478515625,2026-02-22
2026-02-22 08:00:00,-50.0,-108.17459106445312,-67.87516784667969,-11.31182861328125,95.7542724609375,285.1234741210937,2026-02-22
2026-02-22 09:00:00,-50.0,-81.69973754882812,-59.88380432128906,-27.011993408203125,49.957679748535156,218.17393493652344,2026-02-22
2026-02-22 10:00:00,-50.0,-63.98042297363281,-45.45585632324219,-18.99334716796875,41.21379089355469,196.68731689453125,2026-02-22
2026-02-22 11:00:00,-50.0,-65.90379333496094,-44.6163330078125,-16.70330810546875,47.64616394042969,199.62940979003903,2026-02-22
2026-02-22 12:00:00,-50.0,-69.01576232910156,-47.701934814453125,-22.23764038085937,40.9354248046875,193.32698059082034,2026-02-22
2026-02-22 13:00:00,-50.0,-62.88092041015625,-43.14691162109375,-23.54232788085937,36.86723327636719,192.857421875,2026-02-22
2026-02-22 14:00:00,-50.0,-57.00238037109375,-42.46697998046875,-23.319091796875,41.327056884765625,205.45794677734372,2026-02-22
2026-02-22 15:00:00,-50.0,-67.8099365234375,-52.651123046875,-22.81787109375,56.252593994140625,236.47325134277344,2026-02-22
2026-02-22 16:00:00,-50.0,-118.101806640625,-78.3984375,-22.85693359375,86.9449996948242,312.0441131591797,2026-02-22
2026-02-22 17:00:00,127.5,34.40892028808594,115.58956909179688,210.19210815429688,362.52593994140625,618.8450317382812,2026-02-22
2026-02-22 18:00:00,125.7354965209961,160.82322692871094,239.18508911132812,345.9486083984375,510.01483154296875,774.8370056152344,2026-02-22
2026-02-22 19:00:00,97.70475006103516,306.69151306152344,380.4610900878906,483.15338134765625,639.3345184326172,901.7756805419922,2026-02-22
2026-02-22 20:00:00,152.04925537109375,256.759147644043,331.9272079467774,430.4839477539063,582.6474685668945,838.676399230957,2026-02-22
2026-02-22 21:00:00,225.0,233.47412109375,317.69981384277344,414.3470764160156,567.7993316650391,820.1503448486328,2026-02-22
2026-02-22 22:00:00,220.0,125.48336791992188,219.23439025878906,319.1487731933594,468.09486389160156,718.1231231689453,2026-02-22
2026-02-22 23:00:00,252.5,105.51980590820312,201.14524841308594,307.5069580078125,455.7937927246094,698.6879577636719,2026-02-22
2026-02-23 00:00:00,100.0,115.99400329589844,196.33712768554688,256.17877197265625,320.9976501464844,432.1125183105469,2026-02-23
2026-02-23 01:00:00,222.5,82.50914001464847,161.48099517822268,231.04710388183597,313.42242431640625,451.6370849609375,2026-02-23
2026-02-23 02:00:00,280.0,94.09690856933594,166.21780395507812,237.1150665283203,331.2212677001953,491.85786437988287,2026-02-23
2026-02-23 03:00:00,242.5,130.1087799072265,193.61538696289057,257.8124389648437,354.2052612304687,527.5576629638672,2026-02-23
2026-02-23 04:00:00,25.0,105.14383697509763,152.99478912353513,208.90219116210935,303.0667190551758,486.91565704345703,2026-02-23
2026-02-23 05:00:00,-37.5,23.96194458007814,61.2827606201172,111.20149230957033,202.57350158691406,384.0184783935547,2026-02-23
2026-02-23 06:00:00,122.5,31.845901489257812,63.268402099609375,104.85397338867188,190.20841217041016,364.167984008789,2026-02-23
2026-02-23 07:00:00,150.0,52.61933898925781,77.31495666503906,107.87840270996094,181.27308654785156,345.83009338378906,2026-02-23
2026-02-23 08:00:00,-37.5,-5.803421020507805,9.750030517578132,27.889068603515625,81.30180358886719,222.90602111816406,2026-02-23
2026-02-23 09:00:00,-50.0,-38.63441467285156,-27.861526489257812,-20.79718017578125,12.012802124023438,134.0015106201172,2026-02-23
2026-02-23 10:00:00,-50.0,-35.64604187011719,-26.834030151367188,-22.95166015625,-2.143402099609375,104.70941162109375,2026-02-23
2026-02-23 11:00:00,-50.0,-41.35227966308594,-31.1204833984375,-27.755645751953125,-6.3913269042968714,93.6092300415039,2026-02-23
2026-02-23 12:00:00,-50.0,-42.728485107421875,-31.164001464843757,-27.288726806640625,-6.8329315185546875,92.58989715576172,2026-02-23
2026-02-23 13:00:00,-50.0,-37.9036865234375,-26.242706298828125,-23.925811767578125,-4.8399505615234375,97.7186050415039,2026-02-23
2026-02-23 14:00:00,-50.0,-28.42510986328125,-23.480438232421875,-22.831451416015625,1.0367431640625,112.92151641845703,2026-02-23
2026-02-23 15:00:00,-50.0,-29.174057006835938,-28.27691650390625,-22.35894775390625,14.716156005859375,146.80194854736328,2026-02-23
2026-02-23 16:00:00,-50.0,-57.378173828125,-41.31352233886719,-15.63623046875,50.10716247558594,227.1681060791016,2026-02-23
2026-02-23 17:00:00,347.5,24.166748046875,73.07095336914062,132.76153564453125,240.0037841796875,453.1885681152344,2026-02-23
2026-02-23 18:00:00,352.5,155.4125213623047,209.6798858642578,284.2324523925781,406.90586853027344,633.6933898925781,2026-02-23
2026-02-23 19:00:00,270.0,150.03588104248047,205.58441925048828,282.3096923828125,405.4587631225586,643.718391418457,2026-02-23
2026-02-23 20:00:00,282.5,175.98140716552734,233.84403228759766,310.5423278808594,438.99329376220703,686.5065689086914,2026-02-23
2026-02-23 21:00:00,212.5,192.1647186279297,260.5882873535156,339.2835388183594,476.4366149902344,729.9574584960938,2026-02-23
2026-02-23 22:00:00,197.5,89.359504699707,168.40450286865232,253.53273010253903,392.7637863159179,649.5293502807617,2026-02-23
2026-02-23 23:00:00,232.5,11.292388916015625,89.70880126953124,181.80877685546875,322.62681579589844,581.6536407470703,2026-02-23
2026-02-24 00:00:00,317.5,213.3336639404297,286.26307678222656,338.08172607421875,387.97169494628906,457.42579650878906,2026-02-24
2026-02-24 01:00:00,240.0,210.21445465087888,289.6169128417969,358.1023864746094,434.4539489746094,537.9397583007812,2026-02-24
2026-02-24 02:00:00,187.5,223.37432861328125,308.8801498413086,392.4125061035156,490.90599060058594,619.2145843505859,2026-02-24
2026-02-24 03:00:00,275.0,289.2158508300781,373.9052276611328,458.8631591796875,565.5595703125,710.1258544921875,2026-02-24
2026-02-24 04:00:00,280.0,167.83480834960938,232.92987060546875,310.5244140625,414.94512939453125,573.2071990966797,2026-02-24
2026-02-24 05:00:00,175.0,135.6653976440429,186.04950714111322,256.0917358398437,359.06862640380854,518.565803527832,2026-02-24
2026-02-24 06:00:00,-50.0,90.21390533447266,132.79488372802734,195.20700073242188,299.26119232177734,461.17098236083984,2026-02-24
2026-02-24 07:00:00,-50.0,25.627792358398438,58.197601318359375,109.02528381347656,205.25404357910156,359.1784973144531,2026-02-24
2026-02-24 08:00:00,-50.0,-60.62275695800781,-45.82109069824219,-15.723388671875,52.65509033203125,175.58753967285156,2026-02-24
2026-02-24 09:00:00,-50.0,-25.54754638671875,-24.40704345703125,-16.486846923828125,18.128524780273438,111.50687408447266,2026-02-24
2026-02-24 10:00:00,-50.0,-13.005065917968748,-12.99061584472656,-10.772491455078123,5.928283691406252,77.14701843261719,2026-02-24
2026-02-24 11:00:00,-50.0,-11.40748596191407,-4.9373016357421875,-1.061187744140625,16.12335205078125,78.92762756347656,2026-02-24
2026-02-24 12:00:00,-50.0,-20.796401977539062,-11.2431640625,-6.597381591796875,8.682205200195312,69.17605590820312,2026-02-24
2026-02-24 13:00:00,-50.0,-26.506439208984368,-15.581375122070307,-12.180145263671877,2.0808105468750053,64.87045288085938,2026-02-24
2026-02-24 14:00:00,-50.0,-22.00592041015625,-16.824188232421875,-14.80950927734375,5.4247283935546875,79.7552490234375,2026-02-24
2026-02-24 15:00:00,-50.0,-29.258270263671875,-27.073089599609375,-17.564422607421875,19.884475708007812,117.46215057373047,2026-02-24
2026-02-24 16:00:00,-50.0,-81.25521850585938,-52.03015136718751,-15.67327880859375,56.81456756591797,208.76057434082028,2026-02-24
2026-02-24 17:00:00,-51.0,-174.28062438964844,-86.08147430419922,-1.6358642578125,122.20890808105463,314.9028778076172,2026-02-24
2026-02-24 18:00:00,68.5,-91.84710693359375,-4.599021911621094,95.101806640625,233.1549072265625,436.1156616210938,2026-02-24
2026-02-24 19:00:00,-53.99625015258789,-82.6026840209961,0.36931610107421875,96.7242431640625,226.0847396850586,427.26448822021484,2026-02-24
2026-02-24 20:00:00,-50.0,-148.8753662109375,-65.27438354492188,27.086700439453125,152.2752227783203,350.2994384765625,2026-02-24
2026-02-24 21:00:00,-50.0,-176.2699432373047,-81.94383239746094,8.634002685546875,135.62010192871088,332.8171539306641,2026-02-24
2026-02-24 22:00:00,-50.0,-201.3922576904297,-97.27133178710938,-2.4664306640625,122.045654296875,316.62887573242193,2026-02-24
2026-02-24 23:00:00,-50.0,-207.3205108642578,-104.81417846679688,-5.008331298828125,117.8820190429687,309.1629638671875,2026-02-24
2026-02-25 00:00:00,-50.0,-20.5794677734375,-14.534469604492188,-4.28466796875,25.444976806640625,105.11715698242188,2026-02-25
2026-02-25 01:00:00,-50.0,-22.188705444335938,-17.0379638671875,-8.055450439453125,28.10064697265625,121.55293273925781,2026-02-25
2026-02-25 02:00:00,-50.0,-25.022659301757805,-17.489227294921868,-8.540283203125,32.00143432617188,136.79595947265625,2026-02-25
2026-02-25 03:00:00,-50.0,-24.232696533203125,-13.593383789062507,-7.140472412109375,34.67369079589844,144.7933578491211,2026-02-25
2026-02-25 04:00:00,-50.0,-18.720565795898438,-10.004318237304688,-5.481201171875,32.37745666503906,146.31922912597656,2026-02-25
2026-02-25 05:00:00,-50.0,-14.952972412109375,-4.421417236328125,-0.351531982421875,33.90464782714844,138.76464080810547,2026-02-25
2026-02-25 06:00:00,-36.28324890136719,53.64215087890625,65.61260986328125,66.61669921875,93.14128112792969,184.85196685791016,2026-02-25
2026-02-25 07:00:00,-50.0,24.978729248046875,35.78123474121093,36.8743896484375,51.757476806640625,134.1751251220703,2026-02-25
2026-02-25 08:00:00,47.5,-17.781402587890625,-8.977127075195312,-6.606781005859375,-1.0864410400390625,66.64622497558594,2026-02-25
2026-02-25 09:00:00,-50.0,-34.006744384765625,-23.2269287109375,-21.305816650390625,-19.596694946289062,36.21479797363281,2026-02-25
2026-02-25 10:00:00,-50.0,-28.784088134765625,-15.951782226562498,-15.115142822265623,-13.913116455078123,32.11561584472656,2026-02-25
2026-02-25 11:00:00,-50.0,-29.291610717773438,-15.622589111328125,-15.50457763671875,-14.835494995117188,31.099594116210938,2026-02-25
2026-02-25 12:00:00,-50.0,-33.3936767578125,-17.64703369140625,-17.2744140625,-16.947052001953125,31.767608642578125,2026-02-25
2026-02-25 13:00:00,-50.0,-34.6370849609375,-17.26544189453125,-16.435882568359375,-16.0689697265625,38.51617431640625,2026-02-25
2026-02-25 14:00:00,-50.0,-26.718231201171868,-16.043609619140618,-15.338409423828123,-14.043930053710929,45.55157470703126,2026-02-25
2026-02-25 15:00:00,-50.0,-19.967788696289062,-16.491348266601562,-12.537078857421877,-10.621795654296877,67.25885009765625,2026-02-25
2026-02-25 16:00:00,145.80799865722656,41.38874816894531,50.904876708984375,55.47264099121094,79.17265319824219,191.92283630371094,2026-02-25
2026-02-25 17:00:00,312.5,254.10926818847656,271.08770751953125,292.67449951171875,350.578369140625,500.74794006347656,2026-02-25
2026-02-25 18:00:00,302.5,294.67974853515625,310.4684753417969,339.7552490234375,416.01598358154297,592.05322265625,2026-02-25
2026-02-25 19:00:00,280.0,289.14344787597656,298.3976135253906,327.7529296875,408.76560974121094,607.5208282470703,2026-02-25
2026-02-25 20:00:00,277.5,252.95596313476562,259.57342529296875,289.066162109375,381.01131439208984,601.5141754150391,2026-02-25
2026-02-25 21:00:00,285.0,323.26011657714844,333.0946350097656,364.9956970214844,470.2279739379883,708.7194519042969,2026-02-25
2026-02-25 22:00:00,297.5,314.4025115966797,329.7603454589844,367.831787109375,480.64402770996094,726.7937622070312,2026-02-25
2026-02-25 23:00:00,372.5,284.7283935546875,303.94859313964844,349.1737976074219,461.0160369873047,713.0700378417969,2026-02-25
2026-02-26 00:00:00,400.0,374.5508117675781,468.2931518554687,529.1873168945312,584.1968994140625,654.4928588867188,2026-02-26
2026-02-26 01:00:00,329.4742431640625,476.2713623046875,585.2043762207031,667.9340209960938,753.0983276367188,860.5808715820312,2026-02-26
2026-02-26 02:00:00,441.5527648925781,442.60076904296875,570.4863586425781,674.5534057617188,786.0357666015625,923.6738891601562,2026-02-26
2026-02-26 03:00:00,482.3464965820313,218.42644500732422,347.8330535888672,456.9751281738281,579.2645568847656,737.0177307128906,2026-02-26
2026-02-26 04:00:00,326.69073486328125,223.79934692382812,322.9594497680664,424.69927978515625,546.7835693359375,720.0355834960938,2026-02-26
2026-02-26 05:00:00,251.13499450683597,210.31906127929688,285.7785110473633,378.5013427734375,498.8943328857422,674.3274078369141,2026-02-26
2026-02-26 06:00:00,385.7554931640625,204.63603210449213,266.08850097656244,348.1952514648437,469.0936889648437,646.4715118408203,2026-02-26
2026-02-26 07:00:00,286.8955078125,212.79283905029297,260.6611099243164,326.1521911621094,438.71337127685547,610.0531845092773,2026-02-26
2026-02-26 08:00:00,281.75,226.7032012939453,250.12820434570312,290.7913513183594,374.93961334228516,520.5585632324219,2026-02-26
2026-02-26 09:00:00,209.73374938964844,252.42463684082026,258.2287292480468,274.8290405273437,325.98107910156244,445.52261352539057,2026-02-26
2026-02-26 10:00:00,390.0,234.5385589599609,236.4987640380859,244.49740600585935,274.8325500488281,374.0431137084961,2026-02-26
2026-02-26 11:00:00,375.0,212.69602966308594,219.14215087890625,227.3602294921875,258.895751953125,349.7929153442383,2026-02-26
2026-02-26 12:00:00,247.5,177.79623413085932,186.342788696289,193.88528442382807,223.79040527343744,313.3744583129882,2026-02-26
2026-02-26 13:00:00,197.5,180.7626190185547,190.21119689941406,195.0448455810547,223.5862579345703,315.2358703613281,2026-02-26
2026-02-26 14:00:00,257.5,195.38758850097656,200.49436950683594,206.5988006591797,242.5163116455078,344.23999786376953,2026-02-26
2026-02-26 15:00:00,-13.023500442504885,153.230712890625,161.719482421875,180.53369140625,235.91668701171875,357.58753967285156,2026-02-26
2026-02-26 16:00:00,193.9057464599609,116.47085571289062,159.7215576171875,209.20870971679688,299.69493103027344,471.4014434814453,2026-02-26
2026-02-26 17:00:00,39.938751220703125,51.40960693359378,160.76221466064456,260.0132751464844,396.8913116455078,604.6087799072266,2026-02-26
2026-02-26 18:00:00,70.9384994506836,90.68490600585938,198.20108032226562,311.8568420410156,457.9182434082031,669.9703674316406,2026-02-26
2026-02-26 19:00:00,-29.25,77.77210998535156,182.1708221435547,293.63250732421875,430.6580047607422,636.8102874755859,2026-02-26
2026-02-26 20:00:00,20.75,28.571029663085938,136.1816864013672,246.51329040527344,381.44395446777344,584.3438262939453,2026-02-26
2026-02-26 21:00:00,129.6792449951172,19.697845458984375,140.62718200683594,251.31874084472656,389.68202209472656,591.4790496826172,2026-02-26
2026-02-26 22:00:00,262.5,13.31243896484375,146.48033905029297,260.9476318359375,396.75811767578125,594.8834228515625,2026-02-26
2026-02-26 23:00:00,147.5,-7.1405487060546875,126.5674819946289,245.332275390625,379.26348876953125,571.6929931640625,2026-02-26
2026-02-27 00:00:00,63.17300033569336,128.0455322265625,204.0102310180664,267.3486328125,335.7315673828125,453.47784423828125,2026-02-27
2026-02-27 01:00:00,-0.7917500138282776,127.23281860351562,211.9055633544922,295.3052978515625,393.48374938964844,557.0703582763672,2026-02-27
2026-02-27 02:00:00,117.5,119.14909362792969,208.12061309814453,306.1073913574219,427.36424255371094,623.4890289306641,2026-02-27
2026-02-27 03:00:00,162.5,115.83296203613281,205.0866470336914,307.8517150878906,444.3180236816406,665.5937805175781,2026-02-27
2026-02-27 04:00:00,152.5,98.49555206298828,175.57186126708984,276.9471435546875,419.5206985473633,661.0776748657227,2026-02-27
2026-02-27 05:00:00,175.0,111.72190856933594,177.761474609375,273.5054016113281,417.39146423339844,664.9912567138672,2026-02-27
2026-02-27 06:00:00,197.5,170.1725082397461,226.61470794677734,311.0082702636719,453.0319137573242,703.9979476928711,2026-02-27
2026-02-27 07:00:00,209.8637542724609,177.16748809814453,221.8912124633789,290.5790100097656,424.50228118896484,671.9909896850586,2026-02-27
2026-02-27 08:00:00,461.75,154.2570343017578,183.61634826660156,233.946044921875,344.87125396728516,573.6502380371094,2026-02-27
2026-02-27 09:00:00,311.25201416015625,80.62442016601562,99.84658813476562,133.14793395996094,219.9072723388672,430.7920227050781,2026-02-27
2026-02-27 10:00:00,235.95425415039065,61.81703186035156,79.48872375488281,107.63778686523438,179.1289825439453,375.9891815185547,2026-02-27
2026-02-27 11:00:00,440.1784973144531,33.25015258789062,51.8939208984375,79.35411071777344,153.63651275634766,341.999755859375,2026-02-27
2026-02-27 12:00:00,482.0870056152344,-20.557662963867188,-2.3829345703125,20.8328857421875,93.08880615234375,277.38153076171875,2026-02-27
2026-02-27 13:00:00,357.2787475585937,-33.12913513183594,-17.701217651367188,-0.77532958984375,65.14478302001953,249.20553588867188,2026-02-27
2026-02-27 14:00:00,326.55926513671875,-36.85401916503906,-27.4197998046875,-12.371337890625,53.98548126220703,239.66744995117185,2026-02-27
2026-02-27 15:00:00,222.0,-48.37745666503906,-40.536529541015625,-18.09112548828125,58.454681396484375,252.68943786621094,2026-02-27
2026-02-27 16:00:00,458.75,-55.0780029296875,-36.27516174316406,4.716339111328125,105.21656036376953,333.1968536376953,2026-02-27
2026-02-27 17:00:00,518.75,15.890892028808594,60.12175750732422,129.95384216308594,266.41422271728516,521.5519180297852,2026-02-27
2026-02-27 18:00:00,62.084251403808594,97.79579162597656,140.05307006835938,219.1590118408203,366.51609802246094,627.3878173828125,2026-02-27
2026-02-27 19:00:00,51.73025131225586,187.22195434570312,226.25286865234375,302.2112121582031,444.1852569580078,705.7874908447266,2026-02-27
2026-02-27 20:00:00,-23.0314998626709,585.1888427734375,627.1656036376953,700.861083984375,841.7783660888672,1100.9936981201172,2026-02-27
2026-02-27 21:00:00,156.42274475097656,202.27120971679688,254.82522583007812,329.8620910644531,475.0610198974609,734.4390411376953,2026-02-27
2026-02-27 22:00:00,185.0,53.64520263671875,116.81776428222655,198.9878692626953,342.4282989501953,599.0332336425781,2026-02-27
2026-02-27 23:00:00,137.5,-32.47792053222656,33.074668884277344,123.49977111816406,266.8463897705078,519.8534088134766,2026-02-27
2026-02-28 00:00:00,132.5,-129.3230438232422,-55.944915771484375,4.085205078125,64.26727294921875,155.45574951171875,2026-02-28
2026-02-28 01:00:00,187.5,-119.69140625,-39.80218505859375,38.370025634765625,124.11564636230466,249.71218872070312,2026-02-28
2026-02-28 02:00:00,172.5,-83.28273010253905,2.177642822265639,95.43377685546876,201.236083984375,351.7567443847656,2026-02-28
2026-02-28 03:00:00,157.5,-56.49455261230469,33.331748962402344,136.07273864746094,256.2581329345703,425.8152618408203,2026-02-28
2026-02-28 04:00:00,160.0,-90.573974609375,-8.297676086425781,97.086669921875,226.31097412109375,414.0559997558594,2026-02-28
2026-02-28 05:00:00,45.0,-53.09236145019531,20.44195556640625,122.56874084472656,255.48094177246088,454.93251037597656,2026-02-28
2026-02-28 06:00:00,50.0,11.818740844726562,79.56155395507812,174.58230590820312,312.7122039794922,524.1793212890625,2026-02-28
2026-02-28 07:00:00,82.5,-46.96879577636719,11.651771545410142,96.62571716308594,234.90643310546875,449.5891418457031,2026-02-28
2026-02-28 08:00:00,107.96749877929688,-37.45759201049805,5.198246002197266,76.35092163085938,199.98985671997065,406.3596382141114,2026-02-28
2026-02-28 09:00:00,157.5,-79.88236236572266,-51.75786590576172,3.899749755859375,110.00789642333984,306.2776107788086,2026-02-28
2026-02-28 10:00:00,190.1454925537109,0.5907135009765625,26.206024169921875,77.21415710449219,172.35546875,363.03990173339844,2026-02-28
2026-02-28 11:00:00,90.50675201416016,176.6108169555664,202.7984848022461,254.7419891357422,356.8941955566406,546.9859237670898,2026-02-28
2026-02-28 12:00:00,96.11824798583984,88.76611328125,112.35728454589844,158.7779083251953,259.88636016845703,450.76719665527344,2026-02-28
2026-02-28 13:00:00,334.3862609863281,-28.277359008789062,-7.88446044921875,29.828369140625,123.94218444824219,316.56727600097656,2026-02-28
2026-02-28 14:00:00,391.3125,-63.11201477050781,-46.13734436035156,-7.56365966796875,89.15486145019533,284.57789611816406,2026-02-28
2026-02-28 15:00:00,205.0,-89.87809753417969,-66.67143249511719,-14.60150146484375,95.17013549804688,298.6466369628906,2026-02-28
2026-02-28 16:00:00,359.75,-106.34149169921875,-56.72047424316406,20.4266357421875,154.05221557617182,387.70623779296875,2026-02-28
2026-02-28 17:00:00,626.7877197265625,181.186767578125,271.638671875,381.01568603515625,545.1602478027344,799.1212463378906,2026-02-28
2026-02-28 18:00:00,266.56024169921875,237.8897247314453,319.23426818847656,431.35247802734375,595.5365600585938,843.0219116210938,2026-02-28
2026-02-28 19:00:00,260.0,251.5394058227539,323.90909576416016,426.3389892578125,574.3388442993164,807.5329360961914,2026-02-28
2026-02-28 20:00:00,267.5,191.64488983154297,266.2216262817383,363.266357421875,502.5245895385742,723.3596420288086,2026-02-28
2026-02-28 21:00:00,242.5,172.5587921142578,255.38390350341797,351.677490234375,491.7606201171875,708.1898803710938,2026-02-28
2026-02-28 22:00:00,265.0,168.4813232421875,259.0059280395508,360.15252685546875,499.74867248535156,711.8710784912109,2026-02-28
2026-02-28 23:00:00,372.5,129.6050262451172,219.7614517211914,327.074951171875,468.8821105957031,676.245849609375,2026-02-28
2026-03-01 00:00:00,721.5,260.7605285644531,354.36294555664057,409.3148193359375,456.4295654296875,523.9093627929688,2026-03-01
2026-03-01 01:00:00,819.75,368.0860290527344,493.2389831542969,564.0397338867188,620.0230102539062,693.397216796875,2026-03-01
2026-03-01 02:00:00,719.3672485351562,501.19018554687494,648.8469848632812,731.0071411132812,794.1174011230469,873.0216979980469,2026-03-01
2026-03-01 03:00:00,655.2442626953125,341.4339752197266,502.50964355468756,597.9501953125,667.3495178222656,752.9563903808594,2026-03-01
2026-03-01 04:00:00,674.8257446289062,153.57659149169922,315.5433654785156,419.1485290527344,495.5118713378906,584.5801696777344,2026-03-01
2026-03-01 05:00:00,331.3930053710937,49.379981994628906,206.283935546875,314.3922119140625,396.192138671875,492.1885986328125,2026-03-01
2026-03-01 06:00:00,592.2852783203125,59.7301864624024,212.98417663574224,326.4017639160156,419.42495727539074,526.9551696777344,2026-03-01
2026-03-01 07:00:00,343.5,58.70252990722656,208.81614685058594,329.94708251953125,436.4987487792969,553.009521484375,2026-03-01
2026-03-01 08:00:00,342.5,101.96011352539062,240.5233001708984,363.4540710449219,473.2878112792969,592.7289123535156,2026-03-01
2026-03-01 09:00:00,203.6522521972656,-28.36199951171878,97.3297424316406,218.4496154785156,327.1941223144531,447.1617736816406,2026-03-01
2026-03-01 10:00:00,278.94500732421875,61.86634826660159,182.13320922851565,302.5245056152344,405.5431823730469,524.6949462890625,2026-03-01
2026-03-01 11:00:00,290.0,158.68959045410156,275.359130859375,393.7147216796875,498.2637634277344,616.5460205078125,2026-03-01
2026-03-01 12:00:00,300.0,133.6585693359375,248.6271743774414,366.7398376464844,473.1947937011719,590.1856079101562,2026-03-01
2026-03-01 13:00:00,271.4472351074219,116.95022583007812,231.31920623779297,351.5928039550781,458.7855224609375,578.4890441894531,2026-03-01
2026-03-01 14:00:00,385.0,114.66610717773438,226.0008201599121,348.93218994140625,459.3406066894531,581.6171264648438,2026-03-01
2026-03-01 15:00:00,487.4750061035156,23.705123901367188,136.0600814819336,263.3428649902344,380.47442626953125,504.2037658691406,2026-03-01
2026-03-01 16:00:00,344.906005859375,-131.80899047851562,-4.963050842285156,134.24166870117188,258.3891296386719,392.6975708007813,2026-03-01
2026-03-01 17:00:00,417.5,-120.59449005126956,30.27276611328122,184.87045288085935,319.0601501464844,454.2127990722656,2026-03-01
2026-03-01 18:00:00,380.0,-69.39559173583984,78.468017578125,235.29318237304688,362.9715881347657,491.5187683105469,2026-03-01
2026-03-01 19:00:00,302.5,-70.89715576171875,71.6804428100586,223.24142456054688,337.54266357421875,453.6751403808594,2026-03-01
2026-03-01 20:00:00,282.5,-117.96260070800781,20.322784423828125,167.42124938964844,272.78172302246094,377.1247100830078,2026-03-01
2026-03-01 21:00:00,307.5,-112.84927368164062,24.852798461914062,168.27896118164062,270.41473388671875,366.8889465332031,2026-03-01
2026-03-01 22:00:00,210.0,-158.83219146728516,-20.22674560546875,123.23049926757812,222.98330688476562,314.9303283691407,2026-03-01
2026-03-01 23:00:00,207.0072479248047,-248.52864837646484,-110.26724243164062,34.878997802734375,134.37319946289062,222.545654296875,2026-03-01
2026-03-02 00:00:00,-49.45975112915039,-75.69203186035156,1.9573059082031037,53.14956665039063,100.4664306640625,174.1473388671875,2026-03-02
2026-03-02 01:00:00,250.6467437744141,-15.838760375976562,89.32182312011719,161.123046875,227.78216552734375,323.2114562988281,2026-03-02
2026-03-02 02:00:00,285.0,-19.299636840820312,108.73541259765625,198.27099609375,281.4542236328125,392.6264953613281,2026-03-02
2026-03-02 03:00:00,232.5,-51.43853759765628,88.7668762207031,192.77182006835935,287.9783630371094,410.48504638671875,2026-03-02
2026-03-02 04:00:00,13.006750106811523,-89.38714599609375,50.29447937011719,160.4332733154297,262.35914611816406,391.68870544433594,2026-03-02
2026-03-02 05:00:00,-50.0,-256.47875213623047,-119.79031372070312,-5.97698974609375,99.81875610351562,235.71856689453125,2026-03-02
2026-03-02 06:00:00,-50.0,-266.98509216308594,-130.31356811523438,-12.65423583984375,101.56793212890625,245.24441528320312,2026-03-02
2026-03-02 07:00:00,-49.27925109863281,-278.7881088256836,-143.37464904785153,-21.96591186523437,100.43057250976565,247.22210693359375,2026-03-02
2026-03-02 08:00:00,-17.75,-273.25328826904297,-148.9254150390625,-27.07244873046875,93.91989135742188,238.57275390625006,2026-03-02
2026-03-02 09:00:00,-19.17799949645996,-255.82613372802734,-142.26529693603516,-24.5030517578125,93.01278686523438,234.96099853515625,2026-03-02
2026-03-02 10:00:00,-50.0,-249.31073760986328,-139.08642578125,-19.736846923828125,91.86389160156244,233.03842163085938,2026-03-02
2026-03-02 11:00:00,-51.0,-244.1725082397461,-136.7132568359375,-16.165557861328125,100.07890319824219,243.0345916748047,2026-03-02
2026-03-02 12:00:00,-50.81999969482422,-244.50499725341797,-138.02474212646484,-17.33245849609375,102.83621215820312,248.58096313476562,2026-03-02
2026-03-02 13:00:00,-50.0,-252.3992691040039,-145.3740234375,-23.469940185546875,100.2276611328125,251.26614379882818,2026-03-02
2026-03-02 14:00:00,-50.0,-259.5649948120117,-153.2825164794922,-25.89495849609375,107.15374755859375,265.98507690429693,2026-03-02
2026-03-02 15:00:00,-50.0,-269.81368255615234,-160.07584381103516,-24.598663330078125,118.20155334472656,281.86802673339844,2026-03-02
2026-03-02 16:00:00,-50.0,-288.06761932373047,-169.22909927368164,-23.41876220703125,125.89797973632812,299.3888854980469,2026-03-02
2026-03-02 17:00:00,-51.14300155639648,-292.1200180053711,-163.20675659179685,-8.977020263671875,149.40991210937503,323.9972839355469,2026-03-02
2026-03-02 18:00:00,-4.5,-279.52274322509766,-152.16821289062503,4.931884765625,158.7120208740234,329.21971130371094,2026-03-02
2026-03-02 19:00:00,15.25,-265.6972732543945,-144.07250976562494,7.9468994140625,149.97738647460943,308.95419311523443,2026-03-02
2026-03-02 20:00:00,94.37774658203124,-248.85518646240234,-127.91384887695312,21.43560791015625,157.22872924804688,304.989501953125,2026-03-02
2026-03-02 21:00:00,59.75,-276.5484085083008,-155.3310394287109,-8.339508056640625,126.49331665039065,267.97967529296875,2026-03-02
2026-03-02 22:00:00,130.0,-286.3064651489258,-167.8035736083984,-21.21273803710937,112.06683349609378,248.53643798828136,2026-03-02
2026-03-02 23:00:00,41.22150039672852,-281.8181838989258,-169.2969512939453,-21.645965576171875,113.95587158203125,248.65216064453125,2026-03-02
2026-03-03 00:00:00,209.72674560546875,-96.73536682128906,-46.79728698730469,-0.972869873046875,47.80397033691406,130.48981475830078,2026-03-03
2026-03-03 01:00:00,-49.49325180053711,-110.07999420166016,-57.94725036621094,2.89715576171875,75.57255554199219,193.65841674804688,2026-03-03
2026-03-03 02:00:00,160.9929962158203,-111.51256561279297,-59.168113708496094,13.4202880859375,104.40275573730469,246.25802612304688,2026-03-03
2026-03-03 03:00:00,224.1767425537109,-45.47624969482422,4.140052795410156,79.70875549316406,180.71864318847656,339.15850830078125,2026-03-03
2026-03-03 04:00:00,220.0,28.796302795410156,67.4935073852539,140.20643615722656,244.7030029296875,416.2937316894531,2026-03-03
2026-03-03 05:00:00,257.5,94.81216812133792,122.03603744506839,189.5455017089844,294.9717216491699,478.7812309265137,2026-03-03
2026-03-03 06:00:00,250.0,90.12286376953125,110.24409484863281,169.7764892578125,278.61429595947266,471.76819610595703,2026-03-03
2026-03-03 07:00:00,74.69249725341797,64.52764129638672,77.02039337158203,128.1228485107422,236.90338897705078,434.9037628173828,2026-03-03
2026-03-03 08:00:00,30.381999969482425,82.32769775390625,82.76300048828125,122.05853271484376,219.7482681274414,413.33805084228516,2026-03-03
2026-03-03 09:00:00,-35.18424987792969,-20.27041625976563,-10.889022827148434,8.05364990234375,93.87138748168945,282.1427688598633,2026-03-03
2026-03-03 10:00:00,-50.0,-32.460205078125,-19.64483642578125,-7.435760498046875,69.22766494750977,253.7187728881836,2026-03-03
2026-03-03 11:00:00,-50.0,-35.931365966796875,-24.413101196289062,-11.3306884765625,71.01425552368164,255.71041107177734,2026-03-03
2026-03-03 12:00:00,-50.0,-37.425704956054695,-25.1092529296875,-14.551666259765623,69.75195693969727,258.56246185302734,2026-03-03
2026-03-03 13:00:00,-50.0,-29.320938110351562,-16.067291259765625,-9.606781005859377,75.88580322265625,272.35208892822266,2026-03-03
2026-03-03 14:00:00,-50.0,-38.01133728027344,-25.863098144531243,-13.135040283203123,83.56641006469727,289.75130462646484,2026-03-03
2026-03-03 15:00:00,-50.0,-55.45790100097656,-50.97186279296875,-14.816925048828123,96.19009399414062,314.9718246459961,2026-03-03
2026-03-03 16:00:00,196.25,-47.03926086425781,-34.8216552734375,25.602813720703125,156.81993865966797,400.96675872802734,2026-03-03
2026-03-03 17:00:00,337.2239990234375,194.14320373535156,226.63807678222656,309.812255859375,469.3464584350586,729.2750625610352,2026-03-03
2026-03-03 18:00:00,362.5,214.27083587646484,251.81390380859375,347.95587158203125,516.8129119873047,779.1510467529297,2026-03-03
2026-03-03 19:00:00,292.5,167.90886688232422,209.33568572998047,305.98907470703125,470.65264892578125,733.1263122558594,2026-03-03
2026-03-03 20:00:00,280.0,167.0589141845703,215.10785675048828,309.8014831542969,471.44190216064453,726.6047439575195,2026-03-03
2026-03-03 21:00:00,290.0,176.17021942138672,234.2090835571289,327.38409423828125,490.7281494140625,741.0610656738281,2026-03-03
2026-03-03 22:00:00,340.0,191.31406402587885,257.673355102539,353.6967163085937,513.8381805419921,756.5166473388672,2026-03-03
2026-03-03 23:00:00,370.1025085449219,173.8581314086914,240.85594940185547,343.3053894042969,505.4955596923828,742.1857757568359,2026-03-03
2026-03-04 00:00:00,332.5,148.96768188476562,239.28158569335938,296.991943359375,348.10858154296875,411.04998779296875,2026-03-04
2026-03-04 01:00:00,297.5,181.23904418945307,300.80178833007807,378.9204406738281,449.72695922851557,533.2567443847656,2026-03-04
2026-03-04 02:00:00,315.0,170.4355697631836,310.08587646484375,404.2312316894531,491.08624267578125,594.4489440917969,2026-03-04
2026-03-04 03:00:00,310.0,142.55668640136724,291.0837707519532,395.7799682617188,495.0050354003907,617.7485656738281,2026-03-04
2026-03-04 04:00:00,297.5,117.09740829467773,251.68765258789062,362.0592346191406,475.37188720703125,619.3684997558594,2026-03-04
2026-03-04 05:00:00,292.5,121.86541748046875,238.0464324951172,350.8128662109375,475.7619934082031,638.8567504882812,2026-03-04
2026-03-04 06:00:00,295.0,140.32606506347656,238.3517837524414,346.8451843261719,483.82652282714844,664.9113616943359,2026-03-04
2026-03-04 07:00:00,335.0,128.19622039794922,207.45767211914062,304.9653015136719,447.5540313720703,635.4299774169922,2026-03-04
2026-03-04 08:00:00,320.0,164.7171401977539,219.9202880859375,302.4739990234375,431.73936462402344,615.8011169433594,2026-03-04
2026-03-04 09:00:00,439.27349853515625,229.01905822753906,264.4428253173828,330.9841613769531,443.23091888427734,618.4587326049805,2026-03-04
2026-03-04 10:00:00,391.4567565917969,215.2108917236328,244.95474243164062,306.7584228515625,405.8680419921875,574.4586410522461,2026-03-04
2026-03-04 11:00:00,461.0,230.7024917602539,259.17566680908203,317.9822082519531,422.3440704345703,586.7216491699219,2026-03-04
2026-03-04 12:00:00,487.0,210.02216339111328,234.83789825439453,286.8231201171875,388.0497055053711,551.8395080566406,2026-03-04
2026-03-04 13:00:00,453.635009765625,153.07035064697266,174.90570831298828,218.3758087158203,311.9429473876953,476.2748260498047,2026-03-04
2026-03-04 14:00:00,200.0,142.6332778930664,163.29070281982422,210.0182647705078,307.7886734008789,475.7982177734375,2026-03-04
2026-03-04 15:00:00,220.8654937744141,46.65416717529297,78.6945571899414,142.53302001953125,255.57066345214844,429.9659881591797,2026-03-04
2026-03-04 16:00:00,289.5222473144531,-72.35345458984375,-8.321029663085938,82.12889099121094,215.7563705444336,416.4465560913086,2026-03-04
2026-03-04 17:00:00,403.6315002441406,-67.77320861816406,33.401084899902344,153.51954650878906,311.64915466308594,524.5637969970703,2026-03-04
2026-03-04 18:00:00,262.5,75.23873138427737,177.08547973632815,308.3280334472656,467.6170959472656,676.9749755859375,2026-03-04
2026-03-04 19:00:00,268.2092590332031,61.908897399902344,162.56631469726562,290.32330322265625,436.8318939208984,633.9213104248047,2026-03-04
2026-03-04 20:00:00,287.60400390625,21.66118621826172,125.46370315551758,249.66249084472656,387.84626770019526,570.8473968505859,2026-03-04
2026-03-04 21:00:00,279.0564880371094,-45.84484100341791,67.56302642822271,188.41275024414065,323.8772277832032,496.80767822265636,2026-03-04
2026-03-04 22:00:00,357.2852478027344,-90.95996856689453,31.7200164794922,153.36526489257812,281.26708984375,446.6498107910156,2026-03-04
2026-03-04 23:00:00,267.5,-147.41661834716797,-18.88001251220703,106.69705200195312,232.13494873046875,388.0726318359375,2026-03-04
2026-03-05 00:00:00,297.5,154.76345825195312,235.21243286132812,293.6592102050781,349.37835693359375,422.27355957031256,2026-03-05
2026-03-05 01:00:00,297.5,107.42936706542969,207.61590576171875,287.2698669433594,368.68212890625,471.87506103515625,2026-03-05
2026-03-05 02:00:00,217.5,80.22771453857422,193.56585693359375,287.2879333496094,387.8398132324219,513.9507751464844,2026-03-05
2026-03-05 03:00:00,207.5,74.11280059814453,192.08177185058594,291.7810974121094,404.115478515625,548.6827087402344,2026-03-05
2026-03-05 04:00:00,190.0,74.67810058593756,182.82953643798834,285.93603515625,408.4038391113282,570.6819763183594,2026-03-05
2026-03-05 05:00:00,-50.0,0.6875991821289347,100.40040588378909,206.68179321289065,337.5350646972656,513.6643676757812,2026-03-05
2026-03-05 06:00:00,-50.0,66.6173324584961,158.6581268310547,262.0793151855469,400.66954040527344,587.4608612060547,2026-03-05
2026-03-05 07:00:00,187.5,41.97930145263669,124.64671325683591,221.33839416503903,364.3548431396483,558.8750762939453,2026-03-05
2026-03-05 08:00:00,15.0,95.89270782470706,165.02517700195312,257.6681213378906,395.384033203125,592.2346801757812,2026-03-05
2026-03-05 09:00:00,-50.0,-7.374824523925781,52.64885711669922,140.5636749267578,273.98828125,471.4627990722656,2026-03-05
2026-03-05 10:00:00,-50.0,32.32074737548828,88.31733703613281,176.76065063476562,306.2341613769531,507.91459655761724,2026-03-05
2026-03-05 11:00:00,-50.0,53.845436096191406,104.93419647216797,191.21481323242188,331.5541229248047,535.3012237548828,2026-03-05
2026-03-05 12:00:00,-50.0,-38.98371887207031,6.987945556640625,88.27828979492188,229.38568878173828,436.1549301147461,2026-03-05
2026-03-05 13:00:00,-50.0,-116.33580780029297,-72.40103912353516,1.89678955078125,135.97909545898435,344.1305236816406,2026-03-05
2026-03-05 14:00:00,-50.0,-121.61366653442383,-84.67566299438477,-11.91632080078125,122.22006607055664,329.2330055236817,2026-03-05
2026-03-05 15:00:00,-50.0,-146.14918899536133,-107.33905410766602,-26.970916748046875,113.65262222290039,321.23889541625977,2026-03-05
2026-03-05 16:00:00,-50.0,-167.91197967529297,-120.08055114746094,-27.634674072265625,121.59111022949219,344.3831939697266,2026-03-05
2026-03-05 17:00:00,-2.5472500324249268,-57.296752929687486,1.2441787719726705,107.50701904296876,271.79578399658203,498.98145294189453,2026-03-05
2026-03-05 18:00:00,265.64599609375,108.73616027832031,171.16357421875,285.4354248046875,449.45572662353516,673.7652969360352,2026-03-05
2026-03-05 19:00:00,300.0,108.51593780517578,173.8125991821289,287.6014404296875,442.72706604003906,660.4526214599609,2026-03-05
2026-03-05 20:00:00,300.0,111.89921569824219,179.30574798583984,289.46649169921875,442.82559967041016,652.2352981567383,2026-03-05
2026-03-05 21:00:00,300.0,323.89424896240234,394.09466552734375,500.2352600097656,657.1918487548828,863.0623626708984,2026-03-05
2026-03-05 22:00:00,300.0,219.33576202392584,292.9383850097657,399.9514770507813,553.5807037353516,755.5474700927734,2026-03-05
2026-03-05 23:00:00,307.5,128.32758331298822,199.7806015014648,311.3676147460937,465.1344909667968,663.2315979003906,2026-03-05
2026-03-06 00:00:00,359.5,362.6141357421875,440.50097656249994,494.2301025390625,541.9176635742188,597.7698669433594,2026-03-06
2026-03-06 01:00:00,355.0,534.1663360595703,628.3761901855469,702.084228515625,774.9411010742188,862.1253356933594,2026-03-06
2026-03-06 02:00:00,405.0,687.9698944091797,790.5086822509766,879.0709228515625,973.2820739746094,1086.7541198730469,2026-03-06
2026-03-06 03:00:00,402.5,582.1038208007812,686.2864379882812,781.6446533203125,890.9817504882812,1030.3526306152344,2026-03-06
2026-03-06 04:00:00,295.0,315.793685913086,404.13188171386724,503.3482055664063,626.3930358886719,791.9033508300781,2026-03-06
2026-03-06 05:00:00,450.0,200.6379623413086,271.47855377197266,370.2117004394531,502.82568359375,686.1690063476562,2026-03-06
2026-03-06 06:00:00,500.0,253.8512039184571,307.0882949829102,396.2267456054688,534.9886322021484,732.0022430419923,2026-03-06
2026-03-06 07:00:00,402.5,278.48247146606445,312.7700080871582,386.463134765625,524.9928245544434,726.7646903991699,2026-03-06
2026-03-06 08:00:00,285.0,238.3126220703125,253.16123962402344,311.4139709472656,434.19168853759766,629.4113235473633,2026-03-06
2026-03-06 09:00:00,315.0,217.694091796875,219.08143615722656,262.8941650390625,368.4328079223633,554.1816482543945,2026-03-06
2026-03-06 10:00:00,277.5,222.67771911621094,224.46875,262.2996520996094,356.09779357910156,535.7820816040039,2026-03-06
2026-03-06 11:00:00,537.6307373046875,191.8117218017578,193.39749145507812,228.6517333984375,329.5277404785156,506.39417266845703,2026-03-06
2026-03-06 12:00:00,388.0,186.09454345703125,189.89710998535156,217.90017700195312,317.8051528930664,495.75708770751953,2026-03-06
2026-03-06 13:00:00,322.0037536621094,170.23919677734378,174.84606933593753,195.7608337402344,289.9778747558594,471.2992477416992,2026-03-06
2026-03-06 14:00:00,282.8125,92.3242492675781,98.32113647460935,120.95426940917967,220.44573211669922,405.8286819458008,2026-03-06
2026-03-06 15:00:00,271.5,141.23077392578125,143.4530792236328,186.139404296875,297.2446060180664,486.7768783569336,2026-03-06
2026-03-06 16:00:00,566.25,250.44923400878906,273.45411682128906,335.9325866699219,462.62833404541016,672.3828201293945,2026-03-06
2026-03-06 17:00:00,340.0,219.09239959716797,269.4801025390625,357.1398620605469,507.05731201171875,728.0159454345703,2026-03-06
2026-03-06 18:00:00,402.5,175.1430892944336,238.61284637451172,342.90692138671875,497.6286163330078,714.9490203857422,2026-03-06
2026-03-06 19:00:00,262.5,148.34806060791016,222.2884521484375,329.1621398925781,475.0401153564453,682.9983978271484,2026-03-06
2026-03-06 20:00:00,285.0,118.92009735107422,199.66759490966797,303.4645690917969,441.88270568847656,635.8823699951172,2026-03-06
2026-03-06 21:00:00,407.5,111.86101531982422,200.83133697509766,299.6260986328125,435.6242980957031,620.5230102539062,2026-03-06
2026-03-06 22:00:00,447.5,103.22713470458984,200.98550415039062,300.18267822265625,429.44761657714844,607.0243072509766,2026-03-06
2026-03-06 23:00:00,260.0,72.1783218383789,172.82126235961914,277.25933837890625,405.7494659423828,578.1162872314453,2026-03-06
2026-03-07 00:00:00,267.5,102.0146484375,190.39729309082028,250.38619995117188,306.2958068847656,384.2930603027344,2026-03-07
2026-03-07 01:00:00,100.0,-69.19450378417969,47.855300903320256,129.7787322998047,208.3619842529297,309.7944793701172,2026-03-07
2026-03-07 02:00:00,195.0,-25.263946533203125,114.14785766601562,214.88131713867188,312.1882019042969,432.90997314453125,2026-03-07
2026-03-07 03:00:00,230.0,-101.24960327148438,49.220947265625,163.27989196777344,273.4526824951172,409.80836486816406,2026-03-07
2026-03-07 04:00:00,25.0,-188.32093811035156,-45.04228210449219,74.79032897949219,196.8419647216797,347.7583465576172,2026-03-07
2026-03-07 05:00:00,162.5,-211.97769165039062,-78.45816040039064,44.05009460449219,174.17234802246094,337.1811981201172,2026-03-07
2026-03-07 06:00:00,-25.0,-158.05052185058588,-31.762207031249943,89.71798706054688,228.02529907226568,401.88449096679693,2026-03-07
2026-03-07 07:00:00,-50.0,-158.5065155029297,-43.268314361572266,73.21041870117188,217.26268005371094,394.51255798339844,2026-03-07
2026-03-07 08:00:00,-50.0,-179.05245971679688,-79.56780242919922,31.360870361328125,168.5843963623047,342.1776885986328,2026-03-07
2026-03-07 09:00:00,-50.0,-176.63616943359375,-91.49393463134764,12.015411376953123,140.67744445800787,310.51487731933594,2026-03-07
2026-03-07 10:00:00,-50.0,-176.41541290283203,-96.88817596435547,5.97808837890625,129.12618255615232,299.9115371704102,2026-03-07
2026-03-07 11:00:00,-50.0,-155.88214874267578,-80.40611267089844,22.763458251953125,157.2626724243164,330.05249786376953,2026-03-07
2026-03-07 12:00:00,-50.0,-171.03516387939453,-99.22081756591797,2.470855712890625,140.63028717041016,314.9410629272461,2026-03-07
2026-03-07 13:00:00,-50.0,-175.71114349365234,-105.37997436523438,-8.56103515625,122.79692840576169,294.1232223510742,2026-03-07
2026-03-07 14:00:00,-50.0,-172.39337158203125,-109.14674377441406,-13.909576416015623,117.2459716796875,286.9977111816406,2026-03-07
2026-03-07 15:00:00,-50.0,-192.22132873535156,-125.06842041015625,-22.66830444335937,115.62957763671875,285.5278015136719,2026-03-07
2026-03-07 16:00:00,-50.0,-190.75218200683594,-98.0670166015625,24.375762939453125,171.48101806640625,353.4632568359375,2026-03-07
2026-03-07 17:00:00,25.25,-228.4014434814453,-102.8563461303711,41.679473876953125,202.32281494140625,386.07586669921875,2026-03-07
2026-03-07 18:00:00,185.75,-116.62741088867188,9.023117065429688,161.65567016601562,317.51210021972656,491.6896514892578,2026-03-07
2026-03-07 19:00:00,169.0,-98.85768127441406,23.74261474609375,171.7115936279297,312.8664703369141,469.7845001220703,2026-03-07
2026-03-07 20:00:00,91.5,-130.5713653564453,-6.340179443359375,137.03353881835938,267.29779052734375,406.3617858886719,2026-03-07
2026-03-07 21:00:00,144.0,-32.83647155761719,94.70772552490232,233.50320434570312,359.2630310058594,489.0055236816406,2026-03-07
2026-03-07 22:00:00,160.97674560546875,4.344551086425781,132.15646362304688,269.1803283691406,388.87933349609375,512.8821411132812,2026-03-07
2026-03-07 23:00:00,280.0,19.418731689453125,143.39786529541016,280.0152893066406,398.9917907714844,518.9450073242188,2026-03-07
2026-03-08 00:00:00,295.0,158.51170349121088,227.3329467773437,279.0863647460937,331.7605590820312,402.5010681152343,2026-03-08
2026-03-08 01:00:00,300.0,156.3833465576172,239.05723571777344,307.8698425292969,384.63311767578125,487.36935424804693,2026-03-08
2026-03-08 02:00:00,290.0,139.82300186157227,233.80462646484375,318.49285888671875,416.0083923339844,546.5929260253906,2026-03-08
2026-03-08 03:00:00,292.5,158.4175872802734,255.68421936035153,346.5366516113281,456.9750213623047,609.9095001220703,2026-03-08
2026-03-08 04:00:00,285.0,145.86219024658203,229.57709503173828,320.8474426269531,440.19139099121094,615.5182647705078,2026-03-08
2026-03-08 05:00:00,282.5,145.8581771850586,217.00684356689453,307.2604675292969,433.3927307128906,621.0364074707031,2026-03-08
2026-03-08 06:00:00,280.0,128.2707977294922,187.13851165771484,269.642822265625,399.5995712280273,596.8442916870117,2026-03-08
2026-03-08 07:00:00,287.5,174.17218017578125,219.26395416259766,287.8504638671875,413.75630950927734,611.5367050170898,2026-03-08
2026-03-08 08:00:00,185.0,131.15438079833982,157.82868194580075,210.2069396972656,318.544921875,505.3304138183594,2026-03-08
2026-03-08 09:00:00,110.0,-34.8892822265625,-20.721481323242188,17.030242919921875,107.73728942871094,283.2094192504883,2026-03-08
2026-03-08 10:00:00,-50.0,-51.09394836425781,-38.85568237304687,-3.936676025390625,76.79212188720703,247.21901702880862,2026-03-08
2026-03-08 11:00:00,-50.0,-19.56475067138672,-5.870140075683601,29.350799560546875,117.58262634277344,287.38140869140625,2026-03-08
2026-03-08 12:00:00,-50.0,-78.59996032714844,-65.46943664550781,-33.665191650390625,54.496925354003906,226.8537368774414,2026-03-08
2026-03-08 13:00:00,-50.0,-70.08033752441406,-57.47828674316406,-30.69647216796875,54.125877380371094,231.68280792236328,2026-03-08
2026-03-08 14:00:00,-50.0,-68.50515747070312,-56.525482177734375,-26.46075439453125,65.7879409790039,252.92436981201172,2026-03-08
2026-03-08 15:00:00,-50.0,-91.12014770507812,-70.41073608398438,-24.146453857421875,84.00636291503906,283.47623443603516,2026-03-08
2026-03-08 16:00:00,-50.0,-74.69097137451172,-27.588409423828125,41.80705261230469,171.53118896484378,400.37132263183594,2026-03-08
2026-03-08 17:00:00,273.5852355957031,126.8864517211914,203.15408325195312,298.0597229003906,454.6888122558594,701.6371459960938,2026-03-08
2026-03-08 18:00:00,362.8580017089844,155.07807159423828,229.6165313720703,332.9229431152344,493.42413330078125,739.5450744628906,2026-03-08
2026-03-08 19:00:00,271.6932373046875,151.16542816162104,221.97589874267572,320.6698608398437,469.09304809570307,703.3163146972656,2026-03-08
2026-03-08 20:00:00,290.0,161.8421859741211,232.3050537109375,325.0146484375,464.36915588378906,684.5639190673828,2026-03-08
2026-03-08 21:00:00,295.0,182.90837860107422,261.22288513183594,349.46405029296875,485.5504455566406,696.4422607421875,2026-03-08
2026-03-08 22:00:00,300.0,198.19000244140625,284.4519500732422,374.43798828125,503.1927947998047,706.1655426025391,2026-03-08
2026-03-08 23:00:00,305.0,208.8844985961914,296.84515380859375,388.8388671875,514.98681640625,710.3741149902344,2026-03-08
2026-03-09 00:00:00,292.5,274.0190734863281,343.8354797363281,386.136474609375,425.20916748046875,476.72821044921875,2026-03-09
2026-03-09 01:00:00,462.5,252.2486572265625,346.9546813964844,404.8945617675781,461.6233215332031,532.8253479003906,2026-03-09
2026-03-09 02:00:00,425.0,162.873291015625,275.34605407714844,348.71270751953125,420.68408203125,512.3871154785156,2026-03-09
2026-03-09 03:00:00,500.0,139.68960571289062,259.2020263671875,340.0562744140625,421.96014404296875,531.2115173339844,2026-03-09
2026-03-09 04:00:00,340.0,123.76697540283206,230.3285827636719,313.6015930175781,403.5062255859375,530.1222534179688,2026-03-09
2026-03-09 05:00:00,175.0,100.30677032470703,190.28329467773438,273.8084716796875,372.5264587402344,513.6456604003906,2026-03-09
2026-03-09 06:00:00,37.5,91.31863403320312,165.66260528564453,246.0457763671875,354.01341247558594,508.3952941894531,2026-03-09
2026-03-09 07:00:00,-50.0,40.831825256347656,97.00090026855469,166.9591064453125,278.33818817138666,436.6392135620117,2026-03-09
2026-03-09 08:00:00,-50.0,-90.77618408203125,-54.86985778808594,1.28680419921875,100.4522705078125,253.27142333984375,2026-03-09
2026-03-09 09:00:00,-50.0,-70.32176208496094,-50.8944091796875,-9.085968017578123,74.41111755371094,219.50389099121094,2026-03-09
2026-03-09 10:00:00,-50.0,-48.621978759765625,-36.105712890625,-0.997528076171875,69.89102554321289,206.72145080566406,2026-03-09
2026-03-09 11:00:00,-50.0,-25.431533813476562,-14.356674194335938,17.64556884765625,93.06880187988281,224.99172973632807,2026-03-09
2026-03-09 12:00:00,-50.0,-43.81855773925781,-34.45216369628906,-7.0870361328125,66.57476425170898,197.97767639160156,2026-03-09
2026-03-09 13:00:00,-50.0,-41.93608093261719,-34.77996826171875,-13.753387451171877,53.087852478027344,184.6610565185547,2026-03-09
2026-03-09 14:00:00,-50.0,-39.41539001464844,-35.641387939453125,-13.00970458984375,57.73907470703125,193.30003356933594,2026-03-09
2026-03-09 15:00:00,-50.0,-59.938018798828125,-48.52360534667969,-12.377777099609377,72.08267211914062,215.98960876464838,2026-03-09
2026-03-09 16:00:00,-50.0,-52.89906311035156,-17.961776733398438,41.62754821777344,147.1944808959961,318.8768310546875,2026-03-09
2026-03-09 17:00:00,-7.547249794006348,-20.74359130859375,59.991477966308594,154.27236938476562,291.5890197753906,483.94052124023443,2026-03-09
2026-03-09 18:00:00,92.5,47.86982727050781,136.18548583984375,247.48374938964844,392.048828125,584.5122680664062,2026-03-09
2026-03-09 19:00:00,-29.5,36.831520080566406,124.93881225585938,235.32769775390625,369.5567321777344,552.1922302246094,2026-03-09
2026-03-09 20:00:00,72.25,-116.2265396118164,-24.021339416503906,81.86820983886719,208.01414489746094,377.58500671386724,2026-03-09
2026-03-09 21:00:00,43.25,-166.61483001708984,-64.86343383789062,37.91915893554688,160.368408203125,321.8352661132813,2026-03-09
2026-03-09 22:00:00,66.5,-187.96599578857422,-76.72178649902344,26.361968994140625,140.83140563964844,294.54078674316406,2026-03-09
2026-03-09 23:00:00,-28.0,-197.57587432861328,-81.47370910644531,22.294708251953125,133.68064880371094,279.3611602783203,2026-03-09
2026-03-10 00:00:00,267.5,-49.50590515136719,-20.38348388671875,12.068817138671877,60.53040313720703,158.57978057861328,2026-03-10
2026-03-10 01:00:00,126.29199981689452,-61.10438537597656,-31.695892333984375,9.773651123046877,78.1345443725586,208.5704116821289,2026-03-10
2026-03-10 02:00:00,166.26300048828125,-41.39061737060547,-8.803421020507812,41.86442565917969,126.73136138916016,280.7737121582031,2026-03-10
2026-03-10 03:00:00,387.5,14.566940307617188,49.47679138183593,102.29283142089844,197.12250518798828,367.98897552490234,2026-03-10
2026-03-10 04:00:00,239.09750366210935,6.0661773681640625,35.32074737548828,87.10038757324219,183.32913970947266,366.68604278564453,2026-03-10
2026-03-10 05:00:00,180.4900054931641,62.80372619628906,85.44309997558594,132.1361846923828,224.98741149902344,404.8675003051758,2026-03-10
2026-03-10 06:00:00,292.5,214.46408081054688,231.09471130371094,267.313720703125,351.91207122802734,521.4528274536133,2026-03-10
2026-03-10 07:00:00,191.1947479248047,177.0947265625,187.4346160888672,211.13946533203125,283.06151962280273,443.3254623413086,2026-03-10
2026-03-10 08:00:00,217.5,24.601593017578132,28.635833740234382,42.42750549316406,98.08349609375,241.8880386352539,2026-03-10
2026-03-10 09:00:00,12.5,2.823730468750007,3.382476806640632,7.447418212890625,47.10494232177735,175.79803466796875,2026-03-10
2026-03-10 10:00:00,-50.0,16.177764892578125,16.36041259765625,18.259429931640625,47.940521240234375,163.10971069335938,2026-03-10
2026-03-10 11:00:00,-50.0,103.8854064941406,105.39135742187497,107.17375183105467,138.80868530273435,249.7087860107422,2026-03-10
2026-03-10 12:00:00,-50.0,47.16572570800781,50.81208801269531,53.7691650390625,87.29214477539062,198.2024688720703,2026-03-10
2026-03-10 13:00:00,-50.0,-12.906173706054688,-7.041076660156257,-2.005218505859375,33.934234619140625,150.04933166503906,2026-03-10
2026-03-10 14:00:00,-50.0,-36.67051696777344,-33.445343017578125,-27.19613647460937,15.752090454101566,140.10157775878906,2026-03-10
2026-03-10 15:00:00,-50.0,-38.24781799316407,-37.112228393554695,-24.22979736328125,29.631851196289055,167.81671905517578,2026-03-10
2026-03-10 16:00:00,-50.0,-46.757049560546875,-36.97416687011719,-9.7169189453125,65.05704498291016,234.67284393310547,2026-03-10
2026-03-10 17:00:00,142.75,162.8969573974609,193.8065490722656,246.50440979003903,354.2295608520508,546.8528823852538,2026-03-10
2026-03-10 18:00:00,285.75,318.0986404418946,353.6804580688477,420.4817504882813,541.7625885009766,745.6794586181641,2026-03-10
2026-03-10 19:00:00,220.3302459716797,483.7233772277832,515.3883247375488,578.5225830078125,694.7567558288574,897.5349235534668,2026-03-10
2026-03-10 20:00:00,231.29049682617188,528.609203338623,561.1378517150879,619.8428955078125,733.2584571838379,934.6595039367676,2026-03-10
2026-03-10 21:00:00,300.0,952.1222763061523,989.7282333374023,1047.32470703125,1164.389877319336,1367.293441772461,2026-03-10
2026-03-10 22:00:00,337.5,975.0094375610352,1019.8251800537109,1082.27587890625,1201.1295928955078,1403.9181671142578,2026-03-10
2026-03-10 23:00:00,350.0,860.317008972168,907.3336868286133,976.708251953125,1097.8992004394531,1302.6371307373047,2026-03-10
2026-03-11 00:00:00,663.5,475.2713928222656,549.4982299804688,589.333251953125,623.9192504882812,672.8270874023438,2026-03-11
2026-03-11 01:00:00,417.43951416015625,820.6678771972656,923.5662536621094,977.487548828125,1024.4659729003906,1087.1982421875,2026-03-11
2026-03-11 02:00:00,970.2349853515624,448.6720275878906,572.277099609375,641.2373046875,700.5318908691406,780.7081909179688,2026-03-11
2026-03-11 03:00:00,925.0,175.06107330322266,310.63934326171875,392.0201110839844,463.36923217773443,562.1722412109375,2026-03-11
2026-03-11 04:00:00,487.5,98.30084609985352,225.54299926757812,312.5380859375,393.46160888671875,509.99972534179693,2026-03-11
2026-03-11 05:00:00,460.896240234375,112.92721557617188,217.18447875976562,302.3960266113281,391.045166015625,521.9191284179688,2026-03-11
2026-03-11 06:00:00,467.25,142.36223602294922,228.3249855041504,312.2475280761719,414.69696044921875,563.4327392578125,2026-03-11
2026-03-11 07:00:00,32.5,150.09198760986328,217.2753448486328,295.5927429199219,408.7445068359375,565.4824829101562,2026-03-11
2026-03-11 08:00:00,187.5,132.63578796386713,177.965835571289,243.16458129882807,347.938606262207,503.3741073608398,2026-03-11
2026-03-11 09:00:00,275.0,16.498886108398438,41.1666259765625,90.43299865722656,179.80239868164062,328.96497344970703,2026-03-11
2026-03-11 10:00:00,318.3080139160156,-32.487335205078125,-15.524261474609379,25.50277709960937,102.17602920532227,243.83368682861328,2026-03-11
2026-03-11 11:00:00,403.0567626953125,102.93605041503906,117.23966979980469,154.06153869628906,232.99549102783203,371.0901565551758,2026-03-11
2026-03-11 12:00:00,490.97650146484375,137.3337097167969,149.4982604980469,180.92747497558597,257.72966384887695,394.0977096557617,2026-03-11
2026-03-11 13:00:00,322.2852478027344,-10.7587890625,-0.02020263671875,25.13531494140625,94.38521575927734,228.77021026611328,2026-03-11
2026-03-11 14:00:00,368.2522583007813,-6.534210205078132,1.744384765624993,27.316131591796875,96.410400390625,230.69258880615234,2026-03-11
2026-03-11 15:00:00,195.0,-57.679718017578125,-42.05126953125,-7.4566650390625,69.3790397644043,206.4391860961914,2026-03-11
2026-03-11 16:00:00,375.0,57.35730743408203,92.61931610107422,145.856201171875,237.6271209716797,394.3910827636719,2026-03-11
2026-03-11 17:00:00,452.5,49.24385070800781,127.4512710571289,212.62744140625,330.8014144897461,503.5936813354492,2026-03-11
2026-03-11 18:00:00,59.25,53.81147003173828,145.121337890625,247.2551727294922,372.4182891845703,543.2318572998047,2026-03-11
2026-03-11 19:00:00,106.5,44.19733428955081,133.201961517334,232.3726501464844,345.1059112548828,501.2425079345703,2026-03-11
2026-03-11 20:00:00,124.0,-77.59928131103516,20.40277099609375,116.4146728515625,218.7595977783203,357.74580383300787,2026-03-11
2026-03-11 21:00:00,121.25,-119.51300811767578,-10.149520874023438,83.83146667480469,178.0420379638672,307.3429412841797,2026-03-11
2026-03-11 22:00:00,-31.99625015258789,-139.6376800537109,-17.82109069824216,75.68226623535156,159.95121765136722,281.61732482910156,2026-03-11
2026-03-11 23:00:00,-50.99625015258789,-180.86595153808594,-50.32055664062499,42.92843627929688,122.45388793945312,235.7000732421875,2026-03-11
2026-03-12 00:00:00,-49.25,-77.12648010253906,-47.46949768066406,-9.497833251953123,40.835784912109375,131.1401138305664,2026-03-12
2026-03-12 01:00:00,-51.0,-96.40836334228516,-70.17639923095703,-19.35516357421875,55.51937866210939,184.1861572265625,2026-03-12
2026-03-12 02:00:00,-50.0,-105.33265686035156,-76.46406555175781,-12.71417236328125,83.65196990966797,237.13236236572266,2026-03-12
2026-03-12 03:00:00,-50.0,-108.33252716064455,-77.74445343017578,-10.16302490234375,98.6297607421875,270.5113525390625,2026-03-12
2026-03-12 04:00:00,-50.0,-109.884521484375,-85.46124267578125,-17.195526123046875,98.09004974365234,285.401496887207,2026-03-12
2026-03-12 05:00:00,-50.0,-99.15316772460938,-84.30812072753906,-20.80990600585937,93.1074447631836,286.99816131591797,2026-03-12
2026-03-12 06:00:00,-51.0,-89.57878875732422,-80.3672103881836,-28.969482421875,80.71761322021484,274.9725646972656,2026-03-12
2026-03-12 07:00:00,-51.74625015258789,-64.07636260986328,-61.94837188720703,-24.59716796875,76.3264389038086,266.8842315673828,2026-03-12
2026-03-12 08:00:00,-50.0,-62.786224365234375,-56.54661560058594,-35.372100830078125,52.11455535888672,234.7608413696289,2026-03-12
2026-03-12 09:00:00,-50.0,-53.74916076660156,-41.98307800292969,-34.908355712890625,41.48651123046875,217.17218780517578,2026-03-12
2026-03-12 10:00:00,-50.0,-41.39271545410156,-28.09700012207031,-24.13705444335937,45.862266540527344,216.40982818603516,2026-03-12
2026-03-12 11:00:00,-50.0,-11.683853149414062,-1.393981933593743,6.019134521484375,82.9078369140625,252.24945831298828,2026-03-12
2026-03-12 12:00:00,-50.0,-36.52743530273436,-27.50242614746093,-21.128936767578125,55.34712982177736,221.36353302001956,2026-03-12
2026-03-12 13:00:00,-50.0,-47.13362121582032,-37.61563110351563,-36.152862548828125,35.30494689941406,203.85681915283203,2026-03-12
2026-03-12 14:00:00,-50.0,-51.22406005859374,-39.535980224609375,-38.006195068359375,40.31652069091797,213.40999603271487,2026-03-12
2026-03-12 15:00:00,-50.0,-62.3893280029297,-55.90719604492188,-36.51235961914063,52.63353729248046,232.85347747802734,2026-03-12
2026-03-12 16:00:00,-50.0,-81.0110092163086,-74.33271026611328,-30.898101806640625,75.48033905029297,275.57000732421875,2026-03-12
2026-03-12 17:00:00,-50.99625015258789,-95.5816650390625,-73.47274780273438,-8.710723876953125,124.65059661865234,338.28954315185547,2026-03-12
2026-03-12 18:00:00,70.0,-91.524169921875,-58.80232238769531,22.89852905273437,168.88248443603513,388.4547805786133,2026-03-12
2026-03-12 19:00:00,106.75,-88.03980255126953,-50.0467529296875,34.42315673828125,177.69325256347653,397.16102600097656,2026-03-12
2026-03-12 20:00:00,150.0,-118.97865295410156,-74.86400604248047,7.642425537109375,150.41019439697266,363.77408599853516,2026-03-12
2026-03-12 21:00:00,154.63400268554688,-107.00566864013672,-54.977745056152344,27.41925048828125,172.92163085937497,385.738037109375,2026-03-12
2026-03-12 22:00:00,50.80350112915039,-122.42264556884766,-61.6512451171875,25.30865478515625,170.37611389160156,379.32337951660156,2026-03-12
2026-03-12 23:00:00,83.10150146484375,-142.27008056640625,-80.00872039794922,15.591033935546877,164.74588775634766,373.96869659423834,2026-03-12
2026-03-13 00:00:00,250.24549865722656,-81.08010864257812,-27.823165893554688,17.970703125,70.10794067382812,176.62246704101562,2026-03-13
2026-03-13 01:00:00,280.0,-94.86345672607422,-39.303497314453125,21.609619140625,99.66900634765625,254.3260498046875,2026-03-13
2026-03-13 02:00:00,279.3475036621094,-113.75128936767578,-56.46173095703125,17.91143798828125,120.15397644042969,313.33988952636724,2026-03-13
2026-03-13 03:00:00,238.29299926757807,-71.11772918701172,-14.47515869140625,63.17942810058594,181.48190307617188,402.0253601074219,2026-03-13
2026-03-13 04:00:00,40.0,-54.49915313720703,-9.70745849609375,63.971282958984375,185.94821166992185,424.9890441894531,2026-03-13
2026-03-13 05:00:00,-50.0,-79.77766418457031,-44.26033020019531,23.07550048828125,143.9816665649414,387.3967056274414,2026-03-13
2026-03-13 06:00:00,-50.0,-47.07524871826172,-18.651405334472656,38.82334899902344,157.3590087890625,403.1680908203125,2026-03-13
2026-03-13 07:00:00,-50.0,-25.329185485839844,-5.355644226074219,39.32945251464844,151.5762176513672,395.98777770996094,2026-03-13
2026-03-13 08:00:00,34.138999938964844,-29.167633056640632,-19.142044067382805,15.200408935546877,113.54376983642578,348.01822662353516,2026-03-13
2026-03-13 09:00:00,251.42349243164065,4.3359527587890625,8.286636352539062,33.961181640625,118.60786437988281,342.92578887939453,2026-03-13
2026-03-13 10:00:00,-10.558250427246094,64.59542846679688,69.30711364746094,93.15354919433594,169.65538787841797,385.6101608276367,2026-03-13
2026-03-13 11:00:00,95.39350128173828,142.37112426757812,147.5030975341797,172.13339233398438,254.64281845092773,466.5767440795898,2026-03-13
2026-03-13 12:00:00,-49.1150016784668,93.52076721191406,98.05094909667969,118.95262145996094,201.4105987548828,410.84529876708984,2026-03-13
2026-03-13 13:00:00,-50.0,131.24368286132812,133.869384765625,150.41140747070312,227.75344848632812,438.1454849243164,2026-03-13
2026-03-13 14:00:00,185.0,98.34315490722658,100.30854797363283,118.98846435546876,199.3987808227539,411.26110076904297,2026-03-13
2026-03-13 15:00:00,234.01649475097656,14.293304443359375,20.999069213867184,51.0472412109375,140.04956817626953,356.22989654541016,2026-03-13
2026-03-13 16:00:00,217.0034942626953,111.95075988769531,132.80374145507812,179.61917114257812,286.37025451660156,523.8051071166992,2026-03-13
2026-03-13 17:00:00,432.5,190.8114776611328,235.45177459716797,306.53350830078125,440.1592788696289,691.2623977661133,2026-03-13
2026-03-13 18:00:00,342.25,180.3922348022461,231.18152618408203,317.28741455078125,461.7963104248047,717.5244903564453,2026-03-13
2026-03-13 19:00:00,482.25,175.6996078491211,226.72150421142578,313.06072998046875,454.43511962890625,707.4129943847656,2026-03-13
2026-03-13 20:00:00,450.0,165.3580780029297,220.81844329833984,305.51629638671875,446.03551483154297,693.6139755249023,2026-03-13
2026-03-13 21:00:00,457.5,170.5355453491211,232.51377868652344,316.1236267089844,458.36761474609375,703.0919189453125,2026-03-13
2026-03-13 22:00:00,500.0,183.92706298828125,251.58057403564453,337.05157470703125,475.8748550415039,715.1252517700195,2026-03-13
2026-03-13 23:00:00,550.0,170.12198638916016,233.94409942626953,321.6147155761719,458.0059509277344,691.5099487304688,2026-03-13
2026-03-14 00:00:00,577.5,428.196533203125,538.5953369140625,602.9697265625,656.0966186523438,725.295166015625,2026-03-14
2026-03-14 01:00:00,500.0,512.9052124023438,658.3641052246094,748.6224365234375,823.2122192382812,913.1341552734375,2026-03-14
2026-03-14 02:00:00,500.0,413.6719970703125,586.3367309570312,698.63232421875,793.9568481445312,902.8452758789062,2026-03-14
2026-03-14 03:00:00,485.0,699.8738479614258,884.4912719726562,1012.17626953125,1121.9948425292969,1246.8930969238281,2026-03-14
2026-03-14 04:00:00,497.5,388.54871368408203,562.5947265625,696.457763671875,814.5443725585938,953.7192077636719,2026-03-14
2026-03-14 05:00:00,500.0,286.1772537231446,442.56250000000006,575.023681640625,698.2205810546876,849.3068237304688,2026-03-14
2026-03-14 06:00:00,608.3914794921875,359.0425796508789,499.97007751464844,631.2894287109375,766.8385620117188,935.6637573242188,2026-03-14
2026-03-14 07:00:00,487.5,308.2653121948242,433.64991760253906,559.858642578125,707.4784240722656,886.6014709472656,2026-03-14
2026-03-14 08:00:00,437.5,187.68163299560547,291.2430877685547,412.2526550292969,558.3427734375,742.7631530761719,2026-03-14
2026-03-14 09:00:00,165.0,121.89783477783203,202.25077056884766,313.3222351074219,454.59391784667974,637.8791656494141,2026-03-14
2026-03-14 10:00:00,278.04376220703125,103.55341339111322,172.73862457275385,277.0663452148437,408.8209075927734,590.591552734375,2026-03-14
2026-03-14 11:00:00,287.5,233.3185806274414,293.44649505615234,390.939208984375,525.6970825195312,709.791748046875,2026-03-14
2026-03-14 12:00:00,302.5,201.19490814208984,255.9312973022461,348.0065002441406,481.7783966064453,663.1483917236328,2026-03-14
2026-03-14 13:00:00,290.0,142.49567413330078,194.73638153076172,280.6736755371094,407.2356872558594,583.8933563232422,2026-03-14
2026-03-14 14:00:00,287.5,190.48448944091797,238.35607147216797,323.5894775390625,447.87841796875,619.8994445800781,2026-03-14
2026-03-14 15:00:00,185.0,191.50952148437494,244.62316894531244,335.0336303710937,461.8347244262695,629.5175094604492,2026-03-14
2026-03-14 16:00:00,420.0,210.6326446533203,282.1076889038086,387.3540344238281,520.3458786010742,695.2206344604492,2026-03-14
2026-03-14 17:00:00,339.5,501.16199493408203,598.0143585205078,723.037109375,869.0440826416016,1046.0310516357422,2026-03-14
2026-03-14 18:00:00,377.5,467.63883209228516,580.9124450683594,722.4571533203125,870.0059814453125,1041.1427612304688,2026-03-14
2026-03-14 19:00:00,290.0,331.74459075927734,457.2968215942383,602.4775390625,742.668701171875,902.1575012207031,2026-03-14
2026-03-14 20:00:00,292.5,435.6749954223633,569.8438339233398,715.9788208007812,850.7941284179688,997.3114318847656,2026-03-14
2026-03-14 21:00:00,285.0,635.7532577514648,777.8777618408203,920.8103637695312,1050.3242492675781,1185.2106628417969,2026-03-14
2026-03-14 22:00:00,290.0,516.6775131225586,666.237548828125,806.7030639648438,927.327880859375,1051.1118774414062,2026-03-14
2026-03-14 23:00:00,290.0,325.6544494628906,480.1054382324219,623.4969482421875,741.9652099609375,859.5990905761719,2026-03-14
2026-03-15 00:00:00,292.5,176.31188964843753,256.1837463378907,299.0927429199219,336.90292358398443,394.55895996093756,2026-03-15
2026-03-15 01:00:00,290.0,119.35791015625,234.1515502929687,295.9551696777344,349.1495361328125,423.5951843261719,2026-03-15
2026-03-15 02:00:00,280.0,92.1905288696289,236.305419921875,314.9632873535156,381.70458984375,472.8655700683594,2026-03-15
2026-03-15 03:00:00,282.5,48.12052917480469,211.85443115234378,308.3344421386719,386.7589416503906,492.6080627441406,2026-03-15
2026-03-15 04:00:00,295.0,29.65576171875,198.46185302734375,307.1653747558594,398.7527160644531,518.8315734863281,2026-03-15
2026-03-15 05:00:00,352.5,9.307952880859375,174.43768310546878,291.048095703125,393.7130432128906,527.1111145019531,2026-03-15
2026-03-15 06:00:00,500.0,11.373489379882812,171.4626007080078,293.9566955566406,411.90435791015625,561.3904113769531,2026-03-15
2026-03-15 07:00:00,395.0,11.613632202148438,160.9668197631836,287.1434020996094,418.9319763183594,575.5279235839844,2026-03-15
2026-03-15 08:00:00,177.5,19.192977905273466,150.5117340087891,274.21392822265625,405.2243957519531,561.0954895019531,2026-03-15
2026-03-15 09:00:00,75.0,60.04786682128906,172.56458282470703,288.26104736328125,412.05320739746094,565.6830596923828,2026-03-15
2026-03-15 10:00:00,261.1467590332031,4.5766143798828125,108.53042602539062,221.0081024169922,337.9248809814453,489.3616485595703,2026-03-15
2026-03-15 11:00:00,440.0,25.34996032714841,126.03475952148435,238.17953491210935,360.42649841308594,511.4915008544922,2026-03-15
2026-03-15 12:00:00,285.0,103.31468200683594,203.8845443725586,317.9616394042969,444.3190155029297,594.8628997802734,2026-03-15
2026-03-15 13:00:00,337.5,-35.75958251953125,66.49478912353516,180.3823699951172,302.86961364746094,451.46153259277344,2026-03-15
2026-03-15 14:00:00,285.0,-19.898834228515653,78.33332824707028,191.74261474609372,312.1120452880858,456.82460021972656,2026-03-15
2026-03-15 15:00:00,404.6694946289063,-58.71974182128906,41.569114685058594,156.83465576171875,279.28733825683594,419.3133087158203,2026-03-15
2026-03-15 16:00:00,571.25,21.480560302734375,139.426513671875,268.1726379394531,393.345703125,536.8899230957031,2026-03-15
2026-03-15 17:00:00,392.5,23.997718811035156,174.36190795898438,321.152099609375,453.8340759277344,591.1652221679688,2026-03-15
2026-03-15 18:00:00,365.0,394.91505432128906,551.6900634765625,704.4863891601562,828.7462158203125,954.4727783203125,2026-03-15
2026-03-15 19:00:00,310.0,359.40059661865234,512.0131683349609,655.552490234375,760.2480163574219,862.3516845703125,2026-03-15
2026-03-15 20:00:00,259.8905029296875,287.9637451171875,435.2570495605469,569.15185546875,656.6854858398438,737.721435546875,2026-03-15
2026-03-15 21:00:00,287.5,215.43669891357433,358.9885711669923,485.4265747070313,565.1071777343751,634.9070434570314,2026-03-15
2026-03-15 22:00:00,290.0,124.66244506835938,269.08436584472656,393.067138671875,468.2312927246094,533.1233825683594,2026-03-15
2026-03-15 23:00:00,312.5,119.19654846191406,261.5311737060547,385.2177734375,462.0035705566406,526.017333984375,2026-03-15
2026-03-16 00:00:00,410.0,257.9361267089844,331.70745849609375,376.767822265625,419.737548828125,487.8227844238281,2026-03-16
2026-03-16 01:00:00,300.0,211.3602600097656,312.2462158203125,376.34381103515625,439.42419433593756,534.6685180664062,2026-03-16
2026-03-16 02:00:00,110.0,163.43196105957028,286.2514953613281,367.00628662109375,446.1329040527344,566.5076599121094,2026-03-16
2026-03-16 03:00:00,52.5,62.266754150390625,195.72528076171875,285.45379638671875,374.73773193359375,508.05181884765625,2026-03-16
2026-03-16 04:00:00,150.0,53.63218688964844,185.3486938476562,278.0412902832031,371.0475158691406,514.605712890625,2026-03-16
2026-03-16 05:00:00,222.5,13.365425109863281,144.37281799316403,242.5275421142578,341.3037567138672,490.06431579589844,2026-03-16
2026-03-16 06:00:00,188.25,3.4821090698242188,141.44793701171875,243.2362060546875,347.7377014160156,505.53076171875,2026-03-16
2026-03-16 07:00:00,-50.0,-117.52957916259766,16.897064208984403,117.42893981933594,224.8757781982422,387.1747283935547,2026-03-16
2026-03-16 08:00:00,-50.67850112915039,-217.64675903320315,-93.50598144531253,2.82171630859375,106.84442138671872,265.6797790527344,2026-03-16
2026-03-16 09:00:00,-50.0,-220.27835083007812,-106.70497131347656,-14.92218017578125,82.74223327636713,236.95634460449224,2026-03-16
2026-03-16 10:00:00,-50.0,-212.2863311767578,-101.4124526977539,-11.217803955078123,82.34306335449219,236.97425842285156,2026-03-16
2026-03-16 11:00:00,-50.0,-173.86431884765625,-64.2541275024414,25.5369873046875,121.50260925292969,276.4351959228516,2026-03-16
2026-03-16 12:00:00,-50.0,-196.46112060546875,-87.30694580078125,-0.54248046875,93.63835144042969,249.66239929199224,2026-03-16
2026-03-16 13:00:00,-50.0,-201.36329650878906,-96.05728912353516,-14.2474365234375,75.17776489257815,228.890380859375,2026-03-16
2026-03-16 14:00:00,-50.0,-184.76161193847656,-86.88878631591797,-7.91552734375,79.57875061035159,233.4248046875,2026-03-16
2026-03-16 15:00:00,-50.0,-191.18704223632812,-97.72220611572266,-18.9149169921875,70.73785400390622,227.76303100585938,2026-03-16
2026-03-16 16:00:00,-50.0,-211.00979614257812,-105.93753051757812,-16.131988525390625,86.27066040039062,263.13836669921875,2026-03-16
2026-03-16 17:00:00,6.25,-229.4945526123047,-89.8378601074219,23.82879638671875,147.4510498046875,343.642822265625,2026-03-16
2026-03-16 18:00:00,82.5,-29.918418884277344,101.8456115722656,218.1742706298828,345.0165252685547,548.3813629150391,2026-03-16
2026-03-16 19:00:00,126.25,-21.54692840576172,99.04641723632812,206.8099365234375,324.71697998046875,518.9657897949219,2026-03-16
2026-03-16 20:00:00,-15.75,-70.80985260009766,46.917098999023466,152.4019317626953,268.6277008056641,463.8601837158203,2026-03-16
2026-03-16 21:00:00,-31.5,-89.50810241699219,29.80918884277341,132.1121368408203,248.1576385498047,443.8672637939453,2026-03-16
2026-03-16 22:00:00,-49.5,-87.97592163085938,29.21234130859375,129.44834899902344,241.4803924560547,435.9371795654297,2026-03-16
2026-03-16 23:00:00,-52.25,-95.55227661132812,18.918548583984347,119.57980346679688,235.93771362304688,430.3120422363281,2026-03-16
2026-03-17 00:00:00,-14.49625015258789,7.931503295898445,19.40919494628907,31.160552978515625,59.56216430664063,135.3705596923828,2026-03-17
2026-03-17 01:00:00,94.5,45.11576843261719,57.77293395996094,71.80677795410156,112.7471923828125,216.60430145263672,2026-03-17
2026-03-17 02:00:00,196.5,205.85296630859375,221.0103759765625,238.6829071044922,291.6532745361328,419.8434600830078,2026-03-17
2026-03-17 03:00:00,198.6719970703125,217.6547088623047,233.08692932128906,248.53887939453125,307.78943634033203,452.54405212402344,2026-03-17
2026-03-17 04:00:00,240.46925354003903,148.6741180419922,159.85247802734375,172.73826599121094,229.97945404052734,388.10418701171875,2026-03-17
2026-03-17 05:00:00,282.5,184.15383911132812,192.6582794189453,204.362548828125,258.5781784057617,417.6403045654297,2026-03-17
2026-03-17 06:00:00,455.0,235.04454040527344,241.0265350341797,248.50857543945312,298.191650390625,449.4359588623047,2026-03-17
2026-03-17 07:00:00,612.9307250976562,41.952667236328125,46.001434326171875,48.71385192871094,90.67196655273438,239.18951416015625,2026-03-17
2026-03-17 08:00:00,445.0050048828125,-5.956085205078125,-5.2183380126953125,-5.13409423828125,30.045700073242188,174.75643920898438,2026-03-17
2026-03-17 09:00:00,285.0,-22.245834350585938,-21.69746398925782,-20.567138671875,9.589752197265625,152.441650390625,2026-03-17
2026-03-17 10:00:00,380.01025390625,-20.744522094726562,-19.705474853515625,-18.840484619140625,11.1444091796875,151.0492935180664,2026-03-17
2026-03-17 11:00:00,483.2309875488281,-16.753326416015625,-13.899642944335945,-11.6297607421875,24.69158935546875,167.4989013671875,2026-03-17
2026-03-17 12:00:00,115.25,-45.354248046875,-41.534149169921875,-36.92333984375,2.8910980224609375,150.751220703125,2026-03-17
2026-03-17 13:00:00,-49.50149917602539,-35.63795471191406,-30.182205200195312,-24.442840576171875,17.355697631835938,173.0389862060547,2026-03-17
2026-03-17 14:00:00,-50.0,-18.074569702148438,-14.844451904296875,-9.17327880859375,35.872833251953125,196.87835693359375,2026-03-17
2026-03-17 15:00:00,-50.0,-43.5960693359375,-43.4677734375,-35.717132568359375,13.3612060546875,185.94802856445312,2026-03-17
2026-03-17 16:00:00,-50.0,-32.63011169433594,-29.789215087890625,-15.300994873046877,45.19670104980469,237.69094848632812,2026-03-17
2026-03-17 17:00:00,-54.75,-45.993743896484375,-35.31819152832031,-7.730865478515625,74.75988006591797,282.4991149902344,2026-03-17
2026-03-17 18:00:00,239.0,-46.866943359375,-30.97442626953125,8.732574462890625,102.997314453125,324.0583190917969,2026-03-17
2026-03-17 19:00:00,252.5,-15.539718627929688,-0.501678466796875,39.676300048828125,136.20836639404297,368.996337890625,2026-03-17
2026-03-17 20:00:00,199.0,-35.1220703125,-22.546783447265625,13.212615966796877,113.2143783569336,355.47998046875,2026-03-17
2026-03-17 21:00:00,164.0,-16.225631713867188,-7.2824859619140625,25.81866455078125,133.04329681396484,385.32987976074213,2026-03-17
2026-03-17 22:00:00,121.5,-10.362396240234382,-0.10491943359375,32.858428955078125,143.54410552978516,400.95599365234375,2026-03-17
2026-03-17 23:00:00,211.0570068359375,15.21820068359375,28.0562744140625,65.46929931640625,177.97738647460938,443.7550811767578,2026-03-17
2026-03-18 00:00:00,335.0,90.81375122070312,166.6084136962891,223.48614501953125,278.9381408691406,361.41873168945324,2026-03-18
2026-03-18 01:00:00,297.5,114.18421936035153,202.25642395019528,279.368896484375,362.27537536621094,481.76002502441406,2026-03-18
2026-03-18 02:00:00,295.0,80.892822265625,181.56568908691406,278.96368408203125,388.03041076660156,538.0333099365234,2026-03-18
2026-03-18 03:00:00,282.5,91.08403015136719,194.82293701171875,301.5306701660156,427.4300079345703,599.0557708740234,2026-03-18
2026-03-18 04:00:00,242.5,113.03799438476562,202.68285369873047,309.9779357910156,443.46070861816406,634.1090545654297,2026-03-18
2026-03-18 05:00:00,247.7010040283203,101.61190795898438,173.0356674194336,276.1015930175781,413.2706756591797,617.4680328369141,2026-03-18
2026-03-18 06:00:00,168.88299560546875,113.48387145996094,169.3205108642578,264.1887512207031,407.6788330078125,625.8696899414062,2026-03-18
2026-03-18 07:00:00,-47.81949996948242,106.38876342773438,147.3011932373047,231.6547088623047,379.52748107910156,604.2480926513672,2026-03-18
2026-03-18 08:00:00,-49.837249755859375,-78.58235931396484,-53.195518493652344,23.4586181640625,166.34180450439453,394.48795318603516,2026-03-18
2026-03-18 09:00:00,-50.0,-98.1211929321289,-83.80449676513672,-14.200592041015623,123.90030670166016,350.6980514526367,2026-03-18
2026-03-18 10:00:00,-50.0,-78.1918716430664,-67.70938873291016,-0.9207763671875,131.85327911376953,360.34955596923834,2026-03-18
2026-03-18 11:00:00,-50.0,-84.95201110839844,-77.53468322753906,-14.987274169921877,124.83634948730469,354.5335693359375,2026-03-18
2026-03-18 12:00:00,-50.0,-98.12239074707031,-94.90090942382812,-39.797943115234375,97.30810546875,324.93783569335943,2026-03-18
2026-03-18 13:00:00,-50.0,-84.2628173828125,-81.91253662109375,-35.977203369140625,90.38618469238281,314.6114196777344,2026-03-18
2026-03-18 14:00:00,-50.0,-78.36009216308594,-77.17401123046875,-31.34799194335937,91.11000061035155,309.29992675781244,2026-03-18
2026-03-18 15:00:00,-50.0,-87.45631408691406,-79.50312805175781,-26.31829833984375,96.74129486083984,310.5318298339844,2026-03-18
2026-03-18 16:00:00,-11.0,-43.863075256347656,-21.58263397216797,44.886627197265625,175.74811553955078,397.9619369506836,2026-03-18
2026-03-18 17:00:00,266.0,85.0108871459961,124.46192169189453,209.05300903320312,357.4190597534179,582.862907409668,2026-03-18
2026-03-18 18:00:00,231.0,198.0262451171875,249.33636474609375,348.95428466796875,504.47862243652344,729.5698089599609,2026-03-18
2026-03-18 19:00:00,193.75,193.67172241210932,250.78630828857416,350.5267944335937,500.40473937988276,720.2276763916016,2026-03-18
2026-03-18 20:00:00,208.6267547607422,101.86287689208984,165.22386932373047,261.8033447265625,406.5513687133789,616.4633255004883,2026-03-18
2026-03-18 21:00:00,217.0554962158203,100.69908142089844,168.5589599609375,262.2901611328125,406.93910217285156,611.9603729248047,2026-03-18
2026-03-18 22:00:00,221.0,95.10922241210938,168.77874755859375,264.1279296875,407.8425750732422,609.9695281982422,2026-03-18
2026-03-18 23:00:00,134.25,36.48524475097656,111.21995544433594,211.06964111328125,357.63694763183594,559.1151580810547,2026-03-18
2026-03-19 00:00:00,270.6885070800781,165.20211791992182,220.1184692382812,260.4823608398437,301.4786376953124,366.2284393310547,2026-03-19
2026-03-19 01:00:00,280.0,168.01273345947266,231.9908905029297,289.8177490234375,356.5361785888672,459.1678771972656,2026-03-19
2026-03-19 02:00:00,282.5,130.347915649414,202.66726684570307,279.3656616210937,370.2578735351562,503.9454193115234,2026-03-19
2026-03-19 03:00:00,285.0,96.43611145019531,173.51702880859375,260.61151123046875,368.7393035888672,528.1099090576172,2026-03-19
2026-03-19 04:00:00,203.69200134277344,73.99198150634766,143.86077880859375,235.35787963867188,355.2139663696289,538.1207656860352,2026-03-19
2026-03-19 05:00:00,119.0,57.857093811035156,114.0328140258789,203.8021697998047,331.4656448364258,531.3329391479492,2026-03-19
2026-03-19 06:00:00,-1.8227499723434448,123.6805419921875,164.5548095703125,244.4529266357422,376.7105255126953,589.6672821044922,2026-03-19
2026-03-19 07:00:00,209.04299926757807,150.57253265380862,174.54582977294925,240.46702575683597,372.32796478271484,588.931266784668,2026-03-19
2026-03-19 08:00:00,75.33625030517578,99.4010009765625,107.75611877441406,162.63926696777344,285.33497619628906,500.8820495605469,2026-03-19
2026-03-19 09:00:00,-50.0,-31.293838500976562,-29.638259887695312,15.88397216796875,130.5683364868164,342.2620544433594,2026-03-19
2026-03-19 10:00:00,-50.0,14.25483703613282,19.464996337890632,57.91671752929688,166.21099090576172,376.6157684326172,2026-03-19
2026-03-19 11:00:00,-50.0,76.47520446777344,82.02500915527344,117.77955627441406,233.92958068847656,444.9530944824219,2026-03-19
2026-03-19 12:00:00,-50.0,38.55218505859375,44.77810668945312,76.10678100585938,191.89353942871094,403.2682495117187,2026-03-19
2026-03-19 13:00:00,-50.0,-2.715301513671875,3.3255767822265625,27.85015869140625,135.76021575927734,345.99182128906244,2026-03-19
2026-03-19 14:00:00,-50.0,-52.84544372558594,-46.454681396484375,-20.75204467773437,87.05207824707031,295.28285217285156,2026-03-19
2026-03-19 15:00:00,-50.0,-67.53047180175781,-64.63392639160156,-22.79534912109375,89.26228332519531,296.38433837890625,2026-03-19
2026-03-19 16:00:00,-47.13874816894531,-10.288360595703125,13.484161376953125,72.97373962402344,195.07383728027344,413.1480560302735,2026-03-19
2026-03-19 17:00:00,460.552001953125,210.15597534179688,266.3836364746094,350.9928283691406,493.47222900390625,716.859375,2026-03-19
2026-03-19 18:00:00,329.9880065917969,330.8947296142578,402.3965606689453,503.423095703125,650.8156585693359,869.0757598876953,2026-03-19
2026-03-19 19:00:00,333.2720031738281,458.7390441894531,533.879997253418,631.34521484375,766.2197113037109,971.4494476318359,2026-03-19
2026-03-19 20:00:00,500.0,438.92298889160156,518.4614639282227,609.483642578125,731.9157409667969,919.9140930175781,2026-03-19
2026-03-19 21:00:00,500.0,493.6031494140625,577.8841705322266,664.3510131835938,781.7325592041016,961.1433258056641,2026-03-19
2026-03-19 22:00:00,430.0,455.00543212890625,543.9486236572266,628.9417724609375,740.552001953125,913.6122436523438,2026-03-19
2026-03-19 23:00:00,447.5,426.64300537109375,514.9062652587891,600.8538818359375,714.5164031982422,886.8721771240234,2026-03-19
2026-03-20 00:00:00,420.0,218.94723510742188,310.7383728027344,358.656005859375,398.1761169433594,449.7189636230469,2026-03-20
2026-03-20 01:00:00,442.5,147.08721923828125,276.00497436523443,341.32305908203125,394.0414123535156,458.5857238769531,2026-03-20
2026-03-20 02:00:00,475.0,90.94049072265628,247.7330322265625,330.2363586425781,396.9832458496094,481.8750915527344,2026-03-20
2026-03-20 03:00:00,305.0,41.45716857910156,212.74371337890625,311.4384460449219,391.75170898437506,496.15234375,2026-03-20
2026-03-20 04:00:00,352.5,-1.4743347167969318,165.1876831054687,274.46405029296875,370.8201293945312,495.81420898437494,2026-03-20
2026-03-20 05:00:00,205.0,-1.0896682739257812,151.2765655517578,267.94366455078125,380.2247619628906,528.2972412109375,2026-03-20
2026-03-20 06:00:00,117.5,-4.850387573242159,132.36076354980472,252.41966247558597,383.4110565185547,556.7129058837891,2026-03-20
2026-03-20 07:00:00,87.5,1.5544433593750284,121.72131347656251,240.33029174804688,388.1647491455078,574.8578643798828,2026-03-20
2026-03-20 08:00:00,-50.0,-37.805206298828125,60.531341552734375,173.95220947265625,321.04432678222656,515.9722442626953,2026-03-20
2026-03-20 09:00:00,102.5,-86.57748413085939,-7.841186523437528,98.5021514892578,242.08120727539057,439.8273620605469,2026-03-20
2026-03-20 10:00:00,-50.0,-5.76495361328125,65.66026306152342,169.27105712890625,307.27259826660156,507.7936248779297,2026-03-20
2026-03-20 11:00:00,-50.0,74.01891326904294,139.6682662963867,239.42042541503903,384.60047149658203,586.5693588256836,2026-03-20
2026-03-20 12:00:00,-50.0,-6.80413818359375,53.78886413574219,147.88609313964844,291.29237365722656,491.11561584472656,2026-03-20
2026-03-20 13:00:00,-50.0,-148.29879760742188,-89.26640319824219,-4.21771240234375,126.37019348144531,318.39222717285156,2026-03-20
2026-03-20 14:00:00,-50.0,-167.30237579345703,-112.19889068603516,-30.0213623046875,93.0503921508789,277.69187164306646,2026-03-20
2026-03-20 15:00:00,-50.0,-178.7526397705078,-118.93069458007812,-33.4464111328125,89.11346435546872,265.9323272705078,2026-03-20
2026-03-20 16:00:00,-50.0,-213.0730438232422,-134.27239990234375,-34.30828857421875,92.66844177246098,276.09278869628906,2026-03-20
2026-03-20 17:00:00,-15.494500160217283,-251.74653625488276,-141.7208404541015,-20.209930419921875,120.04077148437506,302.3303833007813,2026-03-20
2026-03-20 18:00:00,127.5,-106.17691040039062,11.065811157226562,144.52674865722656,284.7987518310547,461.33131408691406,2026-03-20
2026-03-20 19:00:00,228.5,-73.34443664550781,47.90081787109375,179.32008361816406,308.20654296875,471.27484130859375,2026-03-20
2026-03-20 20:00:00,61.5,-185.2987823486328,-60.95674133300781,65.82432556152344,183.19438171386724,329.3910369873047,2026-03-20
2026-03-20 21:00:00,168.5,-203.67438507080078,-76.15927124023438,44.48042297363281,153.10618591308594,286.96730041503906,2026-03-20
2026-03-20 22:00:00,128.5,-222.310546875,-89.96896362304688,27.257965087890625,125.1092529296875,251.01504516601562,2026-03-20
2026-03-20 23:00:00,131.0,-242.19896697998047,-104.73536682128906,10.888092041015623,104.32012939453125,223.07522583007812,2026-03-20
2026-03-21 00:00:00,139.5,-119.85137176513672,-64.93576049804686,-26.557830810546875,13.296035766601534,81.21104431152344,2026-03-21
2026-03-21 01:00:00,78.5,-153.56585693359375,-85.84860229492189,-32.67669677734375,26.976074218749943,123.89401245117188,2026-03-21
2026-03-21 02:00:00,-11.026249885559082,-183.84500885009766,-106.6041259765625,-38.05245971679688,39.30429077148437,158.88772583007818,2026-03-21
2026-03-21 03:00:00,-50.0,-199.86378479003906,-118.34237670898438,-40.1805419921875,49.638275146484375,189.021484375,2026-03-21
2026-03-21 04:00:00,-44.0,-196.7486572265625,-122.54078674316406,-41.70782470703125,56.10923767089844,214.72750854492193,2026-03-21
2026-03-21 05:00:00,-49.5,-175.76117706298828,-116.81082916259766,-39.62176513671875,63.49478912353513,236.95873260498047,2026-03-21
2026-03-21 06:00:00,-45.5,-150.15342712402344,-107.37031555175781,-38.1744384765625,71.22323608398438,257.6889343261719,2026-03-21
2026-03-21 07:00:00,-40.12125015258789,-119.35136413574219,-93.20231628417969,-35.293212890625,77.91326904296876,270.2610168457031,2026-03-21
2026-03-21 08:00:00,-50.0,-91.83909606933594,-82.66275024414062,-38.07394409179688,65.65843200683594,256.8634948730469,2026-03-21
2026-03-21 09:00:00,-50.0,-78.9205322265625,-75.43365478515625,-45.48309326171875,46.7774658203125,233.1317596435547,2026-03-21
2026-03-21 10:00:00,-50.0,-41.79975891113281,-33.2518310546875,-14.558441162109377,68.28964233398438,250.72691345214844,2026-03-21
2026-03-21 11:00:00,-50.0,-47.95115661621094,-39.74189758300781,-23.521392822265625,64.23030853271484,245.3785400390625,2026-03-21
2026-03-21 12:00:00,-50.0,-69.98272705078125,-62.54820251464844,-48.37445068359375,37.86412048339844,217.3968963623047,2026-03-21
2026-03-21 13:00:00,-50.0,-63.56459045410156,-58.069549560546875,-45.51715087890625,34.338226318359375,213.129638671875,2026-03-21
2026-03-21 14:00:00,-50.0,-66.63430786132812,-61.27740478515625,-46.147308349609375,36.469566345214844,216.21153259277344,2026-03-21
2026-03-21 15:00:00,-50.0,-76.07382202148438,-74.58380126953125,-44.04660034179688,46.125923156738274,229.2643280029297,2026-03-21
2026-03-21 16:00:00,-49.0,-107.31781005859375,-88.18644714355469,-40.16452026367188,63.01066589355468,261.6248321533203,2026-03-21
2026-03-21 17:00:00,-14.5,-164.61310577392578,-105.83602905273439,-29.264068603515625,97.41436004638668,307.07485198974615,2026-03-21
2026-03-21 18:00:00,95.0,-160.43663024902344,-85.8768310546875,7.00604248046875,139.19137573242188,344.2024230957031,2026-03-21
2026-03-21 19:00:00,-48.5,-136.57301330566406,-59.08869934082031,30.82162475585937,151.12332153320312,342.6978454589844,2026-03-21
2026-03-21 20:00:00,64.0,-150.88795471191406,-67.20315551757814,17.27618408203125,124.71736145019531,298.42384338378906,2026-03-21
2026-03-21 21:00:00,18.87874984741211,-147.406982421875,-59.369873046875,19.8072509765625,119.03875732421875,283.8153686523438,2026-03-21
2026-03-21 22:00:00,-48.24250030517578,-182.1340179443359,-88.58049011230464,-13.12701416015625,76.4678649902344,232.47525024414065,2026-03-21
2026-03-21 23:00:00,81.6624984741211,-200.59815979003903,-104.82081604003903,-29.17822265625,59.56558227539065,212.85250854492196,2026-03-21
2026-03-22 00:00:00,260.0,26.702789306640625,69.63525390625,108.85507202148438,153.37652587890625,231.4470672607422,2026-03-22
2026-03-22 01:00:00,234.96749877929688,63.785545349121094,105.34993743896484,154.86520385742188,218.90129852294922,329.16873931884766,2026-03-22
2026-03-22 02:00:00,162.1219940185547,52.23725891113281,91.46121215820312,150.1775360107422,231.73826599121094,367.2198181152344,2026-03-22
2026-03-22 03:00:00,235.2140045166016,134.7012939453125,170.9939727783203,233.0953369140625,325.5298309326172,480.165786743164,2026-03-22
2026-03-22 04:00:00,244.36700439453125,164.74256134033203,194.50873565673828,256.4773254394531,357.0168685913086,529.7289810180664,2026-03-22
2026-03-22 05:00:00,275.0,199.18222045898438,220.0501708984375,279.0892028808594,383.22508239746094,568.6521453857422,2026-03-22
2026-03-22 06:00:00,280.0,227.0849609375,241.3462371826172,291.0643310546875,396.62864685058594,591.7072906494141,2026-03-22
2026-03-22 07:00:00,272.5,207.561279296875,213.57875061035156,252.6273956298828,356.24185943603516,553.5452117919922,2026-03-22
2026-03-22 08:00:00,247.5,140.73892211914062,144.9573516845703,170.67340087890625,263.780517578125,457.6205139160156,2026-03-22
2026-03-22 09:00:00,145.0,-32.78523254394531,-22.65997314453125,-9.602081298828123,73.26463317871094,263.02357482910156,2026-03-22
2026-03-22 10:00:00,62.5,-17.807907104492188,-7.9301300048828125,3.391021728515625,77.99386596679688,261.57359313964844,2026-03-22
2026-03-22 11:00:00,112.5,106.401611328125,114.11976623535156,126.57630920410156,205.3671112060547,385.2169647216797,2026-03-22
2026-03-22 12:00:00,237.5,145.85508728027344,152.9038543701172,163.84356689453125,241.6511993408203,419.2119140625,2026-03-22
2026-03-22 13:00:00,237.5,79.27674865722656,86.73609924316406,92.65194702148438,165.07765197753906,342.9620056152344,2026-03-22
2026-03-22 14:00:00,262.5,-9.296417236328125,-2.348876953125,6.741668701171875,83.35275268554688,264.4747619628906,2026-03-22
2026-03-22 15:00:00,265.0,44.363861083984375,46.58148193359375,71.05259704589844,156.2925262451172,343.6741638183594,2026-03-22
2026-03-22 16:00:00,477.5,242.22276306152344,255.34449768066406,299.45721435546875,401.6987991333008,609.3251342773438,2026-03-22
2026-03-22 17:00:00,887.25,398.7420043945313,439.5328521728516,510.2164916992188,641.1577758789064,862.8435363769531,2026-03-22
2026-03-22 18:00:00,497.5,805.3668060302734,859.6510162353516,950.1886596679688,1094.7284851074219,1323.1483306884766,2026-03-22
2026-03-22 19:00:00,477.5,390.20072174072266,449.33312225341797,540.9444580078125,681.4086532592773,906.310905456543,2026-03-22
2026-03-22 20:00:00,365.0,349.71403503417974,415.52421569824224,505.0359497070313,640.5441589355469,856.8551635742188,2026-03-22
2026-03-22 21:00:00,576.75,445.65411376953125,518.6791152954102,606.0789794921875,739.1435699462891,949.9569854736328,2026-03-22
2026-03-22 22:00:00,472.5,509.018310546875,589.9142532348633,678.77978515625,807.3333282470703,1012.3047332763672,2026-03-22
2026-03-22 23:00:00,455.0,321.22239685058594,403.88916778564453,497.0286865234375,626.8238677978516,827.8660125732422,2026-03-22
2026-03-23 00:00:00,397.5,228.50808715820312,325.1627502441407,379.9454040527344,428.1006164550781,494.2420349121094,2026-03-23
2026-03-23 01:00:00,322.5,135.53463745117182,271.37588500976557,346.0718994140625,410.5327758789062,493.8958129882812,2026-03-23
2026-03-23 02:00:00,397.5,71.13607788085938,235.1624755859375,327.2373352050781,405.7899475097656,509.3059997558594,2026-03-23
2026-03-23 03:00:00,295.0,34.68470764160156,213.3416748046875,321.8902282714844,415.1955871582031,539.1675720214844,2026-03-23
2026-03-23 04:00:00,200.0,0.26952362060546875,175.21630859374994,294.6630859375,404.74237060546875,548.8699951171875,2026-03-23
2026-03-23 05:00:00,42.5,-24.7261962890625,137.57740783691403,264.5655517578125,390.1416625976563,555.4617309570312,2026-03-23
2026-03-23 06:00:00,128.00924682617188,-11.436019897460938,136.73672485351562,266.9399108886719,410.72665405273443,599.7351379394531,2026-03-23
2026-03-23 07:00:00,124.67575073242188,-50.51269531249997,80.7460632324219,208.3355407714844,366.0153503417969,565.9875183105469,2026-03-23
2026-03-23 08:00:00,-50.0,-195.33592224121094,-86.28231048583984,34.534759521484375,188.9684295654297,393.7566375732422,2026-03-23
2026-03-23 09:00:00,-50.0,-217.27828979492188,-127.75711059570312,-15.950347900390623,132.45750427246094,338.9441680908203,2026-03-23
2026-03-23 10:00:00,-50.0,-194.59161376953125,-111.67102050781251,-1.80224609375,140.8767852783203,349.454330444336,2026-03-23
2026-03-23 11:00:00,-50.0,-150.11544799804688,-71.19996643066406,38.0875244140625,190.82472229003906,401.5369415283203,2026-03-23
2026-03-23 12:00:00,-50.0,-197.96810913085938,-122.83224487304689,-17.726043701171875,136.1914825439453,347.1911163330078,2026-03-23
2026-03-23 13:00:00,-50.0,-198.0470199584961,-123.57262420654298,-25.50958251953125,119.1634750366211,327.151481628418,2026-03-23
2026-03-23 14:00:00,-50.0,-194.13544464111328,-124.13143157958986,-27.782623291015625,112.6221694946289,318.24971771240234,2026-03-23
2026-03-23 15:00:00,-50.0,-209.15664672851562,-134.56155395507812,-32.60650634765625,111.56103515625,313.81166076660156,2026-03-23
2026-03-23 16:00:00,-50.0,-219.55377197265625,-128.63571166992188,-12.414642333984377,136.97183227539057,347.9280090332032,2026-03-23
2026-03-23 17:00:00,-9.0,-133.13450622558594,-11.231491088867159,125.8658447265625,289.12039184570324,501.2367858886719,2026-03-23
2026-03-23 18:00:00,-18.25,-35.89158630371094,89.51371765136719,236.83761596679688,399.56268310546875,607.1380004882812,2026-03-23
2026-03-23 19:00:00,73.75,-6.385284423828125,118.38232421875,260.677978515625,408.4613037109375,599.1607666015625,2026-03-23
2026-03-23 20:00:00,-19.25,-11.617019653320312,113.7901382446289,248.48883056640625,381.9714660644532,551.4317321777344,2026-03-23
2026-03-23 21:00:00,68.92424774169922,-37.49462890624997,89.77319335937503,217.27903747558597,339.8212432861328,494.62486267089844,2026-03-23
2026-03-23 22:00:00,78.32424926757812,-40.06089782714844,91.22026062011719,214.4055938720703,323.13624572753906,469.0017852783203,2026-03-23
2026-03-23 23:00:00,148.26425170898438,-72.24351501464841,64.10218811035159,185.34349060058597,288.2797393798828,425.1270294189453,2026-03-23
2026-03-24 00:00:00,225.8267517089844,125.94468688964844,183.33641052246094,223.10467529296875,264.6497192382812,341.2666931152344,2026-03-24
2026-03-24 01:00:00,230.0,74.76232910156247,143.1472015380859,195.66009521484372,254.0250091552734,357.79493713378906,2026-03-24
2026-03-24 02:00:00,187.5,-7.676391601562472,68.86048889160158,134.5150909423828,207.80078125000003,333.70538330078125,2026-03-24
2026-03-24 03:00:00,148.60850524902344,-56.980987548828125,23.461883544921875,98.26686096191406,183.53569030761713,328.2241973876953,2026-03-24
2026-03-24 04:00:00,87.5,-147.86170959472656,-72.68636322021484,6.29962158203125,101.36849975585938,266.89495849609375,2026-03-24
2026-03-24 05:00:00,-50.0,-170.0360336303711,-107.65645599365234,-29.510528564453125,73.46331024169922,256.8545455932618,2026-03-24
2026-03-24 06:00:00,-48.5,-142.9265365600586,-95.76737213134766,-23.72467041015625,86.60742950439453,284.86841583251953,2026-03-24
2026-03-24 07:00:00,-41.9739990234375,-112.22401428222656,-82.10855102539062,-20.72674560546875,94.31130981445312,298.57745361328125,2026-03-24
2026-03-24 08:00:00,-50.0,-100.41287231445312,-86.67658996582031,-37.75128173828125,68.43934631347658,272.5968933105469,2026-03-24
2026-03-24 09:00:00,-50.0,-78.60662841796875,-77.09030151367188,-39.6072998046875,55.52928161621094,255.4637451171875,2026-03-24
2026-03-24 10:00:00,-50.0,-53.26702880859375,-51.45433044433594,-21.46197509765625,62.42546081542969,255.20663452148438,2026-03-24
2026-03-24 11:00:00,-50.0,-38.979736328125,-37.6156005859375,-10.823333740234377,73.87828826904297,262.08172607421875,2026-03-24
2026-03-24 12:00:00,-50.0,-69.29066467285156,-68.50180053710938,-45.400970458984375,35.62376403808594,219.57003784179688,2026-03-24
2026-03-24 13:00:00,-50.0,-55.73838806152343,-55.580215454101555,-36.81103515625,37.8778076171875,220.09591674804688,2026-03-24
2026-03-24 14:00:00,-50.0,-51.863677978515625,-51.394287109375,-30.910369873046875,44.490234375,226.18748474121094,2026-03-24
2026-03-24 15:00:00,-50.0,-62.87518310546875,-57.273956298828125,-28.40557861328125,52.88458251953125,238.56695556640625,2026-03-24
2026-03-24 16:00:00,-50.0,-88.69795227050781,-69.63157653808594,-25.387725830078125,70.55540466308594,273.8070373535156,2026-03-24
2026-03-24 17:00:00,-51.25,-132.6012954711914,-88.21575164794922,-20.478759765625,100.08049774169922,317.5866012573243,2026-03-24
2026-03-24 18:00:00,7.5,52.44615173339844,104.74081420898438,186.48434448242188,317.65484619140625,539.1380615234375,2026-03-24
2026-03-24 19:00:00,162.0,117.33538818359375,173.0262451171875,254.20925903320312,380.428955078125,596.5925140380859,2026-03-24
2026-03-24 20:00:00,215.0,100.5679931640625,163.73851776123047,243.1812744140625,362.7755126953125,568.9897613525391,2026-03-24
2026-03-24 21:00:00,242.5,93.46112060546875,165.11583709716797,243.35809326171875,357.81475830078125,557.4515075683594,2026-03-24
2026-03-24 22:00:00,292.5,83.0516357421875,164.1257095336914,242.62625122070312,349.7693176269531,542.0822448730469,2026-03-24
2026-03-24 23:00:00,347.5,94.90072631835938,179.72957611083984,258.8838195800781,364.8418731689453,552.4837188720703,2026-03-24
2026-03-25 00:00:00,500.0,146.06018066406244,227.77017211914062,278.9827575683594,326.6980285644532,398.6607360839844,2026-03-25
2026-03-25 01:00:00,405.0,77.61244201660156,185.2559814453125,254.18328857421875,320.02813720703125,415.46527099609375,2026-03-25
2026-03-25 02:00:00,297.5,49.44078063964844,173.769287109375,258.3992614746094,339.48394775390625,457.2152404785156,2026-03-25
2026-03-25 03:00:00,450.0,22.27636718750003,152.6313629150391,249.3967437744141,345.3011016845703,485.35169982910156,2026-03-25
2026-03-25 04:00:00,230.0,24.273254394531307,143.24353027343756,245.6548614501953,355.59822082519537,517.8339996337891,2026-03-25
2026-03-25 05:00:00,157.5,55.60981750488281,155.0436019897461,258.27667236328125,380.0945587158203,563.3373870849609,2026-03-25
2026-03-25 06:00:00,107.5,83.8057250976562,165.7938613891601,266.3427124023437,403.2481536865234,610.0160369873047,2026-03-25
2026-03-25 07:00:00,55.76475143432617,92.43738555908203,157.05750274658203,251.49490356445312,399.9763412475586,618.2042465209961,2026-03-25
2026-03-25 08:00:00,-44.95375061035156,-77.96429443359375,-32.30073547363281,51.61578369140625,193.82351684570312,414.9223327636719,2026-03-25
2026-03-25 09:00:00,-50.0,-118.25590515136719,-88.06033325195312,-15.59002685546875,116.04368591308594,336.19432067871094,2026-03-25
2026-03-25 10:00:00,-50.0,-92.11302185058594,-67.12982177734375,-0.0089111328125,122.2391357421875,341.1990661621094,2026-03-25
2026-03-25 11:00:00,-50.0,-48.66709899902344,-25.854812622070312,38.067138671875,165.2626495361328,383.32261657714844,2026-03-25
2026-03-25 12:00:00,-50.0,-27.794326782226562,-7.2720184326171875,51.06645202636719,177.55628967285156,396.26466369628906,2026-03-25
2026-03-25 13:00:00,-50.0,-64.92608642578125,-44.27333068847656,7.278350830078125,127.23614501953124,345.83607482910156,2026-03-25
2026-03-25 14:00:00,-50.0,-46.97883605957031,-27.337783813476562,24.39129638671875,143.82382202148438,361.7328186035156,2026-03-25
2026-03-25 15:00:00,-50.0,19.929321289062514,46.30641174316408,105.92425537109376,229.96466064453125,447.8946533203125,2026-03-25
2026-03-25 16:00:00,-5.0,97.35974121093753,138.42358398437503,211.5074157714844,343.2198181152344,571.6416778564453,2026-03-25
2026-03-25 17:00:00,348.25,178.16702270507812,246.3141632080078,341.0182800292969,489.8207397460937,722.9030151367188,2026-03-25
2026-03-25 18:00:00,271.0,301.0267333984375,383.4247589111328,493.77825927734375,648.0069274902344,878.5859375,2026-03-25
2026-03-25 19:00:00,311.6090087890625,173.70651245117188,261.36229705810547,370.590576171875,514.1944274902344,731.7549743652344,2026-03-25
2026-03-25 20:00:00,412.5,171.43885803222662,265.5762557983399,369.2418823242188,499.9661254882813,696.4052734375001,2026-03-25
2026-03-25 21:00:00,407.5,189.97901916503912,289.30319213867193,385.3609008789063,503.87553405761724,683.9275665283204,2026-03-25
2026-03-25 22:00:00,480.0,190.38795471191406,296.7977828979492,387.34228515625,489.8339385986328,657.6105804443359,2026-03-25
2026-03-25 23:00:00,515.0,138.0441436767578,251.326171875,340.5909729003906,435.7767333984375,591.3511047363281,2026-03-25
2026-03-26 00:00:00,775.0,254.9429931640625,339.8883056640625,382.52545166015625,417.56427001953125,462.2120361328125,2026-03-26
2026-03-26 01:00:00,1000.0,609.0423583984375,733.2625122070312,790.2235107421875,834.8894653320312,891.020751953125,2026-03-26
2026-03-26 02:00:00,825.0,233.56088256835938,379.8506469726563,448.9476318359375,503.63067626953125,578.931396484375,2026-03-26
2026-03-26 03:00:00,615.0,62.67169189453128,217.16403198242188,298.2732238769531,366.6979064941406,465.5077819824219,2026-03-26
2026-03-26 04:00:00,462.5,36.15667724609375,180.28973388671875,270.4237365722656,356.8312072753906,479.2256774902344,2026-03-26
2026-03-26 05:00:00,312.5,45.882614135742244,169.25077819824222,264.986083984375,367.22973632812506,514.835693359375,2026-03-26
2026-03-26 06:00:00,84.0,60.862167358398466,164.71978759765628,261.72265625,381.7939758300781,555.0926818847656,2026-03-26
2026-03-26 07:00:00,50.81449890136719,67.29597473144528,153.15436553955075,247.41351318359372,381.9533233642578,569.6122589111328,2026-03-26
2026-03-26 08:00:00,222.91900634765625,36.03121185302737,101.79602813720705,188.99136352539065,320.69498443603516,515.7685012817383,2026-03-26
2026-03-26 09:00:00,207.5,17.461380004882812,67.38545227050781,146.6784210205078,273.1047668457031,471.03173828125,2026-03-26
2026-03-26 10:00:00,238.8000030517578,-72.32034301757812,-27.499145507812493,48.62814331054688,167.7364044189453,367.0275115966797,2026-03-26
2026-03-26 11:00:00,179.87550354003906,-19.861267089843764,21.32266235351561,93.81681823730467,217.8252716064453,414.4692535400391,2026-03-26
2026-03-26 12:00:00,152.5,-4.320983886718764,32.84597778320311,99.15568542480467,221.34217834472656,416.91873168945307,2026-03-26
2026-03-26 13:00:00,-50.0,-92.71939086914062,-56.8638916015625,1.71380615234375,115.08651733398438,308.89543151855463,2026-03-26
2026-03-26 14:00:00,97.75,-136.27276611328125,-101.96086120605469,-43.94854736328125,65.69306945800781,257.0169219970703,2026-03-26
2026-03-26 15:00:00,277.5,-85.47380065917969,-44.43229675292969,20.557098388671875,134.35964965820312,323.9031982421875,2026-03-26
2026-03-26 16:00:00,410.0,97.23612213134766,156.4861831665039,236.96563720703125,359.0505142211914,559.407600402832,2026-03-26
2026-03-26 17:00:00,487.5,110.3731689453125,199.9001235961914,303.2063903808594,443.09666442871094,647.9241180419922,2026-03-26
2026-03-26 18:00:00,475.0,139.27552795410153,242.3421478271484,362.06158447265625,506.72265625,709.8407897949219,2026-03-26
2026-03-26 19:00:00,412.5,95.59692382812497,207.48149108886716,329.8170471191406,466.94691467285156,660.5796661376953,2026-03-26
2026-03-26 20:00:00,450.0,102.72767639160156,222.45730590820312,341.9586181640625,469.6341857910156,647.5478515625,2026-03-26
2026-03-26 21:00:00,440.0,197.327133178711,325.801010131836,440.5481567382813,558.7305603027345,722.3662414550781,2026-03-26
2026-03-26 22:00:00,500.0,131.40333557128906,272.10618591308594,384.04791259765625,487.5966796875,640.8257446289062,2026-03-26
2026-03-26 23:00:00,714.8690185546875,87.79779052734375,240.4150390625,352.1401672363281,447.0538024902344,586.9931335449219,2026-03-26
2026-03-27 00:00:00,665.833251953125,430.4852600097656,543.5281982421875,608.4476318359375,665.544677734375,740.9345703125,2026-03-27
2026-03-27 01:00:00,490.7634887695313,579.7261962890625,739.8067016601562,829.0103149414062,908.0546264648438,1011.8783569335938,2026-03-27
2026-03-27 02:00:00,715.4044799804688,655.4238281250001,842.5603637695314,949.3934326171876,1046.4439697265625,1178.4586791992188,2026-03-27
2026-03-27 03:00:00,589.4012451171875,487.8551635742187,681.1996154785156,799.4423828125,912.81982421875,1070.9232788085938,2026-03-27
2026-03-27 04:00:00,638.6827392578125,419.42234802246094,593.0005187988281,713.0546875,839.1309814453125,1020.5716552734375,2026-03-27
2026-03-27 05:00:00,532.8252563476562,258.69871520996094,404.9502868652344,524.7218627929688,660.4494934082031,860.6422119140625,2026-03-27
2026-03-27 06:00:00,500.0,303.6952362060547,431.1006164550781,549.0919189453125,696.9172973632812,916.130126953125,2026-03-27
2026-03-27 07:00:00,450.0,173.416748046875,284.85072326660156,398.1543884277344,555.3755950927734,784.4586639404297,2026-03-27
2026-03-27 08:00:00,295.0,128.0879364013672,221.4099349975586,327.5157470703125,479.3299255371094,712.3238830566406,2026-03-27
2026-03-27 09:00:00,210.0,123.1383056640625,202.96133422851562,300.9576721191406,446.7709503173828,680.4005279541016,2026-03-27
2026-03-27 10:00:00,300.0,119.33001708984375,194.2028045654297,289.9586486816406,428.77618408203125,664.8223724365234,2026-03-27
2026-03-27 11:00:00,297.5,147.4934539794922,217.95547485351562,311.41571044921875,456.2767028808594,689.7968139648438,2026-03-27
2026-03-27 12:00:00,297.5,167.66901397705078,230.9134750366211,314.66973876953125,456.25243377685547,689.6333389282227,2026-03-27
2026-03-27 13:00:00,277.5,206.24935913085938,265.66920471191406,337.353759765625,469.1188659667969,702.5761260986328,2026-03-27
2026-03-27 14:00:00,280.0,275.82887268066406,332.1811065673828,403.9849853515625,535.0206909179688,769.96826171875,2026-03-27
2026-03-27 15:00:00,42.5,337.7186508178711,401.4596481323242,483.3944091796875,623.3607406616211,860.8562850952148,2026-03-27
2026-03-27 16:00:00,455.0,358.06922912597656,435.21055603027344,531.46728515625,681.3441772460938,932.6343383789062,2026-03-27
2026-03-27 17:00:00,415.0,627.7133026123047,725.6697235107422,840.3027954101562,1008.2879486083984,1267.027572631836,2026-03-27
2026-03-27 18:00:00,371.7007446289063,736.3572540283203,841.9075622558594,970.3982543945312,1144.7099304199219,1406.485595703125,2026-03-27
2026-03-27 19:00:00,500.0,237.2114715576172,348.9882049560547,479.2896423339844,647.359375,901.2432861328125,2026-03-27
2026-03-27 20:00:00,500.0,147.34375000000003,266.3936462402344,394.619384765625,555.1199035644531,795.2119750976562,2026-03-27
2026-03-27 21:00:00,985.0,195.54443359375,322.76275634765625,446.5570068359375,599.01123046875,826.2899169921875,2026-03-27
2026-03-27 22:00:00,500.0,213.19151306152344,351.5852813720703,473.2694091796875,610.1138000488281,828.8936462402344,2026-03-27
2026-03-27 23:00:00,500.0,252.38218688964844,405.2226867675781,529.912841796875,660.6120910644531,869.7015380859375,2026-03-27
2026-03-28 00:00:00,400.0,457.29534912109375,563.4561157226562,628.242431640625,687.236572265625,770.4584350585938,2026-03-28
2026-03-28 01:00:00,302.5,411.17889404296875,554.5792236328125,638.7459716796875,715.8255615234375,820.9759521484375,2026-03-28
2026-03-28 02:00:00,355.0,314.44947814941406,479.6112060546875,579.0109252929688,670.876953125,797.5843505859375,2026-03-28
2026-03-28 03:00:00,412.5,330.8509826660156,504.1775817871094,614.9988403320312,720.1616821289062,867.9404296875,2026-03-28
2026-03-28 04:00:00,455.0,227.097412109375,387.8759765625,503.7286987304688,622.6817626953125,790.6981811523438,2026-03-28
2026-03-28 05:00:00,355.0,186.3214111328125,327.022216796875,445.36761474609375,575.5499877929688,761.0850219726562,2026-03-28
2026-03-28 06:00:00,470.2862548828125,191.17675781250006,314.78332519531256,431.0181274414063,573.3708190917969,777.0007629394531,2026-03-28
2026-03-28 07:00:00,302.5,146.92398071289068,253.81871795654303,364.0602416992188,514.2034149169922,723.8721771240234,2026-03-28
2026-03-28 08:00:00,302.5,162.77044677734375,251.79229736328125,352.9006042480469,494.4920196533203,702.6117706298828,2026-03-28
2026-03-28 09:00:00,305.0,182.82430267333984,258.5510482788086,350.0509338378906,481.7251205444336,686.1897048950195,2026-03-28
2026-03-28 10:00:00,297.5,212.16643524169922,283.5311050415039,372.0101013183594,494.2646713256836,695.3994216918945,2026-03-28
2026-03-28 11:00:00,345.0,268.9391784667969,336.08738708496094,422.4437255859375,547.1032409667969,742.5042877197266,2026-03-28
2026-03-28 12:00:00,373.78424072265625,221.61180877685553,283.52390289306646,361.2966918945313,481.14752960205084,672.9739456176758,2026-03-28
2026-03-28 13:00:00,453.5327453613281,199.82736206054688,258.8441619873047,325.5099182128906,436.3433532714844,625.0968780517578,2026-03-28
2026-03-28 14:00:00,448.5012512207031,256.2536926269531,313.38926696777344,379.6927185058594,489.47251892089844,679.0599060058594,2026-03-28
2026-03-28 15:00:00,398.2539978027344,236.2108612060547,299.1940612792969,374.2275390625,491.5045166015625,684.1853179931641,2026-03-28
2026-03-28 16:00:00,276.7244873046875,138.83959197998047,216.92716217041016,306.925537109375,436.9439163208008,646.2677841186523,2026-03-28
2026-03-28 17:00:00,200.78775024414065,38.07675170898435,142.73269653320307,253.53912353515625,401.9586944580078,619.9066925048828,2026-03-28
2026-03-28 18:00:00,281.3104858398437,37.92582702636716,148.5756683349609,272.3102111816406,426.09906005859375,646.6740112304688,2026-03-28
2026-03-28 19:00:00,222.99349975585935,27.9112548828125,143.59765625,267.73907470703125,415.37109375,627.53076171875,2026-03-28
2026-03-28 20:00:00,260.0,26.362518310546932,149.42854309082037,271.0792236328125,410.57833862304693,610.68310546875,2026-03-28
2026-03-28 21:00:00,225.0,32.67378234863281,162.5984649658203,279.7872314453125,411.41424560546875,600.7008056640625,2026-03-28
2026-03-28 22:00:00,210.9750061035156,19.654861450195312,157.42399597167966,270.82720947265625,387.18145751953125,568.1293334960938,2026-03-28
2026-03-28 23:00:00,115.69650268554688,-72.98728942871094,72.76727294921875,185.59478759765625,295.66943359375006,467.07598876953125,2026-03-28
2026-03-29 00:00:00,179.2480010986328,168.04974365234375,225.13872528076172,268.2076110839844,315.3529510498047,402.7604064941406,2026-03-29
2026-03-29 01:00:00,250.2845001220703,177.4272918701172,244.30429077148438,298.6360778808594,361.37400817871094,474.22621154785156,2026-03-29
2026-03-29 02:00:00,267.5,173.4034194946289,243.66284942626953,304.5867614746094,378.63716888427734,510.29418182373047,2026-03-29
2026-03-29 03:00:00,166.354248046875,154.91419982910156,223.89016723632812,289.4500732421875,371.3655090332031,515.6385803222656,2026-03-29
2026-03-29 04:00:00,285.0,147.60504150390625,212.5922088623047,277.0596618652344,362.5302734375,516.0543670654297,2026-03-29
2026-03-29 05:00:00,292.5,159.23495483398438,216.5135040283203,280.00665283203125,366.7611389160156,526.5630187988281,2026-03-29
2026-03-29 06:00:00,292.5,166.6910400390625,215.83677673339844,275.32958984375,363.7314147949219,529.2802734375,2026-03-29
2026-03-29 07:00:00,277.5,80.29948425292969,120.79917907714844,173.0392303466797,257.57859802246094,419.72264099121094,2026-03-29
2026-03-29 08:00:00,253.4302520751953,61.51530456542969,91.4375,133.12249755859375,207.228271484375,361.79490661621094,2026-03-29
2026-03-29 09:00:00,275.0,52.44725036621094,76.05451965332031,110.36134338378906,178.4228973388672,328.84991455078125,2026-03-29
2026-03-29 10:00:00,280.0,97.74008178710938,118.61822509765625,150.4010772705078,212.4995880126953,360.0087127685547,2026-03-29
2026-03-29 11:00:00,287.5,138.34922790527344,158.5251007080078,189.79571533203125,254.08782958984375,402.95745849609375,2026-03-29
2026-03-29 12:00:00,295.25,177.4865264892578,196.68409729003906,229.49859619140625,297.5659484863281,451.0620422363281,2026-03-29
2026-03-29 13:00:00,273.6507568359375,130.4955291748047,152.0180206298828,185.28016662597656,258.00022888183594,416.6548309326172,2026-03-29
2026-03-29 14:00:00,287.5,63.83589172363281,86.81134033203125,121.99789428710938,196.46726989746094,357.85508728027344,2026-03-29
2026-03-29 15:00:00,305.0,-83.251220703125,-57.05320739746094,-19.96786499023437,53.85279846191406,217.98344421386722,2026-03-29
2026-03-29 16:00:00,447.5,-93.50912475585938,-58.694732666015625,-13.2801513671875,67.09046936035156,239.37440490722656,2026-03-29
2026-03-29 17:00:00,405.0,-59.799072265625,-13.661941528320312,46.7962646484375,142.482666015625,323.7278747558594,2026-03-29
2026-03-29 18:00:00,412.5,184.4268035888672,240.64016723632812,315.03485107421875,422.6875457763672,612.2188262939453,2026-03-29
2026-03-29 19:00:00,284.9027404785156,207.76949310302734,271.12256622314453,349.0783386230469,459.8501968383789,650.9314956665039,2026-03-29
2026-03-29 20:00:00,256.4339904785156,197.645751953125,267.3173522949219,344.5688171386719,452.3280792236328,639.2808380126953,2026-03-29
2026-03-29 21:00:00,249.04649353027344,365.09296417236334,434.13661956787115,509.6121215820313,614.5192337036133,799.5103988647461,2026-03-29
2026-03-29 22:00:00,282.5,244.6179962158203,315.04290771484375,387.72802734375,485.94114685058594,668.2813568115234,2026-03-29
2026-03-29 23:00:00,297.5,292.80438232421875,366.1858673095703,438.8858642578125,537.7262115478516,719.2396545410156,2026-03-29
2026-03-30 00:00:00,300.0,314.03099060058594,377.8573913574219,417.1435546875,455.8802795410156,521.7768859863281,2026-03-30
2026-03-30 01:00:00,312.5,318.37384033203125,403.78240966796875,455.86138916015625,507.06549072265625,591.4902648925781,2026-03-30
2026-03-30 02:00:00,447.7777404785156,252.23478698730474,351.2948455810547,412.9539184570313,474.62255859375006,573.7432250976562,2026-03-30
2026-03-30 03:00:00,682.9337768554688,244.4033966064453,351.3506622314453,423.0321044921875,493.4121398925781,604.8643798828125,2026-03-30
2026-03-30 04:00:00,682.509521484375,190.86583709716797,301.3245239257812,379.44573974609375,457.82720947265625,577.7456970214844,2026-03-30
2026-03-30 05:00:00,612.0905151367188,155.00207519531247,265.4709930419922,349.2841186523437,434.1357727050781,563.60107421875,2026-03-30
2026-03-30 06:00:00,630.75,149.47691345214844,261.0795135498047,350.8493957519531,443.9853820800781,583.6586608886719,2026-03-30
2026-03-30 07:00:00,312.5,124.92413330078122,235.35473632812497,328.7055969238281,427.92970275878906,569.1045684814453,2026-03-30
2026-03-30 08:00:00,257.5,96.47572326660156,197.9198760986328,289.8294982910156,387.8543243408203,528.5425872802734,2026-03-30
2026-03-30 09:00:00,290.0,-38.837005615234375,56.13250732421875,145.92886352539062,243.79843139648435,385.1424865722656,2026-03-30
2026-03-30 10:00:00,300.0,-21.83538055419922,70.1858901977539,160.0378875732422,255.2184829711914,396.4317855834961,2026-03-30
2026-03-30 11:00:00,387.0,-91.0484848022461,-1.1952590942382812,88.99372863769531,185.8845443725586,327.64916229248047,2026-03-30
2026-03-30 12:00:00,402.5,-107.20803833007812,-17.9547882080078,72.29617309570312,171.41423034667974,315.1833648681641,2026-03-30
2026-03-30 13:00:00,450.0,-51.37353515625,39.299346923828125,129.09408569335938,229.59504699707034,376.9391326904297,2026-03-30
2026-03-30 14:00:00,645.13623046875,3.20635986328125,94.51104736328124,187.1292724609375,290.37742614746094,441.0071258544922,2026-03-30
2026-03-30 15:00:00,302.5,-60.079559326171875,35.43928527832031,132.7847442626953,240.12588500976562,393.9629058837891,2026-03-30
2026-03-30 16:00:00,302.5,-59.71180725097656,46.19709777832031,153.77684020996094,268.6168365478515,429.5898590087891,2026-03-30
2026-03-30 17:00:00,455.0,-23.059295654296847,94.19645690917973,210.967041015625,334.62588500976574,497.4883728027344,2026-03-30
2026-03-30 18:00:00,297.5,67.18873596191406,184.9200439453125,304.4800720214844,428.5614318847656,591.5506896972656,2026-03-30
2026-03-30 19:00:00,297.5,77.70564270019534,191.02156066894534,305.2514343261719,422.21229553222656,578.1021270751953,2026-03-30
2026-03-30 20:00:00,295.0,71.91156005859375,183.79534912109375,293.66314697265625,403.2250061035156,551.4783630371094,2026-03-30
2026-03-30 21:00:00,295.0,47.814453125,158.65472412109375,266.2648010253906,373.33416748046875,516.8487548828125,2026-03-30
2026-03-30 22:00:00,280.0,67.76617431640625,180.71604919433594,287.72369384765625,390.9710083007813,530.3045654296875,2026-03-30
2026-03-30 23:00:00,215.0,34.12340545654297,147.34596252441403,253.43829345703125,357.88348388671875,495.3642578125,2026-03-30
2026-03-31 00:00:00,262.5,185.22253417968747,252.9159545898437,298.28631591796875,346.1925964355469,432.75775146484375,2026-03-31
2026-03-31 01:00:00,277.5,134.21106719970703,221.38880920410156,282.6725769042969,347.3150939941406,460.3389587402344,2026-03-31
2026-03-31 02:00:00,250.0,75.39582061767578,177.77645874023438,250.9185333251953,329.0106658935547,460.97770690917974,2026-03-31
2026-03-31 03:00:00,118.91999816894533,11.263656616210966,125.26031494140628,211.0279235839844,300.630615234375,450.15167236328125,2026-03-31
2026-03-31 04:00:00,74.80774688720703,-25.31494140625,93.64216613769531,187.64244079589844,287.3665313720703,448.8689727783203,2026-03-31
2026-03-31 05:00:00,-47.83000183105469,-179.95704650878906,-61.57731628417969,38.10357666015625,145.94314575195318,318.4961853027344,2026-03-31
2026-03-31 06:00:00,-50.0,-220.33090209960938,-103.43037414550781,1.941436767578125,121.24363708496094,308.1695098876953,2026-03-31
2026-03-31 07:00:00,-43.2822494506836,-224.9349365234375,-113.3153533935547,-5.60223388671875,122.01057434082031,314.67530822753906,2026-03-31
2026-03-31 08:00:00,-50.0,-223.71302795410156,-125.99736022949219,-22.45611572265625,103.39285278320312,294.5861511230469,2026-03-31
2026-03-31 09:00:00,-50.0,-203.93296813964844,-116.06776428222656,-17.127288818359375,107.33634948730472,300.07516479492193,2026-03-31
2026-03-31 10:00:00,-50.0,-187.27747344970703,-103.06945037841798,-3.57373046875,120.71417999267577,318.60553741455084,2026-03-31
2026-03-31 11:00:00,-50.0,-166.87247467041016,-82.5516586303711,20.141876220703125,151.77437591552737,354.9765701293946,2026-03-31
2026-03-31 12:00:00,-50.0,-155.8517074584961,-70.54235076904297,34.1483154296875,169.3335189819336,374.68032073974615,2026-03-31
2026-03-31 13:00:00,-50.0,-187.8363037109375,-99.0448760986328,4.719146728515625,139.0322723388672,343.93437194824224,2026-03-31
2026-03-31 14:00:00,-50.0,-202.1070556640625,-114.63352966308594,-11.54638671875,120.67897033691406,322.9077606201172,2026-03-31
2026-03-31 15:00:00,-50.0,-207.25196838378906,-118.98002624511719,-16.358642578125,115.54580688476562,316.86138916015625,2026-03-31
2026-03-31 16:00:00,-50.03799819946289,-180.39154052734375,-84.91195678710938,23.911773681640625,158.95912170410156,363.6688690185547,2026-03-31
2026-03-31 17:00:00,197.5,24.37677001953122,132.93269348144526,252.19808959960935,396.97625732421875,603.3881225585938,2026-03-31
2026-03-31 18:00:00,207.5,132.19686889648438,245.5055694580078,369.132568359375,515.3780822753906,720.1327819824219,2026-03-31
2026-03-31 19:00:00,211.75,120.57583618164062,231.93136596679688,349.6298522949219,487.73663330078125,684.020751953125,2026-03-31
2026-03-31 20:00:00,231.4564971923828,150.36203002929693,260.1354064941407,371.8595581054688,500.6380920410157,685.2866516113281,2026-03-31
2026-03-31 21:00:00,290.0,276.5234375,384.17486572265625,490.907470703125,613.84814453125,790.1078491210938,2026-03-31
2026-03-31 22:00:00,300.0,438.81581115722656,547.8253479003906,651.79443359375,768.1087036132812,935.8478393554688,2026-03-31
2026-03-31 23:00:00,347.5,563.828010559082,675.9543304443359,778.8108520507812,895.0949096679688,1059.0924072265625,2026-03-31
2026-04-01 00:00:00,412.5,192.22998046875,264.8544006347656,306.6640930175781,344.91314697265625,406.4084777832031,2026-04-01
2026-04-01 01:00:00,567.8695068359375,159.40470886230463,253.29837036132807,308.963623046875,360.4544067382812,440.9982299804687,2026-04-01
2026-04-01 02:00:00,500.0,148.3984985351562,257.99182128906244,326.2450561523437,389.6774291992187,489.01257324218744,2026-04-01
2026-04-01 03:00:00,500.0,83.89897155761713,202.01660156249991,282.5492553710937,356.6202392578125,472.7501831054687,2026-04-01
2026-04-01 04:00:00,452.5,84.07415771484375,198.70269775390625,286.4493103027344,371.0848388671875,501.8431701660157,2026-04-01
2026-04-01 05:00:00,500.0,173.89047241210938,276.0366516113281,366.35498046875,461.0458526611328,609.9157867431641,2026-04-01
2026-04-01 06:00:00,457.5,118.33174133300781,207.66009521484375,299.249267578125,407.6425476074219,576.0065002441406,2026-04-01
2026-04-01 07:00:00,372.5,86.56636047363284,163.09193420410156,253.7877349853516,375.15858459472656,554.7112426757812,2026-04-01
2026-04-01 08:00:00,160.0,-124.5470962524414,-64.0218276977539,21.602020263671875,142.5663070678711,327.6893997192383,2026-04-01
2026-04-01 09:00:00,260.0,-113.7490234375,-65.19747924804688,13.97906494140625,132.529296875,319.71565246582026,2026-04-01
2026-04-01 10:00:00,268.3697509765625,32.52534484863281,75.39486694335938,150.87612915039062,263.2209167480469,450.3315124511719,2026-04-01
2026-04-01 11:00:00,156.2364959716797,90.172607421875,129.36756896972656,200.86398315429688,314.8033905029297,502.7704925537109,2026-04-01
2026-04-01 12:00:00,237.5,-14.16778564453125,21.966842651367188,88.64210510253906,201.24757385253906,389.10743713378906,2026-04-01
2026-04-01 13:00:00,117.03900146484376,-90.41305541992188,-54.21379089355469,6.29119873046875,114.5203857421875,301.3256072998047,2026-04-01
2026-04-01 14:00:00,62.5,-116.00758361816406,-78.46867370605469,-16.6453857421875,90.27572631835936,274.3835754394531,2026-04-01
2026-04-01 15:00:00,-50.0,-144.98118591308594,-99.56245422363281,-31.239166259765625,77.78585815429688,260.0513000488281,2026-04-01
2026-04-01 16:00:00,32.5,-162.18038940429688,-100.20562744140625,-19.3173828125,96.35890197753909,283.94285583496094,2026-04-01
2026-04-01 17:00:00,295.0,-78.3328857421875,8.945205688476562,108.74185180664062,237.7850341796875,426.86865234375,2026-04-01
2026-04-01 18:00:00,302.5,34.08515930175781,134.04400634765625,245.72608947753903,376.7481689453125,560.3656616210938,2026-04-01
2026-04-01 19:00:00,370.0,66.00448608398438,170.56668090820312,280.270263671875,402.51861572265625,575.6564331054688,2026-04-01
2026-04-01 20:00:00,450.0,8.989990234375057,117.42799377441412,222.2116241455078,333.8056182861329,493.4433746337891,2026-04-01
2026-04-01 21:00:00,450.0,-13.027763366699247,98.20819091796866,199.5301818847656,306.18426513671875,456.0892639160156,2026-04-01
2026-04-01 22:00:00,327.854736328125,-30.54541778564453,87.72480773925781,188.20703125,290.07501220703125,432.99774169921875,2026-04-01
2026-04-01 23:00:00,273.468994140625,-15.417259216308594,106.3433837890625,206.1238250732422,308.01780700683594,445.01158142089844,2026-04-01
2026-04-02 00:00:00,287.5,96.25497436523438,162.8833618164062,208.038818359375,253.8326416015625,330.48455810546875,2026-04-02
2026-04-02 01:00:00,350.0,160.34356689453125,244.85137939453125,305.72216796875,368.21630859375,470.2670593261719,2026-04-02
2026-04-02 02:00:00,285.0,113.56117248535156,212.6124267578125,285.6171569824219,360.7642822265625,481.7972412109375,2026-04-02
2026-04-02 03:00:00,280.0,91.54035949707031,198.62725830078125,282.31854248046875,367.90936279296875,503.80426025390625,2026-04-02
2026-04-02 04:00:00,127.75,78.53581237792969,183.12408447265625,271.4075012207031,365.51409912109375,513.8777160644531,2026-04-02
2026-04-02 05:00:00,10.0,30.529388427734375,126.35557556152344,215.36471557617188,314.8123474121094,474.1596984863281,2026-04-02
2026-04-02 06:00:00,-50.0,72.34367370605469,161.09812927246094,251.72772216796875,359.9248046875,532.7188720703125,2026-04-02
2026-04-02 07:00:00,-47.21749877929688,-22.21099090576172,56.80535125732422,146.0428466796875,262.3077163696289,442.35591888427734,2026-04-02
2026-04-02 08:00:00,-50.0,-132.09120178222656,-67.08103942871094,16.193634033203125,130.57168579101562,311.9654083251953,2026-04-02
2026-04-02 09:00:00,-50.0,-126.04379272460938,-72.08229064941406,4.455718994140625,116.98634338378906,299.6668701171875,2026-04-02
2026-04-02 10:00:00,-50.0,-114.11012268066406,-66.20597839355469,8.54144287109375,120.46029663085938,309.4398956298828,2026-04-02
2026-04-02 11:00:00,-50.0,-130.0675506591797,-83.81153869628906,-9.053680419921877,111.02516174316406,305.27784729003906,2026-04-02
2026-04-02 12:00:00,-50.0,-128.31874084472656,-84.61376953125,-12.852691650390623,108.86152648925781,305.2862091064453,2026-04-02
2026-04-02 13:00:00,-50.0,-127.6221923828125,-83.55885314941406,-18.25155639648437,97.79896545410156,292.87579345703125,2026-04-02
2026-04-02 14:00:00,-50.0,-127.199462890625,-84.45828247070312,-20.57391357421875,90.01997375488281,278.9454650878906,2026-04-02
2026-04-02 15:00:00,-50.0,-144.5833740234375,-95.54681396484375,-28.92269897460937,80.17227172851562,265.2721557617187,2026-04-02
2026-04-02 16:00:00,-51.0359992980957,-163.70599365234375,-98.00930786132812,-18.058074951171875,97.36566162109375,289.3068237304688,2026-04-02
2026-04-02 17:00:00,1.5,-178.97763061523438,-87.34530639648438,13.19720458984375,143.13372802734375,339.91094970703125,2026-04-02
2026-04-02 18:00:00,186.5,-173.79901123046875,-72.3255386352539,38.33999633789063,171.57266235351562,364.8216857910156,2026-04-02
2026-04-02 19:00:00,165.88475036621094,-172.74513244628903,-69.22050476074216,38.68272399902344,165.17890930175784,349.6471710205078,2026-04-02
2026-04-02 20:00:00,-30.572250366210938,-195.31446838378906,-89.96644592285156,13.011077880859377,130.40994262695312,302.9064636230469,2026-04-02
2026-04-02 21:00:00,-27.17374992370605,-191.93402099609375,-87.78984069824219,11.271942138671877,123.299560546875,288.262939453125,2026-04-02
2026-04-02 22:00:00,-54.85599899291992,-198.87229919433594,-93.55148315429688,1.795928955078125,107.57302856445312,265.72589111328125,2026-04-02
2026-04-02 23:00:00,-50.946998596191406,-205.12886810302734,-98.89254760742188,-4.9898681640625,99.97586059570312,253.14584350585938,2026-04-02
2026-04-03 00:00:00,-50.946998596191406,-59.64860534667969,-41.89231872558594,-15.8026123046875,21.478240966796875,99.83674621582031,2026-04-03
2026-04-03 01:00:00,-50.0,-77.88221740722656,-59.41920471191406,-21.93609619140625,37.0438232421875,154.30982971191406,2026-04-03
2026-04-03 02:00:00,-50.0,-92.84321594238281,-72.64340209960938,-23.82666015625,52.56566619873047,195.44055175781253,2026-04-03
2026-04-03 03:00:00,-50.0,-105.02964782714844,-83.19642639160156,-26.466949462890625,64.73674774169922,229.1442413330078,2026-04-03
2026-04-03 04:00:00,-50.0,-97.87287902832031,-77.03964233398438,-15.103271484375,87.50541687011719,267.30384826660156,2026-04-03
2026-04-03 05:00:00,-50.0,-101.84724426269531,-83.57124328613281,-20.80157470703125,85.95381164550781,278.6864471435547,2026-04-03
2026-04-03 06:00:00,-50.0,-101.36386108398438,-82.654052734375,-24.325225830078125,86.18708038330078,288.199462890625,2026-04-03
2026-04-03 07:00:00,-50.0,-101.18211364746094,-83.49757385253906,-29.788726806640625,81.46200561523436,288.09388732910156,2026-04-03
2026-04-03 08:00:00,-50.0,-87.40411376953125,-75.32025146484375,-26.83636474609375,77.19467163085938,280.9295959472656,2026-04-03
2026-04-03 09:00:00,-50.0,-82.20687866210938,-71.89852905273438,-27.93588256835937,69.67195892333984,270.67730712890625,2026-04-03
2026-04-03 10:00:00,-50.0,-71.14311218261719,-58.987350463867195,-15.467742919921877,75.31509399414062,271.14097595214844,2026-04-03
2026-04-03 11:00:00,-50.0,-79.34695434570312,-63.12506103515625,-17.949554443359375,77.9299545288086,274.1589050292969,2026-04-03
2026-04-03 12:00:00,-50.0,-91.00146484375,-72.729248046875,-27.296417236328125,70.77183532714844,267.4399108886719,2026-04-03
2026-04-03 13:00:00,-50.0,-91.94131469726562,-71.47381591796875,-27.603759765625,70.50752258300781,267.5450134277344,2026-04-03
2026-04-03 14:00:00,-50.0,-96.38825988769531,-73.95246887207031,-28.475006103515625,71.66403961181642,268.99961853027344,2026-04-03
2026-04-03 15:00:00,-50.0,-103.13150024414062,-75.78030395507812,-23.808349609375,78.60857391357422,278.9747314453125,2026-04-03
2026-04-03 16:00:00,-50.0,-138.50657653808594,-94.67793273925781,-27.01702880859375,89.31512451171875,304.53395080566406,2026-04-03
2026-04-03 17:00:00,294.0,-21.042037963867188,51.81288146972656,145.7776641845703,289.69606018066406,517.2138824462891,2026-04-03
2026-04-03 18:00:00,371.75,110.33889770507812,192.67884826660156,303.7752380371094,461.16424560546875,693.6274108886719,2026-04-03
2026-04-03 19:00:00,423.25,164.40354919433594,249.2971954345703,360.8529357910156,516.3389739990234,744.9036407470703,2026-04-03
2026-04-03 20:00:00,525.0,530.4290618896484,619.8140563964844,728.5989990234375,878.3235626220703,1098.474594116211,2026-04-03
2026-04-03 21:00:00,500.0,414.01536560058594,508.4513626098633,615.9349365234375,762.6619873046875,977.8906860351562,2026-04-03
2026-04-03 22:00:00,367.0,146.52612304687497,246.68819427490232,354.379150390625,497.39703369140625,704.7007141113281,2026-04-03
2026-04-03 23:00:00,212.5,81.23255920410156,180.07061004638672,290.1953125,433.9497833251953,635.4055938720703,2026-04-03
2026-04-04 00:00:00,277.5,193.26079559326175,256.8292236328125,302.33526611328125,348.9227294921875,428.08203125,2026-04-04
2026-04-04 01:00:00,89.72474670410156,100.59681701660156,177.26133728027344,240.8914031982422,312.7070007324219,428.6044921875,2026-04-04
2026-04-04 02:00:00,-48.99599838256836,-0.25146484375,82.83264923095703,161.50653076171875,254.1745147705078,395.59288024902344,2026-04-04
2026-04-04 03:00:00,-50.0,-140.1918487548828,-58.57805633544922,26.9110107421875,132.38172912597656,294.4130096435547,2026-04-04
2026-04-04 04:00:00,94.60749816894533,-150.22084045410156,-82.19367980957031,-0.077117919921875,108.9183349609375,285.6675720214844,2026-04-04
2026-04-04 05:00:00,-48.75,-137.23403930664062,-87.82115173339844,-15.48260498046875,90.78970336914062,272.9633026123047,2026-04-04
2026-04-04 06:00:00,-51.25,-126.04794311523438,-89.27630615234375,-27.65911865234375,74.87309265136719,258.1094512939453,2026-04-04
2026-04-04 07:00:00,-50.0,-107.60005187988281,-80.53546142578125,-31.25091552734375,66.88527679443358,248.35464477539062,2026-04-04
2026-04-04 08:00:00,-50.0,-83.25498962402344,-66.59129333496094,-27.63201904296875,59.18132019042969,233.197509765625,2026-04-04
2026-04-04 09:00:00,-50.0,-69.27484130859375,-59.3829345703125,-28.215240478515625,49.748138427734375,219.8533172607422,2026-04-04
2026-04-04 10:00:00,-50.0,-58.905899047851555,-51.81486511230468,-23.275787353515625,48.91120910644531,217.5852813720703,2026-04-04
2026-04-04 11:00:00,-50.0,-57.4471435546875,-49.89617919921875,-21.865936279296875,56.27081298828125,224.8444366455078,2026-04-04
2026-04-04 12:00:00,-50.0,-60.49317932128906,-52.98197937011719,-27.07086181640625,51.29490661621094,221.04843139648435,2026-04-04
2026-04-04 13:00:00,-50.0,-55.56866455078125,-47.75433349609375,-25.6285400390625,50.20982360839844,221.60630798339844,2026-04-04
2026-04-04 14:00:00,-50.0,-51.89418029785156,-45.29450988769531,-21.88653564453125,55.38006591796875,228.5370635986328,2026-04-04
2026-04-04 15:00:00,-50.0,-66.05604553222656,-53.50038146972656,-23.07647705078125,58.831512451171875,236.8472137451172,2026-04-04
2026-04-04 16:00:00,-50.0,-101.50459289550781,-71.66862487792969,-24.20443725585937,71.8682632446289,266.6324157714844,2026-04-04
2026-04-04 17:00:00,-52.140750885009766,-150.20350646972656,-86.11238098144531,-9.3072509765625,113.10855102539062,322.4873352050781,2026-04-04
2026-04-04 18:00:00,90.5,-131.59072875976562,-50.64385986328125,46.22749328613281,180.7296600341797,393.693344116211,2026-04-04
2026-04-04 19:00:00,181.5,-6.5217437744140625,81.04812622070312,180.2286376953125,311.49432373046875,520.0046997070312,2026-04-04
2026-04-04 20:00:00,133.0,23.48626708984378,119.07373809814456,215.77381896972656,340.09373474121094,537.9156341552734,2026-04-04
2026-04-04 21:00:00,115.75,5.055755615234375,102.2262725830078,193.53390502929688,310.1350402832031,502.1229553222656,2026-04-04
2026-04-04 22:00:00,25.75,28.964462280273438,127.24340820312501,211.824951171875,316.61244201660156,502.9532623291016,2026-04-04
2026-04-04 23:00:00,36.97724914550781,24.27064514160159,121.78637695312503,205.55877685546875,308.5834655761719,493.75244140625,2026-04-04
2026-04-05 00:00:00,-4.130000114440918,175.78225708007812,221.8832550048828,259.7995910644531,303.56590270996094,382.3825378417969,2026-04-05
2026-04-05 01:00:00,16.727249145507812,155.93893432617182,207.65299987792963,257.1010131835937,321.8867797851562,435.1249084472656,2026-04-05
2026-04-05 02:00:00,193.2144927978516,139.70301818847656,190.07606506347656,247.8462371826172,328.69635009765625,465.49920654296875,2026-04-05
2026-04-05 03:00:00,52.64400100708008,151.1984100341797,197.2535400390625,254.3576202392578,343.0079345703125,496.42060852050776,2026-04-05
2026-04-05 04:00:00,283.229736328125,210.0327606201172,244.8817138671875,296.233154296875,385.1377716064453,550.1604614257812,2026-04-05
2026-04-05 05:00:00,267.5,158.0194549560547,181.43917846679688,225.04400634765625,310.05902099609375,478.49681091308594,2026-04-05
2026-04-05 06:00:00,-45.69649887084961,74.36312866210938,91.40155029296875,125.95797729492188,205.8641357421875,373.04827880859375,2026-04-05
2026-04-05 07:00:00,27.054750442504883,-27.638626098632812,-14.987823486328129,10.77227783203125,84.11912536621094,248.9591827392578,2026-04-05
2026-04-05 08:00:00,-50.0,-40.617340087890625,-34.098968505859375,-16.3489990234375,45.80133056640625,204.29278564453125,2026-04-05
2026-04-05 09:00:00,-50.0,-39.12251281738281,-35.70216369628906,-24.68817138671875,29.020416259765625,182.51986694335938,2026-04-05
2026-04-05 10:00:00,-50.0,-32.01837158203124,-29.874359130859368,-20.100860595703125,27.180526733398445,176.69813537597656,2026-04-05
2026-04-05 11:00:00,-50.0,-41.38432312011719,-37.39091491699219,-26.41058349609375,26.854888916015625,175.47206115722656,2026-04-05
2026-04-05 12:00:00,-50.0,-44.93223571777344,-39.49455261230469,-27.412811279296875,28.464401245117188,180.59922790527344,2026-04-05
2026-04-05 13:00:00,-50.0,-42.66075134277344,-35.91886901855469,-23.130523681640625,34.69578552246094,192.90301513671875,2026-04-05
2026-04-05 14:00:00,-50.0,-44.849395751953125,-37.156768798828125,-22.2159423828125,41.11268615722656,206.97198486328125,2026-04-05
2026-04-05 15:00:00,-50.0,-51.48164367675781,-42.01603698730469,-21.13534545898437,48.79545593261719,225.70219421386713,2026-04-05
2026-04-05 16:00:00,-50.0,-78.38186645507812,-56.43162536621094,-20.83700561523437,66.32350158691406,267.5726318359375,2026-04-05
2026-04-05 17:00:00,-0.3597500026226043,-126.71647644042969,-75.05448913574219,-10.856414794921877,107.94692993164062,329.7850036621094,2026-04-05
2026-04-05 18:00:00,101.3582534790039,-24.200668334960938,43.4005126953125,130.3806610107422,267.01658630371094,501.75804138183594,2026-04-05
2026-04-05 19:00:00,171.5,87.24835205078125,159.58153533935547,250.55474853515625,389.43638610839844,626.9313812255859,2026-04-05
2026-04-05 20:00:00,138.0,96.54995727539062,176.58565521240234,266.57452392578125,403.79571533203125,638.982421875,2026-04-05
2026-04-05 21:00:00,307.5,215.97634887695312,300.9727478027344,389.0205078125,524.2244415283203,756.6752166748047,2026-04-05
2026-04-05 22:00:00,295.0,348.9223937988282,438.4512252807618,525.6170043945312,653.6966552734375,879.9835510253906,2026-04-05
2026-04-05 23:00:00,355.0,281.0118713378906,371.23009490966797,459.7752380371094,586.9739379882812,810.2771301269531,2026-04-05
2026-04-06 00:00:00,397.5,241.5398712158203,330.04364013671875,386.6064758300781,440.9850158691406,527.0616760253906,2026-04-06
2026-04-06 01:00:00,465.0,381.9988708496094,494.3214416503906,571.7369995117188,651.6907958984375,772.6396484375,2026-04-06
2026-04-06 02:00:00,440.0,35.458717346191406,159.49609375,253.41525268554688,354.674072265625,503.7069091796875,2026-04-06
2026-04-06 03:00:00,257.5,7.9141998291015625,130.9398345947266,232.4783935546875,349.15966796875,521.330810546875,2026-04-06
2026-04-06 04:00:00,285.0,21.732406616210938,126.27562713623047,225.63650512695312,347.8667755126953,540.2543487548828,2026-04-06
2026-04-06 05:00:00,277.9945068359375,33.95855712890625,112.32649993896484,202.7069091796875,325.0662536621094,525.921142578125,2026-04-06
2026-04-06 06:00:00,-45.64925003051758,16.72528076171875,72.98979187011719,151.38284301757812,271.78358459472656,476.3515167236328,2026-04-06
2026-04-06 07:00:00,74.36849975585938,-37.6597900390625,-0.0976104736328125,62.662017822265625,177.45074462890625,378.74778747558594,2026-04-06
2026-04-06 08:00:00,-50.0,-79.56072998046875,-58.17790222167969,-10.29364013671875,89.14654541015625,281.41917419433594,2026-04-06
2026-04-06 09:00:00,-50.0,-65.20057678222656,-53.69902038574219,-17.644927978515625,69.35891723632812,255.24130249023432,2026-04-06
2026-04-06 10:00:00,-50.0,-61.03358459472656,-52.30751037597656,-20.3179931640625,57.687591552734375,239.63809204101562,2026-04-06
2026-04-06 11:00:00,-50.0,-60.50456237792969,-52.5157470703125,-22.17742919921875,60.60868835449219,241.26461791992188,2026-04-06
2026-04-06 12:00:00,-50.0,-62.16950988769531,-56.02569580078125,-29.53857421875,54.15870666503906,238.22640991210938,2026-04-06
2026-04-06 13:00:00,-50.0,-55.7421875,-49.96379089355469,-27.28717041015625,55.19499206542969,244.81573486328125,2026-04-06
2026-04-06 14:00:00,-50.0,-57.40837097167969,-51.75666809082031,-26.80429077148437,59.732330322265625,255.50930786132812,2026-04-06
2026-04-06 15:00:00,-50.0,-71.80712890625,-60.433868408203125,-26.683349609375,67.23809814453125,269.7525177001953,2026-04-06
2026-04-06 16:00:00,-50.0,-42.49253845214844,-18.565139770507812,29.652740478515625,136.9485321044922,357.8740234375,2026-04-06
2026-04-06 17:00:00,69.8324966430664,56.33187103271483,105.02410125732422,178.38223266601562,310.48865509033203,546.359001159668,2026-04-06
2026-04-06 18:00:00,225.6647491455078,149.11670684814453,216.08429718017578,310.5039978027344,456.20482635498047,698.9787826538086,2026-04-06
2026-04-06 19:00:00,204.0,174.63970947265625,253.38058471679688,352.799560546875,497.1311340332031,737.2178039550781,2026-04-06
2026-04-06 20:00:00,162.92825317382812,153.98992919921875,244.76341247558594,343.7436828613281,482.08203124999994,711.7978515625,2026-04-06
2026-04-06 21:00:00,245.8789978027344,138.4860076904297,236.98709106445312,331.77154541015625,461.20481872558594,681.2933807373047,2026-04-06
2026-04-06 22:00:00,392.5,114.88507080078125,221.91742706298828,313.6454772949219,429.16755676269526,640.6338043212891,2026-04-06
2026-04-06 23:00:00,455.0,92.27297973632812,206.97443389892578,299.88922119140625,411.0711212158203,617.6510162353516,2026-04-06
2026-04-07 00:00:00,396.5,119.59124755859375,216.75332641601562,275.5048828125,327.2047119140625,400.75543212890625,2026-04-07
2026-04-07 01:00:00,392.5,120.0576171875,250.37545776367188,327.21453857421875,396.89849853515625,492.5362548828125,2026-04-07
2026-04-07 02:00:00,917.0,97.8673095703125,243.50885009765625,333.620361328125,417.44342041015625,533.2340698242188,2026-04-07
2026-04-07 03:00:00,677.5,43.987548828125,191.52352905273438,290.23297119140625,387.5533752441407,526.2481384277344,2026-04-07
2026-04-07 04:00:00,500.0,8.765106201171932,139.90620422363287,243.5690460205078,355.5661773681641,517.5241851806641,2026-04-07
2026-04-07 05:00:00,417.5,32.87782287597662,136.68241882324224,237.926513671875,358.87997436523443,539.2530822753906,2026-04-07
2026-04-07 06:00:00,285.0,45.5879821777344,121.6620788574219,212.8503570556641,339.65892028808594,533.2925872802736,2026-04-07
2026-04-07 07:00:00,115.0,-105.46501159667969,-52.61256408691406,26.04623413085937,154.81912231445312,352.6626892089844,2026-04-07
2026-04-07 08:00:00,282.5,-120.40325927734375,-85.94607543945312,-20.584869384765625,96.03669738769531,289.50280761718744,2026-04-07
2026-04-07 09:00:00,132.5,-99.25363159179688,-76.90347290039062,-23.7220458984375,79.07606506347656,265.8094177246094,2026-04-07
2026-04-07 10:00:00,0.0,-85.95448303222656,-66.92753601074219,-19.07464599609375,72.4945297241211,253.00912475585938,2026-04-07
2026-04-07 11:00:00,0.0,-18.122817993164062,-0.919219970703125,43.001007080078125,134.57437133789062,309.2389373779297,2026-04-07
2026-04-07 12:00:00,0.0,-31.968643188476562,-17.39698791503907,19.371246337890625,107.18409729003906,279.0337677001953,2026-04-07
2026-04-07 13:00:00,0.0,-52.635498046875,-39.85389709472656,-11.118896484375,71.04243469238281,244.5407257080078,2026-04-07
2026-04-07 14:00:00,0.0,-60.80067443847656,-47.46141052246094,-16.840667724609375,67.79129028320312,245.75587463378906,2026-04-07
2026-04-07 15:00:00,-50.0,-80.68247985839844,-59.81327819824219,-19.192779541015625,73.95716857910156,257.8872375488281,2026-04-07
2026-04-07 16:00:00,-11.5,-103.10287475585938,-66.85099792480469,-10.3729248046875,97.98392486572266,302.36875915527344,2026-04-07
2026-04-07 17:00:00,202.5,-129.050537109375,-59.53120422363281,25.540802001953125,161.0419921875,379.71630859375006,2026-04-07
2026-04-07 18:00:00,129.75,-101.71580505371091,-8.930824279785128,99.8472900390625,249.0333404541016,474.68190002441406,2026-04-07
2026-04-07 19:00:00,-9.0,-69.58245849609375,32.63275146484375,145.62490844726562,291.0633850097656,510.81689453125,2026-04-07
2026-04-07 20:00:00,-55.75,-191.31417846679688,-76.1744384765625,35.98162841796875,172.8679809570313,378.401123046875,2026-04-07
2026-04-07 21:00:00,88.0,-230.07736206054688,-102.33584594726562,4.9620361328125,130.11294555664062,322.4493103027344,2026-04-07
2026-04-07 22:00:00,-33.324501037597656,-254.1626968383789,-111.24491882324216,-6.950531005859375,100.63021850585938,281.6922302246094,2026-04-07
2026-04-07 23:00:00,-51.75775146484375,-276.4472351074219,-118.89581298828125,-13.12811279296875,86.02197265625006,255.20013427734375,2026-04-07
2026-04-08 00:00:00,-53.74274826049805,-48.419097900390625,-29.139282226562504,-4.713958740234375,33.03007507324219,118.41787719726564,2026-04-08
2026-04-08 01:00:00,-52.598751068115234,-74.59727478027344,-52.592193603515625,-16.528533935546875,44.32737731933594,171.01869201660156,2026-04-08
2026-04-08 02:00:00,-51.31475067138672,-79.49287414550781,-56.466400146484375,-9.55224609375,70.77789306640624,225.02885437011716,2026-04-08
2026-04-08 03:00:00,-50.0,-78.80680847167969,-58.09178161621094,-6.88275146484375,86.7187271118164,260.9727783203125,2026-04-08
2026-04-08 04:00:00,-50.56499862670898,-80.37269592285156,-64.14028930664062,-15.340667724609377,80.59307098388672,266.5609130859375,2026-04-08
2026-04-08 05:00:00,-48.83174896240234,-58.093658447265625,-49.35731506347656,-6.73577880859375,83.11886596679688,271.68022155761713,2026-04-08
2026-04-08 06:00:00,-46.853248596191406,-40.43304443359375,-33.47860717773438,0.079345703125,81.9223861694336,264.54364013671875,2026-04-08
2026-04-08 07:00:00,-48.067501068115234,-42.75360107421875,-36.194610595703125,-10.106964111328123,61.61030578613281,240.10928344726565,2026-04-08
2026-04-08 08:00:00,-50.0,-51.97389221191406,-46.774032592773445,-24.5638427734375,39.503936767578125,210.9590301513672,2026-04-08
2026-04-08 09:00:00,-50.0,-49.825164794921875,-44.116943359375,-23.4908447265625,37.2730712890625,206.41427612304688,2026-04-08
2026-04-08 10:00:00,-50.54850006103516,-46.154449462890625,-41.31671142578125,-20.00018310546875,38.6778564453125,206.3603668212891,2026-04-08
2026-04-08 11:00:00,-41.979000091552734,11.80059814453125,18.477462768554688,41.47761535644531,105.612060546875,277.09413146972656,2026-04-08
2026-04-08 12:00:00,-52.53350067138672,-7.2845001220703125,0.6347808837890554,24.438751220703125,92.79557800292969,268.1403503417969,2026-04-08
2026-04-08 13:00:00,-51.747501373291016,-10.940597534179688,-1.7946014404296875,22.2601318359375,94.03823852539062,275.53887939453125,2026-04-08
2026-04-08 14:00:00,30.75,-6.1568603515625,2.88128662109375,28.563140869140625,105.25492858886719,293.3100128173828,2026-04-08
2026-04-08 15:00:00,149.2657470703125,-20.126495361328125,-9.068466186523441,21.165191650390625,102.56910705566406,300.7579040527343,2026-04-08
2026-04-08 16:00:00,179.72850036621094,58.698516845703125,82.80072021484375,127.46571350097656,224.23741149902344,442.525390625,2026-04-08
2026-04-08 17:00:00,150.9147491455078,143.89551544189453,190.16190338134766,260.9705810546875,389.33000946044916,626.2915267944336,2026-04-08
2026-04-08 18:00:00,199.0,143.04286193847656,205.6368408203125,300.1885986328125,449.9092559814453,701.9984588623047,2026-04-08
2026-04-08 19:00:00,209.0,130.61264038085938,203.02996826171875,305.01739501953125,460.7721862792969,719.3569030761719,2026-04-08
2026-04-08 20:00:00,70.5,123.85855102539062,204.56353759765625,307.69549560546875,464.53863525390625,721.088134765625,2026-04-08
2026-04-08 21:00:00,208.9960021972656,111.69175720214844,198.58456420898438,301.60552978515625,456.31982421875,711.5604858398438,2026-04-08
2026-04-08 22:00:00,185.34649658203125,65.17060852050781,159.42549896240234,262.94879150390625,412.4698944091797,661.1838226318359,2026-04-08
2026-04-08 23:00:00,257.2304992675781,31.262710571289006,127.43696594238276,234.88430786132807,384.37638854980463,632.4518280029297,2026-04-08
2026-04-09 00:00:00,282.5,48.32374572753909,131.37759399414065,192.9810943603516,252.02397155761722,340.83055114746094,2026-04-09
2026-04-09 01:00:00,280.0,-31.750381469726562,67.86256408691406,149.55654907226562,233.9224853515625,357.46636962890625,2026-04-09
2026-04-09 02:00:00,247.5,7.342735290527344,114.50701904296875,211.00439453125,314.69113159179693,461.7262268066406,2026-04-09
2026-04-09 03:00:00,55.89125061035156,22.323532104492188,129.68255615234375,233.66807556152344,351.13191223144537,518.5223541259766,2026-04-09
2026-04-09 04:00:00,198.19924926757807,39.67704772949213,134.9763565063476,241.49407958984372,370.21830749511713,554.6725311279297,2026-04-09
2026-04-09 05:00:00,197.9982452392578,-9.870269775390625,68.03315734863281,170.20098876953125,302.0647888183594,497.69210815429693,2026-04-09
2026-04-09 06:00:00,57.98949813842773,-19.23418426513672,44.71929168701172,136.3021240234375,267.43872833251953,467.6109390258789,2026-04-09
2026-04-09 07:00:00,0.0,-129.24501037597656,-78.57243347167969,1.8255615234375,129.80014038085938,329.56904602050787,2026-04-09
2026-04-09 08:00:00,-50.0,-127.26646423339844,-86.74443054199219,-15.483306884765623,102.61375427246094,297.08119201660156,2026-04-09
2026-04-09 09:00:00,-50.0,-119.51274108886719,-84.66304016113281,-20.94012451171875,88.01426696777344,277.57020568847656,2026-04-09
2026-04-09 10:00:00,-37.5,-98.55450439453125,-66.57476806640625,-6.031463623046875,96.61322021484375,283.6480712890625,2026-04-09
2026-04-09 11:00:00,19.03274917602539,-107.58868408203125,-76.83447265625,-17.029052734375,90.24739074707031,276.17567443847656,2026-04-09
2026-04-09 12:00:00,273.5,-108.43936157226562,-78.36216735839844,-22.59185791015625,84.32115173339844,269.9646301269531,2026-04-09
2026-04-09 13:00:00,170.0,-88.64865112304688,-58.2208251953125,-8.162841796875,94.70059204101562,281.76191711425776,2026-04-09
2026-04-09 14:00:00,140.0,-98.74627685546875,-68.25987243652344,-15.81414794921875,91.26638793945312,283.0907440185547,2026-04-09
2026-04-09 15:00:00,17.5,-126.89964294433594,-89.13700866699219,-27.728759765625,86.09461975097656,280.7955474853515,2026-04-09
2026-04-09 16:00:00,-50.0,-146.60042572021484,-93.81438446044922,-19.184539794921875,103.39775848388672,306.98706817626953,2026-04-09
2026-04-09 17:00:00,155.75,-99.24058532714844,-22.711036682128906,72.62191772460938,212.4632110595703,422.2767181396485,2026-04-09
2026-04-09 18:00:00,250.0,37.366607666015625,131.97789764404297,246.19732666015625,394.63525390625,606.9034118652344,2026-04-09
2026-04-09 19:00:00,267.8659973144531,53.37001037597656,158.73721313476562,276.1914978027344,420.44207763671875,627.9317321777344,2026-04-09
2026-04-09 20:00:00,350.0,-23.72344970703122,88.17167663574222,203.0650329589844,339.9920959472656,535.6683044433594,2026-04-09
2026-04-09 21:00:00,256.5385131835937,-120.71134948730469,-2.6982574462890625,108.57595825195312,240.45950317382818,429.3416442871094,2026-04-09
2026-04-09 22:00:00,324.07000732421875,-158.99609375,-34.08113098144531,75.67134094238281,199.46412658691412,382.39466857910156,2026-04-09
2026-04-09 23:00:00,282.5,-94.02412414550781,33.532806396484375,145.48377990722656,267.64125061035156,445.5287628173828,2026-04-09
2026-04-10 00:00:00,267.5,81.96972656250006,164.80838012695318,223.2662353515625,281.3015136718751,368.2694702148438,2026-04-10
2026-04-10 01:00:00,230.0,21.704925537109403,123.80433654785162,203.3965759277344,289.1745300292969,415.565673828125,2026-04-10
2026-04-10 02:00:00,156.6719970703125,-100.79270935058588,10.748229980468778,106.55831909179688,214.9905700683595,370.5532531738282,2026-04-10
2026-04-10 03:00:00,200.0,-182.98005676269528,-72.31222534179685,30.12091064453125,154.2853698730469,332.3893737792969,2026-04-10
2026-04-10 04:00:00,262.5,-167.37326049804688,-71.65860748291016,28.65399169921875,158.91839599609375,355.4783935546875,2026-04-10
2026-04-10 05:00:00,262.5,-136.0606231689453,-59.37504577636719,34.63006591796875,164.70327758789062,368.3675231933594,2026-04-10
2026-04-10 06:00:00,99.9187469482422,-125.35135650634766,-66.09510040283203,15.97705078125,142.44881439208984,347.43238067626953,2026-04-10
2026-04-10 07:00:00,8.789250373840332,-114.28254699707031,-69.72276306152344,-1.8524169921875,117.69869995117188,320.1485137939453,2026-04-10
2026-04-10 08:00:00,-47.37749862670898,-112.39642333984375,-79.72982788085938,-22.046051025390625,86.03366088867188,282.5399932861328,2026-04-10
2026-04-10 09:00:00,-50.0,-95.91009521484375,-68.74359130859375,-18.76708984375,80.47744750976562,271.4356384277344,2026-04-10
2026-04-10 10:00:00,-50.0,-93.78477478027344,-67.98580932617188,-19.925018310546875,73.4555435180664,261.7742614746094,2026-04-10
2026-04-10 11:00:00,-50.0,-96.72843933105469,-72.39097595214844,-24.5877685546875,73.74152374267578,261.86753845214844,2026-04-10
2026-04-10 12:00:00,-50.0,-86.65147399902344,-64.40715026855469,-21.251434326171875,76.57107543945312,266.11108398437494,2026-04-10
2026-04-10 13:00:00,-50.0,-78.60958862304688,-57.68934631347656,-21.07666015625,72.70580291748045,264.92852783203125,2026-04-10
2026-04-10 14:00:00,-50.0,-78.00273132324219,-58.88667297363281,-21.13531494140625,74.32173919677733,270.3423309326172,2026-04-10
2026-04-10 15:00:00,-50.0,-89.08497619628906,-65.94635009765625,-20.111053466796875,81.88643646240234,282.8320770263672,2026-04-10
2026-04-10 16:00:00,-50.0,-109.78713989257812,-76.5018310546875,-18.135284423828125,96.16059875488281,312.8863983154297,2026-04-10
2026-04-10 17:00:00,19.098249435424805,-131.31675720214844,-83.35359191894531,-5.020111083984375,131.60974121093747,360.85328674316406,2026-04-10
2026-04-10 18:00:00,136.75625610351562,22.292312622070312,83.28839111328126,179.4618682861328,329.1838073730468,567.5457458496094,2026-04-10
2026-04-10 19:00:00,175.25799560546875,140.50464630126953,209.97440338134766,309.2537536621094,458.1407241821289,696.8410110473633,2026-04-10
2026-04-10 20:00:00,286.49725341796875,243.52479553222662,321.2066040039063,419.2418823242188,564.7458190917969,796.8499145507812,2026-04-10
2026-04-10 21:00:00,432.0,238.6989135742188,324.2185363769532,421.5083618164063,564.8602142333984,792.9910736083984,2026-04-10
2026-04-10 22:00:00,1300.0,62.0933837890625,156.37310791015625,255.35671997070312,392.4833068847656,617.5333251953125,2026-04-10
2026-04-10 23:00:00,1050.0,36.62152099609375,136.5014190673828,239.41574096679688,375.80360412597656,600.2575225830078,2026-04-10
2026-04-11 00:00:00,1050.0,-40.46212768554693,126.59780883789057,231.90042114257807,324.91690063476557,460.03775024414057,2026-04-11
2026-04-11 01:00:00,487.5,-164.01393127441406,28.871688842773438,155.9708709716797,272.0508270263672,434.4901580810547,2026-04-11
2026-04-11 02:00:00,450.0,-229.60665893554688,-19.49594116210939,122.68682861328124,256.62689208984375,446.12603759765625,2026-04-11
2026-04-11 03:00:00,317.5,-202.89141845703125,11.188293457031307,165.1483154296875,315.694091796875,528.2812500000001,2026-04-11
2026-04-11 04:00:00,275.0,-260.5742950439453,-66.37170410156251,90.81402587890624,255.36199951171875,490.8267822265625,2026-04-11
2026-04-11 05:00:00,280.0,-259.1821594238281,-93.09007263183594,60.0115966796875,231.0843505859375,481.2034912109375,2026-04-11
2026-04-11 06:00:00,77.5,-278.13108825683594,-139.0207061767578,2.93841552734375,178.03201293945312,438.48797607421875,2026-04-11
2026-04-11 07:00:00,53.78575134277344,-269.54376220703125,-153.33415985107422,-24.53021240234375,151.3463897705078,414.21031188964844,2026-04-11
2026-04-11 08:00:00,-49.05974960327149,-239.12757873535156,-145.3422088623047,-28.01156616210937,136.75631713867188,398.0493469238281,2026-04-11
2026-04-11 09:00:00,-50.0,-153.55270385742188,-75.6744384765625,30.04278564453125,185.88890075683594,443.2561492919922,2026-04-11
2026-04-11 10:00:00,-50.0,-180.660888671875,-108.40451049804688,-5.946014404296875,140.66290283203125,398.47613525390625,2026-04-11
2026-04-11 11:00:00,-50.0,-199.4788360595703,-130.58456420898438,-30.2186279296875,122.6907958984375,379.45013427734375,2026-04-11
2026-04-11 12:00:00,-50.0,-187.40888214111328,-124.9659194946289,-31.4090576171875,120.79644012451172,378.9115982055664,2026-04-11
2026-04-11 13:00:00,-50.0,-173.824462890625,-113.18135070800781,-30.945281982421875,114.24922180175781,372.984130859375,2026-04-11
2026-04-11 14:00:00,-50.0,-173.74651336669922,-115.62271881103516,-33.77294921875,110.3426742553711,372.30370330810547,2026-04-11
2026-04-11 15:00:00,-50.0,-184.37347412109375,-122.52586364746092,-33.494964599609375,116.00471496582037,378.23683166503906,2026-04-11
2026-04-11 16:00:00,-50.0,-209.1967544555664,-134.88898468017578,-33.691436767578125,124.2457504272461,398.21675872802734,2026-04-11
2026-04-11 17:00:00,-48.42974853515625,-239.29415893554688,-148.14930725097656,-28.70050048828125,147.5474853515625,429.56109619140625,2026-04-11
2026-04-11 18:00:00,13.344499588012695,-247.49113464355472,-145.6856079101563,-10.5703125,174.5114593505859,461.39219665527344,2026-04-11
2026-04-11 19:00:00,-45.5,-257.6742706298828,-147.2206039428711,-8.735992431640625,173.97378540039062,456.2281188964844,2026-04-11
2026-04-11 20:00:00,15.64150047302246,-266.7491455078125,-145.42222595214844,-5.246246337890625,173.88449096679688,445.241455078125,2026-04-11
2026-04-11 21:00:00,133.8767547607422,-262.4145202636719,-125.54248046875,15.0621337890625,189.55349731445312,451.1839599609375,2026-04-11
2026-04-11 22:00:00,191.604248046875,-280.3220062255859,-130.00952148437494,12.20245361328125,174.80249023437506,428.74829101562506,2026-04-11
2026-04-11 23:00:00,213.71499633789065,-297.3687896728515,-136.48156738281247,8.286529541015625,164.91879272460943,408.35104370117193,2026-04-11
2026-04-12 00:00:00,340.0,9.669708251953097,85.44226074218747,143.40586853027344,203.7413177490234,307.2282257080078,2026-04-12
2026-04-12 01:00:00,285.0,-60.0370635986328,26.34141540527345,101.79949951171876,187.13619995117188,328.7047424316406,2026-04-12
2026-04-12 02:00:00,-27.868000030517575,-173.07391357421875,-83.1258087158203,6.329193115234375,111.51222229003906,279.24900817871094,2026-04-12
2026-04-12 03:00:00,-39.30950164794922,-186.41110229492188,-99.11818695068361,-3.93109130859375,114.94142150878906,302.6453399658203,2026-04-12
2026-04-12 04:00:00,37.119998931884766,-166.12550354003906,-90.54803466796875,3.362152099609375,128.12222290039062,330.5522155761719,2026-04-12
2026-04-12 05:00:00,95.385498046875,-97.34720611572266,-39.529212951660156,46.46870422363281,169.12557220458984,377.4327926635742,2026-04-12
2026-04-12 06:00:00,138.0332489013672,-60.679664611816406,-19.491920471191406,51.919769287109375,167.84784698486328,374.5368270874024,2026-04-12
2026-04-12 07:00:00,8.397000312805176,-47.28947448730469,-20.017807006835938,34.96807861328125,140.3051300048828,342.1124877929687,2026-04-12
2026-04-12 08:00:00,-49.385501861572266,-75.09858703613281,-59.98832702636719,-17.10113525390625,75.54617309570312,270.80841064453125,2026-04-12
2026-04-12 09:00:00,37.5,-64.87734985351562,-56.343597412109375,-22.61166381835937,61.480201721191406,251.33291625976562,2026-04-12
2026-04-12 10:00:00,117.2125015258789,-57.28562927246094,-51.40892028808594,-19.18048095703125,59.99219512939453,249.85159301757812,2026-04-12
2026-04-12 11:00:00,25.0,-56.00872802734375,-49.686279296875,-16.580841064453125,70.50320434570312,262.29095458984375,2026-04-12
2026-04-12 12:00:00,21.294750213623047,-56.20860290527344,-50.89866638183594,-19.36962890625,71.01885223388672,268.3741149902344,2026-04-12
2026-04-12 13:00:00,0.0,-52.17820739746094,-48.51483154296875,-21.370819091796875,69.61167907714844,273.3689422607422,2026-04-12
2026-04-12 14:00:00,60.0,-54.176055908203125,-51.230743408203125,-21.750762939453125,74.38909149169922,284.8348693847656,2026-04-12
2026-04-12 15:00:00,231.57974243164065,-70.16630554199219,-62.66082763671875,-24.8223876953125,77.42808532714844,294.57093811035156,2026-04-12
2026-04-12 16:00:00,227.5,-38.66668701171875,-19.413116455078125,32.19061279296875,147.041259765625,380.75538635253906,2026-04-12
2026-04-12 17:00:00,280.0,197.3826446533203,232.81137084960938,305.515625,445.6569213867187,693.5857849121094,2026-04-12
2026-04-12 18:00:00,282.5,366.89173889160156,416.45970153808594,510.3851318359375,666.8440399169922,925.7404022216797,2026-04-12
2026-04-12 19:00:00,215.7387542724609,248.48245239257812,308.6766815185547,409.6816711425781,570.123779296875,834.1101379394531,2026-04-12
2026-04-12 20:00:00,29.75,174.15367126464844,246.35110473632812,349.75323486328125,511.6555938720703,772.0229949951172,2026-04-12
2026-04-12 21:00:00,88.75,222.27590942382812,308.52369689941406,414.95123291015625,578.1931762695312,835.8345947265625,2026-04-12
2026-04-12 22:00:00,71.5,132.40968322753898,232.16757965087882,343.8515014648437,504.3451690673827,759.2726593017578,2026-04-12
2026-04-12 23:00:00,153.65725708007812,13.989028930664062,120.47113800048828,237.4601287841797,398.654769897461,650.5243377685547,2026-04-12
2026-04-13 00:00:00,185.60874938964844,11.832199096679688,90.29081726074219,152.2320098876953,215.1049346923828,318.11683654785156,2026-04-13
2026-04-13 01:00:00,113.09925079345705,-46.45220947265625,38.06905364990233,116.71475219726562,202.50917053222656,339.0522918701172,2026-04-13
2026-04-13 02:00:00,172.5,20.451126098632812,104.88842010498047,194.78692626953125,298.1461486816406,455.7447204589844,2026-04-13
2026-04-13 03:00:00,150.0,26.843841552734375,108.09459686279297,203.80821228027344,319.14715576171875,492.23406982421875,2026-04-13
2026-04-13 04:00:00,208.989501953125,-20.649185180664062,53.61424255371094,151.07968139648438,275.47613525390625,461.9459533691406,2026-04-13
2026-04-13 05:00:00,150.10174560546875,-57.63421630859375,6.0566558837890625,99.15408325195312,223.95846557617188,417.7353057861328,2026-04-13
2026-04-13 06:00:00,128.50050354003906,3.275726318359375,54.27815246582031,134.1719207763672,252.32113647460938,444.60536193847656,2026-04-13
2026-04-13 07:00:00,18.436250686645508,-92.04608154296875,-53.781463623046875,10.121337890625,118.44410705566406,306.2229461669922,2026-04-13
2026-04-13 08:00:00,85.34124755859375,-99.35986328125,-72.6356201171875,-20.089141845703125,76.96871948242188,259.5873718261719,2026-04-13
2026-04-13 09:00:00,-45.47299957275391,-88.08480834960938,-67.04417419433594,-21.269561767578125,71.20228576660156,252.524169921875,2026-04-13
2026-04-13 10:00:00,-14.018250465393066,-83.92546081542969,-63.612945556640625,-17.92071533203125,72.77970886230469,257.01560974121094,2026-04-13
2026-04-13 11:00:00,8.366000175476074,-81.67051696777344,-59.25801086425781,-9.90289306640625,92.14142608642578,282.5874481201172,2026-04-13
2026-04-13 12:00:00,210.0,-82.31755065917969,-58.975692749023445,-7.317047119140625,101.14620971679688,298.7918243408203,2026-04-13
2026-04-13 13:00:00,217.5,-81.97903442382812,-56.4117431640625,-6.41949462890625,102.73475646972656,304.93727111816406,2026-04-13
2026-04-13 14:00:00,182.5,-92.37641906738281,-66.22734069824219,-13.16632080078125,99.94880676269531,307.3519744873047,2026-04-13
2026-04-13 15:00:00,245.0,-109.32000732421875,-76.84239196777344,-16.62213134765625,100.2806396484375,309.8462677001953,2026-04-13
2026-04-13 16:00:00,282.5,-108.3855209350586,-62.61530303955078,9.953369140625,134.81627655029297,352.9793472290039,2026-04-13
2026-04-13 17:00:00,300.0,116.83486938476562,181.53582763671875,272.484375,414.09107971191406,637.5197296142578,2026-04-13
2026-04-13 18:00:00,287.5,165.34364318847656,244.47284698486328,351.1282958984375,501.76055908203125,728.4192810058594,2026-04-13
2026-04-13 19:00:00,285.0,145.96095275878906,231.32149505615234,339.02020263671875,485.73526000976557,708.3465270996094,2026-04-13
2026-04-13 20:00:00,280.0,80.51344299316406,171.93221282958984,277.3106994628906,418.0284881591797,630.4792327880859,2026-04-13
2026-04-13 21:00:00,280.0,96.60432434082028,195.67420959472653,301.3786926269531,440.5615997314452,648.0603179931641,2026-04-13
2026-04-13 22:00:00,285.0,55.65542602539057,163.62102508544916,273.0619506835937,409.6203613281249,613.0819702148438,2026-04-13
2026-04-13 23:00:00,280.0,64.51879882812503,173.30118560791018,285.1062927246094,421.8510284423828,620.5561981201172,2026-04-13
2026-04-14 00:00:00,452.5,208.1786651611328,283.1689758300781,326.05633544921875,364.5251770019531,427.083984375,2026-04-14
2026-04-14 01:00:00,447.5,152.37744140625,253.55685424804688,314.8072814941406,370.33648681640625,455.7624816894532,2026-04-14
2026-04-14 02:00:00,500.0,54.551406860351534,173.2991027832031,248.55519104003903,317.9004669189453,423.1996307373047,2026-04-14
2026-04-14 03:00:00,397.5,16.03498077392581,145.16687011718753,234.42593383789065,315.5596008300781,436.726287841797,2026-04-14
2026-04-14 04:00:00,603.4404907226562,-0.010223388671903422,132.61032104492182,231.58937072753903,324.89064025878906,456.84608459472656,2026-04-14
2026-04-14 05:00:00,912.75,-21.493759155273466,105.65429687499997,209.0864105224609,310.06056213378906,453.06040954589844,2026-04-14
2026-04-14 06:00:00,447.5,-95.1443176269531,21.454231262207045,123.05032348632812,226.11279296875003,372.80224609375,2026-04-14
2026-04-14 07:00:00,417.5,-200.0484161376953,-95.71073150634766,0.041839599609375,102.94732666015622,247.36135864257812,2026-04-14
2026-04-14 08:00:00,604.0,-200.92477416992188,-108.42472839355469,-18.0396728515625,79.10671997070312,219.94424438476562,2026-04-14
2026-04-14 09:00:00,218.25,-184.10427856445312,-100.08277893066408,-15.434326171875,76.74235534667967,214.6959686279297,2026-04-14
2026-04-14 10:00:00,115.0,-182.01862335205078,-98.56609344482422,-12.1798095703125,77.38095855712893,216.81600189208984,2026-04-14
2026-04-14 11:00:00,-50.0,-183.836669921875,-97.33233642578126,-5.17291259765625,92.5503692626953,239.03173828125,2026-04-14
2026-04-14 12:00:00,-50.0,-204.28997802734375,-113.22994995117189,-13.384490966796877,93.99476623535155,248.92391967773438,2026-04-14
2026-04-14 13:00:00,-50.0,-209.02427673339844,-111.98582458496094,-7.98358154296875,104.62004089355469,264.990966796875,2026-04-14
2026-04-14 14:00:00,-50.0,-209.5177001953125,-112.87457275390625,-5.90228271484375,110.65939331054685,275.4073791503906,2026-04-14
2026-04-14 15:00:00,-50.0,-222.39208984375,-122.98539733886719,-12.590576171875,108.43231201171875,274.89111328125,2026-04-14
2026-04-14 16:00:00,-25.5,-239.49600219726565,-129.7503356933594,-10.002471923828123,115.04618835449216,286.88865661621094,2026-04-14
2026-04-14 17:00:00,149.0072479248047,-200.69583129882812,-74.63803100585938,56.23648071289063,188.81295776367193,358.8412780761719,2026-04-14
2026-04-14 18:00:00,224.6957550048828,-11.706832885742188,122.55732727050781,259.05780029296875,389.36395263671875,556.6794128417969,2026-04-14
2026-04-14 19:00:00,289.6762390136719,42.1004638671875,177.32635498046875,309.2613220214844,428.75546264648443,585.7103576660156,2026-04-14
2026-04-14 20:00:00,241.6374969482422,149.28961181640625,286.2117156982422,415.4737548828125,525.6783447265625,671.2061462402344,2026-04-14
2026-04-14 21:00:00,240.38525390625,201.3776397705078,341.9681854248047,469.9250793457031,576.1760559082031,714.8255310058594,2026-04-14
2026-04-14 22:00:00,260.0,44.980438232421875,190.05894470214844,319.68359375,423.8509521484375,561.6874389648438,2026-04-14
2026-04-14 23:00:00,255.0,-16.048202514648438,129.6180877685547,259.66363525390625,368.091064453125,508.11328125,2026-04-14
2026-04-15 00:00:00,225.0,73.02253723144526,149.53103637695307,200.31838989257807,250.56643676757807,337.92593383789057,2026-04-15
2026-04-15 01:00:00,215.0,58.39431762695315,152.8288269042969,221.37466430664065,293.6470031738281,413.2126770019531,2026-04-15
2026-04-15 02:00:00,197.5,36.58349609375,143.25758361816406,228.73922729492188,319.67807006835943,464.8460998535156,2026-04-15
2026-04-15 03:00:00,115.01074981689452,23.815269470214844,138.4294891357422,236.04122924804688,341.6670227050781,507.7386169433594,2026-04-15
2026-04-15 04:00:00,132.5,4.197296142578097,117.47111511230466,225.14877319335935,345.67138671875,533.0350036621094,2026-04-15
2026-04-15 05:00:00,13.166749954223633,-192.40007019042972,-89.94398498535159,19.3701171875,150.49845886230472,355.4283905029297,2026-04-15
2026-04-15 06:00:00,-49.51499938964844,-165.9574432373047,-84.51190185546875,14.785919189453123,146.84486389160156,358.1608123779297,2026-04-15
2026-04-15 07:00:00,-52.01224899291992,-146.65613555908203,-85.90543365478516,-1.417205810546875,127.48775482177734,338.7574996948242,2026-04-15
2026-04-15 08:00:00,-49.76974868774414,-132.5774154663086,-86.45694732666016,-12.907867431640623,105.72821807861328,312.99427032470703,2026-04-15
2026-04-15 09:00:00,-50.0,-100.70439147949219,-65.74578857421875,-3.6734619140625,103.41571044921875,304.2418670654297,2026-04-15
2026-04-15 10:00:00,-50.0,-95.1759033203125,-65.73551940917969,-10.2625732421875,86.41712951660156,281.7049865722656,2026-04-15
2026-04-15 11:00:00,-50.0,-76.73646545410156,-47.95126342773438,6.061553955078125,107.28736877441406,303.4482421875,2026-04-15
2026-04-15 12:00:00,-50.0,-69.29078674316406,-40.53059387207031,14.985992431640623,121.02711486816406,322.69902038574213,2026-04-15
2026-04-15 13:00:00,-50.0,-98.510498046875,-66.24513244628906,-11.73663330078125,96.19387817382811,300.87979125976557,2026-04-15
2026-04-15 14:00:00,-50.0,-99.8447265625,-68.27308654785156,-11.60040283203125,99.95208740234375,309.0882110595703,2026-04-15
2026-04-15 15:00:00,-50.80974960327149,-121.46879577636719,-85.91716003417969,-26.28045654296875,87.31129455566406,299.5072631835938,2026-04-15
2026-04-15 16:00:00,-53.73550033569336,-142.96015167236328,-93.79776763916016,-22.13995361328125,99.43325042724607,323.5197067260742,2026-04-15
2026-04-15 17:00:00,-51.780250549316406,-182.06834411621094,-104.75872802734376,-10.8564453125,130.3106231689453,359.89173889160156,2026-04-15
2026-04-15 18:00:00,-32.40224838256836,-212.05204010009766,-116.81314086914062,-6.28790283203125,143.80068969726562,376.1385192871094,2026-04-15
2026-04-15 19:00:00,-30.43824958801269,-170.00957489013672,-69.49948120117188,40.10374450683594,182.6760711669922,406.97947692871094,2026-04-15
2026-04-15 20:00:00,11.18274974822998,-178.50132751464844,-70.03965759277344,36.92387390136719,170.14662170410156,381.7520294189453,2026-04-15
2026-04-15 21:00:00,-22.902999877929688,-172.9024429321289,-55.69197082519534,48.03131103515625,174.22076416015625,375.59820556640625,2026-04-15
2026-04-15 22:00:00,110.2614974975586,-232.4424591064453,-105.32595825195312,-2.009552001953125,114.24810791015625,308.6116027832031,2026-04-15
2026-04-15 23:00:00,302.1397399902344,-170.07122802734375,-39.72663879394534,62.66978454589844,176.81163024902344,365.79075622558594,2026-04-15
2026-04-16 00:00:00,360.0,34.310211181640625,119.35136413574222,178.79177856445312,237.12142944335943,334.551025390625,2026-04-16
2026-04-16 01:00:00,295.0,68.34127044677734,161.98858642578125,237.50791931152344,319.2871551513672,452.49742126464844,2026-04-16
2026-04-16 02:00:00,437.5,119.96931457519531,214.60897827148438,303.3942565917969,405.0886535644531,566.3093566894531,2026-04-16
2026-04-16 03:00:00,559.5,100.63136291503906,191.80652618408203,287.460693359375,404.43463134765625,588.6502075195312,2026-04-16
2026-04-16 04:00:00,335.0,99.15449523925781,178.0633544921875,274.4435119628906,401.1815032958984,605.0864105224609,2026-04-16
2026-04-16 05:00:00,332.5,163.9060516357422,223.19744873046875,312.0765380859375,439.421875,652.1881256103516,2026-04-16
2026-04-16 06:00:00,300.0,244.37799072265625,284.06890869140625,356.2208251953125,475.66693115234375,686.2845153808594,2026-04-16
2026-04-16 07:00:00,255.833251953125,169.45327758789065,193.70140075683597,247.1086578369141,355.19007873535156,560.6861419677734,2026-04-16
2026-04-16 08:00:00,310.0,9.244110107421875,21.63653564453125,63.51432800292969,158.19192504882812,356.6723175048828,2026-04-16
2026-04-16 09:00:00,265.0,-9.388259887695316,-4.4944458007812536,28.72763061523437,114.21723937988281,306.367431640625,2026-04-16
2026-04-16 10:00:00,265.0,9.54121398925782,11.425888061523441,41.87838745117188,119.4549560546875,308.8065490722656,2026-04-16
2026-04-16 11:00:00,277.5,0.6907958984375,1.869537353515625,30.59527587890625,114.1215591430664,304.40972900390625,2026-04-16
2026-04-16 12:00:00,165.0,-19.858688354492195,-18.110336303710938,6.760650634765625,94.51081848144531,291.98780822753906,2026-04-16
2026-04-16 13:00:00,40.0,-20.034072875976562,-17.533096313476562,3.669189453125,95.51560974121094,303.03587341308594,2026-04-16
2026-04-16 14:00:00,-50.0,-41.24351501464844,-38.50323486328125,-12.787109375,89.11019897460938,308.1052703857422,2026-04-16
2026-04-16 15:00:00,-50.0,-65.185302734375,-62.71730041503906,-23.07403564453125,88.9154281616211,317.5682830810547,2026-04-16
2026-04-16 16:00:00,-50.0,-87.94749450683594,-71.84248352050781,-16.518310546875,109.73167419433594,356.67930603027344,2026-04-16
2026-04-16 17:00:00,-49.33324813842773,-92.77277374267578,-54.13410186767578,25.23388671875,177.53607940673825,437.60363006591797,2026-04-16
2026-04-16 18:00:00,-44.22124862670898,-92.1448974609375,-34.31767272949219,67.68327331542969,233.86976623535156,499.4905548095703,2026-04-16
2026-04-16 19:00:00,-49.75,-42.14155578613281,29.789886474609375,137.58599853515625,300.5417175292969,563.69287109375,2026-04-16
2026-04-16 20:00:00,5.803999900817871,-140.48074340820312,-55.77543640136719,51.90037536621094,208.8798828125,459.47711181640625,2026-04-16
2026-04-16 21:00:00,-51.760250091552734,-170.1876983642578,-71.8444595336914,34.25213623046875,186.07821655273438,425.8859558105469,2026-04-16
2026-04-16 22:00:00,-51.16875076293945,-161.6943359375,-51.14231872558594,56.39453125,199.0192260742188,430.964599609375,2026-04-16
2026-04-16 23:00:00,73.0,-138.6211700439453,-24.030914306640625,85.22567749023438,225.8609008789063,451.079345703125,2026-04-16
2026-04-17 00:00:00,116.19100189208984,-111.6962890625,-41.911743164062514,17.45086669921875,79.61131286621088,186.80955505371094,2026-04-17
2026-04-17 01:00:00,239.75,-165.50628662109375,-84.87828063964845,-3.331451416015625,87.7730712890625,236.82058715820312,2026-04-17
2026-04-17 02:00:00,397.5,-173.2593536376953,-82.16200256347656,19.12811279296875,133.88523864746094,310.9358978271485,2026-04-17
2026-04-17 03:00:00,-37.5,-202.80224609375,-106.04828643798828,7.190032958984375,140.33413696289062,338.4322204589844,2026-04-17
2026-04-17 04:00:00,-50.0,-209.1653594970703,-118.21224212646484,0.157440185546875,144.7605438232422,358.3297576904297,2026-04-17
2026-04-17 05:00:00,17.5,-197.64434814453125,-116.09089660644531,0.23931884765625,148.867919921875,373.91082763671875,2026-04-17
2026-04-17 06:00:00,20.795499801635746,-167.75230407714844,-96.37135314941406,8.92242431640625,156.1285400390625,386.71591186523443,2026-04-17
2026-04-17 07:00:00,45.0,-145.0648956298828,-84.3695526123047,8.614837646484375,151.88037109375,383.0434265136719,2026-04-17
2026-04-17 08:00:00,-50.0,-153.6474151611328,-103.27493286132812,-17.497772216796875,117.82969665527344,346.33074951171875,2026-04-17
2026-04-17 09:00:00,-50.0,-148.91027069091797,-104.1366958618164,-25.15228271484375,104.25206756591797,329.4399185180664,2026-04-17
2026-04-17 10:00:00,-50.0,-139.50988006591797,-96.46419525146484,-20.17950439453125,102.75653839111325,325.8988418579102,2026-04-17
2026-04-17 11:00:00,-50.0,-136.99593353271484,-92.22473907470703,-15.450592041015623,113.57462310791018,337.12189483642584,2026-04-17
2026-04-17 12:00:00,-50.0,-145.66414642333984,-100.15650177001953,-24.889068603515625,105.39296722412107,330.6349411010743,2026-04-17
2026-04-17 13:00:00,-50.0,-152.88711547851562,-105.08303833007812,-35.68707275390625,90.11572265625,312.4492492675782,2026-04-17
2026-04-17 14:00:00,-50.0,-148.30198669433594,-104.3642578125,-38.02471923828125,85.15757751464847,305.8271789550782,2026-04-17
2026-04-17 15:00:00,-50.0,-143.13475036621094,-100.60137939453125,-33.0311279296875,89.33778381347659,309.18614196777344,2026-04-17
2026-04-17 16:00:00,-49.16450119018555,-153.7437744140625,-104.37315368652344,-29.394683837890625,99.80619812011716,328.8996734619141,2026-04-17
2026-04-17 17:00:00,289.3160095214844,1.4461669921875,66.022705078125,159.37310791015625,310.6391296386719,547.7702941894531,2026-04-17
2026-04-17 18:00:00,182.5,29.83512878417966,107.01332855224607,217.5814514160156,383.60137939453125,628.9513549804688,2026-04-17
2026-04-17 19:00:00,158.87750244140625,33.8887939453125,115.9569091796875,228.79229736328125,393.90074157714844,640.6354522705078,2026-04-17
2026-04-17 20:00:00,16.036500930786133,32.18626403808591,116.31849670410153,225.76596069335935,386.0999755859375,625.3183288574219,2026-04-17
2026-04-17 21:00:00,-8.5,-61.63446044921872,27.173606872558622,132.8013458251953,289.45526123046875,520.4314575195312,2026-04-17
2026-04-17 22:00:00,-50.30149841308594,-136.9066162109375,-43.91261291503908,62.1767578125,212.20260620117193,435.4613952636719,2026-04-17
2026-04-17 23:00:00,-52.20600128173828,-144.05062866210932,-50.77297210693355,57.01722717285156,205.70854187011724,420.0560150146485,2026-04-17
