epoch,n_days,net,pf_net,realization,mae,label
0,84,11992922.0,23762704.0,0.5046951727379174,117.11132049560547,MSE-baseline
5,84,12588987.0,23762704.0,0.5297792288285037,538.4911499023438,SPO-ep5
10,84,12422210.0,23762704.0,0.5227607935527876,561.1331176757812,SPO-ep10
15,84,12246507.0,23762704.0,0.515366727624937,479.1177673339844,SPO-ep15
20,84,12468713.0,23762704.0,0.5247177678095893,527.036865234375,SPO-ep20
25,84,12439249.0,23762704.0,0.5234778415789718,492.88818359375,SPO-ep25
30,84,12155306.0,23762704.0,0.5115287384802673,489.1685791015625,SPO-ep30
