ts,actual,p10,p30,p50,p70,p90,date
2026-01-27 00:00:00,485.0,900.2139282226561,922.2397460937499,935.0958251953124,946.9546142578124,965.8633544921873,2026-01-27
2026-01-27 01:00:00,382.5,890.2328125,918.7025512695312,934.9097290039062,949.0968383789062,970.9921752929687,2026-01-27
2026-01-27 02:00:00,392.5,843.4582397460938,875.9456665039063,893.86474609375,909.7522705078125,934.15,2026-01-27
2026-01-27 03:00:00,375.0,729.7065002441407,764.349462890625,783.7274169921875,800.8929077148438,827.0730834960938,2026-01-27
2026-01-27 04:00:00,350.0,754.5297485351563,788.2725463867188,808.1514282226562,826.3032592773437,853.6903442382812,2026-01-27
2026-01-27 05:00:00,360.0,854.3471496582031,887.6800415039063,908.0324096679688,926.68623046875,954.9025634765625,2026-01-27
2026-01-27 06:00:00,397.5,908.4694763183594,942.1137451171875,963.28369140625,982.8887084960937,1012.5116821289063,2026-01-27
2026-01-27 07:00:00,395.0,797.7469482421875,832.5452758789063,854.62353515625,875.1430908203125,906.5082763671875,2026-01-27
2026-01-27 08:00:00,392.5,601.3662170410156,635.66806640625,658.6528930664062,679.7263549804687,712.2001831054688,2026-01-27
2026-01-27 09:00:00,315.03125,433.89888000488287,467.5180114746094,490.8717651367188,512.4098205566406,545.6718811035157,2026-01-27
2026-01-27 10:00:00,299.7330017089844,366.5525299072266,399.9201934814453,424.1376953125,446.1385131835938,480.8960266113281,2026-01-27
2026-01-27 11:00:00,552.5872802734375,493.7806457519531,527.1893859863281,551.8389892578125,575.1061157226562,611.06103515625,2026-01-27
2026-01-27 12:00:00,324.2122497558594,383.27899169921875,415.78623046875,440.65277099609375,464.4861572265625,501.64874877929685,2026-01-27
2026-01-27 13:00:00,281.8592529296875,282.0919464111328,314.4098358154297,339.3945617675781,363.38280334472654,401.09046936035156,2026-01-27
2026-01-27 14:00:00,268.1832580566406,422.9880981445313,455.0291381835938,480.3189086914063,504.38994750976565,542.8919860839844,2026-01-27
2026-01-27 15:00:00,270.23223876953125,455.66155395507815,488.6204498291016,514.866455078125,540.4382019042969,580.5417358398438,2026-01-27
2026-01-27 16:00:00,725.718994140625,658.0042785644531,697.7263122558594,727.9775390625,756.7214721679687,800.7123168945312,2026-01-27
2026-01-27 17:00:00,736.25,750.6048919677735,794.1512634277344,827.0770263671875,857.9996826171875,903.577294921875,2026-01-27
2026-01-27 18:00:00,452.5,636.2664215087891,677.1264038085938,709.3302001953125,739.1830688476563,783.474755859375,2026-01-27
2026-01-27 19:00:00,720.083251953125,649.5509368896485,687.4874084472656,717.815185546875,745.7924560546875,787.5764282226562,2026-01-27
2026-01-27 20:00:00,337.5,718.8459289550781,755.5978393554688,784.9521484375,811.4379211425781,851.3759826660156,2026-01-27
2026-01-27 21:00:00,887.5,807.8205505371094,844.4971069335937,873.45458984375,898.8192016601563,936.968212890625,2026-01-27
2026-01-27 22:00:00,773.5,667.9497955322265,704.3675048828125,732.9008178710938,756.8673706054688,793.4576538085937,2026-01-27
2026-01-27 23:00:00,846.0,645.9504150390625,682.1612121582032,710.49072265625,733.6076782226562,768.1943969726562,2026-01-27
2026-01-28 00:00:00,808.0,487.15166015625,508.47584228515626,522.0842895507812,534.9846557617187,555.2807006835938,2026-01-28
2026-01-28 01:00:00,649.0,657.5704162597656,682.5059326171875,698.4005126953125,713.0931396484375,735.6138427734375,2026-01-28
2026-01-28 02:00:00,763.75,722.9610961914062,749.9414306640625,766.5768432617188,782.2013793945313,805.8993530273438,2026-01-28
2026-01-28 03:00:00,924.5,495.7513488769531,524.0622924804687,541.4130859375,557.4662841796875,581.73447265625,2026-01-28
2026-01-28 04:00:00,1030.0,341.45350341796876,368.68975830078125,385.64404296875,401.81728515625,425.9475830078125,2026-01-28
2026-01-28 05:00:00,1055.0,331.03534545898435,357.60548095703126,374.2353515625,389.87294921875,413.642333984375,2026-01-28
2026-01-28 06:00:00,1091.75,339.5633239746094,366.44915771484375,383.2306213378906,399.10186767578125,423.4859252929688,2026-01-28
2026-01-28 07:00:00,971.0,332.56859436035154,360.9470886230469,378.396484375,395.0662048339844,420.2190734863281,2026-01-28
2026-01-28 08:00:00,808.75,337.5556793212891,366.18291015625005,384.2747192382813,401.21127929687503,427.27209472656256,2026-01-28
2026-01-28 09:00:00,662.875,311.68462829589845,340.06341552734375,358.4783020019531,375.56926879882815,401.98944091796875,2026-01-28
2026-01-28 10:00:00,396.9392395019531,268.6275177001953,297.45029296875003,316.6246643066406,333.9630554199219,361.0548522949219,2026-01-28
2026-01-28 11:00:00,677.5,328.7110290527344,358.663818359375,378.7333679199219,397.22898559570314,425.55235595703124,2026-01-28
2026-01-28 12:00:00,872.0,290.2795349121094,320.5033660888672,341.42303466796875,360.64819946289066,390.1028137207031,2026-01-28
2026-01-28 13:00:00,462.5,266.4720703125,297.65056762695315,319.36114501953125,339.40007934570315,369.88030395507815,2026-01-28
2026-01-28 14:00:00,292.5,281.21649780273435,313.0996032714844,335.9988708496094,357.12639770507815,389.21478271484375,2026-01-28
2026-01-28 15:00:00,378.75,250.61519775390624,284.5973754882813,309.1202697753906,331.91538696289064,365.84654541015624,2026-01-28
2026-01-28 16:00:00,887.3295288085938,430.67897644042966,470.39711303710936,497.94049072265625,522.7242004394532,558.8288635253906,2026-01-28
2026-01-28 17:00:00,579.25,614.8055603027344,654.9728515625,682.982177734375,707.7680908203125,744.0572509765625,2026-01-28
2026-01-28 18:00:00,362.5,322.0503295898437,361.17413330078125,388.684814453125,412.315576171875,447.693359375,2026-01-28
2026-01-28 19:00:00,497.5,330.11549377441406,368.5364685058594,395.61669921875,418.875537109375,452.99993896484375,2026-01-28
2026-01-28 20:00:00,808.75,341.0276275634766,378.8705017089844,405.6095581054688,428.26743164062503,461.7648315429688,2026-01-28
2026-01-28 21:00:00,925.5,337.47761230468757,374.8630493164063,401.2389526367188,423.5710693359375,456.39543457031255,2026-01-28
2026-01-28 22:00:00,1068.0,332.3946472167969,369.0512451171875,394.5179443359375,415.8136962890625,447.697021484375,2026-01-28
2026-01-28 23:00:00,1034.25,312.6870056152344,348.6058654785157,373.6506958007813,394.5015014648438,425.4603027343751,2026-01-28
2026-01-29 00:00:00,1021.75,556.0090087890625,584.9146484375,603.23388671875,620.616162109375,648.5383789062499,2026-01-29
2026-01-29 01:00:00,1019.25,603.5836669921875,638.2029418945312,659.994384765625,680.1322509765625,711.746240234375,2026-01-29
2026-01-29 02:00:00,1045.25,640.3004638671875,678.4221313476562,701.946533203125,724.0120849609375,758.3577392578125,2026-01-29
2026-01-29 03:00:00,874.5,636.005029296875,676.849951171875,702.2938842773438,725.8966430664062,762.4757446289062,2026-01-29
2026-01-29 04:00:00,905.25,605.9100402832031,645.9962036132813,671.6741943359375,696.2200927734375,733.808544921875,2026-01-29
2026-01-29 05:00:00,558.7935180664062,565.7627807617188,605.4041748046875,631.0985717773438,655.3441772460938,693.0832397460938,2026-01-29
2026-01-29 06:00:00,764.0,571.4770080566407,611.2777709960938,637.3768310546875,662.0014404296875,700.3942626953125,2026-01-29
2026-01-29 07:00:00,470.0,516.1879760742188,557.0340209960938,583.6046142578125,608.7005493164063,648.059228515625,2026-01-29
2026-01-29 08:00:00,345.0,339.34951171875,379.04145507812507,405.5183715820313,430.3416137695313,469.79739990234384,2026-01-29
2026-01-29 09:00:00,474.5032348632813,394.3770935058594,432.3421081542969,458.7688598632813,483.68102416992195,523.0654235839844,2026-01-29
2026-01-29 10:00:00,672.2529907226562,492.8952941894531,530.5990356445312,557.8803100585938,582.8541381835937,623.1370849609375,2026-01-29
2026-01-29 11:00:00,943.1799926757812,641.2945709228516,679.764208984375,707.6030883789062,733.8706726074219,775.4189636230469,2026-01-29
2026-01-29 12:00:00,855.0,604.1498474121094,642.158056640625,670.355712890625,697.316162109375,740.0830078125,2026-01-29
2026-01-29 13:00:00,692.5,501.52208251953124,539.2636962890625,567.59765625,594.7510864257813,638.055419921875,2026-01-29
2026-01-29 14:00:00,372.5,468.63319702148436,506.1525817871094,535.2626953125,563.2558044433594,608.4239196777344,2026-01-29
2026-01-29 15:00:00,564.4657592773438,544.4793334960938,583.8758850097656,615.422119140625,646.2712463378906,694.2539367675781,2026-01-29
2026-01-29 16:00:00,915.75,573.274267578125,620.8752014160157,657.140869140625,691.537939453125,743.7080810546875,2026-01-29
2026-01-29 17:00:00,633.75,330.6102569580078,379.3362487792969,416.9317932128906,452.2650573730469,505.1435119628906,2026-01-29
2026-01-29 18:00:00,437.5,342.7660308837891,388.4479248046875,425.17724609375,459.3891235351563,511.5375244140625,2026-01-29
2026-01-29 19:00:00,395.0,335.315707397461,379.56364746093755,415.0725708007813,448.06990966796883,498.4864624023438,2026-01-29
2026-01-29 20:00:00,836.5,310.02654724121095,353.959326171875,389.36767578125,421.26190185546875,470.540966796875,2026-01-29
2026-01-29 21:00:00,1248.5,317.22918090820315,362.2648132324219,397.9452819824219,429.39418334960936,477.9491394042969,2026-01-29
2026-01-29 22:00:00,1184.5,320.65068359375,366.0834228515625,401.735107421875,431.8570922851562,479.2343017578125,2026-01-29
2026-01-29 23:00:00,814.5,319.8630981445313,364.4925842285157,399.9500122070313,429.6593627929688,475.91763916015634,2026-01-29
2026-01-30 00:00:00,954.5,471.6302734375,498.2642578125,515.7379150390625,532.854736328125,559.6844482421875,2026-01-30
2026-01-30 01:00:00,805.0,444.46669311523436,476.4499084472656,497.3165588378906,517.1976379394531,548.0766662597656,2026-01-30
2026-01-30 02:00:00,445.0,476.1737548828125,511.6361328125,534.529541015625,556.7111206054688,590.0251342773438,2026-01-30
2026-01-30 03:00:00,458.082763671875,512.6328247070312,551.1098388671875,576.261962890625,600.4680908203125,636.623828125,2026-01-30
2026-01-30 04:00:00,527.75,508.966259765625,547.7673095703125,573.8858642578125,599.5027099609375,636.8606689453125,2026-01-30
2026-01-30 05:00:00,393.75,442.15703125,481.04676513671876,507.74359130859375,533.5596801757813,571.4001342773438,2026-01-30
2026-01-30 06:00:00,350.0,449.76548461914064,488.5758056640625,515.571533203125,541.8611450195312,580.6252197265625,2026-01-30
2026-01-30 07:00:00,350.0,396.801171875,435.9224060058594,463.0565185546875,489.750634765625,528.927294921875,2026-01-30
2026-01-30 08:00:00,487.5,346.42640075683596,384.4323974609375,411.397705078125,437.612353515625,476.61351318359374,2026-01-30
2026-01-30 09:00:00,410.1545104980469,325.81407775878904,362.68458251953126,389.6075134277344,416.1649230957031,455.04111938476564,2026-01-30
2026-01-30 10:00:00,416.8030090332031,312.0273162841797,349.0344543457031,376.6450500488281,403.2071838378906,443.1163757324219,2026-01-30
2026-01-30 11:00:00,418.6889953613281,344.4891784667969,383.1498718261719,411.739990234375,439.64150390625,481.13580322265625,2026-01-30
2026-01-30 12:00:00,337.5,326.14992675781247,366.0583557128906,395.4804382324219,424.1120910644531,466.8740539550781,2026-01-30
2026-01-30 13:00:00,195.0,272.79082641601565,308.8861480712891,336.4850769042969,364.36798706054685,406.59315795898436,2026-01-30
2026-01-30 14:00:00,220.0,272.1133178710937,307.6188659667969,335.818115234375,364.80628662109376,408.8157531738281,2026-01-30
2026-01-30 15:00:00,140.0,278.3916870117188,317.5091125488281,349.6922607421875,383.00361328125,431.068798828125,2026-01-30
2026-01-30 16:00:00,280.0,560.8501617431641,611.2439819335938,648.946044921875,685.9322631835937,737.3951538085937,2026-01-30
2026-01-30 17:00:00,562.5,484.122509765625,529.4634643554688,565.51171875,600.6972290039063,651.2551635742187,2026-01-30
2026-01-30 18:00:00,342.5,456.7283905029297,498.09116821289064,531.6363525390625,564.091455078125,612.1431884765625,2026-01-30
2026-01-30 19:00:00,342.5,369.2165832519532,410.59960327148445,443.7633666992188,474.9167846679688,520.17568359375,2026-01-30
2026-01-30 20:00:00,330.0,329.1941436767578,372.681005859375,406.8245849609375,437.77655029296875,483.051513671875,2026-01-30
2026-01-30 21:00:00,345.0,464.5345092773438,510.1487548828125,545.30029296875,576.528662109375,621.6467041015625,2026-01-30
2026-01-30 22:00:00,350.0,460.1319213867188,505.5491577148438,539.7780151367188,569.2807983398437,612.0572631835937,2026-01-30
2026-01-30 23:00:00,537.5,366.02853393554693,409.93808593750003,443.2536010742188,471.8221557617188,512.4978881835938,2026-01-30
2026-01-31 00:00:00,345.0,380.1871704101562,398.0862243652344,410.190185546875,422.7416748046875,444.7235595703125,2026-01-31
2026-01-31 01:00:00,372.5,397.8592041015625,418.29649047851564,432.6648254394531,447.7031311035156,473.9615051269531,2026-01-31
2026-01-31 02:00:00,340.0,398.35106201171874,419.73695068359376,435.0145263671875,451.6140625,480.35211181640625,2026-01-31
2026-01-31 03:00:00,352.5,366.3620544433594,388.58217163085936,404.9266662597656,422.74732666015626,453.880908203125,2026-01-31
2026-01-31 04:00:00,460.0,359.4045837402344,381.4929260253906,398.0971984863281,416.6432861328125,448.7784912109375,2026-01-31
2026-01-31 05:00:00,397.5,334.17420349121096,355.69054565429684,372.0845642089844,390.45936279296876,422.95420532226564,2026-01-31
2026-01-31 06:00:00,117.5,312.0052093505859,333.304736328125,349.6868896484375,368.47593994140624,401.702392578125,2026-01-31
2026-01-31 07:00:00,230.0,330.69721069335935,352.84369506835935,369.9674987792969,389.65048828125,424.1466064453125,2026-01-31
2026-01-31 08:00:00,100.0,298.7856903076172,320.85076904296875,338.278564453125,358.2441772460937,393.52277221679685,2026-01-31
2026-01-31 09:00:00,-10.0,216.9027130126953,238.90213928222656,256.4320983886719,276.9293212890625,312.6687072753906,2026-01-31
2026-01-31 10:00:00,-25.0,38.15989074707031,60.38691101074218,78.532958984375,99.58336181640625,136.7548583984375,2026-01-31
2026-01-31 11:00:00,-50.0,60.728460693359374,84.21692504882813,103.35653686523438,125.43870849609375,164.4099914550781,2026-01-31
2026-01-31 12:00:00,-50.0,-28.807373046875,-4.896511840820311,15.073333740234377,37.99859619140625,78.67537231445313,2026-01-31
2026-01-31 13:00:00,-50.0,-75.11573486328126,-50.62141418457031,-30.467742919921875,-6.5213623046875,35.93119506835937,2026-01-31
2026-01-31 14:00:00,-50.0,-84.85929260253906,-59.756616210937494,-38.51953125,-13.001101684570312,32.27268981933594,2026-01-31
2026-01-31 15:00:00,-50.0,-107.98265380859375,-80.451025390625,-56.61614990234375,-28.08603515625,20.666296386718756,2026-01-31
2026-01-31 16:00:00,-50.0,-36.10420532226563,-0.9508911132812514,27.30499267578125,59.70831298828125,113.1370849609375,2026-01-31
2026-01-31 17:00:00,405.0,112.67895202636718,146.91884155273436,176.12948608398438,209.90677490234376,264.501171875,2026-01-31
2026-01-31 18:00:00,282.5,198.76949462890624,231.17459106445312,259.0307312011719,291.98731689453126,345.1603637695313,2026-01-31
2026-01-31 19:00:00,212.5,127.13202514648435,157.72592773437498,183.67416381835935,214.63678588867185,266.59313354492184,2026-01-31
2026-01-31 20:00:00,222.2400054931641,55.82601318359373,86.41713256835936,111.75944519042967,141.27456970214843,192.75184020996093,2026-01-31
2026-01-31 21:00:00,265.0,67.6064208984375,98.76119384765624,123.9415283203125,153.17388916015625,204.20159912109375,2026-01-31
2026-01-31 22:00:00,280.0,30.496563720703122,62.148373413085935,86.97544860839844,115.15879821777344,164.87166442871094,2026-01-31
2026-01-31 23:00:00,318.0692443847656,-7.193231201171876,24.840222167968747,49.572174072265625,77.49212036132812,125.91787719726562,2026-01-31
2026-02-01 00:00:00,327.5,134.29302673339845,149.00069885253907,158.5818328857422,168.46761779785157,185.75868225097656,2026-02-01
2026-02-01 01:00:00,320.0,92.33025207519532,109.47388916015625,121.07980346679688,133.21083374023436,154.75396728515625,2026-02-01
2026-02-01 02:00:00,311.25,103.64894409179688,121.85112915039062,134.5941162109375,148.24513549804686,173.124609375,2026-02-01
2026-02-01 03:00:00,362.5,126.49624938964843,146.32651977539064,160.49830627441406,175.7471710205078,203.53915100097657,2026-02-01
2026-02-01 04:00:00,205.0,139.71368103027345,159.3988494873047,174.02548217773438,190.38991699218752,220.57569580078126,2026-02-01
2026-02-01 05:00:00,231.0,95.46417236328125,114.77864074707031,129.48223876953125,146.18589782714844,177.95171203613282,2026-02-01
2026-02-01 06:00:00,25.0,77.26351318359374,96.2686553955078,111.1021728515625,128.50914916992187,161.76849365234375,2026-02-01
2026-02-01 07:00:00,122.25,-10.273641967773436,9.454461669921875,25.32586669921875,44.005252075195315,79.6907928466797,2026-02-01
2026-02-01 08:00:00,68.32849884033203,-58.69597473144531,-39.77022094726563,-23.779296875,-4.409213256835937,33.00818176269533,2026-02-01
2026-02-01 09:00:00,-50.0,-63.70324401855469,-45.64848327636719,-29.8236083984375,-9.627081298828116,28.92876892089845,2026-02-01
2026-02-01 10:00:00,-50.0,-72.64459838867188,-55.3457763671875,-39.143157958984375,-17.800411987304685,22.727087402343756,2026-02-01
2026-02-01 11:00:00,-50.0,-63.48353881835938,-46.19141235351563,-29.438934326171875,-5.993884277343749,36.58058471679688,2026-02-01
2026-02-01 12:00:00,-50.0,-84.80734252929688,-68.99813842773438,-53.1719970703125,-29.759402465820312,14.176892089843761,2026-02-01
2026-02-01 13:00:00,-50.0,-75.222900390625,-60.873419189453124,-47.168701171875,-24.595306396484375,20.011993408203125,2026-02-01
2026-02-01 14:00:00,-50.0,-72.0754150390625,-57.965289306640635,-43.86929321289063,-20.232470703125006,26.057971191406246,2026-02-01
2026-02-01 15:00:00,-50.0,-76.90625,-60.451904296875,-43.276641845703125,-16.53861389160156,32.058447265625006,2026-02-01
2026-02-01 16:00:00,-50.0,-49.003338623046886,-24.925595092773445,-2.53564453125,28.30036010742187,81.48952026367188,2026-02-01
2026-02-01 17:00:00,215.2567443847656,137.21480712890624,165.93955993652344,192.17987060546875,225.96397094726564,281.3089904785156,2026-02-01
2026-02-01 18:00:00,415.0,208.2534423828125,234.90717163085938,260.3570861816406,292.7278137207031,345.0861328125,2026-02-01
2026-02-01 19:00:00,310.0,252.77117004394532,277.3327209472656,300.3067321777344,329.1790069580078,378.3802154541016,2026-02-01
2026-02-01 20:00:00,295.0,274.43519287109376,298.7636016845703,320.1120910644531,345.8835083007813,391.7318420410156,2026-02-01
2026-02-01 21:00:00,400.0,314.4060424804687,339.7968200683594,360.6492004394531,385.4259704589844,429.4847106933594,2026-02-01
2026-02-01 22:00:00,307.5,323.8019592285156,349.80821533203124,370.4832458496094,394.1950622558594,436.4756286621094,2026-02-01
2026-02-01 23:00:00,562.5,320.8438385009766,347.1514892578125,367.4989013671875,390.85511474609376,431.8538757324219,2026-02-01
2026-02-02 00:00:00,495.0,370.1639099121094,387.81666870117186,399.033203125,409.70322875976564,426.9042663574219,2026-02-02
2026-02-02 01:00:00,480.0,387.0740966796875,407.4249206542969,420.9948425292969,434.139599609375,455.22442626953125,2026-02-02
2026-02-02 02:00:00,502.5,344.4353973388672,366.1735595703125,381.3163146972656,396.39390869140624,421.1477783203125,2026-02-02
2026-02-02 03:00:00,600.0,354.4138519287109,377.65468139648436,394.51861572265625,411.51186523437497,439.4078125,2026-02-02
2026-02-02 04:00:00,507.5,369.5785919189453,392.1457092285156,409.683837890625,428.2711730957031,459.0936645507812,2026-02-02
2026-02-02 05:00:00,430.0,331.9401336669922,353.473681640625,371.024658203125,390.4302917480469,423.88963012695314,2026-02-02
2026-02-02 06:00:00,112.5,340.3314971923828,361.27593688964845,379.2023010253906,400.264599609375,436.6367614746094,2026-02-02
2026-02-02 07:00:00,255.0,375.8299224853516,396.5908142089844,415.2640380859375,438.36241760253904,477.73814392089844,2026-02-02
2026-02-02 08:00:00,272.5,350.79254150390625,369.48216552734374,387.9040222167969,411.7030090332031,453.06471557617186,2026-02-02
2026-02-02 09:00:00,-23.221250534057617,344.1977996826172,360.7465545654297,378.7691955566406,403.6056671142578,446.65126037597656,2026-02-02
2026-02-02 10:00:00,-50.0,66.46795349121095,82.09593200683595,100.66462707519533,127.11641845703127,173.1734771728516,2026-02-02
2026-02-02 11:00:00,277.5,-4.570291137695314,11.01615295410156,30.174835205078125,59.50178527832031,108.05917053222657,2026-02-02
2026-02-02 12:00:00,12.5,-30.233142089843753,-16.153106689453125,1.32159423828125,29.761450195312502,78.42576904296877,2026-02-02
2026-02-02 13:00:00,-50.0,-43.620849609375,-30.8091064453125,-16.23956298828125,9.736151123046877,57.63902587890627,2026-02-02
2026-02-02 14:00:00,-50.0,-57.66658325195313,-45.411834716796875,-30.989166259765625,-5.539294433593749,42.53203735351563,2026-02-02
2026-02-02 15:00:00,-50.0,-44.03626098632813,-29.313879394531252,-12.2967529296875,15.233447265625003,64.43652954101563,2026-02-02
2026-02-02 16:00:00,20.0,214.65426025390624,238.39714660644532,261.1426696777344,292.7694030761719,346.3493591308594,2026-02-02
2026-02-02 17:00:00,458.75,344.8753601074219,377.18784179687503,405.7532348632813,441.1218933105469,496.52108764648443,2026-02-02
2026-02-02 18:00:00,197.5,361.50739135742185,391.6590087890625,419.8944091796875,453.7008544921875,505.7785278320313,2026-02-02
2026-02-02 19:00:00,35.0,346.663134765625,374.34776000976564,399.7230224609375,429.4817199707031,477.3336181640625,2026-02-02
2026-02-02 20:00:00,10.006750106811523,257.2250732421875,284.10203247070314,307.2051696777344,333.08953247070315,376.64197998046876,2026-02-02
2026-02-02 21:00:00,123.63400268554688,211.26492309570312,238.75484619140624,260.8460388183594,285.1656433105469,326.30390014648435,2026-02-02
2026-02-02 22:00:00,-36.65975189208984,65.12402648925783,93.57713317871095,115.5693817138672,138.5363311767578,177.58407287597657,2026-02-02
2026-02-02 23:00:00,-50.0,152.39012145996097,181.06685791015627,202.85806274414065,225.54191894531255,263.1443725585938,2026-02-02
2026-02-03 00:00:00,191.19325256347656,130.35792846679686,137.35140380859374,143.32452392578125,151.252685546875,168.03983154296876,2026-02-03
2026-02-03 01:00:00,245.0,87.42238159179688,94.81448364257812,101.89999389648438,112.10757446289062,134.16322021484376,2026-02-03
2026-02-03 02:00:00,170.0,49.91031799316406,58.00822448730469,65.94090270996094,77.69819641113281,103.07904357910157,2026-02-03
2026-02-03 03:00:00,165.0,48.222418212890624,57.56832275390625,66.91009521484375,80.24663696289062,108.5487060546875,2026-02-03
2026-02-03 04:00:00,197.5,33.77717590332031,43.475100708007815,53.69245910644531,68.2414794921875,98.23973693847657,2026-02-03
2026-02-03 05:00:00,225.0,18.477487182617185,27.83004455566406,38.45570373535156,53.207122802734375,84.77146911621094,2026-02-03
2026-02-03 06:00:00,186.9812469482422,17.107699584960937,26.338455200195312,37.22590637207031,52.77102966308594,85.76878356933594,2026-02-03
2026-02-03 07:00:00,42.65549850463867,35.23136901855469,44.521731567382815,56.00929260253906,72.37625427246094,106.80372009277343,2026-02-03
2026-02-03 08:00:00,-48.74325180053711,-24.592541503906247,-16.245599365234376,-5.37249755859375,10.6756103515625,44.9874267578125,2026-02-03
2026-02-03 09:00:00,-50.0,-45.179351806640625,-37.44039306640625,-27.38079833984375,-11.757632446289062,22.198641967773433,2026-02-03
2026-02-03 10:00:00,-50.0,-45.209649658203126,-37.70093994140625,-27.415802001953125,-11.602117919921874,22.800567626953132,2026-02-03
2026-02-03 11:00:00,-50.0,48.07060546875,56.72697143554687,68.0701904296875,85.91651000976563,122.30872192382813,2026-02-03
2026-02-03 12:00:00,-50.0,-69.5841552734375,-61.16011352539063,-49.55096435546875,-31.484674072265623,5.034948730468756,2026-02-03
2026-02-03 13:00:00,-50.0,-51.52667236328125,-43.91926879882813,-33.365325927734375,-15.521386718749998,20.55242919921875,2026-02-03
2026-02-03 14:00:00,-50.0,-43.73063354492187,-36.379724121093744,-25.87240600585937,-7.74390258789062,28.624999999999996,2026-02-03
2026-02-03 15:00:00,-50.0,-49.561926269531256,-40.2990478515625,-28.222686767578125,-8.732012939453124,29.505419921875003,2026-02-03
2026-02-03 16:00:00,-50.0,-9.601931762695319,6.618759155273434,23.71054077148437,47.5699249267578,90.6050506591797,2026-02-03
2026-02-03 17:00:00,-22.77775001525879,110.13507385253905,132.84592895507814,155.6558380126953,184.61011657714843,231.3825164794922,2026-02-03
2026-02-03 18:00:00,27.833499908447266,87.74953002929686,110.31143798828126,134.61236572265625,164.46180419921876,210.07801513671876,2026-02-03
2026-02-03 19:00:00,60.0,3.449188232421875,25.234399414062498,48.7147216796875,77.50138549804686,121.61149291992187,2026-02-03
2026-02-03 20:00:00,151.2532501220703,4.9022064208984375,27.173937988281253,50.12309265136719,77.8145538330078,120.8285125732422,2026-02-03
2026-02-03 21:00:00,184.65550231933597,-14.583966064453136,8.663671874999991,31.943084716796875,59.689355468749994,102.671826171875,2026-02-03
2026-02-03 22:00:00,125.0,-31.263256835937497,-7.0227050781249964,16.353271484375,44.123822021484386,85.64754028320313,2026-02-03
2026-02-03 23:00:00,125.0,-52.9688720703125,-28.577102661132812,-5.18310546875,22.995202636718762,64.48502197265626,2026-02-03
2026-02-04 00:00:00,155.0,14.025570678710936,22.312692260742185,27.85162353515625,34.56155090332031,48.297094726562506,2026-02-04
2026-02-04 01:00:00,205.0,31.679339599609374,41.80624084472656,48.73204040527344,57.444268798828126,75.34426574707031,2026-02-04
2026-02-04 02:00:00,257.5,108.1741943359375,119.08922729492187,126.96340942382812,137.01251831054688,158.1917236328125,2026-02-04
2026-02-04 03:00:00,102.5,53.847113037109374,66.01439819335937,75.32106018066406,86.7887939453125,110.70899658203126,2026-02-04
2026-02-04 04:00:00,-50.0,3.034020996093748,15.880532836914062,26.06121826171875,39.01247253417968,65.53007507324219,2026-02-04
2026-02-04 05:00:00,-50.0,-59.43003845214844,-46.70650024414063,-36.061370849609375,-22.325872802734374,6.692697143554689,2026-02-04
2026-02-04 06:00:00,-50.0,-57.79184265136719,-44.90165710449219,-33.62396240234375,-18.71459655761719,12.464065551757812,2026-02-04
2026-02-04 07:00:00,-50.0,-62.6371826171875,-49.64045715332031,-37.536407470703125,-21.26331176757812,11.80430297851563,2026-02-04
2026-02-04 08:00:00,-50.0,-64.93038024902344,-53.627236938476564,-42.354736328125,-26.25951232910156,7.682363891601568,2026-02-04
2026-02-04 09:00:00,-50.0,-57.68280639648438,-48.04351806640625,-37.93218994140625,-21.703753662109374,13.015045166015625,2026-02-04
2026-02-04 10:00:00,-50.0,-63.505834960937506,-54.276470947265636,-43.73794555664063,-26.714990234375005,9.782354736328124,2026-02-04
2026-02-04 11:00:00,-50.0,-46.4095947265625,-36.57332763671875,-25.051483154296875,-5.5995941162109375,32.85681762695313,2026-02-04
2026-02-04 12:00:00,-50.0,-66.5145751953125,-57.569091796875,-46.87518310546875,-27.790820312499996,10.99515991210938,2026-02-04
2026-02-04 13:00:00,-50.0,-62.929113769531256,-55.23134765625,-46.4918212890625,-28.650576782226562,10.446856689453128,2026-02-04
2026-02-04 14:00:00,-50.0,-58.9467041015625,-51.288873291015626,-42.145263671875,-23.490576171875,17.10174560546875,2026-02-04
2026-02-04 15:00:00,-50.0,-54.70615844726562,-44.982086181640625,-33.386810302734375,-12.3567626953125,30.130206298828128,2026-02-04
2026-02-04 16:00:00,-50.0,-68.59307250976562,-53.33461303710938,-37.1640625,-12.245520019531249,34.8433837890625,2026-02-04
2026-02-04 17:00:00,27.0,-9.958605957031253,11.335589599609378,32.374237060546875,61.74557495117189,112.02771606445313,2026-02-04
2026-02-04 18:00:00,131.333251953125,214.58755798339848,234.4616638183594,255.60716247558597,284.92969055175786,333.81237487792976,2026-02-04
2026-02-04 19:00:00,25.10650062561035,205.45805664062502,223.55779724121098,242.63150024414065,269.2553955078125,316.12671508789066,2026-02-04
2026-02-04 20:00:00,55.09149932861328,202.4118865966797,219.98970336914064,237.3398895263672,261.1695220947266,305.50074768066406,2026-02-04
2026-02-04 21:00:00,83.56575012207031,226.96994323730468,244.82420959472657,261.296875,283.85230712890626,326.5310974121094,2026-02-04
2026-02-04 22:00:00,24.95249938964844,258.3572814941406,276.82653503417964,293.0062866210937,313.8689331054687,354.28486938476556,2026-02-04
2026-02-04 23:00:00,194.1000061035156,232.6232421875,251.59734802246095,267.423095703125,287.77770080566404,326.7930389404297,2026-02-04
2026-02-05 00:00:00,365.0,373.3614562988281,386.7506805419922,395.8963317871094,405.6247528076172,422.71387634277346,2026-02-05
2026-02-05 01:00:00,232.5,341.1556915283203,356.10740966796874,366.767578125,378.7073516845703,399.4643524169922,2026-02-05
2026-02-05 02:00:00,330.0,328.1863159179687,343.3996185302734,355.0595703125,368.5210723876953,392.41705322265625,2026-02-05
2026-02-05 03:00:00,287.5,352.51604614257815,367.78839721679685,380.2339782714844,394.73390197753906,420.75010986328124,2026-02-05
2026-02-05 04:00:00,292.5,354.31870727539064,368.8278106689453,381.2893371582031,396.53338623046875,424.35178833007814,2026-02-05
2026-02-05 05:00:00,325.0,343.3219512939453,356.23553161621095,368.1282653808594,383.65456237792966,413.01381530761716,2026-02-05
2026-02-05 06:00:00,327.5,387.8214904785156,399.2440979003906,410.6486511230469,426.7630310058594,457.4089660644531,2026-02-05
2026-02-05 07:00:00,476.0,433.1737365722656,443.2588623046875,453.98681640625,470.5249969482422,501.58033447265626,2026-02-05
2026-02-05 08:00:00,558.5,351.4702453613281,359.1526611328125,367.7344665527344,382.6359161376953,413.10833129882815,2026-02-05
2026-02-05 09:00:00,394.47650146484375,253.5608337402344,258.9150817871094,265.24658203125,278.4497436523437,308.15460815429685,2026-02-05
2026-02-05 10:00:00,189.4620056152344,17.74457397460937,22.577404785156247,28.33578491210937,40.793627929687496,70.38876342773438,2026-02-05
2026-02-05 11:00:00,142.1875,90.27994079589845,95.96526794433595,102.2827606201172,116.23025817871095,146.7360321044922,2026-02-05
2026-02-05 12:00:00,-50.0,-33.1625,-27.69215087890625,-21.724822998046875,-8.178048706054687,22.03765258789062,2026-02-05
2026-02-05 13:00:00,-50.0,-38.597113037109374,-33.639703369140626,-28.995086669921875,-16.864556884765623,13.289404296875006,2026-02-05
2026-02-05 14:00:00,-50.0,-30.0432861328125,-25.136602783203124,-20.2578125,-8.0280029296875,22.737719726562503,2026-02-05
2026-02-05 15:00:00,-50.0,-32.860748291015625,-26.447076416015626,-19.74188232421875,-5.9087158203125,26.515859985351568,2026-02-05
2026-02-05 16:00:00,700.0,102.96908874511718,113.73949279785154,124.5517120361328,142.385546875,179.61128845214841,2026-02-05
2026-02-05 17:00:00,665.25,410.7565979003906,428.43889770507815,444.854736328125,467.8921691894531,509.08049926757815,2026-02-05
2026-02-05 18:00:00,627.0,645.7541076660157,662.7584014892578,680.1743774414062,704.204150390625,745.3675842285156,2026-02-05
2026-02-05 19:00:00,712.75,528.1618469238281,544.2036315917969,560.493408203125,583.0940246582031,623.6519653320313,2026-02-05
2026-02-05 20:00:00,412.1292419433594,586.2066711425781,602.7345489501953,618.2303466796875,639.4414855957032,679.2502502441406,2026-02-05
2026-02-05 21:00:00,534.2857666015625,636.5703552246093,654.4737854003906,670.033935546875,690.7900146484375,730.1555236816406,2026-02-05
2026-02-05 22:00:00,500.0,355.156884765625,375.0703155517578,391.26177978515625,411.1200012207031,449.25202026367185,2026-02-05
2026-02-05 23:00:00,487.5,381.1285369873047,402.3953796386719,419.06591796875,438.90904541015624,476.84898071289064,2026-02-05
2026-02-06 00:00:00,477.5,354.5256652832031,372.94097900390625,384.91412353515625,396.469091796875,415.0220581054687,2026-02-06
2026-02-06 01:00:00,430.0,371.3897766113281,393.4243469238281,408.122802734375,422.4328247070312,444.55023193359375,2026-02-06
2026-02-06 02:00:00,500.0,375.84379272460933,399.876416015625,416.2781982421875,432.5580810546875,457.94781494140625,2026-02-06
2026-02-06 03:00:00,590.6875,381.839144897461,407.98190307617193,426.3442993164063,444.647607421875,472.68701171875006,2026-02-06
2026-02-06 04:00:00,793.5,337.9323974609375,363.963037109375,383.26702880859375,403.44008178710936,434.42063598632814,2026-02-06
2026-02-06 05:00:00,751.9614868164062,326.87498168945314,353.0031433105469,373.03326416015625,394.2676025390625,427.4594421386719,2026-02-06
2026-02-06 06:00:00,425.0,328.7499542236328,355.1223937988281,376.2100830078125,399.50330810546876,435.6249267578125,2026-02-06
2026-02-06 07:00:00,537.5,352.03399047851565,378.6941314697266,401.03070068359375,426.8396789550781,465.9853454589844,2026-02-06
2026-02-06 08:00:00,436.5352478027344,316.9679382324219,341.0324768066406,363.44921875,390.1251586914062,431.42803955078125,2026-02-06
2026-02-06 09:00:00,367.35101318359375,302.92902221679685,323.6507171630859,345.2939758300781,372.9798217773438,415.9892822265625,2026-02-06
2026-02-06 10:00:00,195.0,283.1674072265625,302.28139343261716,323.8216247558594,352.5307922363281,397.9887329101563,2026-02-06
2026-02-06 11:00:00,393.7027587890625,291.23424377441404,309.34497985839846,330.7976989746094,361.95802307128906,408.8986785888672,2026-02-06
2026-02-06 12:00:00,380.8664855957031,298.6697723388672,313.9006744384766,332.62548828125,362.5000030517578,409.35951232910156,2026-02-06
2026-02-06 13:00:00,233.6202545166016,183.11322021484375,196.05532836914062,210.8847198486328,237.27179260253905,283.1914245605469,2026-02-06
2026-02-06 14:00:00,186.2875061035156,166.04832153320314,178.33907470703124,193.0596466064453,218.559326171875,264.30028076171874,2026-02-06
2026-02-06 15:00:00,-37.5,221.13590087890628,236.44659423828128,254.5852203369141,282.90476074218753,330.2652587890625,2026-02-06
2026-02-06 16:00:00,-50.0,252.93282165527341,278.4064178466797,303.352294921875,336.4602569580078,389.1883026123047,2026-02-06
2026-02-06 17:00:00,135.93374633789062,273.3456726074219,306.59882202148435,337.461181640625,374.89490966796876,429.8218994140625,2026-02-06
2026-02-06 18:00:00,64.0,275.12500915527346,306.660302734375,338.0039367675781,374.72150268554685,428.0737731933594,2026-02-06
2026-02-06 19:00:00,60.98199844360352,261.75185241699216,289.9403015136719,318.3376159667969,351.2291259765625,401.00714111328125,2026-02-06
2026-02-06 20:00:00,60.0,225.1913665771484,252.17049865722652,278.1112670898437,307.4293395996093,353.5981628417968,2026-02-06
2026-02-06 21:00:00,91.0,225.26485900878907,252.1808654785156,276.834716796875,304.42412109375,348.4272094726563,2026-02-06
2026-02-06 22:00:00,170.0,178.57476196289062,205.09515686035155,228.6647491455078,253.92493591308593,295.4893402099609,2026-02-06
2026-02-06 23:00:00,107.5,216.404150390625,242.62403564453126,265.6185607910156,289.8904602050781,329.4361267089844,2026-02-06
2026-02-07 00:00:00,20.0,71.68647155761718,84.23833312988282,93.23556518554688,103.29814453124999,123.52339477539063,2026-02-07
2026-02-07 01:00:00,-50.0,15.51714477539063,29.64346618652344,40.29409790039063,52.67025756835938,77.47999267578126,2026-02-07
2026-02-07 02:00:00,97.5,10.48568420410156,25.432763671875,37.29142761230469,51.245126342773446,79.50337219238283,2026-02-07
2026-02-07 03:00:00,-50.0,-25.168148803710938,-9.46436767578125,3.6337890625,19.122943115234378,50.24493103027344,2026-02-07
2026-02-07 04:00:00,120.0,-30.115252685546878,-14.515646362304688,-1.00823974609375,15.596398925781251,49.15943603515626,2026-02-07
2026-02-07 05:00:00,0.0,-39.878875732421875,-25.167239379882815,-11.6708984375,5.313223266601565,40.90955200195313,2026-02-07
2026-02-07 06:00:00,50.0,-41.437872314453124,-27.938793945312497,-14.461456298828123,3.1921722412109492,40.315441894531254,2026-02-07
2026-02-07 07:00:00,140.0,-54.830508422851565,-41.93793640136719,-28.31158447265625,-9.920748901367187,28.418875122070318,2026-02-07
2026-02-07 08:00:00,-50.0,-59.3639404296875,-48.516693115234375,-36.28778076171875,-18.790283203125,19.40723266601563,2026-02-07
2026-02-07 09:00:00,-50.0,-56.165747070312506,-47.459039306640626,-37.171722412109375,-20.6326171875,16.99070434570313,2026-02-07
2026-02-07 10:00:00,-50.0,-57.23956298828125,-50.10970458984375,-40.427093505859375,-24.456539916992185,13.792346191406253,2026-02-07
2026-02-07 11:00:00,-50.0,-43.51361083984375,-36.355316162109375,-26.549530029296875,-9.242111206054688,30.065136718750004,2026-02-07
2026-02-07 12:00:00,-50.0,-52.33115844726563,-45.815484619140626,-36.541351318359375,-19.455868530273438,19.954272460937503,2026-02-07
2026-02-07 13:00:00,-50.0,-48.3221923828125,-42.829766845703126,-34.90350341796875,-18.564486694335937,20.922888183593756,2026-02-07
2026-02-07 14:00:00,-50.0,-45.20533447265625,-40.341461181640625,-32.60992431640625,-16.147674560546875,23.998196411132817,2026-02-07
2026-02-07 15:00:00,-50.0,-48.468023681640624,-42.428533935546874,-33.529083251953125,-16.019732666015624,25.662353515625,2026-02-07
2026-02-07 16:00:00,-50.0,-55.45871276855469,-46.010336303710936,-33.91680908203125,-13.534802246093747,31.514480590820312,2026-02-07
2026-02-07 17:00:00,289.8699951171875,169.4865905761718,182.39487915039058,198.04788208007807,222.46918334960932,270.69982299804684,2026-02-07
2026-02-07 18:00:00,310.0,278.6048950195312,291.9873809814453,308.9145202636719,334.23789978027344,381.6832214355469,2026-02-07
2026-02-07 19:00:00,302.5,270.6803375244141,284.8049591064453,302.1561279296875,327.58978576660155,375.24827575683594,2026-02-07
2026-02-07 20:00:00,305.0,234.9336181640625,250.3620178222656,267.728271484375,292.6785949707031,339.9723327636719,2026-02-07
2026-02-07 21:00:00,330.0,252.06701354980467,268.59266357421876,286.2376708984375,311.1963226318359,358.20245056152345,2026-02-07
2026-02-07 22:00:00,325.0,241.23939208984376,258.4485565185547,276.2819519042969,300.76319580078126,346.5007751464844,2026-02-07
2026-02-07 23:00:00,265.0,248.32197265625,266.0152801513672,283.8306579589844,308.49585571289066,353.86590576171875,2026-02-07
2026-02-08 00:00:00,175.0,267.83579711914064,279.6605255126953,287.41424560546875,295.78172912597654,311.32671813964845,2026-02-08
2026-02-08 01:00:00,287.5,256.64451293945314,270.42698364257814,279.9283447265625,290.34629211425784,310.13402404785154,2026-02-08
2026-02-08 02:00:00,330.0,263.48729553222654,278.821484375,289.7698059082031,302.05036010742185,325.434814453125,2026-02-08
2026-02-08 03:00:00,270.0,248.06796569824218,265.53562316894534,278.34393310546875,292.5485473632813,320.0564453125,2026-02-08
2026-02-08 04:00:00,135.0,215.38596801757814,233.52641906738282,247.54676818847656,263.51978454589846,293.82066345214844,2026-02-08
2026-02-08 05:00:00,210.0,167.28450622558594,185.33314208984376,199.92633056640625,216.67921142578123,249.4145751953125,2026-02-08
2026-02-08 06:00:00,245.0,122.13573303222657,140.20384216308594,155.37091064453125,173.35233154296876,207.96420288085938,2026-02-08
2026-02-08 07:00:00,180.0,159.19333801269534,177.85993957519534,194.2291412353516,213.50195007324223,250.8803131103516,2026-02-08
2026-02-08 08:00:00,-50.0,64.52663879394531,82.27187805175781,98.88307189941406,118.68777770996094,156.8969696044922,2026-02-08
2026-02-08 09:00:00,-50.0,-39.34655456542969,-22.444638061523438,-6.115814208984375,13.909088134765625,52.56674499511719,2026-02-08
2026-02-08 10:00:00,-50.0,-64.17060241699218,-47.796267700195315,-31.0086669921875,-10.403982543945311,29.615859985351577,2026-02-08
2026-02-08 11:00:00,-50.0,-56.26194763183594,-39.75075988769531,-22.347564697265625,-0.26633911132812926,41.45097351074219,2026-02-08
2026-02-08 12:00:00,-50.0,-55.25742187499999,-39.425970458984374,-22.11117553710937,0.024981689453134948,42.36456909179688,2026-02-08
2026-02-08 13:00:00,-50.0,-56.93252868652344,-41.80086364746094,-25.401885986328125,-3.0708282470703097,39.69081115722658,2026-02-08
2026-02-08 14:00:00,-50.0,-59.524078369140625,-44.33284912109375,-27.826568603515625,-5.291693115234374,38.00286865234375,2026-02-08
2026-02-08 15:00:00,-50.0,-62.542990112304686,-45.95154724121094,-28.44842529296875,-4.7780303955078125,40.102670288085946,2026-02-08
2026-02-08 16:00:00,-49.47174835205078,-44.17108764648438,-21.682791137695315,-0.366119384765625,26.613189697265614,75.42377319335938,2026-02-08
2026-02-08 17:00:00,288.0,138.8903259277344,166.64771728515626,191.8321228027344,222.6528015136719,273.9468933105469,2026-02-08
2026-02-08 18:00:00,-29.5,200.94983215332027,228.01451110839838,253.8070373535156,284.79857788085934,335.39277954101556,2026-02-08
2026-02-08 19:00:00,24.0,84.51849975585935,110.64630432128905,136.22950744628906,166.8886260986328,216.01825256347655,2026-02-08
2026-02-08 20:00:00,42.0,-31.406304931640626,-4.885784912109376,20.54803466796875,50.83710327148438,98.60831909179689,2026-02-08
2026-02-08 21:00:00,24.75,-17.774844360351565,9.805194091796874,35.399200439453125,65.6841796875,112.79934082031251,2026-02-08
2026-02-08 22:00:00,12.25,-47.2498046875,-19.13887939453125,6.266876220703125,36.09654541015625,81.75638427734376,2026-02-08
2026-02-08 23:00:00,-37.5,-70.89850158691407,-42.820654296875006,-17.82952880859375,12.230474853515627,57.12361450195313,2026-02-08
2026-02-09 00:00:00,32.04425048828125,-24.593621826171876,-17.333331298828124,-11.76190185546875,-4.2137207031249995,12.705926513671876,2026-02-09
2026-02-09 01:00:00,20.0575008392334,-31.651409912109376,-24.051947021484374,-18.124267578125,-9.024362182617187,12.432077026367189,2026-02-09
2026-02-09 02:00:00,-50.0,-21.230328369140626,-13.151837158203126,-6.6400146484375,3.720663452148438,29.015875244140624,2026-02-09
2026-02-09 03:00:00,-50.0,-24.68984375,-16.14080810546875,-8.936981201171875,2.5544464111328136,30.684439086914068,2026-02-09
2026-02-09 04:00:00,-50.0,-24.69359130859375,-15.97593994140625,-8.628662109375,3.4771545410156257,33.988623046875,2026-02-09
2026-02-09 05:00:00,-50.0,-40.3739501953125,-32.3121826171875,-24.83917236328125,-12.272680664062499,20.48417968750001,2026-02-09
2026-02-09 06:00:00,-50.0,-43.66802978515625,-35.9896728515625,-28.415008544921875,-15.07412109375,18.912582397460938,2026-02-09
2026-02-09 07:00:00,5.791749954223633,-13.474072265625,-6.311993408203127,1.27978515625,14.869973754882814,49.609255981445315,2026-02-09
2026-02-09 08:00:00,54.10699844360352,-3.875152587890625,1.1783020019531243,6.807037353515625,18.643389892578128,52.388830566406256,2026-02-09
2026-02-09 09:00:00,-50.0,-30.35452880859375,-27.22598876953125,-23.72412109375,-13.40654296875,19.582574462890626,2026-02-09
2026-02-09 10:00:00,-50.0,-36.9147705078125,-34.6439697265625,-31.258453369140625,-21.151947021484375,12.123593139648442,2026-02-09
2026-02-09 11:00:00,0.0,-33.09124755859375,-29.64443359375,-25.328155517578125,-13.114300537109374,21.586630249023443,2026-02-09
2026-02-09 12:00:00,35.0,-38.59605712890625,-34.94046630859375,-30.3656005859375,-18.020153808593747,16.636004638671878,2026-02-09
2026-02-09 13:00:00,-37.5,-34.490380859375,-31.087640380859376,-27.27886962890625,-15.762628173828125,19.379003906250006,2026-02-09
2026-02-09 14:00:00,-50.0,-32.98387451171875,-30.15169677734375,-26.515594482421875,-14.720288085937499,21.293469238281254,2026-02-09
2026-02-09 15:00:00,-50.0,-35.914666748046876,-32.30140991210938,-27.194793701171875,-13.6107666015625,25.202038574218754,2026-02-09
2026-02-09 16:00:00,222.5,-41.71484985351563,-33.716729736328126,-24.277862548828125,-6.001773071289065,39.28053588867188,2026-02-09
2026-02-09 17:00:00,207.5,-31.650213623046877,-16.888287353515626,-1.317535400390625,23.845446777343753,74.59164428710938,2026-02-09
2026-02-09 18:00:00,-49.605751037597656,-37.851934814453124,-23.255474853515626,-5.63043212890625,21.9795166015625,74.03153686523439,2026-02-09
2026-02-09 19:00:00,-49.25,-10.203845214843756,3.8293975830078075,21.61947631835937,49.77601928710938,104.14360961914063,2026-02-09
2026-02-09 20:00:00,-48.01300048828125,-14.807125854492192,-0.20461120605468963,17.362548828125,45.72665100097656,100.9237762451172,2026-02-09
2026-02-09 21:00:00,-50.0,-5.409442138671878,10.46143798828125,28.6708984375,57.748089599609365,113.79689331054688,2026-02-09
2026-02-09 22:00:00,-49.260501861572266,-32.975469970703124,-15.775222778320316,3.147064208984375,32.54774780273438,88.05720825195313,2026-02-09
2026-02-09 23:00:00,-50.0,-46.2591552734375,-28.633755493164067,-9.44403076171875,19.721136474609377,74.99495849609376,2026-02-09
2026-02-10 00:00:00,245.09625244140625,18.03029174804687,22.651098632812495,25.90829467773437,31.588208007812497,46.04799194335938,2026-02-10
2026-02-10 01:00:00,257.5,135.8837860107422,140.45772399902344,143.5690460205078,150.63430480957032,170.01162719726562,2026-02-10
2026-02-10 02:00:00,102.5,159.4533264160156,164.16229858398438,167.4239501953125,175.74871215820312,200.08316345214843,2026-02-10
2026-02-10 03:00:00,200.0,184.8155212402344,189.97424316406253,193.96597290039065,203.93137817382816,232.39592285156255,2026-02-10
2026-02-10 04:00:00,110.03150177001952,138.95168762207032,144.4086883544922,149.03953552246094,160.52167663574218,192.8248992919922,2026-02-10
2026-02-10 05:00:00,182.8757476806641,134.7477264404297,140.01740417480468,145.7152557373047,158.87445068359375,194.6631286621094,2026-02-10
2026-02-10 06:00:00,141.6165008544922,187.74174194335936,193.08512573242186,199.62738037109372,214.91127319335934,253.75726928710935,2026-02-10
2026-02-10 07:00:00,216.15475463867188,221.1943115234375,226.61594848632814,234.03884887695312,250.731982421875,291.68988647460935,2026-02-10
2026-02-10 08:00:00,152.1540069580078,234.9662658691406,238.42932739257813,244.46652221679688,259.70472412109376,300.5408020019531,2026-02-10
2026-02-10 09:00:00,1.0577499866485596,179.99203186035157,181.72449645996093,185.55796813964844,198.87081604003907,239.00580444335938,2026-02-10
2026-02-10 10:00:00,-50.0,-23.2682861328125,-22.008221435546876,-18.252655029296875,-5.82540283203125,34.25025024414063,2026-02-10
2026-02-10 11:00:00,-50.0,-30.70570068359375,-28.61591796875,-24.242095947265625,-9.928955078125,31.185858154296866,2026-02-10
2026-02-10 12:00:00,-50.0,-37.01595458984375,-35.103546142578125,-30.62152099609375,-15.992895507812499,25.987203979492193,2026-02-10
2026-02-10 13:00:00,-50.0,-37.275091552734374,-35.79649658203125,-31.75,-17.070697021484374,26.72465209960938,2026-02-10
2026-02-10 14:00:00,-50.0,-37.524102783203126,-36.2808837890625,-31.668487548828125,-15.205743408203123,30.731420898437506,2026-02-10
2026-02-10 15:00:00,262.9327392578125,-31.23116455078125,-28.849658203125,-21.3026123046875,-1.5436584472656243,48.40120849609376,2026-02-10
2026-02-10 16:00:00,563.4555053710938,193.07883911132814,199.80418090820314,212.31427001953125,237.66424255371095,295.24815673828124,2026-02-10
2026-02-10 17:00:00,602.1957397460938,337.55357360839844,349.3157012939453,367.34228515625,399.9970367431641,462.72043762207034,2026-02-10
2026-02-10 18:00:00,405.0,357.3850830078125,367.67442626953124,386.7218017578125,421.22266845703126,484.9191833496094,2026-02-10
2026-02-10 19:00:00,355.0,311.62749938964845,319.7432891845703,337.1617126464844,370.1099548339844,434.3758209228516,2026-02-10
2026-02-10 20:00:00,187.5,278.90711364746096,286.89842834472654,302.8187255859375,334.78223571777346,398.1448699951172,2026-02-10
2026-02-10 21:00:00,247.89149475097656,265.5559814453125,274.3854675292969,289.913818359375,322.1191375732422,385.1782531738281,2026-02-10
2026-02-10 22:00:00,215.7227478027344,224.82731323242183,234.6969055175781,250.5317230224609,282.31274108886714,344.37957763671875,2026-02-10
2026-02-10 23:00:00,82.5,128.14986267089844,138.93805236816405,155.34193420410156,186.6053253173828,247.5548309326172,2026-02-10
2026-02-11 00:00:00,250.0,223.24106750488278,238.37272338867186,249.3539123535156,261.4874328613281,283.2858673095703,2026-02-11
2026-02-11 01:00:00,-25.0,63.445092773437494,79.9887939453125,92.73878479003906,107.66156005859375,134.6354248046875,2026-02-11
2026-02-11 02:00:00,115.0,-11.728561401367188,5.497222900390625,19.179718017578125,35.63439331054687,66.18614196777344,2026-02-11
2026-02-11 03:00:00,75.0,-33.47685241699219,-15.6554931640625,-1.04931640625,16.575466918945313,50.06696472167969,2026-02-11
2026-02-11 04:00:00,-49.00650024414063,-31.056204223632815,-14.300625610351563,0.30865478515625,19.138442993164062,55.511416625976565,2026-02-11
2026-02-11 05:00:00,-50.0,-38.2863037109375,-22.36202392578125,-7.424652099609375,12.346441650390627,51.64986572265625,2026-02-11
2026-02-11 06:00:00,-50.0,-50.05235900878907,-34.08950500488281,-18.524932861328125,3.325344848632813,44.79042053222658,2026-02-11
2026-02-11 07:00:00,-50.0,-51.95386962890625,-36.35091552734375,-20.209930419921875,3.296331787109377,46.51978149414063,2026-02-11
2026-02-11 08:00:00,-50.0,-46.37440490722656,-33.91472473144531,-19.981353759765625,1.9088043212890646,44.66710510253907,2026-02-11
2026-02-11 09:00:00,-50.0,-52.103564453125,-43.291168212890625,-32.62445068359375,-13.135290527343749,28.4482666015625,2026-02-11
2026-02-11 10:00:00,-50.0,-57.44319458007813,-50.5249267578125,-41.00762939453125,-22.675469970703123,18.761962890625,2026-02-11
2026-02-11 11:00:00,-50.0,-51.540618896484375,-44.27607421875,-34.48602294921875,-14.235177612304689,27.896600341796876,2026-02-11
2026-02-11 12:00:00,-50.0,-47.674163818359375,-41.699822998046876,-32.980010986328125,-13.250152587890625,29.108233642578128,2026-02-11
2026-02-11 13:00:00,-50.0,-44.72849731445312,-40.23701782226563,-33.7830810546875,-15.570150756835936,26.89246215820313,2026-02-11
2026-02-11 14:00:00,-50.0,-41.7454345703125,-37.33868408203125,-30.1087646484375,-10.62088928222656,33.33876953125,2026-02-11
2026-02-11 15:00:00,-50.0,-43.51123657226563,-35.57771606445313,-23.88897705078125,-0.2603210449218736,47.37487182617188,2026-02-11
2026-02-11 16:00:00,-50.0,-61.31990966796875,-43.813577270507814,-24.90814208984375,4.654425048828127,58.86420898437501,2026-02-11
2026-02-11 17:00:00,-7.0,150.7723358154297,177.3024475097656,203.0804901123047,238.37484436035157,296.0364166259766,2026-02-11
2026-02-11 18:00:00,22.75,218.2390380859375,242.19036865234375,268.2055969238281,303.14521484375,359.21533203125,2026-02-11
2026-02-11 19:00:00,129.5,221.6005828857422,242.7919464111328,266.2164001464844,297.8056671142578,351.55352478027345,2026-02-11
2026-02-11 20:00:00,54.75,189.428125,209.63956298828123,230.7696533203125,259.3582275390625,310.2529602050781,2026-02-11
2026-02-11 21:00:00,129.5,175.5667266845703,196.20297241210938,216.7603302001953,244.78762512207032,294.86456604003905,2026-02-11
2026-02-11 22:00:00,233.09625244140625,150.90848388671876,171.69737548828124,192.0245361328125,219.27679443359375,267.9800659179688,2026-02-11
2026-02-11 23:00:00,240.0,90.93389587402343,111.43131713867187,131.3311004638672,158.30970764160156,205.87855529785156,2026-02-11
2026-02-12 00:00:00,260.0,253.67430725097657,268.082763671875,277.8961486816406,288.33758544921875,307.33912353515626,2026-02-12
2026-02-12 01:00:00,260.0,240.96058349609373,256.8558837890625,268.1181640625,280.6323211669922,303.8624969482422,2026-02-12
2026-02-12 02:00:00,262.5,239.3205108642578,255.66923828125,267.8167724609375,281.80682373046875,308.95610961914065,2026-02-12
2026-02-12 03:00:00,305.0,243.7051208496094,260.6587768554688,274.1492614746094,289.72760009765625,320.3157958984375,2026-02-12
2026-02-12 04:00:00,260.0,214.13924560546872,230.33207702636716,244.18783569335935,261.4635375976562,295.4714660644531,2026-02-12
2026-02-12 05:00:00,2.5,132.70354919433595,147.74039001464843,161.83895874023438,180.34669189453126,217.4151580810547,2026-02-12
2026-02-12 06:00:00,198.156005859375,47.63377990722656,62.24587707519531,76.95390319824219,97.6387725830078,137.71283264160155,2026-02-12
2026-02-12 07:00:00,214.062255859375,11.371893310546874,25.4707275390625,40.88775634765625,63.43880310058593,105.61519775390626,2026-02-12
2026-02-12 08:00:00,24.97450065612793,-9.549212646484378,1.6402160644531243,15.18731689453125,36.464990234375,78.41096801757813,2026-02-12
2026-02-12 09:00:00,-37.445499420166016,-26.241973876953125,-18.26837158203125,-7.608917236328125,11.630300903320315,52.681311035156256,2026-02-12
2026-02-12 10:00:00,-50.0,-47.5063232421875,-41.206964111328126,-31.550323486328125,-13.452102661132816,27.69869384765625,2026-02-12
2026-02-12 11:00:00,-50.0,25.300949096679688,31.600033569335935,41.23829650878906,60.77094421386719,102.56423645019532,2026-02-12
2026-02-12 12:00:00,-50.0,-33.40370483398438,-28.131427001953128,-19.487548828125,-0.2672576904296875,42.3430419921875,2026-02-12
2026-02-12 13:00:00,-50.0,-28.230938720703126,-24.019793701171874,-17.12725830078125,1.5367858886718757,45.07432250976563,2026-02-12
2026-02-12 14:00:00,-50.0,-34.60429077148437,-30.591180419921876,-23.010498046875,-2.5664337158203097,43.19435424804688,2026-02-12
2026-02-12 15:00:00,-50.0,-42.84242553710938,-36.3427001953125,-24.82244873046875,-0.3913543701171882,48.890173339843756,2026-02-12
2026-02-12 16:00:00,342.25,-61.594827270507814,-47.82630920410156,-30.08050537109375,-0.05913696289062287,56.1783416748047,2026-02-12
2026-02-12 17:00:00,429.4557495117188,-22.027600097656254,-0.30942382812500213,23.8944091796875,60.18701171875,121.05711059570314,2026-02-12
2026-02-12 18:00:00,113.5,212.5731201171875,232.14144287109374,256.6971740722656,293.1204528808594,352.3726440429688,2026-02-12
2026-02-12 19:00:00,88.25,165.01500854492187,182.61111450195312,205.1832275390625,238.76400756835938,296.22263793945314,2026-02-12
2026-02-12 20:00:00,-49.5,204.07875366210934,221.86781921386716,242.8871154785156,273.6699584960937,328.23651123046875,2026-02-12
2026-02-12 21:00:00,25.25,210.54387512207032,229.56595458984376,249.6779022216797,279.2211029052734,331.63262634277345,2026-02-12
2026-02-12 22:00:00,14.25,191.86997680664064,211.88654174804688,231.82977294921875,259.57139587402344,309.80149841308594,2026-02-12
2026-02-12 23:00:00,162.78924560546875,189.52658081054688,210.03154907226562,229.80279541015625,256.86619873046874,305.0745056152344,2026-02-12
2026-02-13 00:00:00,100.38574981689452,7.219839477539061,22.724224853515622,33.980682373046875,46.33919067382813,68.48814086914064,2026-02-13
2026-02-13 01:00:00,262.5,28.53343811035157,45.30816955566407,58.01542663574219,72.5894714355469,98.74372253417971,2026-02-13
2026-02-13 02:00:00,165.0,35.52646789550781,53.161538696289064,67.03669738769531,83.17662658691405,112.8099334716797,2026-02-13
2026-02-13 03:00:00,65.0,22.636077880859382,41.27529907226563,56.39474487304688,73.85384521484376,106.47594604492188,2026-02-13
2026-02-13 04:00:00,62.91849899291992,-18.29368286132813,-1.038867187500001,13.84686279296875,32.12244262695313,67.7477966308594,2026-02-13
2026-02-13 05:00:00,-48.5,-22.610110473632815,-6.94189453125,7.639923095703125,26.51735229492188,64.21161193847657,2026-02-13
2026-02-13 06:00:00,-52.089500427246094,-37.33432312011719,-22.3225341796875,-7.452301025390625,13.688482666015627,54.320535278320314,2026-02-13
2026-02-13 07:00:00,-17.344499588012695,-46.49403686523438,-32.0912353515625,-16.81103515625,6.431774902343751,49.03148193359375,2026-02-13
2026-02-13 08:00:00,-50.0,-50.67989807128906,-39.84373474121094,-27.30673217773437,-6.106765747070309,35.75699157714844,2026-02-13
2026-02-13 09:00:00,-50.0,-45.18495483398438,-38.5666259765625,-30.096954345703125,-12.513635253906248,27.349761962890625,2026-02-13
2026-02-13 10:00:00,-50.0,-51.45546875000001,-47.06057739257813,-40.52603149414063,-25.461700439453132,13.02056274414062,2026-02-13
2026-02-13 11:00:00,-50.0,-51.18221435546875,-46.53270263671875,-40.286376953125,-24.27098693847656,13.946670532226562,2026-02-13
2026-02-13 12:00:00,-50.0,-46.91159057617188,-43.260418701171886,-38.02438354492188,-22.67130737304688,15.788626098632811,2026-02-13
2026-02-13 13:00:00,-50.0,-40.9934326171875,-38.425262451171875,-35.005859375,-21.108428955078125,17.6679931640625,2026-02-13
2026-02-13 14:00:00,-50.0,-36.91126708984375,-34.651544189453126,-30.55157470703125,-14.2970703125,27.460461425781254,2026-02-13
2026-02-13 15:00:00,-50.0,-39.24766235351562,-34.26651611328125,-24.99472045898437,-2.781686401367182,44.61249389648438,2026-02-13
2026-02-13 16:00:00,-50.0,-45.02782287597656,-28.998999023437502,-11.39019775390625,18.59933776855469,75.5053680419922,2026-02-13
2026-02-13 17:00:00,-48.69525146484375,-13.777172851562504,10.654241943359374,35.3690185546875,72.28729858398438,134.79328002929688,2026-02-13
2026-02-13 18:00:00,-26.132999420166016,178.78431396484376,197.48646240234376,220.89727783203125,257.03131713867185,317.36484985351564,2026-02-13
2026-02-13 19:00:00,11.484999656677246,149.26812133789062,163.95119934082032,183.88699340820312,215.43721923828124,272.49998168945314,2026-02-13
2026-02-13 20:00:00,8.925000190734863,112.18254394531249,126.65977172851562,144.76429748535156,173.26435546875,227.5456970214844,2026-02-13
2026-02-13 21:00:00,181.10174560546875,142.17015380859374,158.71241760253906,176.6868896484375,204.57054443359374,257.42421264648436,2026-02-13
2026-02-13 22:00:00,13.243000030517578,63.01282958984373,81.20763244628904,99.69146728515624,126.36854248046873,177.097314453125,2026-02-13
2026-02-13 23:00:00,32.07500076293945,-16.4343017578125,3.0367919921874993,21.7763671875,48.07284545898436,97.09526977539063,2026-02-13
2026-02-14 00:00:00,-49.49325180053711,17.536453247070312,26.797348022460938,33.48162841796875,41.811834716796874,60.000790405273435,2026-02-14
2026-02-14 01:00:00,-50.0,40.07536315917969,50.51545104980469,58.17555236816406,68.44474182128907,91.222900390625,2026-02-14
2026-02-14 02:00:00,-50.0,65.57601013183594,76.07609252929687,84.10804748535156,95.49755554199218,121.99089050292969,2026-02-14
2026-02-14 03:00:00,-50.0,122.31224060058594,132.52244567871094,140.85787963867188,153.19052429199218,182.42850646972656,2026-02-14
2026-02-14 04:00:00,-37.5,50.879782104492186,59.77682800292969,67.43649291992188,80.14203491210938,112.17026062011719,2026-02-14
2026-02-14 05:00:00,45.0,88.81930847167968,96.20638122558593,103.6173858642578,116.97790222167967,150.97462463378906,2026-02-14
2026-02-14 06:00:00,-12.5,76.2932861328125,83.22874755859375,90.91970825195312,105.69703369140625,142.041064453125,2026-02-14
2026-02-14 07:00:00,-50.0,20.539825439453125,27.0744140625,34.976348876953125,50.44987182617187,87.83042602539064,2026-02-14
2026-02-14 08:00:00,-50.0,-21.821978759765624,-17.388629150390624,-11.838531494140623,1.1435180664062532,36.702178955078125,2026-02-14
2026-02-14 09:00:00,-50.0,-25.57291259765625,-23.012591552734374,-20.38580322265625,-10.6868896484375,22.659439086914062,2026-02-14
2026-02-14 10:00:00,-50.0,-30.212445068359376,-28.49395751953125,-26.697174072265625,-19.088653564453125,12.539727783203126,2026-02-14
2026-02-14 11:00:00,-50.0,-31.08585205078125,-28.865911865234374,-27.0498046875,-18.93157958984375,12.975415039062504,2026-02-14
2026-02-14 12:00:00,-50.0,-22.929779052734375,-20.56409912109375,-18.50537109375,-10.26083984375,22.750390625,2026-02-14
2026-02-14 13:00:00,-50.0,-19.82597045898438,-17.255712890625002,-14.894378662109377,-5.652746582031252,29.352636718750006,2026-02-14
2026-02-14 14:00:00,-50.0,-24.96197509765625,-22.64853515625,-19.6358642578125,-7.625701904296875,31.108956909179696,2026-02-14
2026-02-14 15:00:00,-50.0,-29.53277587890625,-26.616900634765624,-20.651580810546875,-4.139569091796876,40.341607666015626,2026-02-14
2026-02-14 16:00:00,-50.0,-40.020556640625,-32.49381713867187,-21.316680908203125,1.768157958984375,56.12780151367188,2026-02-14
2026-02-14 17:00:00,-50.0,-46.36995239257813,-31.757159423828124,-13.784912109375,17.60540771484375,79.27079467773439,2026-02-14
2026-02-14 18:00:00,-46.479251861572266,-28.958389282226562,-16.869186401367188,1.755706787109375,34.86808776855469,97.66293029785157,2026-02-14
2026-02-14 19:00:00,-12.49625015258789,-12.629458618164064,-3.3556976318359357,13.234100341796877,44.26297912597656,107.35396423339844,2026-02-14
2026-02-14 20:00:00,-50.0,-7.86177673339844,1.5370574951171871,16.80389404296875,46.10718688964844,108.16038513183594,2026-02-14
2026-02-14 21:00:00,-50.0,5.54888916015625,16.443609619140624,31.0233154296875,59.75819396972656,120.84982299804688,2026-02-14
2026-02-14 22:00:00,-50.0,-17.976980590820315,-5.876666259765626,8.81695556640625,35.69618835449219,95.27074279785157,2026-02-14
2026-02-14 23:00:00,-50.0,-17.159109497070315,-4.108508300781251,10.83367919921875,36.508547973632815,94.1591766357422,2026-02-14
2026-02-15 00:00:00,212.5,145.1870086669922,148.4551971435547,151.0942840576172,155.6777374267578,168.23551330566406,2026-02-15
2026-02-15 01:00:00,195.0,164.71169738769532,168.42339782714845,171.1362762451172,176.88064270019532,193.31939086914062,2026-02-15
2026-02-15 02:00:00,272.5,226.8073516845703,230.71309509277344,233.4977569580078,240.18759460449218,260.2527648925781,2026-02-15
2026-02-15 03:00:00,290.0,282.81480712890624,287.20726318359374,290.2732238769531,297.90480651855466,320.22425231933596,2026-02-15
2026-02-15 04:00:00,292.5,292.1447631835937,296.56571655273433,299.5516967773437,307.2351654052734,331.68464355468745,2026-02-15
2026-02-15 05:00:00,280.0,289.05670776367185,293.1695983886719,296.0920715332031,303.83738708496094,328.8891143798828,2026-02-15
2026-02-15 06:00:00,142.5,284.46791381835936,288.7727111816406,291.68621826171875,299.60288391113284,325.3735382080078,2026-02-15
2026-02-15 07:00:00,175.0,278.8553466796875,283.4859130859375,286.79034423828125,294.4354644775391,320.214404296875,2026-02-15
2026-02-15 08:00:00,-50.0,156.24861755371094,159.97598571777343,162.1761016845703,168.12230529785157,192.4958923339844,2026-02-15
2026-02-15 09:00:00,-50.0,-10.180773925781253,-6.819012451171875,-6.06829833984375,-1.8601013183593746,20.998492431640628,2026-02-15
2026-02-15 10:00:00,-50.0,-19.902313232421875,-16.923571777343753,-16.17852783203125,-13.095806884765626,8.059945678710939,2026-02-15
2026-02-15 11:00:00,-50.0,-24.940203857421874,-21.87752685546875,-21.28094482421875,-17.984893798828125,3.6248321533203125,2026-02-15
2026-02-15 12:00:00,-50.0,-21.57093505859375,-18.519262695312502,-17.835540771484375,-14.660748291015626,7.809146118164065,2026-02-15
2026-02-15 13:00:00,-50.0,-17.419696044921878,-14.316436767578127,-13.755462646484377,-10.518652343750002,13.714529418945313,2026-02-15
2026-02-15 14:00:00,-50.0,-14.149163818359375,-11.925537109375,-11.640869140625,-7.092724609375,19.85560302734375,2026-02-15
2026-02-15 15:00:00,-50.0,-13.941180419921876,-12.210992431640626,-10.633880615234377,-2.9625488281249996,29.223617553710938,2026-02-15
2026-02-15 16:00:00,-25.0,2.851025390624997,6.4905578613281225,11.501251220703123,24.539697265625,65.53867797851561,2026-02-15
2026-02-15 17:00:00,342.5,369.98737182617185,375.856103515625,385.1860046386719,405.3733825683594,453.5471252441406,2026-02-15
2026-02-15 18:00:00,370.0,504.62913208007814,509.7515441894531,520.0861206054688,542.9701263427735,593.9818420410156,2026-02-15
2026-02-15 19:00:00,317.5,467.01362915039067,470.82796020507817,480.4215698242188,502.87402648925786,557.2502502441407,2026-02-15
2026-02-15 20:00:00,290.0,407.2514953613281,410.8576354980469,419.7039794921875,442.62725524902345,499.3257690429688,2026-02-15
2026-02-15 21:00:00,300.0,534.9516296386719,539.7762573242187,548.908447265625,573.2143402099609,631.5832214355469,2026-02-15
2026-02-15 22:00:00,322.5,715.0382843017578,721.6619842529296,732.255859375,757.1207763671875,816.1642852783203,2026-02-15
2026-02-15 23:00:00,435.0,397.49745483398436,405.77984619140625,418.2510986328125,443.0100463867187,502.2265869140625,2026-02-15
2026-02-16 00:00:00,340.0,400.8712585449219,423.0862731933594,436.2366943359375,448.34914550781247,465.65367431640624,2026-02-16
2026-02-16 01:00:00,340.0,372.87134399414066,400.67418823242195,416.8308715820313,432.0501831054688,453.4203491210938,2026-02-16
2026-02-16 02:00:00,340.0,334.22111816406255,365.1075744628907,383.4928588867188,401.09912109375006,427.05134277343757,2026-02-16
2026-02-16 03:00:00,340.0,355.68914794921875,388.40464477539064,409.008056640625,428.99020996093753,459.8112548828125,2026-02-16
2026-02-16 04:00:00,340.0,335.6691131591797,365.74321899414065,387.2262268066406,409.7310729980469,445.6365112304687,2026-02-16
2026-02-16 05:00:00,340.0,282.8729187011719,308.66640625,330.0751037597656,354.6341979980469,394.17962646484375,2026-02-16
2026-02-16 06:00:00,340.0,289.941943359375,311.6864440917969,332.4254150390625,359.95435791015626,403.7133850097656,2026-02-16
2026-02-16 07:00:00,332.5,296.8350036621094,314.3164855957031,333.3721618652344,362.4995483398437,408.3912292480469,2026-02-16
2026-02-16 08:00:00,130.0,248.35721740722656,259.76007080078125,274.4302062988281,299.92926330566405,344.02545471191405,2026-02-16
2026-02-16 09:00:00,-50.0,121.69205627441406,127.51693420410156,137.1832275390625,157.80458984375,199.33149108886718,2026-02-16
2026-02-16 10:00:00,-50.0,29.155355834960936,33.59738464355469,41.70567321777344,59.55494689941406,99.50107116699219,2026-02-16
2026-02-16 11:00:00,62.5,127.55553894042968,132.74835510253905,141.07362365722656,160.3272491455078,199.70257263183595,2026-02-16
2026-02-16 12:00:00,-25.0,78.98367614746094,83.26718444824219,90.13340759277344,108.2472900390625,147.08905334472655,2026-02-16
2026-02-16 13:00:00,-50.0,14.29102172851562,17.385998535156247,21.47177124023437,37.01287841796875,75.42416687011719,2026-02-16
2026-02-16 14:00:00,-50.0,52.2266357421875,54.76070556640625,58.8775634765625,74.58101501464844,113.82715454101563,2026-02-16
2026-02-16 15:00:00,-50.0,110.70536499023439,115.55682373046876,123.64520263671876,143.58938903808595,186.1496032714844,2026-02-16
2026-02-16 16:00:00,110.0,192.50429687499997,206.82377319335936,222.62591552734372,249.88915100097654,301.5184020996094,2026-02-16
2026-02-16 17:00:00,257.5,254.56640014648437,282.56796875,308.643310546875,344.82581787109376,402.3166076660156,2026-02-16
2026-02-16 18:00:00,295.0,265.53330078125,291.94642028808596,320.1406555175781,357.3108154296875,414.04908447265626,2026-02-16
2026-02-16 19:00:00,280.0,279.1970947265625,303.760302734375,330.08160400390625,363.643896484375,417.71351318359376,2026-02-16
2026-02-16 20:00:00,257.5,304.65598754882814,329.1960968017578,353.75341796875,384.3871704101563,435.101220703125,2026-02-16
2026-02-16 21:00:00,265.0,376.63837280273435,403.6541412353516,427.42388916015625,456.8845581054687,505.3343139648438,2026-02-16
2026-02-16 22:00:00,275.0,297.2708984375,327.3212646484375,351.51123046875,378.65415649414064,424.8444030761719,2026-02-16
2026-02-16 23:00:00,315.0,266.59198608398435,299.11069946289064,323.6609191894531,349.5603698730469,393.00104370117185,2026-02-16
2026-02-17 00:00:00,215.0,232.50405883789062,247.06591491699217,255.2496795654297,263.1546905517578,276.0934173583984,2026-02-17
2026-02-17 01:00:00,242.5,208.90452270507814,227.0950500488281,236.992431640625,246.6216003417969,262.56849975585936,2026-02-17
2026-02-17 02:00:00,265.0,237.58890380859376,257.6223083496094,268.9565124511719,279.9719177246094,299.3393188476563,2026-02-17
2026-02-17 03:00:00,-12.5,223.06004028320314,244.65155944824218,257.73944091796875,270.5155029296875,293.57476806640625,2026-02-17
2026-02-17 04:00:00,12.5,205.2518798828125,226.07276000976563,240.52438354492188,255.67606201171876,282.84190673828124,2026-02-17
2026-02-17 05:00:00,-37.5,193.20034790039062,212.76488342285157,228.22000122070312,245.95284423828124,277.0396484375,2026-02-17
2026-02-17 06:00:00,-50.0,150.31362915039062,168.3704040527344,184.2996826171875,205.26318969726563,240.7980529785156,2026-02-17
2026-02-17 07:00:00,-50.0,72.25429687500001,88.26050109863283,103.6897430419922,126.52625122070314,163.77080078125002,2026-02-17
2026-02-17 08:00:00,-50.0,-27.163751220703126,-16.544857788085938,-4.97418212890625,14.7156982421875,50.27463989257813,2026-02-17
2026-02-17 09:00:00,-50.0,-29.39824523925781,-23.740921020507812,-16.81329345703125,-1.6664184570312486,31.698141479492193,2026-02-17
2026-02-17 10:00:00,-50.0,-34.81703491210938,-30.50675048828125,-25.14642333984375,-12.499539184570311,19.186743164062506,2026-02-17
2026-02-17 11:00:00,-50.0,-30.325305175781253,-25.05999755859375,-19.26861572265625,-5.399688720703125,25.546975708007807,2026-02-17
2026-02-17 12:00:00,-50.0,-26.65677490234375,-21.922845458984376,-16.9796142578125,-4.028814697265624,26.118594360351565,2026-02-17
2026-02-17 13:00:00,-50.0,-34.131890869140626,-30.364508056640624,-27.6669921875,-17.111892700195312,12.347265625000006,2026-02-17
2026-02-17 14:00:00,-50.0,-28.4410888671875,-25.227502441406248,-22.44696044921875,-11.456341552734372,19.115631103515625,2026-02-17
2026-02-17 15:00:00,-50.0,-33.082147216796876,-27.861083984375,-21.5699462890625,-6.614382934570312,27.333877563476562,2026-02-17
2026-02-17 16:00:00,-50.0,-51.3348388671875,-38.232080078125,-25.331085205078125,-4.123486328124997,37.2005615234375,2026-02-17
2026-02-17 17:00:00,-50.0,-60.04991455078125,-36.96625671386719,-16.30487060546875,12.079537963867189,58.483944702148435,2026-02-17
2026-02-17 18:00:00,-50.0,104.68340759277345,126.57368164062501,148.5019073486328,177.46402282714845,222.7900360107422,2026-02-17
2026-02-17 19:00:00,-50.0,103.36304626464843,124.52534790039061,145.1623992919922,171.2269744873047,215.22923889160157,2026-02-17
2026-02-17 20:00:00,-50.0,75.81648864746093,96.95657653808593,115.91017150878906,139.24893493652343,180.81050720214844,2026-02-17
2026-02-17 21:00:00,-50.0,32.15296325683593,55.23922424316406,73.52908325195312,95.68832702636719,135.4431610107422,2026-02-17
2026-02-17 22:00:00,-50.0,-15.76749877929688,9.991491699218749,28.77392578125,49.17848510742189,86.94566040039064,2026-02-17
2026-02-17 23:00:00,-50.0,-22.894546508789062,4.587817382812499,23.7110595703125,43.38377075195312,79.23290405273437,2026-02-17
2026-02-18 00:00:00,-50.0,71.21732482910156,72.75240173339844,75.04258728027344,80.07327575683594,93.57881774902344,2026-02-18
2026-02-18 01:00:00,-50.0,107.80631408691406,109.93327941894532,113.22084045410156,121.33500671386719,140.91588592529297,2026-02-18
2026-02-18 02:00:00,-50.0,211.0111755371094,213.52667236328128,217.68814086914065,228.2454284667969,252.60157165527346,2026-02-18
2026-02-18 03:00:00,-50.0,246.7722229003906,249.5422180175781,253.8251037597656,265.88576049804686,293.126513671875,2026-02-18
2026-02-18 04:00:00,-50.0,225.70833435058594,228.1077117919922,231.8523406982422,243.6996307373047,273.0592956542969,2026-02-18
2026-02-18 05:00:00,12.5,234.08204345703126,236.11278076171874,239.57421875,251.07897338867187,280.24644165039064,2026-02-18
2026-02-18 06:00:00,0.0,231.999609375,234.65694580078124,237.73709106445312,248.8715087890625,277.54991149902344,2026-02-18
2026-02-18 07:00:00,-50.0,106.81439819335938,110.20865478515626,113.35171508789062,123.32195129394532,151.05513610839844,2026-02-18
2026-02-18 08:00:00,-50.0,-20.891925048828124,-18.41492919921875,-16.648712158203125,-9.415228271484374,15.11291961669922,2026-02-18
2026-02-18 09:00:00,-50.0,-29.65573120117187,-27.474975585937496,-27.26278686523437,-22.703393554687494,-0.5838226318359325,2026-02-18
2026-02-18 10:00:00,-50.0,-33.48397216796875,-31.206005859375,-30.831512451171875,-27.692266845703124,-7.892465209960935,2026-02-18
2026-02-18 11:00:00,-50.0,-26.326593017578123,-23.86502075195312,-23.55892944335937,-20.213000488281246,-0.5706970214843707,2026-02-18
2026-02-18 12:00:00,-50.0,-16.007183837890626,-13.35782470703125,-12.87237548828125,-9.444171142578124,10.958309936523438,2026-02-18
2026-02-18 13:00:00,-50.0,-26.64478759765625,-23.807257080078124,-23.138580322265625,-19.199670410156248,3.4947509765625,2026-02-18
2026-02-18 14:00:00,-50.0,-31.312725830078126,-29.5563232421875,-29.108612060546875,-23.484423828125,2.2075317382812507,2026-02-18
2026-02-18 15:00:00,-50.0,-26.656231689453126,-26.136163330078126,-24.763641357421875,-16.256448364257814,14.523660278320314,2026-02-18
2026-02-18 16:00:00,-50.0,-22.842559814453125,-21.280706787109374,-17.047454833984375,-3.429525756835936,36.13787841796875,2026-02-18
2026-02-18 17:00:00,-50.0,-15.7224853515625,-11.832452392578125,-3.29010009765625,18.281372070312504,65.05914001464843,2026-02-18
2026-02-18 18:00:00,-50.0,144.90364685058594,148.2226776123047,158.29212951660156,183.31200561523437,233.91395874023436,2026-02-18
2026-02-18 19:00:00,-50.34600067138672,51.073254394531254,52.432141113281254,61.87319946289063,86.6344207763672,140.6504119873047,2026-02-18
2026-02-18 20:00:00,-50.0,-28.975625610351564,-28.251419067382812,-19.71783447265625,6.00654754638672,62.050885009765636,2026-02-18
2026-02-18 21:00:00,-50.0,-33.44399719238281,-31.76386413574219,-23.09857177734375,4.568215942382814,62.522680664062506,2026-02-18
2026-02-18 22:00:00,-50.0,-41.085595703125,-37.7525390625,-27.753662109375,0.6417572021484403,59.020352172851574,2026-02-18
2026-02-18 23:00:00,-50.0,-44.675592041015626,-39.4585205078125,-26.847076416015625,1.685617065429689,60.024234008789065,2026-02-18
2026-02-19 00:00:00,-50.0,-16.031072998046874,-14.356341552734374,-12.703643798828123,-7.548767089843748,9.614282226562503,2026-02-19
2026-02-19 01:00:00,-50.0,-21.0526611328125,-18.822467041015628,-16.56805419921875,-9.43011474609375,11.854603576660157,2026-02-19
2026-02-19 02:00:00,-50.0,-24.392730712890625,-21.45167236328125,-18.8358154296875,-10.400616455078124,13.766744995117186,2026-02-19
2026-02-19 03:00:00,-50.0,-23.490289306640626,-20.00567626953125,-17.595458984375,-8.814474487304688,16.53678588867188,2026-02-19
2026-02-19 04:00:00,-50.0,-23.398220825195313,-19.782345581054688,-17.438446044921875,-9.231085205078125,17.229714965820314,2026-02-19
2026-02-19 05:00:00,-50.0,-25.55751037597656,-21.523202514648435,-18.96200561523437,-11.365573120117185,14.011343383789065,2026-02-19
2026-02-19 06:00:00,-50.0,-26.824740600585937,-22.787081909179687,-20.789031982421875,-14.66673583984375,8.490283203125003,2026-02-19
2026-02-19 07:00:00,-50.0,-24.595950317382812,-20.89035949707031,-19.5947265625,-15.906286621093749,5.204632568359376,2026-02-19
2026-02-19 08:00:00,-50.0,-28.99154052734375,-25.65283203125,-25.16204833984375,-23.4643798828125,-5.0522918701171875,2026-02-19
2026-02-19 09:00:00,-50.0,-24.49869384765625,-20.8250732421875,-20.68548583984375,-20.128662109375,-3.212155151367188,2026-02-19
2026-02-19 10:00:00,-50.0,-23.989263916015624,-20.295874023437502,-19.71575927734375,-19.3864990234375,-3.4581970214843736,2026-02-19
2026-02-19 11:00:00,-50.0,-27.446929931640625,-24.004772949218747,-23.561676025390625,-23.113854980468748,-6.771240234375,2026-02-19
2026-02-19 12:00:00,-50.0,-30.047552490234374,-26.569018554687503,-26.129608154296875,-25.729888916015625,-8.102828979492188,2026-02-19
2026-02-19 13:00:00,-50.0,-28.69508056640625,-25.181329345703126,-24.88201904296875,-24.39871826171875,-4.8349151611328125,2026-02-19
2026-02-19 14:00:00,-50.0,-25.951861572265624,-23.596630859374997,-23.3387451171875,-22.970721435546874,-2.0138824462890597,2026-02-19
2026-02-19 15:00:00,-50.0,-21.724322509765624,-20.24466552734375,-19.71722412109375,-18.753204345703125,5.63815612792969,2026-02-19
2026-02-19 16:00:00,-50.0,-19.2056396484375,-17.08956298828125,-16.62017822265625,-12.67901611328125,17.438433837890628,2026-02-19
2026-02-19 17:00:00,-50.0,-7.199273681640626,-4.803350830078125,-2.82244873046875,5.1723571777343755,40.22112121582032,2026-02-19
2026-02-19 18:00:00,-50.08649826049805,2.3262390136718745,4.248419189453125,6.760223388671875,17.08537902832031,56.256353759765624,2026-02-19
2026-02-19 19:00:00,-51.21200180053711,-7.498150634765626,-6.6849365234375,-4.009552001953125,7.425628662109375,51.49904174804688,2026-02-19
2026-02-19 20:00:00,-50.0,-17.63226318359375,-17.37313232421875,-14.6025390625,-0.8294097900390618,47.520703125000004,2026-02-19
2026-02-19 21:00:00,-50.0,-24.359185791015623,-23.713433837890623,-20.20077514648437,-3.5848602294921825,48.23637084960937,2026-02-19
2026-02-19 22:00:00,-50.0,-21.261633300781256,-19.731372070312503,-14.950042724609377,3.814706420898437,58.00923461914063,2026-02-19
2026-02-19 23:00:00,-50.0,-17.021289062500003,-14.495965576171876,-7.885498046875,11.863796997070313,68.30639038085938,2026-02-19
2026-02-20 00:00:00,-50.0,-1.0897583007812501,0.510009765625,0.892669677734375,1.699560546875,7.657278442382813,2026-02-20
2026-02-20 01:00:00,-50.0,-8.390319824218752,-6.934808349609375,-6.740386962890625,-5.764166259765625,2.2572174072265625,2026-02-20
2026-02-20 02:00:00,-50.0,-10.521032714843749,-8.890393066406249,-8.545074462890625,-7.081488037109375,2.9137390136718775,2026-02-20
2026-02-20 03:00:00,-50.0,-3.943048095703125,-1.928631591796875,-1.32391357421875,0.7296844482421876,12.020159912109376,2026-02-20
2026-02-20 04:00:00,-50.0,4.582684326171875,6.810772705078124,7.6588134765625,10.037564086914063,22.60071716308594,2026-02-20
2026-02-20 05:00:00,-50.0,-0.5444824218750002,2.0001770019531246,3.11083984375,5.576467895507813,18.420806884765625,2026-02-20
2026-02-20 06:00:00,-50.0,-2.924725341796874,-0.21547241210937362,0.7279052734375,2.60975341796875,15.130508422851566,2026-02-20
2026-02-20 07:00:00,-50.0,-19.778106689453125,-17.26181640625,-16.2479248046875,-15.31407470703125,-3.840353393554686,2026-02-20
2026-02-20 08:00:00,-50.0,-30.128289794921873,-27.601068115234373,-26.842803955078125,-26.819873046875,-16.84122314453125,2026-02-20
2026-02-20 09:00:00,-50.0,-23.69534912109375,-21.301873779296876,-21.203826904296875,-20.6688720703125,-12.280404663085937,2026-02-20
2026-02-20 10:00:00,-50.0,-21.912622070312494,-19.545776367187496,-19.48080444335937,-18.833349609374995,-11.387094116210932,2026-02-20
2026-02-20 11:00:00,-50.0,-24.3477783203125,-22.111663818359375,-22.068817138671875,-21.456347656250003,-13.539974975585936,2026-02-20
2026-02-20 12:00:00,-50.0,-27.140435791015626,-24.909124755859374,-24.8192138671875,-24.154010009765624,-15.384933471679688,2026-02-20
2026-02-20 13:00:00,-50.0,-27.603930664062496,-25.545874023437495,-25.33505249023437,-24.860314941406248,-14.518026733398433,2026-02-20
2026-02-20 14:00:00,-50.0,-27.890185546875,-26.06373291015625,-25.812774658203125,-25.584130859375,-14.025918579101562,2026-02-20
2026-02-20 15:00:00,-50.0,-26.50728759765625,-24.176708984375,-23.888427734375,-23.855670166015628,-9.684722900390625,2026-02-20
2026-02-20 16:00:00,-50.0,-22.95723876953125,-20.4981201171875,-19.92327880859375,-19.099383544921874,-1.952352905273436,2026-02-20
2026-02-20 17:00:00,-50.0,-10.298834228515624,-7.758752441406249,-7.0684814453125,-5.353878784179686,14.198040771484376,2026-02-20
2026-02-20 18:00:00,-50.0,10.257806396484375,12.64151611328125,13.14495849609375,15.246380615234376,36.58766479492188,2026-02-20
2026-02-20 19:00:00,-50.0,17.73646240234375,19.95399169921875,20.721588134765625,23.3518310546875,46.94138793945312,2026-02-20
2026-02-20 20:00:00,-50.0,13.14837646484375,15.189166259765624,16.06036376953125,19.647988891601564,45.38286590576172,2026-02-20
2026-02-20 21:00:00,-50.0,4.922045898437498,6.94891357421875,8.133209228515625,12.897067260742187,40.49403533935547,2026-02-20
2026-02-20 22:00:00,-50.0,19.921624755859373,21.88624267578125,23.316680908203125,28.882424926757814,57.725694274902345,2026-02-20
2026-02-20 23:00:00,-50.0,-2.3448486328125018,-0.3802673339843752,1.221649169921875,7.11571044921875,37.48961181640625,2026-02-20
2026-02-21 00:00:00,-50.0,1.846282958984375,3.222637939453125,3.427886962890625,4.340371704101562,11.57105712890625,2026-02-21
2026-02-21 01:00:00,-50.0,-13.852072143554686,-12.462973022460936,-12.15667724609375,-10.801446533203123,-1.30566711425781,2026-02-21
2026-02-21 02:00:00,-50.0,-21.77442932128906,-20.043661499023433,-19.46737670898437,-17.538793945312495,-6.047619628906245,2026-02-21
2026-02-21 03:00:00,-50.0,-22.364593505859375,-20.334194946289063,-19.64459228515625,-17.259796142578125,-4.832553100585937,2026-02-21
2026-02-21 04:00:00,-50.0,-22.503982543945312,-20.477679443359374,-19.702301025390625,-17.349151611328125,-3.7038543701171864,2026-02-21
2026-02-21 05:00:00,-50.0,-29.327236938476563,-27.045098876953126,-26.103790283203125,-23.865444946289063,-10.137359619140625,2026-02-21
2026-02-21 06:00:00,-50.0,-36.02888793945313,-33.56771240234375,-32.78753662109375,-31.261004638671874,-18.029116821289062,2026-02-21
2026-02-21 07:00:00,-50.0,-40.908746337890626,-38.634814453125,-37.879180908203125,-37.40318298339844,-25.115551757812497,2026-02-21
2026-02-21 08:00:00,-50.0,-36.6673583984375,-34.424990844726565,-34.331756591796875,-33.90172424316406,-23.343151855468747,2026-02-21
2026-02-21 09:00:00,-50.0,-32.66502685546875,-30.9591796875,-30.373321533203125,-30.012893676757812,-20.506292724609374,2026-02-21
2026-02-21 10:00:00,-50.0,-32.1902587890625,-30.319805908203126,-29.932830810546875,-29.363262939453126,-20.282342529296876,2026-02-21
2026-02-21 11:00:00,-50.0,-35.49882202148437,-33.778173828125,-33.420440673828125,-32.912533569335935,-23.075277709960936,2026-02-21
2026-02-21 12:00:00,-50.0,-37.3306884765625,-35.74244995117188,-35.314239501953125,-34.825555419921876,-23.740982055664062,2026-02-21
2026-02-21 13:00:00,-50.0,-35.4165771484375,-34.11655883789062,-33.518585205078125,-33.28040771484375,-20.54647521972656,2026-02-21
2026-02-21 14:00:00,-50.0,-33.91689453125,-32.821868896484375,-32.207000732421875,-32.1589599609375,-18.302569580078124,2026-02-21
2026-02-21 15:00:00,-50.0,-32.67049560546875,-30.995721435546876,-30.739715576171875,-30.73641357421875,-14.21656494140625,2026-02-21
2026-02-21 16:00:00,-50.0,-28.618069458007813,-26.589697265625,-26.333648681640625,-25.845196533203126,-6.0043792724609375,2026-02-21
2026-02-21 17:00:00,41.75,-33.23666076660156,-31.14420166015625,-30.822021484375,-29.4102294921875,-7.093743896484373,2026-02-21
2026-02-21 18:00:00,93.270751953125,-4.4467926025390625,-2.5283294677734376,-2.34991455078125,-0.3752349853515624,24.01440887451172,2026-02-21
2026-02-21 19:00:00,163.95199584960938,-19.80439453125,-18.0440185546875,-17.471466064453125,-14.814077758789065,12.19068603515625,2026-02-21
2026-02-21 20:00:00,243.29849243164065,-11.223483276367187,-9.715634155273438,-8.935638427734375,-5.057229614257812,24.480665588378905,2026-02-21
2026-02-21 21:00:00,249.0865020751953,83.50044555664063,84.93828735351562,86.07052612304688,91.37387390136719,123.07349548339843,2026-02-21
2026-02-21 22:00:00,285.0,162.34742126464843,163.7757080078125,165.25930786132812,171.73255920410156,205.02957458496093,2026-02-21
2026-02-21 23:00:00,285.0,160.02769775390624,161.45187072753907,163.26744079589844,170.323583984375,205.3253173828125,2026-02-21
2026-02-22 00:00:00,-37.5,223.8505401611328,241.2505676269531,253.85821533203125,265.99933471679685,282.3997497558594,2026-02-22
2026-02-22 01:00:00,-50.0,197.9569519042969,217.57117309570313,233.87106323242188,250.95071411132812,273.7932312011719,2026-02-22
2026-02-22 02:00:00,-50.0,162.07540588378907,182.8559783935547,201.733154296875,222.3954040527344,250.45236206054688,2026-02-22
2026-02-22 03:00:00,-50.0,138.038330078125,159.677978515625,179.91867065429688,203.09871215820314,235.7700439453125,2026-02-22
2026-02-22 04:00:00,-50.0,109.40404663085937,129.18498840332032,149.99246215820312,175.3078186035156,212.66956176757813,2026-02-22
2026-02-22 05:00:00,-50.0,124.9208984375,142.51340942382814,163.1834259033203,189.96816711425782,229.93592834472656,2026-02-22
2026-02-22 06:00:00,-50.0,169.4833740234375,184.86215515136718,203.74343872070312,231.2947570800781,273.3010192871094,2026-02-22
2026-02-22 07:00:00,-50.0,148.95118103027343,161.6616973876953,177.53759765625,204.13015747070312,246.01103515625,2026-02-22
2026-02-22 08:00:00,-50.0,-30.684381103515626,-22.624496459960938,-11.31182861328125,10.1013916015625,47.97523193359374,2026-02-22
2026-02-22 09:00:00,-50.0,-37.94954223632813,-33.58635559082031,-27.011993408203125,-11.618058776855468,22.025192260742188,2026-02-22
2026-02-22 10:00:00,-50.0,-27.990762329101564,-24.285848999023436,-18.99334716796875,-6.9519195556640625,24.14278564453125,2026-02-22
2026-02-22 11:00:00,-50.0,-26.54340515136719,-22.2859130859375,-16.70330810546875,-3.833413696289062,26.56323547363281,2026-02-22
2026-02-22 12:00:00,-50.0,-31.59326477050781,-27.330499267578123,-22.23764038085937,-9.603027343749996,20.875283813476575,2026-02-22
2026-02-22 13:00:00,-50.0,-31.410046386718747,-27.463244628906246,-23.54232788085937,-11.460415649414058,19.737622070312508,2026-02-22
2026-02-22 14:00:00,-50.0,-30.05574951171875,-27.14866943359375,-23.319091796875,-10.389862060546875,22.43631591796875,2026-02-22
2026-02-22 15:00:00,-50.0,-31.8162841796875,-28.784521484375,-22.81787109375,-7.003778076171875,29.04035339355469,2026-02-22
2026-02-22 16:00:00,-50.0,-41.905908203125,-33.965234375,-22.85693359375,-0.8965469360351577,44.12327575683594,2026-02-22
2026-02-22 17:00:00,127.5,175.03547058105468,191.27160034179687,210.19210815429688,240.65887451171875,291.9226928710938,2026-02-22
2026-02-22 18:00:00,125.7354965209961,308.9235321044922,324.5959045410156,345.9486083984375,378.76185302734376,431.7262878417969,2026-02-22
2026-02-22 19:00:00,97.70475006103516,447.8610076904297,462.61492309570315,483.15338134765625,514.3896087646484,566.8778411865235,2026-02-22
2026-02-22 20:00:00,152.04925537109375,395.73898773193366,410.7725997924805,430.4839477539063,460.91665191650395,512.1224380493164,2026-02-22
2026-02-22 21:00:00,225.0,378.1724853515625,395.0176239013672,414.3470764160156,445.0375274658203,495.5077301025391,2026-02-22
2026-02-22 22:00:00,220.0,280.4156921386719,299.1658966064453,319.1487731933594,348.9379913330078,398.9436431884766,2026-02-22
2026-02-22 23:00:00,252.5,267.1095275878906,286.2346160888672,307.5069580078125,337.16432495117186,385.7431579589844,2026-02-22
2026-02-23 00:00:00,100.0,228.14181823730468,244.21044311523437,256.17877197265625,269.1425476074219,291.3655212402344,2026-02-23
2026-02-23 01:00:00,222.5,201.33951110839845,217.1338821411133,231.04710388183597,247.52216796875004,275.16510009765625,2026-02-23
2026-02-23 02:00:00,280.0,208.51143493652344,222.93561401367188,237.1150665283203,255.93630676269532,288.0636260986328,2026-02-23
2026-02-23 03:00:00,242.5,232.27170715332025,244.97302856445307,257.8124389648437,277.0910034179687,311.7614837646484,2026-02-23
2026-02-23 04:00:00,25.0,188.150520324707,197.7207107543945,208.90219116210935,227.73509674072264,264.5048843383789,2026-02-23
2026-02-23 05:00:00,-37.5,93.75358276367189,101.2177459716797,111.20149230957033,129.47589416503908,165.7648895263672,2026-02-23
2026-02-23 06:00:00,122.5,90.25235900878906,96.53685913085937,104.85397338867188,121.92486114501953,156.7167755126953,2026-02-23
2026-02-23 07:00:00,150.0,96.82658996582032,101.76571350097656,107.87840270996094,122.55733947753906,155.46874084472657,2026-02-23
2026-02-23 08:00:00,-37.5,21.150570678710938,24.261260986328125,27.889068603515625,38.57161560058594,66.89245910644532,2026-02-23
2026-02-23 09:00:00,-50.0,-24.364627075195312,-22.210049438476563,-20.79718017578125,-14.235183715820312,10.16255798339844,2026-02-23
2026-02-23 10:00:00,-50.0,-25.490536499023438,-23.728134155273438,-22.95166015625,-18.790008544921875,2.580554199218753,2026-02-23
2026-02-23 11:00:00,-50.0,-30.474972534179688,-28.42861328125,-27.755645751953125,-23.482781982421873,-3.482670593261716,2026-02-23
2026-02-23 12:00:00,-50.0,-30.376678466796875,-28.06378173828125,-27.288726806640625,-23.197567749023438,-3.313002014160155,2026-02-23
2026-02-23 13:00:00,-50.0,-26.72138671875,-24.389190673828125,-23.925811767578125,-20.108639526367188,0.4030715942382841,2026-02-23
2026-02-23 14:00:00,-50.0,-23.95018310546875,-22.961248779296874,-22.831451416015625,-18.0578125,4.319142150878907,2026-02-23
2026-02-23 15:00:00,-50.0,-23.721969604492188,-23.54254150390625,-22.35894775390625,-14.943927001953124,11.473231506347659,2026-02-23
2026-02-23 16:00:00,-50.0,-23.984619140625,-20.771688842773436,-15.63623046875,-2.487551879882812,32.92463684082032,2026-02-23
2026-02-23 17:00:00,347.5,111.042578125,120.82341918945312,132.76153564453125,154.2099853515625,196.84694213867186,2026-02-23
2026-02-23 18:00:00,352.5,258.4684661865234,269.3219390869141,284.2324523925781,308.7671356201172,354.12463989257816,2026-02-23
2026-02-23 19:00:00,270.0,255.85493011474608,266.96463775634766,282.3096923828125,306.9395065307617,354.59143218994143,2026-02-23
2026-02-23 20:00:00,282.5,283.630143737793,295.20266876220705,310.5423278808594,336.2325210571289,385.7351760864258,2026-02-23
2026-02-23 21:00:00,212.5,309.8597747802734,323.54448852539065,339.2835388183594,366.7141540527344,417.41832275390624,2026-02-23
2026-02-23 22:00:00,197.5,220.69808502197262,236.5070846557617,253.53273010253903,281.3789413452148,332.73205413818357,2026-02-23
2026-02-23 23:00:00,232.5,147.70549926757812,163.38878173828124,181.80877685546875,209.97238464355468,261.7777496337891,2026-02-23
2026-02-24 00:00:00,317.5,313.1321136474609,327.71799621582034,338.08172607421875,348.0597198486328,361.95054016113284,2026-02-24
2026-02-24 01:00:00,240.0,328.5248001098633,344.40529174804686,358.1023864746094,373.37269897460936,394.0698608398437,2026-02-24
2026-02-24 02:00:00,187.5,358.60487060546876,375.7060348510742,392.4125061035156,412.1112030029297,437.7729217529297,2026-02-24
2026-02-24 03:00:00,275.0,424.93369750976564,441.87157287597654,458.8631591796875,480.20244140625,509.1156982421875,2026-02-24
2026-02-24 04:00:00,280.0,281.9864929199219,295.00550537109376,310.5244140625,331.40855712890624,363.06097106933595,2026-02-24
2026-02-24 05:00:00,175.0,232.00646820068354,242.0832901000976,256.0917358398437,276.68711395263665,308.5865493774414,2026-02-24
2026-02-24 06:00:00,-50.0,174.20838165283203,182.72457733154297,195.20700073242188,216.01783905029296,248.39979705810546,2026-02-24
2026-02-24 07:00:00,-50.0,92.34578552246094,98.85974731445313,109.02528381347656,128.27103576660156,159.05592651367186,2026-02-24
2026-02-24 08:00:00,-50.0,-24.703262329101562,-21.74292907714844,-15.723388671875,-2.0476928710937496,22.538796997070314,2026-02-24
2026-02-24 09:00:00,-50.0,-18.29898681640625,-18.07088623046875,-16.486846923828125,-9.563772583007811,9.111897277832032,2026-02-24
2026-02-24 10:00:00,-50.0,-11.219006347656249,-11.216116333007811,-10.772491455078123,-7.432336425781248,6.811410522460941,2026-02-24
2026-02-24 11:00:00,-50.0,-3.130447387695314,-1.8364105224609375,-1.061187744140625,2.37572021484375,14.936575317382813,2026-02-24
2026-02-24 12:00:00,-50.0,-9.437185668945313,-7.5265380859375,-6.597381591796875,-3.5414642333984374,8.557305908203126,2026-02-24
2026-02-24 13:00:00,-50.0,-15.045404052734376,-12.860391235351562,-12.180145263671877,-9.3279541015625,3.2299743652343746,2026-02-24
2026-02-24 14:00:00,-50.0,-16.24879150390625,-15.212445068359376,-14.80950927734375,-10.762661743164063,4.103442382812499,2026-02-24
2026-02-24 15:00:00,-50.0,-19.903192138671876,-19.466156005859375,-17.564422607421875,-10.074642944335938,9.440892028808594,2026-02-24
2026-02-24 16:00:00,-50.0,-28.789666748046876,-22.9446533203125,-15.67327880859375,-1.1757095336914052,29.21349182128906,2026-02-24
2026-02-24 17:00:00,-51.0,-36.164816284179686,-18.524986267089844,-1.6358642578125,23.133090209960926,61.67188415527344,2026-02-24
2026-02-24 18:00:00,68.5,57.712023925781246,75.16164093017578,95.101806640625,122.7124267578125,163.30457763671876,2026-02-24
2026-02-24 19:00:00,-53.99625015258789,60.85885772705078,77.45325775146485,96.7242431640625,122.59634246826172,162.832292175293,2026-02-24
2026-02-24 20:00:00,-50.0,-8.105712890625,8.614483642578126,27.086700439453125,52.12440490722656,91.729248046875,2026-02-24
2026-02-24 21:00:00,-50.0,-28.346786499023438,-9.481564331054688,8.634002685546875,34.031222534179676,73.47063293457033,2026-02-24
2026-02-24 22:00:00,-50.0,-42.25159606933594,-21.427410888671876,-2.4664306640625,22.435986328125,61.35263061523439,2026-02-24
2026-02-24 23:00:00,-50.0,-45.470767211914065,-24.969500732421878,-5.008331298828125,19.56973876953124,57.825927734375,2026-02-24
2026-02-25 00:00:00,-50.0,-7.5436279296875,-6.334628295898438,-4.28466796875,1.6612609863281254,17.595697021484376,2026-02-25
2026-02-25 01:00:00,-50.0,-10.882101440429688,-9.851953125,-8.055450439453125,-0.8242309570312498,17.866226196289062,2026-02-25
2026-02-25 02:00:00,-50.0,-11.836758422851561,-10.330072021484373,-8.540283203125,-0.43193969726562287,20.526965332031253,2026-02-25
2026-02-25 03:00:00,-50.0,-10.558917236328124,-8.431054687500001,-7.140472412109375,1.2223602294921871,23.24629364013672,2026-02-25
2026-02-25 04:00:00,-50.0,-8.129074096679688,-6.385824584960938,-5.481201171875,2.0905303955078125,24.878884887695314,2026-02-25
2026-02-25 05:00:00,-50.0,-3.271820068359375,-1.165509033203125,-0.351531982421875,6.499703979492188,27.471702575683594,2026-02-25
2026-02-25 06:00:00,-36.28324890136719,64.02178955078125,66.41588134765625,66.61669921875,71.92161560058594,90.26375274658203,2026-02-25
2026-02-25 07:00:00,-50.0,34.49525756835938,36.655758666992185,36.8743896484375,39.851007080078126,56.334536743164065,2026-02-25
2026-02-25 08:00:00,47.5,-8.841705322265625,-7.080850219726562,-6.606781005859375,-5.502713012695312,8.043820190429688,2026-02-25
2026-02-25 09:00:00,-50.0,-23.846002197265626,-21.6900390625,-21.305816650390625,-20.963992309570312,-9.801693725585936,2026-02-25
2026-02-25 10:00:00,-50.0,-17.848931884765623,-15.282470703124998,-15.115142822265623,-14.874737548828124,-5.668991088867186,2026-02-25
2026-02-25 11:00:00,-50.0,-18.261984252929686,-15.528179931640626,-15.50457763671875,-15.370761108398437,-6.183743286132811,2026-02-25
2026-02-25 12:00:00,-50.0,-20.4982666015625,-17.34893798828125,-17.2744140625,-17.208941650390624,-7.466009521484374,2026-02-25
2026-02-25 13:00:00,-50.0,-20.076123046875,-16.60179443359375,-16.435882568359375,-16.3625,-5.445471191406249,2026-02-25
2026-02-25 14:00:00,-50.0,-17.614373779296873,-15.479449462890623,-15.338409423828123,-15.079513549804684,-3.1604125976562454,2026-02-25
2026-02-25 15:00:00,-50.0,-14.023220825195315,-13.327932739257815,-12.537078857421877,-12.154022216796877,3.4221069335937493,2026-02-25
2026-02-25 16:00:00,145.80799865722656,52.655862426757814,54.559088134765624,55.47264099121094,60.212643432617185,82.76268005371094,2026-02-25
2026-02-25 17:00:00,312.5,284.9614532470703,288.3571411132813,292.67449951171875,304.2552734375,334.2891876220703,2026-02-25
2026-02-25 18:00:00,302.5,330.7401489257812,333.89789428710935,339.7552490234375,355.0073959350586,390.21484375,2026-02-25
2026-02-25 19:00:00,280.0,320.0310333251953,321.8818664550781,327.7529296875,343.95546569824216,383.7065093994141,2026-02-25
2026-02-25 20:00:00,277.5,281.8441223144531,283.16761474609376,289.066162109375,307.45519256591797,351.55576477050784,2026-02-25
2026-02-25 21:00:00,285.0,356.64858093261716,358.6154846191406,364.9956970214844,386.04215240478516,433.7404479980469,2026-02-25
2026-02-25 22:00:00,297.5,357.14593200683595,360.2174987792969,367.831787109375,390.3942352294922,439.6241821289062,2026-02-25
2026-02-25 23:00:00,372.5,336.284716796875,340.1287567138672,349.1737976074219,371.54224548339846,421.9530456542969,2026-02-25
2026-02-26 00:00:00,400.0,498.2600158691406,517.0084838867188,529.1873168945312,540.1892333984375,554.2484252929687,2026-02-26
2026-02-26 01:00:00,329.4742431640625,629.6014892578125,651.3880920410156,667.9340209960938,684.9668823242188,706.4633911132812,2026-02-26
2026-02-26 02:00:00,441.5527648925781,628.1628784179687,653.7399963378906,674.5534057617188,696.8498779296875,724.3775024414062,2026-02-26
2026-02-26 03:00:00,482.3464965820313,409.26539154052733,435.14671325683594,456.9751281738281,481.4330139160156,512.9836486816406,2026-02-26
2026-02-26 04:00:00,326.69073486328125,384.5192932128906,404.35131378173827,424.69927978515625,449.1161376953125,483.76654052734375,2026-02-26
2026-02-26 05:00:00,251.13499450683597,344.86488647460936,359.95677642822267,378.5013427734375,402.57994079589844,437.6665557861328,2026-02-26
2026-02-26 06:00:00,385.7554931640625,319.4834075927734,331.7739013671874,348.1952514648437,372.3749389648437,407.850503540039,2026-02-26
2026-02-26 07:00:00,286.8955078125,303.4803207397461,313.0539749145508,326.1521911621094,348.66442718505857,382.932389831543,2026-02-26
2026-02-26 08:00:00,281.75,277.9737213134766,282.6587219238281,290.7913513183594,307.62100372314455,336.7447937011719,2026-02-26
2026-02-26 09:00:00,209.73374938964844,270.348159790039,271.5089782714843,274.8290405273437,285.05944824218744,308.9677551269531,2026-02-26
2026-02-26 10:00:00,390.0,242.50563659667966,242.89767761230465,244.49740600585935,250.5644348144531,270.4065475463867,2026-02-26
2026-02-26 11:00:00,375.0,224.4273895263672,225.71661376953125,227.3602294921875,233.667333984375,251.84676666259764,2026-02-26
2026-02-26 12:00:00,247.5,190.6674743652343,192.37678527832026,193.88528442382807,199.86630859374995,217.7831192016601,2026-02-26
2026-02-26 13:00:00,197.5,192.1884002685547,194.07811584472657,195.0448455810547,200.7531280517578,219.0830505371094,2026-02-26
2026-02-26 14:00:00,257.5,204.35655822753907,205.37791442871094,206.5988006591797,213.7823028564453,234.12704010009764,2026-02-26
2026-02-26 15:00:00,-13.023500442504885,175.073095703125,176.770849609375,180.53369140625,191.61029052734375,215.9444610595703,2026-02-26
2026-02-26 16:00:00,193.9057464599609,190.66113891601563,199.311279296875,209.20870971679688,227.3059539794922,261.6472564697266,2026-02-26
2026-02-26 17:00:00,39.938751220703125,218.29254150390625,240.1630630493164,260.0132751464844,287.3888824462891,328.9323760986328,2026-02-26
2026-02-26 18:00:00,70.9384994506836,267.62245483398436,289.1256896972656,311.8568420410156,341.0691223144531,383.47954711914065,2026-02-26
2026-02-26 19:00:00,-29.25,250.4604278564453,271.3401702880859,293.63250732421875,321.03760681152346,362.2680633544922,2026-02-26
2026-02-26 20:00:00,20.75,202.92483825683593,224.44696960449218,246.51329040527344,273.4994232177734,314.0793975830078,2026-02-26
2026-02-26 21:00:00,129.6792449951172,204.99456176757812,229.18042907714843,251.31874084472656,278.99139709472655,319.3508026123047,2026-02-26
2026-02-26 22:00:00,262.5,211.42059326171875,238.0541732788086,260.9476318359375,288.10972900390624,327.7347900390625,2026-02-26
2026-02-26 23:00:00,147.5,194.83771057128905,221.57931671142578,245.332275390625,272.11851806640624,310.6044189453125,2026-02-26
2026-02-27 00:00:00,63.17300033569336,239.4880126953125,254.6809524536133,267.3486328125,281.0252197265625,304.57447509765626,2026-02-27
2026-02-27 01:00:00,-0.7917500138282776,261.6908020019531,278.62535095214844,295.3052978515625,314.9409881591797,347.65830993652344,2026-02-27
2026-02-27 02:00:00,117.5,268.7157318115234,286.5100357055664,306.1073913574219,330.3587615966797,369.58371887207034,2026-02-27
2026-02-27 03:00:00,162.5,269.4479644775391,287.29870147705077,307.8517150878906,335.1449768066406,379.40012817382814,2026-02-27
2026-02-27 04:00:00,152.5,241.25682525634767,256.67208709716795,276.9471435546875,305.4618545532227,353.7732498168946,2026-02-27
2026-02-27 05:00:00,175.0,241.1487030029297,254.3566162109375,273.5054016113281,302.28261413574216,351.802572631836,2026-02-27
2026-02-27 06:00:00,197.5,282.8411178588867,294.12955780029296,311.0082702636719,339.41299896240236,389.60620574951173,2026-02-27
2026-02-27 07:00:00,209.8637542724609,267.8967056274414,276.8414505004883,290.5790100097656,317.3636642456055,366.86140594482424,2026-02-27
2026-02-27 08:00:00,461.75,218.00824279785155,223.8801055908203,233.946044921875,256.131086730957,301.8868835449219,2026-02-27
2026-02-27 09:00:00,311.25201416015625,122.64323120117187,126.48766479492187,133.14793395996094,150.4998016357422,192.67675170898437,2026-02-27
2026-02-27 10:00:00,235.95425415039065,98.47363586425782,102.00797424316406,107.63778686523438,121.93602600097657,161.30806579589844,2026-02-27
2026-02-27 11:00:00,440.1784973144531,70.13331909179688,73.86207275390625,79.35411071777344,94.21059112548828,131.88323974609375,2026-02-27
2026-02-27 12:00:00,482.0870056152344,12.554776000976561,16.1897216796875,20.8328857421875,35.28406982421875,72.14261474609376,2026-02-27
2026-02-27 13:00:00,357.2787475585937,-7.246090698242188,-4.1605072021484375,-0.77532958984375,12.408692932128908,49.22084350585938,2026-02-27
2026-02-27 14:00:00,326.55926513671875,-17.26787414550781,-15.3810302734375,-12.371337890625,0.9000259399414077,38.03641967773437,2026-02-27
2026-02-27 15:00:00,222.0,-24.148391723632812,-22.580206298828124,-18.09112548828125,-2.781964111328124,36.06498718261719,2026-02-27
2026-02-27 16:00:00,458.75,-7.242529296875,-3.481961059570313,4.716339111328125,24.816383361816406,70.41244201660156,2026-02-27
2026-02-27 17:00:00,518.75,107.14125213623046,115.9874252319336,129.95384216308594,157.24591827392578,208.2734573364258,2026-02-27
2026-02-27 18:00:00,62.084251403808594,194.88636779785156,203.33782348632812,219.1590118408203,248.63042907714845,300.8047729492188,2026-02-27
2026-02-27 19:00:00,51.73025131225586,279.21336059570314,287.01954345703126,302.2112121582031,330.60602111816405,382.9264678955078,2026-02-27
2026-02-27 20:00:00,-23.0314998626709,677.7266357421875,686.1219879150391,700.861083984375,729.0445404052734,780.8876068115235,2026-02-27
2026-02-27 21:00:00,156.42274475097656,304.3439147949219,314.85471801757814,329.8620910644531,358.90187683105466,410.77748107910156,2026-02-27
2026-02-27 22:00:00,185.0,169.9193359375,182.55384826660156,198.9878692626953,227.67595520019532,278.9969421386719,2026-02-27
2026-02-27 23:00:00,137.5,92.30423278808594,105.41475067138671,123.49977111816406,152.16909484863282,202.77049865722657,2026-02-27
2026-02-28 00:00:00,132.5,-22.59644470214844,-7.920819091796876,4.085205078125,16.12161865234375,34.35931396484375,2026-02-28
2026-02-28 01:00:00,187.5,6.757739257812499,22.73558349609375,38.370025634765625,55.51914978027344,80.63845825195312,2026-02-28
2026-02-28 02:00:00,172.5,59.6904754638672,76.78255004882814,95.43377685546876,116.59423828125001,146.69837036132816,2026-02-28
2026-02-28 03:00:00,157.5,97.55928039550781,115.52454071044922,136.07273864746094,160.1098175048828,194.0212432861328,2026-02-28
2026-02-28 04:00:00,160.0,59.554541015625,76.00980072021484,97.086669921875,122.93153076171875,160.48053588867188,2026-02-28
2026-02-28 05:00:00,45.0,87.43652038574218,102.1433837890625,122.56874084472656,149.15118103027342,189.04149475097657,2026-02-28
2026-02-28 06:00:00,50.0,142.02959289550782,155.57815551757812,174.58230590820312,202.20828552246093,244.501708984375,2026-02-28
2026-02-28 07:00:00,82.5,67.90681457519531,79.63092803955078,96.62571716308594,124.2818603515625,167.21840209960936,2026-02-28
2026-02-28 08:00:00,107.96749877929688,53.58921890258789,62.12038650512695,76.35092163085938,101.07870864868163,142.35266494750977,2026-02-28
2026-02-28 09:00:00,157.5,-12.856672668457033,-7.231773376464844,3.899749755859375,25.12137908935547,64.37532196044921,2026-02-28
2026-02-28 10:00:00,190.1454925537109,61.889468383789065,67.01253051757813,77.21415710449219,96.24241943359375,134.37930603027343,2026-02-28
2026-02-28 11:00:00,90.50675201416016,239.11575469970703,244.35328826904296,254.7419891357422,275.17243041992185,313.1907760620117,2026-02-28
2026-02-28 12:00:00,96.11824798583984,144.77554931640626,149.49378356933593,158.7779083251953,178.99959869384764,217.17576599121094,2026-02-28
2026-02-28 13:00:00,334.3862609863281,18.20722351074219,22.28580322265625,29.828369140625,48.65113220214844,87.17615051269532,2026-02-28
2026-02-28 14:00:00,391.3125,-18.67333068847656,-15.278396606445312,-7.56365966796875,11.780044555664066,50.86465148925782,2026-02-28
2026-02-28 15:00:00,205.0,-29.656820678710936,-25.015487670898438,-14.60150146484375,7.352825927734376,48.048126220703125,2026-02-28
2026-02-28 16:00:00,359.75,-4.926989746093753,4.997213745117186,20.4266357421875,47.151751708984364,93.88255615234375,2026-02-28
2026-02-28 17:00:00,626.7877197265625,341.04990234375,359.140283203125,381.01568603515625,413.8445983886719,464.6367980957031,2026-02-28
2026-02-28 18:00:00,266.56024169921875,392.65992736816406,408.9288360595703,431.35247802734375,464.1892944335938,513.6863647460938,2026-02-28
2026-02-28 19:00:00,260.0,391.37907257080076,405.853010559082,426.3389892578125,455.93896026611327,502.5777786254883,2026-02-28
2026-02-28 20:00:00,267.5,328.9420639038086,343.85741119384767,363.266357421875,391.11800384521484,435.2850143432617,2026-02-28
2026-02-28 21:00:00,242.5,315.85375061035154,332.4187728881836,351.677490234375,379.6941162109375,422.97996826171874,2026-02-28
2026-02-28 22:00:00,265.0,321.8182861328125,339.92320709228517,360.15252685546875,388.07175598144534,430.49623718261716,2026-02-28
2026-02-28 23:00:00,372.5,287.5809661865234,305.6122512817383,327.074951171875,355.43638305664064,396.909130859375,2026-02-28
2026-03-01 00:00:00,721.5,379.6039611816406,398.32444458007814,409.3148193359375,418.7377685546875,432.2337280273438,2026-03-01
2026-03-01 01:00:00,819.75,524.8489929199219,549.8795837402344,564.0397338867188,575.2363891601562,589.91123046875,2026-03-01
2026-03-01 02:00:00,719.3672485351562,685.04375,714.5751098632812,731.0071411132812,743.6291931152343,759.4100524902344,2026-03-01
2026-03-01 03:00:00,655.2442626953125,546.6469512939453,578.8620849609375,597.9501953125,611.8300598144531,628.9514343261719,2026-03-01
2026-03-01 04:00:00,674.8257446289062,366.03414154052734,398.4274963378906,419.1485290527344,434.42119750976565,452.2348571777344,2026-03-01
2026-03-01 05:00:00,331.3930053710937,261.38976593017577,292.770556640625,314.3922119140625,330.752197265625,349.9514892578125,2026-03-01
2026-03-01 06:00:00,592.2852783203125,273.067448425293,303.71824645996094,326.4017639160156,345.00640258789065,366.5124450683594,2026-03-01
2026-03-01 07:00:00,343.5,275.6981719970703,305.7208953857422,329.94708251953125,351.2574157714844,374.5595703125,2026-03-01
2026-03-01 08:00:00,342.5,311.1552795410156,338.8679168701172,363.4540710449219,385.4208190917969,409.3090393066406,2026-03-01
2026-03-01 09:00:00,203.6522521972656,169.0872924804687,194.2256408691406,218.4496154785156,240.1985168457031,264.1920471191406,2026-03-01
2026-03-01 10:00:00,278.94500732421875,254.39287414550782,278.4462463378906,302.5245056152344,323.12824096679685,346.95859375,2026-03-01
2026-03-01 11:00:00,290.0,346.70969543457034,370.043603515625,393.7147216796875,414.62453002929686,438.2809814453125,2026-03-01
2026-03-01 12:00:00,300.0,320.123583984375,343.11730499267577,366.7398376464844,388.03082885742185,411.4289916992187,2026-03-01
2026-03-01 13:00:00,271.4472351074219,304.66428833007814,327.53808441162107,351.5928039550781,373.03134765625,396.9720520019531,2026-03-01
2026-03-01 14:00:00,385.0,302.0789733886719,324.3459159851074,348.93218994140625,371.0138732910156,395.46917724609375,2026-03-01
2026-03-01 15:00:00,487.4750061035156,215.41531677246093,237.8863082885742,263.3428649902344,286.76917724609376,311.5150451660156,2026-03-01
2026-03-01 16:00:00,344.906005859375,81.03153686523437,106.40072479248047,134.24166870117188,159.07116088867187,185.93284912109377,2026-03-01
2026-03-01 17:00:00,417.5,123.77746429443357,153.9509155273437,184.87045288085935,211.70839233398436,238.7389221191406,2026-03-01
2026-03-01 18:00:00,380.0,174.35542755126954,203.9281494140625,235.29318237304688,260.82886352539066,286.5382995605469,2026-03-01
2026-03-01 19:00:00,302.5,164.41370849609376,192.92922821044922,223.24142456054688,246.10167236328124,269.3281677246094,2026-03-01
2026-03-01 20:00:00,282.5,110.34447937011718,138.00155639648438,167.42124938964844,188.49334411621095,209.3619415283203,2026-03-01
2026-03-01 21:00:00,307.5,112.05331420898438,139.5937286376953,168.27896118164062,188.70611572265625,208.00095825195314,2026-03-01
2026-03-01 22:00:00,210.0,66.81796112060547,94.53905029296875,123.23049926757812,143.18106079101562,161.57046508789062,2026-03-01
2026-03-01 23:00:00,207.0072479248047,-21.80253143310547,5.849749755859374,34.878997802734375,54.77783813476563,72.4123291015625,2026-03-01
2026-03-02 00:00:00,-49.45975112915039,27.381246948242193,42.91111450195312,53.14956665039063,62.61293945312501,77.34912109375,2026-03-02
2026-03-02 01:00:00,250.6467437744141,125.73068542480468,146.76280212402344,161.123046875,174.45487060546876,193.5407287597656,2026-03-02
2026-03-02 02:00:00,285.0,154.75686950683593,180.36387939453124,198.27099609375,214.9076416015625,237.14209594726563,2026-03-02
2026-03-02 03:00:00,232.5,143.92974853515622,171.9708312988281,192.77182006835935,211.81312866210934,236.31446533203123,2026-03-02
2026-03-02 04:00:00,13.006750106811523,110.469189453125,138.4055145263672,160.4332733154297,180.81844787597657,206.68435974121093,2026-03-02
2026-03-02 05:00:00,-50.0,-56.0773422241211,-28.739654541015625,-5.97698974609375,15.182159423828125,42.36212158203125,2026-03-02
2026-03-02 06:00:00,-50.0,-63.52040710449219,-36.18610229492188,-12.65423583984375,10.19019775390625,38.92549438476563,2026-03-02
2026-03-02 07:00:00,-49.27925109863281,-73.33035125732422,-46.24765930175781,-21.96591186523437,2.513385009765635,31.871691894531256,2026-03-02
2026-03-02 08:00:00,-17.75,-76.3086166381836,-51.4430419921875,-27.07244873046875,-2.8739807128906243,26.05659179687501,2026-03-02
2026-03-02 09:00:00,-19.17799949645996,-70.76766815185547,-48.05550079345703,-24.5030517578125,-0.9998840332031236,27.389758300781253,2026-03-02
2026-03-02 10:00:00,-50.0,-65.65162506103516,-43.6067626953125,-19.736846923828125,2.5833007812499886,30.818206787109375,2026-03-02
2026-03-02 11:00:00,-51.0,-61.76694793701172,-40.27509765625,-16.165557861328125,7.08333435058594,35.67447204589844,2026-03-02
2026-03-02 12:00:00,-50.81999969482422,-62.7669662475586,-41.470915222167974,-17.33245849609375,6.701275634765626,35.85022583007813,2026-03-02
2026-03-02 13:00:00,-50.0,-69.25580596923828,-47.8507568359375,-23.469940185546875,1.2695800781250028,31.477276611328136,2026-03-02
2026-03-02 14:00:00,-50.0,-72.62896575927735,-51.37247009277344,-25.89495849609375,0.71478271484375,32.48104858398439,2026-03-02
2026-03-02 15:00:00,-50.0,-73.64166717529298,-51.69409942626953,-24.598663330078125,3.9613800048828125,36.69467468261719,2026-03-02
2026-03-02 16:00:00,-50.0,-76.3485336303711,-52.58082962036133,-23.41876220703125,6.444586181640627,41.14276733398438,2026-03-02
2026-03-02 17:00:00,-51.14300155639648,-65.60561981201172,-39.822967529296875,-8.977020263671875,22.700366210937506,57.61784057617187,2026-03-02
2026-03-02 18:00:00,-4.5,-51.959040832519534,-26.488134765625006,4.931884765625,35.68791198730469,69.7894500732422,2026-03-02
2026-03-02 19:00:00,15.25,-46.7819351196289,-22.45698242187499,7.9468994140625,36.35299682617189,68.14835815429689,2026-03-02
2026-03-02 20:00:00,94.37774658203124,-32.62255096435547,-8.434283447265628,21.43560791015625,48.594232177734376,78.14638671875,2026-03-02
2026-03-02 21:00:00,59.75,-61.98128814697266,-37.73781433105468,-8.339508056640625,18.627056884765633,46.924328613281254,2026-03-02
2026-03-02 22:00:00,130.0,-74.23148345947266,-50.53090515136718,-21.21273803710937,5.443176269531261,32.737097167968784,2026-03-02
2026-03-02 23:00:00,41.22150039672852,-73.68040924072267,-51.17616271972656,-21.645965576171875,5.474401855468752,32.41365966796875,2026-03-02
2026-03-03 00:00:00,209.72674560546875,-20.125369262695312,-10.137753295898438,-0.972869873046875,8.782498168945313,25.31966705322266,2026-03-03
2026-03-03 01:00:00,-49.49325180053711,-19.698274230957033,-9.271725463867188,2.89715576171875,17.432235717773438,41.049407958984375,2026-03-03
2026-03-03 02:00:00,160.9929962158203,-11.566282653808596,-1.0973922729492198,13.4202880859375,31.61678161621094,59.98783569335938,2026-03-03
2026-03-03 03:00:00,224.1767425537109,54.6717544555664,64.59501495361329,79.70875549316406,99.91073303222656,131.5987060546875,2026-03-03
2026-03-03 04:00:00,220.0,117.92440948486328,125.66385040283203,140.20643615722656,161.10574951171876,195.42389526367188,2026-03-03
2026-03-03 05:00:00,257.5,170.5988349914551,176.0436088562012,189.5455017089844,210.63074569702152,247.39264755249027,2026-03-03
2026-03-03 06:00:00,250.0,153.84576416015625,157.87001037597656,169.7764892578125,191.54405059814454,230.1748306274414,2026-03-03
2026-03-03 07:00:00,74.69249725341797,115.4038070678711,117.90235748291016,128.1228485107422,149.87895660400392,189.47903137207032,2026-03-03
2026-03-03 08:00:00,30.381999969482425,114.11236572265626,114.19942626953126,122.05853271484376,141.5964797973633,180.31443634033207,2026-03-03
2026-03-03 09:00:00,-35.18424987792969,2.388836669921874,4.265115356445313,8.05364990234375,25.21719741821289,62.87147369384766,2026-03-03
2026-03-03 10:00:00,-50.0,-12.4406494140625,-9.87757568359375,-7.435760498046875,7.8969245910644545,44.79514617919922,2026-03-03
2026-03-03 11:00:00,-50.0,-16.250823974609375,-13.947171020507813,-11.3306884765625,5.13830032348633,42.07753143310547,2026-03-03
2026-03-03 12:00:00,-50.0,-19.12647399902344,-16.66318359375,-14.551666259765623,2.309058380126954,40.07115936279297,2026-03-03
2026-03-03 13:00:00,-50.0,-13.549612426757815,-10.898883056640628,-9.606781005859377,7.49173583984375,46.784992980957036,2026-03-03
2026-03-03 14:00:00,-50.0,-18.110299682617185,-15.680651855468748,-13.135040283203123,6.205249786376955,47.442228698730474,2026-03-03
2026-03-03 15:00:00,-50.0,-22.94512023925781,-22.04791259765625,-14.816925048828123,7.38447875976563,51.14082489013673,2026-03-03
2026-03-03 16:00:00,196.25,11.074398803710936,13.517919921874999,25.602813720703125,51.846238708496095,100.67560272216797,2026-03-03
2026-03-03 17:00:00,337.2239990234375,286.67844543457034,293.1774200439453,309.812255859375,341.7190963745117,393.704817199707,2026-03-03
2026-03-03 18:00:00,362.5,321.21886444091797,328.72747802734375,347.95587158203125,381.72727966308594,434.1949066162109,2026-03-03
2026-03-03 19:00:00,292.5,278.37303314208987,286.6583969116211,305.98907470703125,338.9217895507812,391.41652221679686,2026-03-03
2026-03-03 20:00:00,280.0,281.2529693603516,290.86275787353514,309.8014831542969,342.1295669555664,393.1621353149414,2026-03-03
2026-03-03 21:00:00,290.0,297.14131927490234,308.7490921020508,327.38409423828125,360.0529052734375,410.11948852539064,2026-03-03
2026-03-03 22:00:00,340.0,321.22018585205075,334.4920440673828,353.6967163085937,385.72500915527337,434.2607025146484,2026-03-03
2026-03-03 23:00:00,370.1025085449219,309.41593780517576,322.8155014038086,343.3053894042969,375.74342346191406,423.0814666748047,2026-03-03
2026-03-04 00:00:00,332.5,267.3870910644531,285.4498718261719,296.991943359375,307.21527099609375,319.8035522460938,2026-03-04
2026-03-04 01:00:00,297.5,339.3841613769531,363.2967102050781,378.9204406738281,393.0817443847656,409.78770141601564,2026-03-04
2026-03-04 02:00:00,315.0,357.4720993041992,385.40216064453125,404.2312316894531,421.60223388671875,442.2747741699219,2026-03-04
2026-03-04 03:00:00,310.0,345.1353118896485,374.8407287597657,395.7799682617188,415.6249816894532,440.1736877441407,2026-03-04
2026-03-04 04:00:00,297.5,313.06686935424807,339.98491821289065,362.0592346191406,384.7217651367188,413.5210876464844,2026-03-04
2026-03-04 05:00:00,292.5,305.02337646484375,328.25957946777345,350.8128662109375,375.8026916503906,408.42164306640626,2026-03-04
2026-03-04 06:00:00,295.0,305.54136047363284,325.1465042114258,346.8451843261719,374.2414520263672,410.4584197998047,2026-03-04
2026-03-04 07:00:00,335.0,269.61148529052736,285.4637756347656,304.9653015136719,333.48304748535156,371.05823669433596,2026-03-04
2026-03-04 08:00:00,320.0,274.9226272583008,285.9632568359375,302.4739990234375,328.3270721435547,365.13942260742186,2026-03-04
2026-03-04 09:00:00,439.27349853515625,310.5911407470703,317.67589416503904,330.9841613769531,353.43351287841796,388.4790756225586,2026-03-04
2026-03-04 10:00:00,391.4567565917969,288.44891662597655,294.39768676757814,306.7584228515625,326.5803466796875,360.29846649169923,2026-03-04
2026-03-04 11:00:00,461.0,300.5262649536133,306.2208999633789,317.9822082519531,338.8545806884766,371.7300964355469,2026-03-04
2026-03-04 12:00:00,487.0,271.46292877197266,276.4260757446289,286.8231201171875,307.06843719482424,339.82639770507814,2026-03-04
2026-03-04 13:00:00,453.635009765625,205.3147171020508,209.6817886352539,218.3758087158203,237.0892364501953,269.9556121826172,2026-03-04
2026-03-04 14:00:00,200.0,196.54126739501953,200.6727523803711,210.0182647705078,229.57234649658204,263.17425537109375,2026-03-04
2026-03-04 15:00:00,220.8654937744141,123.3572494506836,129.76532745361328,142.53302001953125,165.1405487060547,200.01961364746094,2026-03-04
2026-03-04 16:00:00,289.5222473144531,51.232421875,64.03890686035156,82.12889099121094,108.85438690185546,148.99242401123047,2026-03-04
2026-03-04 17:00:00,403.6315002441406,109.26099548339843,129.49585418701173,153.51954650878906,185.14546813964844,227.7283966064453,2026-03-04
2026-03-04 18:00:00,262.5,261.71017303466795,282.07952270507815,308.3280334472656,340.18584594726565,382.057421875,2026-03-04
2026-03-04 19:00:00,268.2092590332031,244.64042205810546,264.77190551757815,290.32330322265625,319.62502136230466,359.04290466308595,2026-03-04
2026-03-04 20:00:00,287.60400390625,204.0622299194336,224.82273330688477,249.66249084472656,277.2992462158203,313.89947204589845,2026-03-04
2026-03-04 21:00:00,279.0564880371094,141.56123199462894,164.24280548095706,188.41275024414065,215.50564575195315,250.0917358398438,2026-03-04
2026-03-04 22:00:00,357.2852478027344,104.50021820068359,129.03621520996094,153.36526489257812,178.9456298828125,212.0221740722656,2026-03-04
2026-03-04 23:00:00,267.5,55.8743179321289,81.58163909912109,106.69705200195312,131.78463134765624,162.97216796875,2026-03-04
2026-03-05 00:00:00,297.5,265.88005981445315,281.9698547363281,293.6592102050781,304.80303955078125,319.382080078125,2026-03-05
2026-03-05 01:00:00,297.5,251.30176696777343,271.3390747070313,287.2698669433594,303.5523193359375,324.19090576171874,2026-03-05
2026-03-05 02:00:00,217.5,245.87588958740236,268.54351806640625,287.2879333496094,307.3983093261719,332.62050170898436,2026-03-05
2026-03-05 03:00:00,207.5,248.2474380493164,271.8412322998047,291.7810974121094,314.2479736328125,343.1614196777344,2026-03-05
2026-03-05 04:00:00,190.0,243.6844482421875,265.31473541259766,285.93603515625,310.4295959472656,342.8852233886719,2026-03-05
2026-03-05 05:00:00,-50.0,165.48295440673832,185.42551574707034,206.68179321289065,232.85244750976565,268.07830810546875,2026-03-05
2026-03-05 06:00:00,-50.0,222.9869186401367,241.39507751464845,262.0793151855469,289.7973602294922,327.15562438964844,2026-03-05
2026-03-05 07:00:00,187.5,185.46657562255857,202.0000579833984,221.33839416503903,249.9416839599609,288.84573059082027,2026-03-05
2026-03-05 08:00:00,15.0,225.31303863525392,239.13953247070313,257.6681213378906,285.2113037109375,324.58143310546876,2026-03-05
2026-03-05 09:00:00,-50.0,110.9759750366211,122.9807113647461,140.5636749267578,167.24859619140625,206.74349975585938,2026-03-05
2026-03-05 10:00:00,-50.0,147.87266998291017,159.07198791503907,176.76065063476562,202.6553527832031,242.99143981933594,2026-03-05
2026-03-05 11:00:00,-50.0,163.74093780517578,173.95868988037108,191.21481323242188,219.28267517089844,260.03209533691404,2026-03-05
2026-03-05 12:00:00,-50.0,62.825888061523436,72.02022094726563,88.27828979492188,116.49976959228516,157.8536178588867,2026-03-05
2026-03-05 13:00:00,-50.0,-21.749729919433594,-12.962776184082031,1.89678955078125,28.71325073242187,70.34353637695312,2026-03-05
2026-03-05 14:00:00,-50.0,-33.85578994750976,-26.468189239501953,-11.91632080078125,14.910956573486331,56.313544464111345,2026-03-05
2026-03-05 15:00:00,-50.0,-50.80657119750977,-43.0445442199707,-26.970916748046875,1.1537910461425795,42.67104568481446,2026-03-05
2026-03-05 16:00:00,-50.0,-55.6901351928711,-46.12384948730469,-27.634674072265625,2.2104827880859403,46.76889953613282,2026-03-05
2026-03-05 17:00:00,-2.5472500324249268,74.54626464843751,86.25445098876955,107.50701904296876,140.36477203369142,185.80190582275392,2026-03-05
2026-03-05 18:00:00,265.64599609375,250.09557189941407,262.5810546875,285.4354248046875,318.239485168457,363.10139923095704,2026-03-05
2026-03-05 19:00:00,300.0,251.78433990478516,264.84367218017576,287.6014404296875,318.62656555175784,362.1716766357422,2026-03-05
2026-03-05 20:00:00,300.0,253.95303649902343,267.434342956543,289.46649169921875,320.13831329345703,362.02025299072267,2026-03-05
2026-03-05 21:00:00,300.0,464.967057800293,479.00714111328125,500.2352600097656,531.626577758789,572.8006805419922,2026-03-05
2026-03-05 22:00:00,300.0,363.8283340454102,378.5488586425782,399.9514770507813,430.67732238769537,471.07067565917976,2026-03-05
2026-03-05 23:00:00,307.5,274.7596084594726,289.0502120971679,311.3676147460937,342.1209899902343,381.7404113769531,2026-03-05
2026-03-06 00:00:00,359.5,467.9069091796875,483.48427734374997,494.2301025390625,503.7676147460937,514.9380554199219,2026-03-06
2026-03-06 01:00:00,355.0,668.5006500244141,687.3426208496094,702.084228515625,716.6556030273438,734.0924499511718,2026-03-06
2026-03-06 02:00:00,405.0,840.850717163086,861.3584747314453,879.0709228515625,897.9131530761719,920.6075622558594,2026-03-06
2026-03-06 03:00:00,402.5,741.7364868164062,762.5730102539062,781.6446533203125,803.5120727539063,831.3862487792969,2026-03-06
2026-03-06 04:00:00,295.0,465.8373016357422,483.5049407958985,503.3482055664063,527.9571716308594,561.0592346191406,2026-03-06
2026-03-06 05:00:00,450.0,336.29695281982424,350.465071105957,370.2117004394531,396.7344970703125,433.4031616210938,2026-03-06
2026-03-06 06:00:00,500.0,367.7516372680665,378.3990554809571,396.2267456054688,423.97912292480476,463.3818450927735,2026-03-06
2026-03-06 07:00:00,402.5,364.8670021057129,371.72450942993163,386.463134765625,414.1690727233887,454.523445892334,2026-03-06
2026-03-06 08:00:00,285.0,296.793701171875,299.7634246826172,311.4139709472656,335.96951446533205,375.01344146728513,2026-03-06
2026-03-06 09:00:00,315.0,253.854150390625,254.13161926269532,262.8941650390625,284.0018936157227,321.1516616821289,2026-03-06
2026-03-06 10:00:00,277.5,254.3752655029297,254.7334716796875,262.2996520996094,281.0592803955078,316.99613800048826,2026-03-06
2026-03-06 11:00:00,537.6307373046875,221.28373107910156,221.60088500976562,228.6517333984375,248.82693481445312,284.2002212524414,2026-03-06
2026-03-06 12:00:00,388.0,211.53905029296874,212.2995635986328,217.90017700195312,237.88117218017578,273.47155914306643,2026-03-06
2026-03-06 13:00:00,322.0037536621094,190.6565063476563,191.57788085937503,195.7608337402344,214.6042419433594,250.86851654052737,2026-03-06
2026-03-06 14:00:00,282.8125,115.22826538085936,116.42764282226561,120.95426940917967,140.8525619506836,177.92915191650388,2026-03-06
2026-03-06 15:00:00,271.5,177.15767822265624,177.60213928222657,186.139404296875,208.36044464111328,246.26689910888672,2026-03-06
2026-03-06 16:00:00,566.25,318.83591613769534,323.4368927001953,335.9325866699219,361.27173614501953,403.2226333618164,2026-03-06
2026-03-06 17:00:00,340.0,329.5303695678711,339.60791015625,357.1398620605469,387.12335205078125,431.31507873535156,2026-03-06
2026-03-06 18:00:00,402.5,309.3541549682617,322.04810638427733,342.90692138671875,373.85126037597655,417.3153411865234,2026-03-06
2026-03-06 19:00:00,262.5,292.9993240356445,307.78740234375,329.1621398925781,358.3377349853516,399.9293914794922,2026-03-06
2026-03-06 20:00:00,285.0,266.55567474365233,282.7051742553711,303.4645690917969,331.1481964111328,369.94812927246096,2026-03-06
2026-03-06 21:00:00,407.5,262.07308197021484,279.86714630126954,299.6260986328125,326.82573852539065,363.80548095703125,2026-03-06
2026-03-06 22:00:00,447.5,260.791569519043,280.34324340820314,300.18267822265625,326.03566589355466,361.55100402832034,2026-03-06
2026-03-06 23:00:00,260.0,236.24313507080078,256.3717231750488,277.25933837890625,302.9573638916016,337.43072814941405,2026-03-06
2026-03-07 00:00:00,267.5,220.7118896484375,238.38841857910157,250.38619995117188,261.5681213378906,277.1675720214844,2026-03-07
2026-03-07 01:00:00,100.0,89.98408508300781,113.3940460205078,129.7787322998047,145.4953826904297,165.7818817138672,2026-03-07
2026-03-07 02:00:00,195.0,166.85226440429688,194.73462524414063,214.88131713867188,234.3426940917969,258.48704833984374,2026-03-07
2026-03-07 03:00:00,230.0,110.37399291992188,140.46810302734374,163.27989196777344,185.3144500732422,212.58558654785156,2026-03-07
2026-03-07 04:00:00,25.0,22.168075561523438,50.82380676269531,74.79032897949219,99.20065612792969,129.3839324951172,2026-03-07
2026-03-07 05:00:00,162.5,-7.155462646484381,19.548443603515622,44.05009460449219,70.07454528808594,102.67631530761719,2026-03-07
2026-03-07 06:00:00,-25.0,40.16428527832032,65.42194824218751,89.71798706054688,117.37944946289063,152.1512878417969,2026-03-07
2026-03-07 07:00:00,-50.0,26.86703186035156,49.91467208862305,73.21041870117188,102.02087097167968,137.4708465576172,2026-03-07
2026-03-07 08:00:00,-50.0,-10.721795654296876,9.175135803222656,31.360870361328125,58.80557556152344,93.52423400878907,2026-03-07
2026-03-07 09:00:00,-50.0,-25.71490478515625,-8.686457824707032,12.015411376953123,37.74781799316408,71.71530456542969,2026-03-07
2026-03-07 10:00:00,-50.0,-30.500611877441408,-14.595164489746097,5.97808837890625,30.607707214355464,64.76477813720705,2026-03-07
2026-03-07 11:00:00,-50.0,-12.965663146972659,2.1295440673828097,22.763458251953125,49.66330108642578,84.22126617431641,2026-03-07
2026-03-07 12:00:00,-50.0,-32.23034820556641,-17.867478942871095,2.470855712890625,30.102742004394532,64.96489715576172,2026-03-07
2026-03-07 13:00:00,-50.0,-41.99105682373047,-27.924822998046878,-8.56103515625,17.710557556152338,51.975816345214845,2026-03-07
2026-03-07 14:00:00,-50.0,-45.60633544921875,-32.957009887695314,-13.909576416015623,12.321533203125002,46.271881103515625,2026-03-07
2026-03-07 15:00:00,-50.0,-56.578909301757804,-43.14832763671875,-22.66830444335937,4.9912719726562536,38.970916748046875,2026-03-07
2026-03-07 16:00:00,-50.0,-18.649826049804688,-0.11279296875,24.375762939453125,53.79681396484375,90.19326171875001,2026-03-07
2026-03-07 17:00:00,25.25,-12.336709594726564,12.77230987548828,41.679473876953125,73.80814208984376,110.55875244140626,2026-03-07
2026-03-07 18:00:00,185.75,105.99905395507812,131.12915954589843,161.65567016601562,192.82695617675782,227.66246643066407,2026-03-07
2026-03-07 19:00:00,169.0,117.59773864746094,142.1177978515625,171.7115936279297,199.94256896972658,231.3261749267578,2026-03-07
2026-03-07 20:00:00,91.5,83.51255798339844,108.35879516601562,137.03353881835938,163.08638916015624,190.89918823242186,2026-03-07
2026-03-07 21:00:00,144.0,180.23526916503906,205.74410858154295,233.50320434570312,258.65516967773436,284.6036682128906,2026-03-07
2026-03-07 22:00:00,160.97674560546875,216.21317291259766,241.7755554199219,269.1803283691406,293.12012939453126,317.9206909179687,2026-03-07
2026-03-07 23:00:00,280.0,227.89597778320314,252.69180450439453,280.0152893066406,303.8105895996094,327.8012329101563,2026-03-07
2026-03-08 00:00:00,295.0,254.97143249511714,268.7356811523437,279.0863647460937,289.6212036132812,303.7693054199218,2026-03-08
2026-03-08 01:00:00,300.0,277.5725433349609,294.10732116699216,307.8698425292969,323.2224975585938,343.7697448730469,2026-03-08
2026-03-08 02:00:00,290.0,282.75888748168944,301.5552124023437,318.49285888671875,337.9959655761719,364.1128723144531,2026-03-08
2026-03-08 03:00:00,292.5,308.9128387451172,328.3661651611328,346.5366516113281,368.62432556152345,399.2112213134766,2026-03-08
2026-03-08 04:00:00,285.0,285.8503921508789,302.59337310791017,320.8474426269531,344.7162322998047,379.78160705566404,2026-03-08
2026-03-08 05:00:00,282.5,274.9800094604492,289.2097427368164,307.2604675292969,332.48692016601564,370.0156555175781,2026-03-08
2026-03-08 06:00:00,280.0,241.36841735839843,253.14196014404297,269.642822265625,295.63417205810543,335.08311614990237,2026-03-08
2026-03-08 07:00:00,287.5,265.11480712890625,274.1331619262695,287.8504638671875,313.0316329956055,352.587712097168,2026-03-08
2026-03-08 08:00:00,185.0,194.39642791748045,199.73128814697262,210.2069396972656,231.87453613281247,269.23163452148435,2026-03-08
2026-03-08 09:00:00,110.0,6.646337890624999,9.479898071289062,17.030242919921875,35.17165222167969,70.26607818603516,2026-03-08
2026-03-08 10:00:00,-50.0,-13.368130493164063,-10.920477294921874,-3.936676025390625,12.209083557128906,46.294462585449224,2026-03-08
2026-03-08 11:00:00,-50.0,19.567689514160158,22.30661163330078,29.350799560546875,46.99716491699219,80.95692138671876,2026-03-08
2026-03-08 12:00:00,-50.0,-42.65214538574219,-40.026040649414064,-33.665191650390625,-16.03276824951172,18.438594055175784,2026-03-08
2026-03-08 13:00:00,-50.0,-38.573245239257815,-36.052835083007814,-30.69647216796875,-13.732002258300781,21.77938385009766,2026-03-08
2026-03-08 14:00:00,-50.0,-34.86963500976563,-32.473699951171874,-26.46075439453125,-8.011015319824217,29.416270446777347,2026-03-08
2026-03-08 15:00:00,-50.0,-37.541192626953126,-33.39931030273438,-24.146453857421875,-2.515890502929686,37.37808380126953,2026-03-08
2026-03-08 16:00:00,-50.0,18.507447814941404,27.927960205078122,41.80705261230469,67.7518798828125,113.51990661621095,2026-03-08
2026-03-08 17:00:00,273.5852355957031,263.82506866455077,279.07859497070314,298.0597229003906,329.3855407714844,378.77520751953125,2026-03-08
2026-03-08 18:00:00,362.8580017089844,297.35396881103514,312.26166076660155,332.9229431152344,365.02318115234374,414.24736938476565,2026-03-08
2026-03-08 19:00:00,271.6932373046875,286.76897430419916,300.9310684204101,320.6698608398437,350.35449829101555,397.1991516113281,2026-03-08
2026-03-08 20:00:00,290.0,292.3801559448242,306.4727294921875,325.0146484375,352.8855499267578,396.92450256347655,2026-03-08
2026-03-08 21:00:00,295.0,316.15291595458984,331.81581726074216,349.46405029296875,376.68132934570315,418.8596923828125,2026-03-08
2026-03-08 22:00:00,300.0,339.1883911132812,356.44078063964844,374.43798828125,400.18894958496094,440.7834991455078,2026-03-08
2026-03-08 23:00:00,305.0,352.8479934692383,370.44012451171875,388.8388671875,414.06845703125,453.1459167480469,2026-03-08
2026-03-09 00:00:00,292.5,363.71299438476564,377.6762756347656,386.136474609375,393.9510131835938,404.25482177734375,2026-03-09
2026-03-09 01:00:00,462.5,374.365380859375,393.30658569335935,404.8945617675781,416.2403137207031,430.4807189941406,2026-03-09
2026-03-09 02:00:00,425.0,311.54482421875,334.0393768310547,348.71270751953125,363.106982421875,381.4475891113281,2026-03-09
2026-03-09 03:00:00,500.0,299.9829406738281,323.8854248046875,340.0562744140625,356.4370483398437,378.2873229980469,2026-03-09
2026-03-09 04:00:00,340.0,275.6346694946289,296.9469909667969,313.6015930175781,331.58251953125,356.9057250976563,2026-03-09
2026-03-09 05:00:00,175.0,239.1081314086914,257.1034362792969,273.8084716796875,293.55206909179685,321.7759094238281,2026-03-09
2026-03-09 06:00:00,37.5,215.10034790039063,229.9691421508789,246.0457763671875,267.63930358886716,298.51567993164065,2026-03-09
2026-03-09 07:00:00,-50.0,141.73365020751953,152.96746520996095,166.9591064453125,189.23492279052732,220.89512786865234,2026-03-09
2026-03-09 08:00:00,-50.0,-17.12579345703125,-9.944528198242189,1.28680419921875,21.1198974609375,51.683728027343754,2026-03-09
2026-03-09 09:00:00,-50.0,-21.333126831054685,-17.447656249999998,-9.085968017578123,7.613449096679689,36.63200378417969,2026-03-09
2026-03-09 10:00:00,-50.0,-10.522418212890626,-8.0191650390625,-0.997528076171875,13.18018264770508,40.546267700195315,2026-03-09
2026-03-09 11:00:00,-50.0,9.030148315429686,11.245120239257812,17.64556884765625,32.73021545410156,59.11480102539062,2026-03-09
2026-03-09 12:00:00,-50.0,-14.433340454101563,-12.560061645507812,-7.0870361328125,7.645323944091798,33.925906372070315,2026-03-09
2026-03-09 13:00:00,-50.0,-19.38992614746094,-17.95870361328125,-13.753387451171877,-0.385139465332033,25.92950134277344,2026-03-09
2026-03-09 14:00:00,-50.0,-18.29084167480469,-17.536041259765625,-13.00970458984375,1.1400512695312504,28.252243041992188,2026-03-09
2026-03-09 15:00:00,-50.0,-21.889825439453126,-19.60694274902344,-12.377777099609377,4.514312744140623,33.29570007324218,2026-03-09
2026-03-09 16:00:00,-50.0,22.722225952148438,29.70968322753906,41.62754821777344,62.740934753417974,97.07740478515626,2026-03-09
2026-03-09 17:00:00,-7.547249794006348,119.26917724609375,135.41619110107422,154.27236938476562,181.73569946289064,220.2059997558594,2026-03-09
2026-03-09 18:00:00,92.5,207.56096496582032,225.2240966796875,247.48374938964844,276.3967651367187,314.889453125,2026-03-09
2026-03-09 19:00:00,-29.5,195.6284622192383,213.2499206542969,235.32769775390625,262.1735046386719,298.7006042480469,2026-03-09
2026-03-09 20:00:00,72.25,42.24925994873047,60.69029998779297,81.86820983886719,107.09739685058594,141.0115692138672,2026-03-09
2026-03-09 21:00:00,43.25,-2.9876388549804673,17.362640380859382,37.91915893554688,62.40900878906251,94.70238037109377,2026-03-09
2026-03-09 22:00:00,66.5,-16.503623962402344,5.74521789550781,26.361968994140625,49.255856323242185,79.99773254394532,2026-03-09
2026-03-09 23:00:00,-28.0,-21.67940826416016,1.5410247802734354,22.294708251953125,44.571896362304685,73.70799865722657,2026-03-09
2026-03-10 00:00:00,267.5,-0.2461273193359368,5.578356933593751,12.068817138671877,21.76113433837891,41.371009826660156,2026-03-10
2026-03-10 01:00:00,126.29199981689452,-4.401956176757812,1.4797424316406271,9.773651123046877,23.44582977294922,49.53300323486329,2026-03-10
2026-03-10 02:00:00,166.26300048828125,25.213417053222656,31.730856323242186,41.86442565917969,58.83781280517579,89.64628295898439,2026-03-10
2026-03-10 03:00:00,387.5,84.74765319824219,91.72962341308593,102.29283142089844,121.2587661743164,155.43206024169922,2026-03-10
2026-03-10 04:00:00,239.09750366210935,70.89354553222657,76.74445953369141,87.10038757324219,106.34613800048828,143.01751861572265,2026-03-10
2026-03-10 05:00:00,180.4900054931641,118.26969299316406,122.79756774902344,132.1361846923828,150.70643005371093,186.6824478149414,2026-03-10
2026-03-10 06:00:00,292.5,256.74379272460936,260.0699188232422,267.313720703125,284.23339080810547,318.1415420532227,2026-03-10
2026-03-10 07:00:00,191.1947479248047,204.330517578125,206.39849548339845,211.13946533203125,225.52387619018555,257.57666473388673,2026-03-10
2026-03-10 08:00:00,217.5,38.86232299804688,39.66917114257813,42.42750549316406,53.55870361328125,82.31961212158203,2026-03-10
2026-03-10 09:00:00,12.5,6.522680664062501,6.634429931640627,7.447418212890625,15.37892303466797,41.11754150390625,2026-03-10
2026-03-10 10:00:00,-50.0,17.843096923828124,17.87962646484375,18.259429931640625,24.195648193359375,47.229486083984376,2026-03-10
2026-03-10 11:00:00,-50.0,106.51608276367186,106.81727294921873,107.17375183105467,113.5007385253906,135.68075866699218,2026-03-10
2026-03-10 12:00:00,-50.0,52.44847717285156,53.17774963378906,53.7691650390625,60.473760986328124,82.65582580566407,2026-03-10
2026-03-10 13:00:00,-50.0,-4.1854095458984375,-3.0123901367187518,-2.005218505859375,5.1826721191406255,28.405691528320315,2026-03-10
2026-03-10 14:00:00,-50.0,-29.091012573242185,-28.445977783203123,-27.19613647460937,-18.606491088867184,6.2634063720703175,2026-03-10
2026-03-10 15:00:00,-50.0,-27.033401489257812,-26.80628356933594,-24.22979736328125,-13.457467651367189,14.179505920410158,2026-03-10
2026-03-10 16:00:00,-50.0,-17.124945068359374,-15.168368530273437,-9.7169189453125,5.237873840332032,39.161033630371094,2026-03-10
2026-03-10 17:00:00,142.75,229.78291931152341,235.96483764648434,246.50440979003903,268.0494400024414,306.574104309082,2026-03-10
2026-03-10 18:00:00,285.75,400.005128479004,407.1214920043946,420.4817504882813,444.73791809082036,485.5212921142579,2026-03-10
2026-03-10 19:00:00,220.3302459716797,559.5627418518067,565.8957313537597,578.5225830078125,601.7694175720214,642.3250511169433,2026-03-10
2026-03-10 20:00:00,231.29049682617188,601.5961570739746,608.1018867492676,619.8428955078125,642.5260078430176,682.8062171936035,2026-03-10
2026-03-10 21:00:00,300.0,1028.2842208862305,1035.8054122924805,1047.32470703125,1070.737741088867,1111.3184539794922,2026-03-10
2026-03-10 22:00:00,337.5,1060.822590637207,1069.7857391357422,1082.27587890625,1106.0466217041017,1146.6043365478515,2026-03-10
2026-03-10 23:00:00,350.0,953.4300033569336,962.8333389282227,976.708251953125,1000.9464416503906,1041.894027709961,2026-03-10
2026-03-11 00:00:00,663.5,566.5208801269531,581.3662475585937,589.333251953125,596.2504516601563,606.0320190429687,2026-03-11
2026-03-11 01:00:00,417.43951416015625,946.1236145019532,966.7032897949218,977.487548828125,986.8832336425781,999.4296875,2026-03-11
2026-03-11 02:00:00,970.2349853515624,602.7242492675781,627.445263671875,641.2373046875,653.0962219238281,669.1314819335937,2026-03-11
2026-03-11 03:00:00,925.0,348.62830352783203,375.74395751953125,392.0201110839844,406.28993530273436,426.050537109375,2026-03-11
2026-03-11 04:00:00,487.5,269.6906379699707,295.1390686035156,312.5380859375,328.72279052734376,352.0304138183594,2026-03-11
2026-03-11 05:00:00,460.896240234375,264.50226440429685,285.3537170410156,302.3960266113281,320.1258544921875,346.30064697265624,2026-03-11
2026-03-11 06:00:00,467.25,278.27046966552734,295.46301956176757,312.2475280761719,332.73741455078124,362.4845703125,2026-03-11
2026-03-11 07:00:00,32.5,266.49259185791016,279.92926330566405,295.5927429199219,318.223095703125,349.57069091796876,2026-03-11
2026-03-11 08:00:00,187.5,221.05882263183588,230.12483215332026,243.16458129882807,264.1193862915039,295.2064865112304,2026-03-11
2026-03-11 09:00:00,275.0,75.64617614746093,80.57972412109375,90.43299865722656,108.30687866210937,138.13939361572267,2026-03-11
2026-03-11 10:00:00,318.3080139160156,13.904754638671871,17.297369384765624,25.50277709960937,40.83742752075195,69.16895904541016,2026-03-11
2026-03-11 11:00:00,403.0567626953125,143.83644104003906,146.6971649169922,154.06153869628906,169.84832916259765,197.4672622680664,2026-03-11
2026-03-11 12:00:00,490.97650146484375,172.20872192382816,174.64163208007815,180.92747497558597,196.28791275024417,223.56152191162113,2026-03-11
2026-03-11 13:00:00,322.2852478027344,17.956494140625,20.10421142578125,25.13531494140625,38.985295104980466,65.86229400634767,2026-03-11
2026-03-11 14:00:00,368.2522583007813,20.546063232421872,22.2017822265625,27.316131591796875,41.1349853515625,67.99142303466797,2026-03-11
2026-03-11 15:00:00,195.0,-17.501275634765626,-14.3755859375,-7.4566650390625,7.91047592163086,35.322505187988284,2026-03-11
2026-03-11 16:00:00,375.0,128.15642242431642,135.20882415771484,145.856201171875,164.21038513183595,195.56317749023438,2026-03-11
2026-03-11 17:00:00,452.5,179.95072326660156,195.5922073364258,212.62744140625,236.26223602294922,270.82068939208983,2026-03-11
2026-03-11 18:00:00,59.25,208.5664321899414,226.82840576171876,247.2551727294922,272.2877960205078,306.4505096435547,2026-03-11
2026-03-11 19:00:00,106.5,194.73758697509768,212.5385124206543,232.3726501464844,254.9193023681641,286.14662170410156,2026-03-11
2026-03-11 20:00:00,124.0,77.61188201904297,97.21229248046875,116.4146728515625,136.88365783691407,164.68089904785157,2026-03-11
2026-03-11 21:00:00,121.25,43.16257171630859,65.03526916503907,83.83146667480469,102.67358093261718,128.53376159667968,2026-03-11
2026-03-11 22:00:00,-31.99625015258789,32.61827697753907,56.98159484863282,75.68226623535156,92.53605651855469,116.86927795410156,2026-03-11
2026-03-11 23:00:00,-50.99625015258789,-1.8304412841796847,24.278637695312508,42.92843627929688,58.83352661132813,81.482763671875,2026-03-11
2026-03-12 00:00:00,-49.25,-23.023562622070312,-17.092166137695312,-9.497833251953123,0.5688903808593775,18.629756164550784,2026-03-12
2026-03-12 01:00:00,-51.0,-34.765803527832034,-29.519410705566408,-19.35516357421875,-4.380255126953122,21.353100585937504,2026-03-12
2026-03-12 02:00:00,-50.0,-31.237869262695312,-25.464151000976564,-12.71417236328125,6.5590560913085945,37.25513458251953,2026-03-12
2026-03-12 03:00:00,-50.0,-29.79692535400391,-23.679310607910157,-10.16302490234375,11.5955322265625,45.9718505859375,2026-03-12
2026-03-12 04:00:00,-50.0,-35.7333251953125,-30.84866943359375,-17.195526123046875,5.86158905029297,43.323878479003895,2026-03-12
2026-03-12 05:00:00,-50.0,-36.47855834960937,-33.50954895019531,-20.80990600585937,1.9735641479492223,40.7517074584961,2026-03-12
2026-03-12 06:00:00,-51.0,-41.09134368896485,-39.249028015136716,-28.969482421875,-7.032063293457028,31.818927001953128,2026-03-12
2026-03-12 07:00:00,-51.74625015258789,-32.49300689697266,-32.06740875244141,-24.59716796875,-4.412446594238279,33.69911193847656,2026-03-12
2026-03-12 08:00:00,-50.0,-40.854925537109374,-39.60700378417969,-35.372100830078125,-17.874769592285155,18.65448760986328,2026-03-12
2026-03-12 09:00:00,-50.0,-38.676516723632815,-36.323300170898435,-34.908355712890625,-19.62938232421875,15.507752990722658,2026-03-12
2026-03-12 10:00:00,-50.0,-27.58818664550781,-24.92904357910156,-24.13705444335937,-10.137190246582026,23.972322082519536,2026-03-12
2026-03-12 11:00:00,-50.0,2.4785369873046874,4.536511230468752,6.019134521484375,21.396875,55.26519927978516,2026-03-12
2026-03-12 12:00:00,-50.0,-24.20863647460937,-22.403634643554685,-21.128936767578125,-5.833723449707028,27.369557189941418,2026-03-12
2026-03-12 13:00:00,-50.0,-38.34901428222656,-36.44541625976563,-36.152862548828125,-21.861300659179687,11.849073791503912,2026-03-12
2026-03-12 14:00:00,-50.0,-40.649768066406246,-38.31215209960938,-38.006195068359375,-22.341651916503906,12.27704315185548,2026-03-12
2026-03-12 15:00:00,-50.0,-41.687753295898446,-40.39132690429688,-36.51235961914063,-18.683180236816412,17.360807800292967,2026-03-12
2026-03-12 16:00:00,-50.0,-40.92068328857422,-39.58502349853516,-30.898101806640625,-9.622413635253906,30.395520019531254,2026-03-12
2026-03-12 17:00:00,-50.99625015258789,-26.084912109375,-21.663128662109376,-8.710723876953125,17.96154022216797,60.6893295288086,2026-03-12
2026-03-12 18:00:00,70.0,0.013989257812493605,6.558358764648432,22.89852905273437,52.09532012939452,96.00977935791016,2026-03-12
2026-03-12 19:00:00,106.75,9.930564880371094,17.5291748046875,34.42315673828125,63.07717590332031,106.97073059082031,2026-03-12
2026-03-12 20:00:00,150.0,-17.681790161132813,-8.858860778808594,7.642425537109375,36.195979309082034,78.86875762939454,2026-03-12
2026-03-12 21:00:00,154.63400268554688,0.5342666625976555,10.93985137939453,27.41925048828125,56.5197265625,99.0830078125,2026-03-12
2026-03-12 22:00:00,50.80350112915039,-4.237605285644534,7.916674804687499,25.30865478515625,54.322146606445315,96.11159973144531,2026-03-12
2026-03-12 23:00:00,83.10150146484375,-15.981188964843751,-3.5289169311523434,15.591033935546877,45.42200469970703,87.26656646728517,2026-03-12
2026-03-13 00:00:00,250.24549865722656,-1.8394592285156257,8.811929321289062,17.970703125,28.398150634765628,49.70105590820313,2026-03-13
2026-03-13 01:00:00,280.0,-1.6849960327148459,9.426995849609375,21.609619140625,37.22149658203125,68.15290527343751,2026-03-13
2026-03-13 02:00:00,279.3475036621094,-8.421107482910159,3.03680419921875,17.91143798828125,38.35994567871094,76.99712829589845,2026-03-13
2026-03-13 03:00:00,238.29299926757807,36.3199966430664,47.6485107421875,63.17942810058594,86.83992309570313,130.94861450195313,2026-03-13
2026-03-13 04:00:00,40.0,40.27719573974609,49.23553466796875,63.971282958984375,88.36666870117188,136.17483520507812,2026-03-13
2026-03-13 05:00:00,-50.0,2.5048675537109375,9.608334350585936,23.07550048828125,47.25673370361328,95.93974151611329,2026-03-13
2026-03-13 06:00:00,-50.0,21.643629455566405,27.328398132324217,38.82334899902344,62.53048095703125,111.69229736328126,2026-03-13
2026-03-13 07:00:00,-50.0,26.39772491455078,30.392433166503906,39.32945251464844,61.778805541992185,110.66111755371094,2026-03-13
2026-03-13 08:00:00,34.138999938964844,6.326800537109374,8.33191833496094,15.200408935546877,34.86908111572266,81.76397247314453,2026-03-13
2026-03-13 09:00:00,251.42349243164065,28.036135864257812,28.826272583007814,33.961181640625,50.89051818847656,95.75410308837891,2026-03-13
2026-03-13 10:00:00,-10.558250427246094,87.44192504882812,88.38426208496094,93.15354919433594,108.45391693115235,151.6448715209961,2026-03-13
2026-03-13 11:00:00,95.39350128173828,166.18093872070312,167.20733337402345,172.13339233398438,188.63527755737306,231.02206268310545,2026-03-13
2026-03-13 12:00:00,-49.1150016784668,113.86625061035156,114.77228698730468,118.95262145996094,135.4442169189453,177.3311569213867,2026-03-13
2026-03-13 13:00:00,-50.0,146.57786254882814,147.1030029296875,150.41140747070312,165.87981567382812,207.95822296142578,2026-03-13
2026-03-13 14:00:00,185.0,114.85940246582032,115.25248107910157,118.98846435546876,135.0705276489258,177.44299163818363,2026-03-13
2026-03-13 15:00:00,234.01649475097656,43.69645385742187,45.03760681152344,51.0472412109375,68.8477066040039,112.08377227783203,2026-03-13
2026-03-13 16:00:00,217.0034942626953,166.08548889160156,170.25608520507814,179.61917114257812,200.96938781738282,248.45635833740235,2026-03-13
2026-03-13 17:00:00,432.5,283.38910217285155,292.3171615600586,306.53350830078125,333.25866241455077,383.47928619384766,2026-03-13
2026-03-13 18:00:00,342.25,289.9083786010742,300.0662368774414,317.28741455078125,346.18919372558594,397.33482971191404,2026-03-13
2026-03-13 19:00:00,482.25,285.58850555419923,295.79288482666016,313.06072998046875,341.3356079101562,391.9311828613281,2026-03-13
2026-03-13 20:00:00,450.0,277.4846527099609,288.576725769043,305.51629638671875,333.6201400756836,383.13583221435545,2026-03-13
2026-03-13 21:00:00,457.5,287.0060104370117,299.4016571044922,316.1236267089844,344.5724243164062,393.51728515625,2026-03-13
2026-03-13 22:00:00,500.0,306.4266723632812,319.9573745727539,337.05157470703125,364.8162307739258,412.6663101196289,2026-03-13
2026-03-13 23:00:00,550.0,291.31616973876953,304.0805923461914,321.6147155761719,348.89296264648436,395.59376220703126,2026-03-13
2026-03-14 00:00:00,577.5,568.015087890625,590.0948486328125,602.9697265625,613.5951049804687,627.434814453125,2026-03-14
2026-03-14 01:00:00,500.0,701.4789916992188,730.5707702636719,748.6224365234375,763.5403930664063,781.5247802734375,2026-03-14
2026-03-14 02:00:00,500.0,641.6402587890625,676.1732055664063,698.63232421875,717.6972290039063,739.4749145507812,2026-03-14
2026-03-14 03:00:00,485.0,949.7157852172852,986.6392700195313,1012.17626953125,1034.1399841308594,1059.1196350097657,2026-03-14
2026-03-14 04:00:00,497.5,634.8759536743164,669.68515625,696.457763671875,720.0750854492187,747.9100524902344,2026-03-14
2026-03-14 05:00:00,500.0,517.2543960571289,548.5314453125,575.023681640625,599.6630615234375,629.8803100585938,2026-03-14
2026-03-14 06:00:00,608.3914794921875,576.8400588989258,605.0255584716797,631.2894287109375,658.3992553710938,692.1642944335938,2026-03-14
2026-03-14 07:00:00,487.5,509.5399765014648,534.6168975830078,559.858642578125,589.3825988769531,625.2072082519531,2026-03-14
2026-03-14 08:00:00,437.5,367.3384506225586,388.0507415771484,412.2526550292969,441.4706787109375,478.3547546386719,2026-03-14
2026-03-14 09:00:00,165.0,275.03735504150393,291.10794219970705,313.3222351074219,341.5765716552734,378.23362121582034,2026-03-14
2026-03-14 10:00:00,278.04376220703125,242.3637588500976,256.2008010864257,277.0663452148437,303.4172576904296,339.77138671874997,2026-03-14
2026-03-14 11:00:00,287.5,359.41508331298826,371.44066619873047,390.939208984375,417.8907836914062,454.709716796875,2026-03-14
2026-03-14 12:00:00,302.5,318.6441818237305,329.5914596557617,348.0065002441406,374.76087951660156,411.0348785400391,2026-03-14
2026-03-14 13:00:00,290.0,253.03807525634767,263.48621673583983,280.6736755371094,305.9860778808594,341.31761169433594,2026-03-14
2026-03-14 14:00:00,287.5,296.9684799194336,306.5427963256836,323.5894775390625,348.447265625,382.8514709472656,2026-03-14
2026-03-14 15:00:00,185.0,306.32880859374995,316.95153808593744,335.0336303710937,360.39384918212886,393.9304061889648,2026-03-14
2026-03-14 16:00:00,420.0,352.00975646972654,366.30476531982424,387.3540344238281,413.95240325927733,448.92735443115237,2026-03-14
2026-03-14 17:00:00,339.5,678.6620864868164,698.0325592041015,723.037109375,752.2385040283203,787.6358978271485,2026-03-14
2026-03-14 18:00:00,377.5,671.493489074707,694.1482116699219,722.4571533203125,751.9669189453125,786.1942749023438,2026-03-14
2026-03-14 19:00:00,290.0,548.3309494018555,573.4413955688476,602.4775390625,630.515771484375,662.4135314941407,2026-03-14
2026-03-14 20:00:00,292.5,659.9180557250977,686.751823425293,715.9788208007812,742.9418823242188,772.2453430175781,2026-03-14
2026-03-14 21:00:00,285.0,863.798942565918,892.223843383789,920.8103637695312,946.7131408691406,973.6904235839844,2026-03-14
2026-03-14 22:00:00,290.0,748.6979537963867,778.6099609375,806.7030639648438,830.82802734375,855.5848266601563,2026-03-14
2026-03-14 23:00:00,290.0,563.9284484863281,594.8186462402343,623.4969482421875,647.1906005859375,670.7173767089844,2026-03-14
2026-03-15 00:00:00,292.5,274.536572265625,290.5109436035156,299.0927429199219,306.6547790527344,318.185986328125,2026-03-15
2026-03-15 01:00:00,290.0,260.6357177734375,283.5944458007812,295.9551696777344,306.59404296875,321.48317260742186,2026-03-15
2026-03-15 02:00:00,280.0,270.40873565673826,299.2317138671875,314.9632873535156,328.3115478515625,346.5437438964844,2026-03-15
2026-03-15 03:00:00,282.5,256.2916595458984,289.03843994140624,308.3344421386719,324.01934204101565,345.1891662597656,2026-03-15
2026-03-15 04:00:00,295.0,251.6634521484375,285.42467041015624,307.1653747558594,325.48284301757815,349.4986145019531,2026-03-15
2026-03-15 05:00:00,352.5,234.70006713867187,267.72601318359375,291.048095703125,311.5810852050781,338.2606994628906,2026-03-15
2026-03-15 06:00:00,500.0,237.44005432128907,269.45787658691404,293.9566955566406,317.5462280273438,347.4434387207031,2026-03-15
2026-03-15 07:00:00,395.0,232.03744812011718,261.90808563232423,287.1434020996094,313.50111694335936,344.8203063964844,2026-03-15
2026-03-15 08:00:00,177.5,223.2097381591797,249.4734893798828,274.21392822265625,300.4160217285156,331.5902404785156,2026-03-15
2026-03-15 09:00:00,75.0,242.6184112548828,265.1217544555664,288.26104736328125,313.0194793701172,343.7454498291016,2026-03-15
2026-03-15 10:00:00,261.1467590332031,177.7218048095703,198.51256713867187,221.0081024169922,244.3914581298828,274.67881164550784,2026-03-15
2026-03-15 11:00:00,440.0,195.61361999511715,215.75057983398435,238.17953491210935,262.62892761230466,292.8419281005859,2026-03-15
2026-03-15 12:00:00,285.0,275.03224792480466,295.1462203979492,317.9616394042969,343.2331146240234,373.34189147949223,2026-03-15
2026-03-15 13:00:00,337.5,137.1539794921875,157.60485382080077,180.3823699951172,204.87981872558595,234.59820251464845,2026-03-15
2026-03-15 14:00:00,285.0,149.41432495117184,169.06075744628902,191.74261474609372,215.81650085449215,244.75901184082028,2026-03-15
2026-03-15 15:00:00,404.6694946289063,113.7237762451172,133.78154754638672,156.83465576171875,181.3251922607422,209.33038635253905,2026-03-15
2026-03-15 16:00:00,571.25,218.83422241210937,242.4234130859375,268.1726379394531,293.2072509765625,321.91609497070317,2026-03-15
2026-03-15 17:00:00,392.5,261.72122344970705,291.7940612792969,321.152099609375,347.68849487304686,375.15472412109375,2026-03-15
2026-03-15 18:00:00,365.0,642.5721221923828,673.9271240234375,704.4863891601562,729.3383544921875,754.4836669921875,2026-03-15
2026-03-15 19:00:00,310.0,596.3221115112304,626.8446258544922,655.552490234375,676.4915954589844,696.9123291015625,2026-03-15
2026-03-15 20:00:00,259.8905029296875,512.9142333984375,542.3728942871094,569.15185546875,586.6585815429687,602.865771484375,2026-03-15
2026-03-15 21:00:00,287.5,431.4285995483399,460.1389739990235,485.4265747070313,501.3626953125001,515.3226684570313,2026-03-15
2026-03-15 22:00:00,290.0,339.3861999511719,368.2705841064453,393.067138671875,408.0999694824219,421.07838745117186,2026-03-15
2026-03-15 23:00:00,312.5,332.01352844238284,360.48045349121094,385.2177734375,400.57493286132814,413.377685546875,2026-03-15
2026-03-16 00:00:00,410.0,353.00148315429686,367.75574951171876,376.767822265625,385.361767578125,398.97881469726565,2026-03-16
2026-03-16 01:00:00,300.0,343.34710083007815,363.5242919921875,376.34381103515625,388.9598876953125,408.0087524414063,2026-03-16
2026-03-16 02:00:00,110.0,326.2914215087891,350.85532836914064,367.00628662109375,382.83161010742185,406.90656127929685,2026-03-16
2026-03-16 03:00:00,52.5,240.81638793945314,267.5080932617187,285.45379638671875,303.3105834960937,329.97340087890626,2026-03-16
2026-03-16 04:00:00,150.0,233.1594696044922,259.5027709960937,278.0412902832031,296.6425354003906,325.3541748046875,2026-03-16
2026-03-16 05:00:00,222.5,196.69511871337892,222.89659729003904,242.5275421142578,262.2827850341797,292.03489685058594,2026-03-16
2026-03-16 06:00:00,188.25,195.28538665771484,222.87855224609376,243.2362060546875,264.1365051269531,295.6951171875,2026-03-16
2026-03-16 07:00:00,-50.0,70.43723602294921,97.32256469726563,117.42893981933594,138.91830749511718,171.3780975341797,2026-03-16
2026-03-16 08:00:00,-50.67850112915039,-41.27197875976563,-16.443823242187506,2.82171630859375,23.626257324218745,55.39332885742188,2026-03-16
2026-03-16 09:00:00,-50.0,-55.99341430664063,-33.27873840332032,-14.92218017578125,4.610702514648427,35.453524780273455,2026-03-16
2026-03-16 10:00:00,-50.0,-51.43150939941407,-29.25673370361328,-11.217803955078123,7.494369506835939,38.42060852050781,2026-03-16
2026-03-16 11:00:00,-50.0,-14.343273925781254,7.578764343261717,25.5369873046875,44.73011169433594,75.71662902832033,2026-03-16
2026-03-16 12:00:00,-50.0,-39.726208496093754,-17.89537353515625,-0.54248046875,18.293685913085938,49.49849548339845,2026-03-16
2026-03-16 13:00:00,-50.0,-51.67060852050781,-30.609407043457033,-14.2474365234375,3.637603759765632,34.380126953125,2026-03-16
2026-03-16 14:00:00,-50.0,-43.28474426269531,-23.710179138183594,-7.91552734375,9.58332824707032,40.3525390625,2026-03-16
2026-03-16 15:00:00,-50.0,-53.36934204101563,-34.67637481689453,-18.9149169921875,-0.9843627929687564,30.420672607421878,2026-03-16
2026-03-16 16:00:00,-50.0,-55.10755004882813,-34.09309692382813,-16.131988525390625,4.348541259765625,39.722082519531256,2026-03-16
2026-03-16 17:00:00,6.25,-26.83587341308594,1.0954650878906165,23.82879638671875,48.5532470703125,87.7916015625,2026-03-16
2026-03-16 18:00:00,82.5,168.55573272705078,194.90853881835938,218.1742706298828,243.5427215576172,284.21568908691404,2026-03-16
2026-03-16 19:00:00,126.25,161.13856353759766,185.25723266601562,206.8099365234375,230.39134521484374,269.24110717773436,2026-03-16
2026-03-16 20:00:00,-15.75,107.75957489013672,131.30496520996093,152.4019317626953,175.64708557128907,214.6935821533203,2026-03-16
2026-03-16 21:00:00,-31.5,87.7880889892578,111.65154724121093,132.1121368408203,155.32123718261718,194.46316223144532,2026-03-16
2026-03-16 22:00:00,-49.5,85.96349487304687,109.4011474609375,129.44834899902344,151.8547576904297,190.7461151123047,2026-03-16
2026-03-16 23:00:00,-52.25,76.55338745117187,99.44755249023437,119.57980346679688,142.85138549804688,181.72625122070312,2026-03-16
2026-03-17 00:00:00,-14.49625015258789,26.51474304199219,28.810281372070314,31.160552978515625,36.840875244140626,52.00255432128907,2026-03-17
2026-03-17 01:00:00,94.5,66.46857604980468,69.00000915527343,71.80677795410156,79.99486083984375,100.76628265380859,2026-03-17
2026-03-17 02:00:00,196.5,232.1169189453125,235.14840087890624,238.6829071044922,249.2769805908203,274.91501770019534,2026-03-17
2026-03-17 03:00:00,198.6719970703125,242.36204528808594,245.4484893798828,248.53887939453125,260.3889907836914,289.3399139404297,2026-03-17
2026-03-17 04:00:00,240.46925354003903,167.9254364013672,170.1611083984375,172.73826599121094,184.1865036010742,215.8114501953125,2026-03-17
2026-03-17 05:00:00,282.5,200.32080688476563,202.02169494628907,204.362548828125,215.20567474365234,247.01809997558593,2026-03-17
2026-03-17 06:00:00,455.0,245.81576843261718,247.01216735839844,248.50857543945312,258.4451904296875,288.6940521240234,2026-03-17
2026-03-17 07:00:00,612.9307250976562,47.36161499023437,48.17136840820312,48.71385192871094,57.105474853515624,86.808984375,2026-03-17
2026-03-17 08:00:00,445.0050048828125,-5.298492431640625,-5.150942993164063,-5.13409423828125,1.901864624023438,30.844012451171878,2026-03-17
2026-03-17 09:00:00,285.0,-20.902877807617188,-20.793203735351565,-20.567138671875,-14.535760498046875,14.034619140625004,2026-03-17
2026-03-17 10:00:00,380.01025390625,-19.221292114257814,-19.013482666015626,-18.840484619140625,-12.843505859375,15.137471008300786,2026-03-17
2026-03-17 11:00:00,483.2309875488281,-12.654473876953125,-12.083737182617188,-11.6297607421875,-4.36549072265625,24.195971679687503,2026-03-17
2026-03-17 12:00:00,115.25,-38.609521484375,-37.84550170898437,-36.92333984375,-28.960452270507812,0.611572265625,2026-03-17
2026-03-17 13:00:00,-49.50149917602539,-26.681863403320314,-25.590713500976562,-24.442840576171875,-16.083132934570312,15.053524780273442,2026-03-17
2026-03-17 14:00:00,-50.0,-10.953536987304688,-10.307513427734374,-9.17327880859375,-0.16405639648437464,32.03704833984375,2026-03-17
2026-03-17 15:00:00,-50.0,-37.292919921875,-37.2672607421875,-35.717132568359375,-25.90146484375,8.615899658203126,2026-03-17
2026-03-17 16:00:00,-50.0,-18.76681823730469,-18.198638916015625,-15.300994873046877,-3.201455688476564,35.297393798828125,2026-03-17
2026-03-17 17:00:00,-54.75,-15.383441162109374,-13.248330688476564,-7.730865478515625,8.767283630371093,50.31513061523438,2026-03-17
2026-03-17 18:00:00,239.0,-2.3873291015625,0.7911743164062495,8.732574462890625,27.5855224609375,71.79772338867187,2026-03-17
2026-03-17 19:00:00,252.5,28.633096313476564,31.640704345703124,39.676300048828125,58.982713317871095,105.54030761718751,2026-03-17
2026-03-17 20:00:00,199.0,3.5456787109375014,6.060736083984376,13.212615966796877,33.21296844482422,81.6660888671875,2026-03-17
2026-03-17 21:00:00,164.0,17.409805297851562,19.19843444824219,25.81866455078125,47.26359100341797,97.72090759277343,2026-03-17
2026-03-17 22:00:00,121.5,24.214263916015625,26.26575927734375,32.858428955078125,54.99556427001953,106.47794189453126,2026-03-17
2026-03-17 23:00:00,211.0570068359375,55.41907958984375,57.9866943359375,65.46929931640625,87.97091674804688,141.12645568847657,2026-03-17
2026-03-18 00:00:00,335.0,196.95166625976563,212.11059875488283,223.48614501953125,234.57654418945313,251.07266235351565,2026-03-18
2026-03-18 01:00:00,297.5,246.3319610595703,263.94640197753904,279.368896484375,295.9501922607422,319.8471221923828,2026-03-18
2026-03-18 02:00:00,295.0,239.34951171875,259.4840850830078,278.96368408203125,300.7770294189453,330.77760925292966,2026-03-18
2026-03-18 03:00:00,282.5,259.44134216308595,280.1891235351562,301.5306701660156,326.7105377197266,361.0356903076172,2026-03-18
2026-03-18 04:00:00,242.5,270.58994750976564,288.51891937255857,309.9779357910156,336.6744903564453,374.8041595458984,2026-03-18
2026-03-18 05:00:00,247.7010040283203,241.2036560058594,255.48840789794923,276.1015930175781,303.53540954589846,344.3748809814453,2026-03-18
2026-03-18 06:00:00,168.88299560546875,234.0477752685547,245.21510314941406,264.1887512207031,292.886767578125,336.5249389648437,2026-03-18
2026-03-18 07:00:00,-47.81949996948242,206.6015197753906,214.78400573730468,231.6547088623047,261.22926330566406,306.1733856201172,2026-03-18
2026-03-18 08:00:00,-49.837249755859375,3.0504226684570312,8.12779083251953,23.4586181640625,52.035255432128906,97.66448516845703,2026-03-18
2026-03-18 09:00:00,-50.0,-30.984712219238283,-28.12137298583984,-14.200592041015623,13.419587707519534,58.779136657714844,2026-03-18
2026-03-18 10:00:00,-50.0,-16.374995422363284,-14.278498840332032,-0.9207763671875,25.634034729003908,71.33329010009767,2026-03-18
2026-03-18 11:00:00,-50.0,-28.98022155761719,-27.496755981445315,-14.987274169921877,12.977450561523439,58.91689453125001,2026-03-18
2026-03-18 12:00:00,-50.0,-51.462832641601565,-50.818536376953126,-39.797943115234375,-12.376733398437498,33.149212646484386,2026-03-18
2026-03-18 13:00:00,-50.0,-45.634326171875,-45.16427001953125,-35.977203369140625,-10.704525756835935,34.14052124023438,2026-03-18
2026-03-18 14:00:00,-50.0,-40.75041198730469,-40.51319580078125,-31.34799194335937,-6.856393432617185,36.78159179687499,2026-03-18
2026-03-18 15:00:00,-50.0,-38.545901489257815,-36.955264282226565,-26.31829833984375,-1.7063796997070284,41.051727294921875,2026-03-18
2026-03-18 16:00:00,-11.0,27.136686706542967,31.592774963378908,44.886627197265625,71.05892486572266,115.50168914794922,2026-03-18
2026-03-18 17:00:00,266.0,184.2445846557617,192.1347915649414,209.05300903320312,238.7262191772461,283.8149887084961,2026-03-18
2026-03-18 18:00:00,231.0,318.7686767578125,329.03070068359375,348.95428466796875,380.0591522216797,425.0773895263672,2026-03-18
2026-03-18 19:00:00,193.75,319.1557800292968,330.5786972045898,350.5267944335937,380.5023834228515,424.4669708251953,2026-03-18
2026-03-18 20:00:00,208.6267547607422,229.81525115966798,242.4874496459961,261.8033447265625,290.7529495239258,332.73534088134767,2026-03-18
2026-03-18 21:00:00,217.0554962158203,229.9719451904297,243.5439208984375,262.2901611328125,291.21994934082034,332.2242034912109,2026-03-18
2026-03-18 22:00:00,221.0,230.32418823242188,245.05809326171874,264.1279296875,292.87085876464846,333.29624938964844,2026-03-18
2026-03-18 23:00:00,134.25,176.15276184082032,191.09970397949218,211.06964111328125,240.3831024169922,280.678744506836,2026-03-18
2026-03-19 00:00:00,270.6885070800781,241.42631225585933,252.4095825195312,260.4823608398437,268.6816162109374,281.6315765380859,2026-03-19
2026-03-19 01:00:00,280.0,265.45674591064454,278.25237731933595,289.8177490234375,303.16143493652345,323.6877746582031,2026-03-19
2026-03-19 02:00:00,282.5,249.56211242675775,264.0259826660156,279.3656616210937,297.54410400390617,324.28161315917964,2026-03-19
2026-03-19 03:00:00,285.0,227.77643127441405,243.19261474609374,260.61151123046875,282.23706970214846,314.11119079589844,2026-03-19
2026-03-19 04:00:00,203.69200134277344,203.08470001220704,217.05845947265624,235.35787963867188,259.32909698486327,295.9104568481445,2026-03-19
2026-03-19 05:00:00,119.0,174.61315460205077,185.84829864501953,203.8021697998047,229.33486480712892,269.3083236694336,2026-03-19
2026-03-19 06:00:00,-1.8227499723434448,220.29844970703124,228.47330322265626,244.4529266357422,270.9044464111328,313.4957977294922,2026-03-19
2026-03-19 07:00:00,209.04299926757807,222.4881271362305,227.2827865600586,240.46702575683597,266.83921356201176,310.15987396240234,2026-03-19
2026-03-19 08:00:00,75.33625030517578,149.99161376953126,151.66263732910156,162.63926696777344,187.17840881347655,230.28782348632814,2026-03-19
2026-03-19 09:00:00,-50.0,6.4484100341796875,6.7795257568359375,15.88397216796875,38.82084503173829,81.15958862304687,2026-03-19
2026-03-19 10:00:00,-50.0,49.18434143066407,50.22637329101563,57.91671752929688,79.57557220458986,121.65652770996095,2026-03-19
2026-03-19 11:00:00,-50.0,109.51868591308593,110.62864685058594,117.77955627441406,141.00956115722656,183.21426391601562,2026-03-19
2026-03-19 12:00:00,-50.0,68.59586181640626,69.84104614257812,76.10678100585938,99.26413269042969,141.53907470703126,2026-03-19
2026-03-19 13:00:00,-50.0,21.737066650390624,22.94524230957031,27.85015869140625,49.43217010498047,91.47849121093749,2026-03-19
2026-03-19 14:00:00,-50.0,-27.170724487304685,-25.892572021484373,-20.75204467773437,0.8087799072265689,42.45493469238282,2026-03-19
2026-03-19 15:00:00,-50.0,-31.742373657226565,-31.163064575195314,-22.79534912109375,-0.3838226318359368,41.04058837890625,2026-03-19
2026-03-19 16:00:00,-47.13874816894531,56.321319580078125,61.07582397460938,72.97373962402344,97.39375915527344,141.00860290527345,2026-03-19
2026-03-19 17:00:00,460.552001953125,322.82545776367186,334.07098999023435,350.9928283691406,379.48870849609375,424.1661376953125,2026-03-19
2026-03-19 18:00:00,329.9880065917969,468.91742248535155,483.21778869628906,503.423095703125,532.9016082763671,576.5536285400391,2026-03-19
2026-03-19 19:00:00,333.2720031738281,596.8239807128906,611.8521713256836,631.34521484375,658.3201141357422,699.3660614013672,2026-03-19
2026-03-19 20:00:00,500.0,575.3715118408203,591.2792068481446,609.483642578125,633.9700622558594,671.5697326660156,2026-03-19
2026-03-19 21:00:00,500.0,630.2014404296875,647.0576446533203,664.3510131835938,687.8273223876953,723.7094757080079,2026-03-19
2026-03-19 22:00:00,430.0,594.1545043945313,611.9431427001953,628.9417724609375,651.263818359375,685.8758666992187,2026-03-19
2026-03-19 23:00:00,447.5,566.0117065429688,583.6643585205078,600.8538818359375,623.5863861083984,658.0575408935547,2026-03-19
2026-03-20 00:00:00,420.0,330.71425170898436,349.0724792480469,358.656005859375,366.5600280761719,376.86859741210935,2026-03-20
2026-03-20 01:00:00,442.5,302.47589111328125,328.2594421386719,341.32305908203125,351.8667297363281,364.7755920410156,2026-03-20
2026-03-20 02:00:00,475.0,282.37718505859374,313.735693359375,330.2363586425781,343.5857360839844,360.56410522460936,2026-03-20
2026-03-20 03:00:00,305.0,257.4421905517578,291.6994995117187,311.4384460449219,327.5010986328125,348.3812255859375,2026-03-20
2026-03-20 04:00:00,352.5,219.2763732910156,252.60877685546873,274.46405029296875,293.7352661132812,318.73408203125,2026-03-20
2026-03-20 05:00:00,205.0,214.13699798583986,244.61024475097656,267.94366455078125,290.39988403320314,320.0143798828125,2026-03-20
2026-03-20 06:00:00,117.5,200.96565246582034,228.40788269042972,252.41966247558597,278.6179412841797,313.2783111572266,2026-03-20
2026-03-20 07:00:00,87.5,192.5751220703125,216.60849609375,240.33029174804688,269.8971832275391,307.2358062744141,2026-03-20
2026-03-20 08:00:00,-50.0,131.60072631835936,151.26803588867188,173.95220947265625,203.37063293457032,242.35621643066406,2026-03-20
2026-03-20 09:00:00,102.5,61.48622436523436,77.23348388671873,98.5021514892578,127.21796264648435,166.7671936035156,2026-03-20
2026-03-20 10:00:00,-50.0,134.26385498046875,148.54889831542968,169.27105712890625,196.87136535644532,236.97557067871094,2026-03-20
2026-03-20 11:00:00,-50.0,206.3401229858398,219.46999359130857,239.42042541503903,268.45643463134763,308.85021209716797,2026-03-20
2026-03-20 12:00:00,-50.0,116.948046875,129.0666473388672,147.88609313964844,176.56734924316407,216.53199768066406,2026-03-20
2026-03-20 13:00:00,-50.0,-33.033929443359376,-21.227450561523437,-4.21771240234375,21.899868774414063,60.30427551269531,2026-03-20
2026-03-20 14:00:00,-50.0,-57.47756500244141,-46.45686798095703,-30.0213623046875,-5.407011413574217,31.521284484863294,2026-03-20
2026-03-20 15:00:00,-50.0,-62.50765686035156,-50.543267822265626,-33.4464111328125,-8.934436035156253,26.429336547851562,2026-03-20
2026-03-20 16:00:00,-50.0,-70.06123962402344,-54.301110839843744,-34.30828857421875,-8.912942504882803,27.771926879882812,2026-03-20
2026-03-20 17:00:00,-15.494500160217283,-66.51725158691406,-44.5121124267578,-20.209930419921875,7.840209960937514,44.29813232421877,2026-03-20
2026-03-20 18:00:00,127.5,94.38601684570312,117.83456115722656,144.52674865722656,172.58114929199218,207.88766174316407,2026-03-20
2026-03-20 19:00:00,228.5,128.78717956542968,153.03623046875,179.32008361816406,205.09737548828124,237.71103515625,2026-03-20
2026-03-20 20:00:00,61.5,15.599703979492183,40.46811218261719,65.82432556152344,89.2983367919922,118.53766784667968,2026-03-20
2026-03-20 21:00:00,168.5,-5.150538635253909,20.352484130859374,44.48042297363281,66.20557556152343,92.97779846191406,2026-03-20
2026-03-20 22:00:00,128.5,-22.655737304687506,3.8125793457031243,27.257965087890625,46.828222656250006,72.00938110351564,2026-03-20
2026-03-20 23:00:00,131.0,-39.7293197631836,-12.236599731445315,10.888092041015623,29.57449951171875,53.32551879882813,2026-03-20
2026-03-21 00:00:00,139.5,-45.216539001464845,-34.23341674804687,-26.557830810546875,-18.587057495117193,-5.00405578613281,2026-03-21
2026-03-21 01:00:00,78.5,-56.854528808593756,-43.31107788085938,-32.67669677734375,-20.74614257812501,-1.3625549316406236,2026-03-21
2026-03-21 02:00:00,-11.026249885559082,-67.21096954345704,-51.762792968750006,-38.05245971679688,-22.581109619140634,1.3355773925781307,2026-03-21
2026-03-21 03:00:00,-50.0,-72.11719055175782,-55.81290893554687,-40.1805419921875,-22.216778564453126,5.659863281250004,2026-03-21
2026-03-21 04:00:00,-44.0,-72.7159912109375,-57.87441711425781,-41.70782470703125,-22.144412231445312,9.579241943359392,2026-03-21
2026-03-21 05:00:00,-49.5,-66.84964752197266,-55.05957794189453,-39.62176513671875,-18.99845428466797,15.6943344116211,2026-03-21
2026-03-21 06:00:00,-45.5,-60.57023620605469,-52.013613891601565,-38.1744384765625,-16.294903564453122,20.99823608398438,2026-03-21
2026-03-21 07:00:00,-40.12125015258789,-52.10484313964844,-46.87503356933594,-35.293212890625,-12.651916503906246,25.81763305664063,2026-03-21
2026-03-21 08:00:00,-50.0,-48.826974487304696,-46.99170532226563,-38.07394409179688,-17.32746887207032,20.913543701171868,2026-03-21
2026-03-21 09:00:00,-50.0,-52.1705810546875,-51.47320556640625,-45.48309326171875,-27.0309814453125,10.239877319335939,2026-03-21
2026-03-21 10:00:00,-50.0,-20.006704711914065,-18.297119140625,-14.558441162109377,2.0111755371093754,38.49862976074219,2026-03-21
2026-03-21 11:00:00,-50.0,-28.407345581054688,-26.76549377441406,-23.521392822265625,-5.97105255126953,30.258593750000003,2026-03-21
2026-03-21 12:00:00,-50.0,-52.69610595703125,-51.20920104980469,-48.37445068359375,-31.126736450195313,4.77981872558594,2026-03-21
2026-03-21 13:00:00,-50.0,-49.12663879394531,-48.02763061523437,-45.51715087890625,-29.546075439453126,6.212207031250003,2026-03-21
2026-03-21 14:00:00,-50.0,-50.24470825195313,-49.17332763671875,-46.147308349609375,-29.62393341064453,6.324459838867192,2026-03-21
2026-03-21 15:00:00,-50.0,-50.452044677734385,-50.15404052734376,-44.04660034179688,-26.01209564208985,10.61558532714843,2026-03-21
2026-03-21 16:00:00,-49.0,-53.59517822265626,-49.768905639648445,-40.16452026367188,-19.52948303222657,20.19335021972656,2026-03-21
2026-03-21 17:00:00,-14.5,-56.33387603759766,-44.578460693359375,-29.264068603515625,-3.9283828735351634,38.00371551513673,2026-03-21
2026-03-21 18:00:00,95.0,-26.48249206542969,-11.570532226562502,7.00604248046875,33.443109130859376,74.44531860351563,2026-03-21
2026-03-21 19:00:00,-48.5,-2.657302856445316,12.839559936523433,30.82162475585937,54.881964111328124,93.19686889648438,2026-03-21
2026-03-21 20:00:00,64.0,-16.356643676757812,0.38031616210937,17.27618408203125,38.76441955566406,73.5057159423828,2026-03-21
2026-03-21 21:00:00,18.87874984741211,-13.635595703124999,3.9718261718749996,19.8072509765625,39.65355224609375,72.60887451171877,2026-03-21
2026-03-21 22:00:00,-48.24250030517578,-46.92841491699218,-28.217709350585928,-13.12701416015625,4.791961669921882,35.99343872070313,2026-03-21
2026-03-21 23:00:00,81.6624984741211,-63.46221008300781,-44.30674133300781,-29.17822265625,-11.429461669921867,19.227923583984392,2026-03-21
2026-03-22 00:00:00,260.0,92.42461547851562,101.0111083984375,108.85507202148438,117.75936279296874,133.37347106933595,2026-03-22
2026-03-22 01:00:00,234.96749877929688,136.6492721557617,144.96215057373047,154.86520385742188,167.67242279052735,189.72591094970704,2026-03-22
2026-03-22 02:00:00,162.1219940185547,130.5894805908203,138.43427124023438,150.1775360107422,166.48968200683595,193.58599243164062,2026-03-22
2026-03-22 03:00:00,235.2140045166016,213.4165283203125,220.67506408691406,233.0953369140625,251.58223571777344,282.5094268798828,2026-03-22
2026-03-22 04:00:00,244.36700439453125,238.1303726196289,244.08360748291017,256.4773254394531,276.5852340698242,311.1276565551758,2026-03-22
2026-03-22 05:00:00,275.0,263.10780639648436,267.281396484375,279.0892028808594,299.9163787841797,337.0017913818359,2026-03-22
2026-03-22 06:00:00,280.0,278.26845703125,281.12071228027344,291.0643310546875,312.1771942138672,351.1929229736328,2026-03-22
2026-03-22 07:00:00,272.5,243.61417236328126,244.81766662597656,252.6273956298828,273.3502883911133,312.8109588623047,2026-03-22
2026-03-22 08:00:00,247.5,164.68650512695314,165.53019104003906,170.67340087890625,189.29482421875,228.0628234863281,2026-03-22
2026-03-22 09:00:00,145.0,-14.238711547851562,-12.213659667968749,-9.602081298828123,6.971261596679691,44.92304992675781,2026-03-22
2026-03-22 10:00:00,62.5,-0.848764038085938,1.1267913818359374,3.391021728515625,18.311590576171874,55.02753601074219,2026-03-22
2026-03-22 11:00:00,112.5,122.54136962890625,124.08500061035156,126.57630920410156,142.3344696044922,178.3044403076172,2026-03-22
2026-03-22 12:00:00,237.5,160.2458709716797,161.65562438964844,163.84356689453125,179.40509338378905,214.917236328125,2026-03-22
2026-03-22 13:00:00,237.5,89.9769073486328,91.46877746582031,92.65194702148438,107.13708801269532,142.71395874023438,2026-03-22
2026-03-22 14:00:00,262.5,3.5340515136718746,4.9235595703125,6.741668701171875,22.063885498046876,58.28828735351563,2026-03-22
2026-03-22 15:00:00,265.0,65.71484985351563,66.1583740234375,71.05259704589844,88.10058288574218,125.57691040039063,2026-03-22
2026-03-22 16:00:00,477.5,288.0103240966797,290.6346710205078,299.45721435546875,319.90553131103513,361.43079833984376,2026-03-22
2026-03-22 17:00:00,887.25,487.92159423828133,496.07976379394535,510.2164916992188,536.4047485351563,580.7419006347657,2026-03-22
2026-03-22 18:00:00,497.5,921.2242889404297,932.0811309814453,950.1886596679688,979.0966247558594,1024.7805938720703,2026-03-22
2026-03-22 19:00:00,477.5,510.7957107543945,522.6221908569336,540.9444580078125,569.0372970581054,614.0177474975586,2026-03-22
2026-03-22 20:00:00,365.0,473.971566772461,487.1336029052735,505.0359497070313,532.1375915527344,575.3997924804688,2026-03-22
2026-03-22 21:00:00,576.75,573.9940063476563,588.599006652832,606.0789794921875,632.6918975830079,674.8545806884765,2026-03-22
2026-03-22 22:00:00,472.5,644.827490234375,661.0066787719727,678.77978515625,704.4904937744141,745.4847747802735,2026-03-22
2026-03-22 23:00:00,455.0,461.8674285888672,478.4007827758789,497.0286865234375,522.9877227783203,563.1961517333984,2026-03-22
2026-03-23 00:00:00,397.5,349.65794067382814,368.98887329101564,379.9454040527344,389.5764465332031,402.8047302246094,2026-03-23
2026-03-23 01:00:00,322.5,303.9644470214844,331.1326965332031,346.0718994140625,358.9640747070312,375.6366821289062,2026-03-23
2026-03-23 02:00:00,397.5,276.0170837402344,308.82236328125,327.2373352050781,342.94785766601564,363.65106811523435,2026-03-23
2026-03-23 03:00:00,295.0,264.4491241455078,300.180517578125,321.8902282714844,340.5513000488281,365.3456970214844,2026-03-23
2026-03-23 04:00:00,200.0,235.78437347412108,270.77373046875,294.6630859375,316.67894287109374,345.5044677734375,2026-03-23
2026-03-23 05:00:00,42.5,206.7072021484375,239.1679229736328,264.5655517578125,289.68077392578124,322.7447875976562,2026-03-23
2026-03-23 06:00:00,128.00924682617188,211.2647247314453,240.89927368164064,266.9399108886719,295.6972595214844,333.49895629882815,2026-03-23
2026-03-23 07:00:00,124.67575073242188,156.56589355468753,182.8176452636719,208.3355407714844,239.87150268554691,279.8659362792969,2026-03-23
2026-03-23 08:00:00,-50.0,-11.439376831054688,10.371345520019531,34.534759521484375,65.42149353027344,106.37913513183594,2026-03-23
2026-03-23 09:00:00,-50.0,-56.215936279296876,-38.311700439453126,-15.950347900390623,13.731222534179691,55.02855529785157,2026-03-23
2026-03-23 10:00:00,-50.0,-40.360119628906254,-23.776000976562504,-1.80224609375,26.733560180664064,68.4490692138672,2026-03-23
2026-03-23 11:00:00,-50.0,0.446929931640625,16.230026245117188,38.0875244140625,68.63496398925781,110.77740783691407,2026-03-23
2026-03-23 12:00:00,-50.0,-53.77445678710938,-38.747283935546875,-17.726043701171875,13.057461547851563,55.257388305664065,2026-03-23
2026-03-23 13:00:00,-50.0,-60.01707000732422,-45.1221908569336,-25.50958251953125,3.4250289916992216,45.0226303100586,2026-03-23
2026-03-23 14:00:00,-50.0,-61.05318756103516,-47.05238494873048,-27.782623291015625,0.2983352661132841,41.42384490966798,2026-03-23
2026-03-23 15:00:00,-50.0,-67.91653442382812,-52.99751586914063,-32.60650634765625,-3.7729980468749993,36.677127075195315,2026-03-23
2026-03-23 16:00:00,-50.0,-53.84246826171875,-35.65885620117188,-12.414642333984377,17.462652587890616,59.65388793945314,2026-03-23
2026-03-23 17:00:00,-9.0,74.0657745361328,98.44637756347657,125.8658447265625,158.51675415039065,200.94003295898438,2026-03-23
2026-03-23 18:00:00,-18.25,182.29177551269532,207.37283630371093,236.83761596679688,269.38262939453125,310.89769287109374,2026-03-23
2026-03-23 19:00:00,73.75,207.26532592773438,232.21884765625,260.677978515625,290.2346435546875,328.3745361328125,2026-03-23
2026-03-23 20:00:00,-19.25,196.46766052246093,221.5490921020508,248.48883056640625,275.18535766601565,309.07741088867186,2026-03-23
2026-03-23 21:00:00,68.92424774169922,166.32430419921877,191.77786865234378,217.27903747558597,241.78747863769536,272.7482025146485,2026-03-23
2026-03-23 22:00:00,78.32424926757812,163.51229553222657,189.76852722167968,214.4055938720703,236.15172424316407,265.3248321533203,2026-03-23
2026-03-23 23:00:00,148.26425170898438,133.82608947753909,161.0952301025391,185.34349060058597,205.93074035644534,233.30019836425785,2026-03-23
2026-03-24 00:00:00,225.8267517089844,203.67267761230468,215.1510223388672,223.10467529296875,231.41368408203124,246.73707885742186,2026-03-24
2026-03-24 01:00:00,230.0,171.48054199218745,185.15751647949216,195.66009521484372,207.33307800292965,228.0870635986328,2026-03-24
2026-03-24 02:00:00,187.5,106.07679443359376,121.38417053222656,134.5150909423828,149.17222900390627,174.3531494140625,2026-03-24
2026-03-24 03:00:00,148.60850524902344,67.21729125976563,83.30586547851563,98.26686096191406,115.32062683105468,144.25832824707032,2026-03-24
2026-03-24 04:00:00,87.5,-24.532644653320315,-9.49757537841797,6.29962158203125,25.313397216796876,58.41868896484375,2026-03-24
2026-03-24 05:00:00,-50.0,-57.615629577636724,-45.139714050292966,-29.510528564453125,-8.915760803222653,27.762486267089855,2026-03-24
2026-03-24 06:00:00,-48.5,-47.56504364013672,-38.13321075439453,-23.72467041015625,-1.6582504272460916,37.99394683837891,2026-03-24
2026-03-24 07:00:00,-41.9739990234375,-39.02619934082031,-33.003106689453126,-20.72674560546875,2.2808654785156257,43.13409423828125,2026-03-24
2026-03-24 08:00:00,-50.0,-50.283599853515625,-47.53634338378906,-37.75128173828125,-16.513156127929683,24.318353271484376,2026-03-24
2026-03-24 09:00:00,-50.0,-47.40716552734375,-47.10390014648438,-39.6072998046875,-20.579983520507813,19.406909179687503,2026-03-24
2026-03-24 10:00:00,-50.0,-27.82298583984375,-27.460446166992188,-21.46197509765625,-4.68448791503906,33.87174682617188,2026-03-24
2026-03-24 11:00:00,-50.0,-16.4546142578125,-16.181787109375,-10.823333740234377,6.116990661621093,43.75767822265625,2026-03-24
2026-03-24 12:00:00,-50.0,-50.17890930175781,-50.02113647460938,-45.400970458984375,-29.19602355957031,7.593231201171875,2026-03-24
2026-03-24 13:00:00,-50.0,-40.59650573730469,-40.56487121582031,-36.81103515625,-21.8732666015625,14.57035522460938,2026-03-24
2026-03-24 14:00:00,-50.0,-35.10103149414063,-35.0071533203125,-30.910369873046875,-15.8302490234375,20.509201049804688,2026-03-24
2026-03-24 15:00:00,-50.0,-35.29949951171875,-34.179254150390626,-28.40557861328125,-12.147546386718748,24.988928222656256,2026-03-24
2026-03-24 16:00:00,-50.0,-38.04977111816406,-34.23649597167969,-25.387725830078125,-6.199099731445312,34.451226806640626,2026-03-24
2026-03-24 17:00:00,-51.25,-42.90326690673828,-34.02615814208984,-20.478759765625,3.6330917358398445,47.134312438964855,2026-03-24
2026-03-24 18:00:00,7.5,159.67670593261718,170.13563842773436,186.48434448242188,212.71844482421875,257.015087890625,2026-03-24
2026-03-24 19:00:00,162.0,226.83448486328126,237.97265625,254.20925903320312,279.4531982421875,322.6859100341797,2026-03-24
2026-03-24 20:00:00,215.0,214.6586181640625,227.2927230834961,243.1812744140625,267.1001220703125,308.3429718017578,2026-03-24
2026-03-24 21:00:00,242.5,213.37869873046876,227.7096420288086,243.35809326171875,266.2494262695312,306.1767761230469,2026-03-24
2026-03-24 22:00:00,292.5,210.711328125,226.92614288330077,242.62625122070312,264.05486450195315,302.5174499511719,2026-03-24
2026-03-24 23:00:00,347.5,226.0872009277344,243.05297088623047,258.8838195800781,280.07543029785154,317.6037994384766,2026-03-24
2026-03-25 00:00:00,500.0,252.3982421875,268.7402404785156,278.9827575683594,288.52581176757815,302.91835327148436,2026-03-25
2026-03-25 01:00:00,405.0,218.8691192626953,240.3978271484375,254.18328857421875,267.3522583007813,286.43968505859374,2026-03-25
2026-03-25 02:00:00,297.5,216.6075653076172,241.4732666015625,258.3992614746094,274.61619873046874,298.16245727539064,2026-03-25
2026-03-25 03:00:00,450.0,203.97266845703126,230.04366760253907,249.3967437744141,268.57761535644534,296.5877349853516,2026-03-25
2026-03-25 04:00:00,230.0,201.3785400390625,225.17259521484377,245.6548614501953,267.64353332519534,300.0906890869141,2026-03-25
2026-03-25 05:00:00,157.5,217.74330139160156,237.63005828857422,258.27667236328125,282.64024963378904,319.2888153076172,2026-03-25
2026-03-25 06:00:00,107.5,229.83531494140618,246.23294219970697,266.3427124023437,293.72380065917963,335.0773773193359,2026-03-25
2026-03-25 07:00:00,55.76475143432617,219.68339996337892,232.6074234008789,251.49490356445312,281.1911911010742,324.8367721557617,2026-03-25
2026-03-25 08:00:00,-44.95375061035156,25.69976806640625,34.832479858398436,51.61578369140625,80.05733032226563,124.27709350585938,2026-03-25
2026-03-25 09:00:00,-50.0,-36.12320251464844,-30.084088134765626,-15.59002685546875,10.73671569824219,54.766842651367185,2026-03-25
2026-03-25 10:00:00,-50.0,-18.429733276367188,-13.433093261718751,-0.0089111328125,24.4406982421875,68.23268432617188,2026-03-25
2026-03-25 11:00:00,-50.0,20.720291137695312,25.282748413085937,38.067138671875,63.50624084472656,107.1182342529297,2026-03-25
2026-03-25 12:00:00,-50.0,35.29429626464844,39.39875793457031,51.06645202636719,76.36441955566406,120.10609436035156,2026-03-25
2026-03-25 13:00:00,-50.0,-7.16253662109375,-3.0319854736328136,7.278350830078125,31.269909667968747,74.98989562988281,2026-03-25
2026-03-25 14:00:00,-50.0,10.117269897460936,14.045480346679687,24.39129638671875,48.277801513671875,91.85960083007812,2026-03-25
2026-03-25 15:00:00,-50.0,88.72526855468752,94.00068664550783,105.92425537109376,130.73233642578126,174.31833496093753,2026-03-25
2026-03-25 16:00:00,-5.0,188.67788085937502,196.89064941406252,211.5074157714844,237.84989624023441,283.5342681884766,2026-03-25
2026-03-25 17:00:00,348.25,308.4480285644531,322.07745666503905,341.0182800292969,370.7787719726562,417.3952270507813,2026-03-25
2026-03-25 18:00:00,271.0,455.2279541015625,471.7075592041016,493.77825927734375,524.6239929199219,570.739794921875,2026-03-25
2026-03-25 19:00:00,311.6090087890625,331.21376342773436,348.7449203491211,370.590576171875,399.31134643554685,442.8234558105469,2026-03-25
2026-03-25 20:00:00,412.5,329.68127746582036,348.508757019043,369.2418823242188,395.3867309570313,434.67456054687506,2026-03-25
2026-03-25 21:00:00,407.5,346.28452453613284,366.1493591308594,385.3609008789063,409.0638275146485,445.0742340087891,2026-03-25
2026-03-25 22:00:00,480.0,347.9514190673828,369.23338470458987,387.34228515625,407.8406158447266,441.3959442138672,2026-03-25
2026-03-25 23:00:00,515.0,300.08160705566405,322.7380126953125,340.5909729003906,359.628125,390.74299926757817,2026-03-25
2026-03-26 00:00:00,775.0,357.0089599609375,373.9980224609375,382.52545166015625,389.53321533203126,398.4627685546875,2026-03-26
2026-03-26 01:00:00,1000.0,753.9872802734375,778.8313110351562,790.2235107421875,799.1567016601563,810.382958984375,2026-03-26
2026-03-26 02:00:00,825.0,405.8702819824219,435.12823486328125,448.9476318359375,459.8842407226563,474.944384765625,2026-03-26
2026-03-26 03:00:00,615.0,251.15291748046874,282.0513854980469,298.2732238769531,311.9581604003906,331.7201354980469,2026-03-26
2026-03-26 04:00:00,462.5,223.57032470703126,252.39693603515624,270.4237365722656,287.7052307128906,312.1841247558594,2026-03-26
2026-03-26 05:00:00,312.5,221.16539001464844,245.83902282714845,264.986083984375,285.434814453125,314.956005859375,2026-03-26
2026-03-26 06:00:00,84.0,221.5505584716797,242.32208251953125,261.72265625,285.73692016601564,320.39666137695315,2026-03-26
2026-03-26 07:00:00,50.81449890136719,211.39000549316404,228.56168365478513,247.41351318359372,274.32147521972655,311.85326232910154,2026-03-26
2026-03-26 08:00:00,222.91900634765625,158.399333190918,171.55229644775392,188.99136352539065,215.33208770751958,254.34679107666017,2026-03-26
2026-03-26 09:00:00,207.5,120.83501281738282,130.8198272705078,146.6784210205078,171.96369018554688,211.54908447265626,2026-03-26
2026-03-26 10:00:00,238.8000030517578,24.438446044921882,33.402685546875006,48.62814331054688,72.44979553222657,112.30801696777345,2026-03-26
2026-03-26 11:00:00,179.87550354003906,71.08120117187498,79.31798706054686,93.81681823730467,118.6185089111328,157.94730529785156,2026-03-26
2026-03-26 12:00:00,152.5,78.46035156249998,85.89374389648435,99.15568542480467,123.59298400878905,162.70829467773436,2026-03-26
2026-03-26 13:00:00,-50.0,-17.172833251953126,-10.001733398437501,1.71380615234375,24.388348388671876,63.15013122558593,2026-03-26
2026-03-26 14:00:00,97.75,-62.41339111328125,-55.55101013183594,-43.94854736328125,-22.020223999023436,16.244546508789064,2026-03-26
2026-03-26 15:00:00,277.5,-0.6490814208984403,7.5592193603515625,20.557098388671875,43.31760864257812,81.226318359375,2026-03-26
2026-03-26 16:00:00,410.0,209.01973419189454,220.86974639892577,236.96563720703125,261.38261260986326,301.4540298461914,2026-03-26
2026-03-26 17:00:00,487.5,264.63974609375,282.5451370239258,303.2063903808594,331.1844451904297,372.1499359130859,2026-03-26
2026-03-26 18:00:00,475.0,317.50437316894534,338.11769714355466,362.06158447265625,390.993798828125,431.6174255371094,2026-03-26
2026-03-26 19:00:00,412.5,282.9730224609375,305.3499359130859,329.8170471191406,357.24302062988284,395.9695709228516,2026-03-26
2026-03-26 20:00:00,450.0,294.1124298095703,318.0583557128906,341.9586181640625,367.4937316894531,403.07646484375,2026-03-26
2026-03-26 21:00:00,440.0,391.9039520263672,417.59872741699223,440.5481567382813,464.18463745117197,496.9117736816407,2026-03-26
2026-03-26 22:00:00,500.0,333.5189971923828,361.65956726074216,384.04791259765625,404.757666015625,435.4034790039062,2026-03-26
2026-03-26 23:00:00,714.8690185546875,299.2716918945313,329.7951416015625,352.1401672363281,371.1228942871094,399.1107604980469,2026-03-26
2026-03-27 00:00:00,665.833251953125,572.8551574707031,595.4637451171875,608.4476318359375,619.867041015625,634.94501953125,2026-03-27
2026-03-27 01:00:00,490.7634887695313,779.1534912109375,811.1695922851562,829.0103149414062,844.8191772460938,865.5839233398438,2026-03-27
2026-03-27 02:00:00,715.4044799804688,890.5995117187501,928.0268188476564,949.3934326171876,968.8035400390626,995.2064819335939,2026-03-27
2026-03-27 03:00:00,589.4012451171875,737.1249389648438,775.7938293457031,799.4423828125,822.11787109375,853.7385620117187,2026-03-27
2026-03-27 04:00:00,638.6827392578125,654.3282196044922,689.0438537597656,713.0546875,738.2699462890625,774.5580810546875,2026-03-27
2026-03-27 05:00:00,532.8252563476562,471.51723327636716,500.7675476074219,524.7218627929688,551.8673889160157,591.9059326171875,2026-03-27
2026-03-27 06:00:00,500.0,500.01258239746096,525.4936584472656,549.0919189453125,578.6569946289062,622.499560546875,2026-03-27
2026-03-27 07:00:00,450.0,353.2068603515625,375.4936553955078,398.1543884277344,429.5986297607422,475.4152435302734,2026-03-27
2026-03-27 08:00:00,295.0,287.63018493652345,306.2945846557617,327.5157470703125,357.8785827636719,404.4773742675781,2026-03-27
2026-03-27 09:00:00,210.0,265.393798828125,281.3584045410156,300.9576721191406,330.1203277587891,376.8462432861328,2026-03-27
2026-03-27 10:00:00,300.0,255.83292236328126,270.80747985839844,289.9586486816406,317.72215576171874,364.9313934326172,2026-03-27
2026-03-27 11:00:00,297.5,278.6312591552734,292.7236633300781,311.41571044921875,340.3879089355469,387.09193115234376,2026-03-27
2026-03-27 12:00:00,297.5,285.2695938110352,297.9184860229492,314.66973876953125,342.9862777709961,389.6624588012695,2026-03-27
2026-03-27 13:00:00,277.5,311.13287963867185,323.0168487548828,337.353759765625,363.7067810058594,410.3982330322266,2026-03-27
2026-03-27 14:00:00,280.0,378.3537628173828,389.62420959472655,403.9849853515625,430.19212646484374,477.181640625,2026-03-27
2026-03-27 15:00:00,42.5,454.2592575073242,467.00745697021483,483.3944091796875,511.3876754760742,558.8867843627929,2026-03-27
2026-03-27 16:00:00,455.0,496.7876739501953,512.2159393310546,531.46728515625,561.4426635742187,611.7006958007812,2026-03-27
2026-03-27 17:00:00,415.0,797.7848968505859,817.3761810302734,840.3027954101562,873.8998260498047,925.6477508544922,2026-03-27
2026-03-27 18:00:00,371.7007446289063,923.590054321289,944.7001159667968,970.3982543945312,1005.2605895996094,1057.61572265625,2026-03-27
2026-03-27 19:00:00,500.0,430.87400817871094,453.22935485839844,479.2896423339844,512.9035888671875,563.68037109375,2026-03-27
2026-03-27 20:00:00,500.0,345.1642578125,368.9742370605469,394.619384765625,426.7194885253906,474.73790283203124,2026-03-27
2026-03-27 21:00:00,985.0,396.3544921875,421.79815673828125,446.5570068359375,477.0478515625,522.5035888671875,2026-03-27
2026-03-27 22:00:00,500.0,421.2538299560547,448.9325836181641,473.2694091796875,500.63828735351564,544.3942565917969,2026-03-27
2026-03-27 23:00:00,500.0,474.4067108154297,504.9748107910156,529.912841796875,556.0526916503907,597.8705810546875,2026-03-27
2026-03-28 00:00:00,400.0,594.0530151367187,615.2851684570312,628.242431640625,640.041259765625,656.6856323242188,2026-03-28
2026-03-28 01:00:00,302.5,593.2325561523437,621.9126220703125,638.7459716796875,654.1618896484375,675.1919677734375,2026-03-28
2026-03-28 02:00:00,355.0,526.0986358642579,559.1309814453125,579.0109252929688,597.384130859375,622.7256103515625,2026-03-28
2026-03-28 03:00:00,412.5,558.1692687988282,592.8345886230469,614.9988403320312,636.0314086914062,665.587158203125,2026-03-28
2026-03-28 04:00:00,455.0,448.40244140625003,480.55815429687505,503.7286987304688,527.5193115234375,561.1225952148438,2026-03-28
2026-03-28 05:00:00,355.0,393.5583740234375,421.69853515625,445.36761474609375,471.4040893554687,508.51109619140624,2026-03-28
2026-03-28 06:00:00,470.2862548828125,383.04985351562505,407.77116699218755,431.0181274414063,459.4886657714844,500.2146545410157,2026-03-28
2026-03-28 07:00:00,302.5,320.63298950195315,342.01193695068366,364.0602416992188,394.0888763427735,436.02262878417974,2026-03-28
2026-03-28 08:00:00,302.5,314.87457275390625,332.67894287109374,352.9006042480469,381.21888732910156,422.8428375244141,2026-03-28
2026-03-28 09:00:00,305.0,316.6056076049805,331.7509567260742,350.0509338378906,376.3857711791992,417.27868804931643,2026-03-28
2026-03-28 10:00:00,297.5,340.04136810302737,354.3143020629883,372.0101013183594,396.46101531982424,436.6879653930664,2026-03-28
2026-03-28 11:00:00,345.0,391.74281616210936,405.1724578857422,422.4437255859375,447.37562866210936,486.4558380126953,2026-03-28
2026-03-28 12:00:00,373.78424072265625,333.35971527099616,345.74213409423834,361.2966918945313,385.2668594360352,423.63214263916024,2026-03-28
2026-03-28 13:00:00,453.5327453613281,300.3734069824219,312.17676696777346,325.5099182128906,347.6766052246094,385.4273101806641,2026-03-28
2026-03-28 14:00:00,448.5012512207031,355.0049133300781,366.43202819824216,379.6927185058594,401.6486785888672,439.5661560058594,2026-03-28
2026-03-28 15:00:00,398.2539978027344,346.62420349121095,359.22084350585936,374.2275390625,397.6829345703125,436.21909484863284,2026-03-28
2026-03-28 16:00:00,276.7244873046875,273.30834808349607,288.92586212158204,306.925537109375,332.92921295166013,374.7939865112305,2026-03-28
2026-03-28 17:00:00,200.78775024414065,210.44664916992187,231.37783813476562,253.53912353515625,283.22303771972656,326.81263732910156,2026-03-28
2026-03-28 18:00:00,281.3104858398437,225.43333435058594,247.56330261230468,272.3102111816406,303.06798095703124,347.18297119140624,2026-03-28
2026-03-28 19:00:00,222.99349975585935,219.7735107421875,242.910791015625,267.73907470703125,297.265478515625,339.697412109375,2026-03-28
2026-03-28 20:00:00,260.0,222.1358825683594,246.74908752441408,271.0792236328125,298.9790466308594,339.0,2026-03-28
2026-03-28 21:00:00,225.0,230.36454162597656,256.34947814941404,279.7872314453125,306.1126342773438,343.9699462890625,2026-03-28
2026-03-28 22:00:00,210.9750061035156,220.59273986816407,248.14656677246091,270.82720947265625,294.0980590820312,330.2876342773437,2026-03-28
2026-03-28 23:00:00,115.69650268554688,133.8783721923828,163.02928466796874,185.59478759765625,207.609716796875,241.89102783203126,2026-03-28
2026-03-29 00:00:00,179.2480010986328,248.17603759765626,259.59383392333984,268.2076110839844,277.6366790771484,295.1181701660156,2026-03-29
2026-03-29 01:00:00,250.2845001220703,274.3943206787109,287.76972045898435,298.6360778808594,311.1836639404297,333.7541046142578,2026-03-29
2026-03-29 02:00:00,267.5,278.35009307861327,292.40197906494143,304.5867614746094,319.39684295654297,345.7282455444336,2026-03-29
2026-03-29 03:00:00,166.354248046875,262.5428985595703,276.3380920410156,289.4500732421875,305.8331604003906,334.6877746582031,2026-03-29
2026-03-29 04:00:00,285.0,251.16873779296876,264.1661712646484,277.0596618652344,294.1537841796875,324.8586029052734,2026-03-29
2026-03-29 05:00:00,292.5,255.85231323242186,267.3080230712891,280.00665283203125,297.3575500488281,329.31792602539065,2026-03-29
2026-03-29 06:00:00,292.5,253.6018798828125,263.4310272216797,275.32958984375,293.00995483398435,326.1197265625,2026-03-29
2026-03-29 07:00:00,277.5,154.49128112792968,162.59122009277343,173.0392303466797,189.94710388183594,222.37591247558595,2026-03-29
2026-03-29 08:00:00,253.4302520751953,118.80105895996094,124.785498046875,133.12249755859375,147.94365234375,178.8569793701172,2026-03-29
2026-03-29 09:00:00,275.0,98.77852478027344,103.4999786376953,110.36134338378906,123.9736541748047,154.0590576171875,2026-03-29
2026-03-29 10:00:00,280.0,139.86887817382814,144.0445068359375,150.4010772705078,162.8207794189453,192.32260437011718,2026-03-29
2026-03-29 11:00:00,287.5,179.50641784667968,183.54159240722657,189.79571533203125,202.65413818359374,232.42806396484374,2026-03-29
2026-03-29 12:00:00,295.25,219.09618225097657,222.93569641113282,229.49859619140625,243.11206665039063,273.8112854003906,2026-03-29
2026-03-29 13:00:00,273.6507568359375,174.3232391357422,178.62773742675782,185.28016662597656,199.82417907714844,231.5550994873047,2026-03-29
2026-03-29 14:00:00,287.5,110.36549377441406,114.96058349609375,121.99789428710938,136.8917694091797,169.1693328857422,2026-03-29
2026-03-29 15:00:00,305.0,-32.624536132812494,-27.384933471679684,-19.96786499023437,-5.203732299804683,27.622396850585947,2026-03-29
2026-03-29 16:00:00,447.5,-29.325946044921874,-22.363067626953125,-13.2801513671875,2.793972778320313,37.25075988769532,2026-03-29
2026-03-29 17:00:00,405.0,25.477197265624998,34.70462341308594,46.7962646484375,65.933544921875,102.18258666992188,2026-03-29
2026-03-29 18:00:00,412.5,288.9132415771484,300.1559143066406,315.03485107421875,336.5653900146484,374.4716461181641,2026-03-29
2026-03-29 19:00:00,284.9027404785156,320.81656951904296,333.48718414306643,349.0783386230469,371.23271026611326,409.44897003173827,2026-03-29
2026-03-29 20:00:00,256.4339904785156,315.1842041015625,329.1185241699219,344.5688171386719,366.12066955566405,403.51122131347654,2026-03-29
2026-03-29 21:00:00,249.04649353027344,480.7082901000977,494.5170211791993,509.6121215820313,530.5935440063477,567.5917770385743,2026-03-29
2026-03-29 22:00:00,282.5,359.10602111816405,373.1910034179688,387.72802734375,407.3706512451172,443.8386932373047,2026-03-29
2026-03-29 23:00:00,297.5,409.66956787109376,424.3458648681641,438.8858642578125,458.6539337158203,494.9566223144531,2026-03-29
2026-03-30 00:00:00,300.0,396.5210418701172,409.28632202148435,417.1435546875,424.8908996582031,438.0702209472656,2026-03-30
2026-03-30 01:00:00,312.5,428.36387939453124,445.4455932617187,455.86138916015625,466.1022094726562,482.98716430664064,2026-03-30
2026-03-30 02:00:00,447.7777404785156,380.810092163086,400.622103881836,412.9539184570313,425.28764648437505,445.11177978515633,2026-03-30
2026-03-30 03:00:00,682.9337768554688,387.3063629150391,408.69581604003906,423.0321044921875,437.1081115722656,459.3985595703125,2026-03-30
2026-03-30 04:00:00,682.509521484375,341.7297592163086,363.8214965820312,379.44573974609375,395.1220336914063,419.1057312011719,2026-03-30
2026-03-30 05:00:00,612.0905151367188,310.4277099609375,332.5214935302734,349.2841186523437,366.2544494628906,392.14750976562493,2026-03-30
2026-03-30 06:00:00,630.75,310.5748992919922,332.8954193115234,350.8493957519531,369.4765930175781,397.4112487792969,2026-03-30
2026-03-30 07:00:00,312.5,287.9493041992188,310.0354248046875,328.7055969238281,348.5504180908203,376.78539123535154,2026-03-30
2026-03-30 08:00:00,257.5,251.15874328613282,271.44757385253905,289.8294982910156,309.43446350097656,337.5721160888672,2026-03-30
2026-03-30 09:00:00,290.0,108.97568969726562,127.96959228515625,145.92886352539062,165.50277709960938,193.77158813476564,2026-03-30
2026-03-30 10:00:00,300.0,123.6632339477539,142.06748809814454,160.0378875732422,179.07400665283203,207.31666717529296,2026-03-30
2026-03-30 11:00:00,387.0,52.98528594970703,70.9559310913086,88.99372863769531,108.37189178466797,136.72481536865234,2026-03-30
2026-03-30 12:00:00,402.5,36.395330810546874,54.24598083496094,72.29617309570312,92.11978454589845,120.87361145019533,2026-03-30
2026-03-30 13:00:00,450.0,93.0005615234375,111.13513793945313,129.09408569335938,149.19427795410158,178.66309509277343,2026-03-30
2026-03-30 14:00:00,645.13623046875,150.34468994140624,168.60562744140626,187.1292724609375,207.77890319824218,237.90484313964845,2026-03-30
2026-03-30 15:00:00,302.5,94.21188354492188,113.3156524658203,132.7847442626953,154.2529724121094,185.02037658691407,2026-03-30
2026-03-30 16:00:00,302.5,111.07911071777343,132.26089172363282,153.77684020996094,176.74483947753905,208.93944396972657,2026-03-30
2026-03-30 17:00:00,455.0,164.16177368164062,187.61292419433596,210.967041015625,235.69880981445314,268.27130737304685,2026-03-30
2026-03-30 18:00:00,297.5,257.0218048095703,280.56806640625,304.4800720214844,329.2963439941406,361.8941955566406,2026-03-30
2026-03-30 19:00:00,297.5,259.7422760009766,282.40545959472655,305.2514343261719,328.6436065673828,359.8215728759766,2026-03-30
2026-03-30 20:00:00,295.0,249.31282958984374,271.68958740234376,293.66314697265625,315.5755187988281,345.2261901855469,2026-03-30
2026-03-30 21:00:00,295.0,222.5747314453125,244.74278564453124,266.2648010253906,287.6786743164063,316.381591796875,2026-03-30
2026-03-30 22:00:00,280.0,243.73218994140626,266.32216491699216,287.72369384765625,308.37315673828124,336.2398681640625,2026-03-30
2026-03-30 23:00:00,215.0,209.5753158569336,232.2198272705078,253.43829345703125,274.32733154296875,301.823486328125,2026-03-30
2026-03-31 00:00:00,262.5,275.6735595703125,289.2122436523437,298.28631591796875,307.86757202148436,325.18060302734375,2026-03-31
2026-03-31 01:00:00,277.5,252.98027496337892,270.4158233642578,282.6725769042969,295.6010803222656,318.2058532714844,2026-03-31
2026-03-31 02:00:00,250.0,215.8139907836914,236.2901184082031,250.9185333251953,266.5369598388672,292.9303680419922,2026-03-31
2026-03-31 03:00:00,118.91999816894533,171.0750701904297,193.8744018554688,211.0279235839844,228.94846191406253,258.85267333984376,2026-03-31
2026-03-31 04:00:00,74.80774688720703,145.05096435546875,168.8423858642578,187.64244079589844,207.5872589111328,239.88774719238282,2026-03-31
2026-03-31 05:00:00,-47.83000183105469,-5.508547973632815,18.16739807128906,38.10357666015625,59.671490478515636,94.18209838867188,2026-03-31
2026-03-31 06:00:00,-50.0,-42.513031005859375,-19.132925415039065,1.941436767578125,25.801876831054688,63.187051391601564,2026-03-31
2026-03-31 07:00:00,-43.2822494506836,-49.4687744140625,-27.144857788085943,-5.60223388671875,19.920327758789064,58.45327453613281,2026-03-31
2026-03-31 08:00:00,-50.0,-62.707498168945314,-43.164364624023435,-22.45611572265625,2.7136779785156264,40.95233764648438,2026-03-31
2026-03-31 09:00:00,-50.0,-54.488424682617186,-36.915383911132814,-17.127288818359375,7.765438842773445,46.31320190429689,2026-03-31
2026-03-31 10:00:00,-50.0,-40.31447906494141,-23.472874450683598,-3.57373046875,21.283851623535156,60.862123107910165,2026-03-31
2026-03-31 11:00:00,-50.0,-17.26099395751953,-0.3968307495117216,20.141876220703125,46.468376159667976,87.10881500244142,2026-03-31
2026-03-31 12:00:00,-50.0,-3.851689147949223,13.210182189941406,34.1483154296875,61.18535614013672,102.25471649169923,2026-03-31
2026-03-31 13:00:00,-50.0,-33.791943359375004,-16.03365783691406,4.719146728515625,31.581771850585938,72.56219177246095,2026-03-31
2026-03-31 14:00:00,-50.0,-49.658520507812504,-32.163815307617185,-11.54638671875,14.898684692382815,55.34444274902344,2026-03-31
2026-03-31 15:00:00,-50.0,-54.53730773925781,-36.88291931152344,-16.358642578125,10.022247314453125,50.28536376953126,2026-03-31
2026-03-31 16:00:00,-50.03799819946289,-16.948889160156256,2.147027587890623,23.911773681640625,50.921243286132814,91.86319274902344,2026-03-31
2026-03-31 17:00:00,197.5,206.63382568359373,228.34501037597653,252.19808959960935,281.1537231445312,322.43609619140625,2026-03-31
2026-03-31 18:00:00,207.5,321.74542846679685,344.40716857910155,369.132568359375,398.3816711425781,439.3326110839844,2026-03-31
2026-03-31 19:00:00,211.75,303.8190490722656,326.09015502929685,349.6298522949219,377.25120849609374,416.5080322265625,2026-03-31
2026-03-31 20:00:00,231.4564971923828,327.5600524902344,349.51472778320317,371.8595581054688,397.6152648925782,434.5449768066407,2026-03-31
2026-03-31 21:00:00,290.0,448.0306640625,469.5609497070312,490.907470703125,515.49560546875,550.7475463867188,2026-03-31
2026-03-31 22:00:00,300.0,609.1987091064453,631.0006164550781,651.79443359375,675.0572875976562,708.6051147460937,2026-03-31
2026-03-31 23:00:00,347.5,735.8142837524414,758.2395477294922,778.8108520507812,802.0676635742187,834.8671630859375,2026-03-31
2026-04-01 00:00:00,412.5,283.7772705078125,298.3021545410156,306.6640930175781,314.31390380859375,326.61296997070315,2026-04-01
2026-04-01 01:00:00,567.8695068359375,279.0518402099609,297.8305725097656,308.963623046875,319.26177978515625,335.37054443359375,2026-04-01
2026-04-01 02:00:00,500.0,290.6757446289062,312.59440917968743,326.2450561523437,338.9315307617187,358.7985595703124,2026-04-01
2026-04-01 03:00:00,500.0,242.81919860839838,266.4427246093749,282.5492553710937,297.36345214843743,320.5894409179687,2026-04-01
2026-04-01 04:00:00,452.5,245.97427978515626,268.8999877929688,286.4493103027344,303.376416015625,329.52808227539066,2026-04-01
2026-04-01 05:00:00,500.0,327.86207885742186,348.29131469726565,366.35498046875,385.29315490722655,415.0671417236328,2026-04-01
2026-04-01 06:00:00,457.5,263.0657623291016,280.9314331054687,299.249267578125,320.92792358398435,354.6007141113281,2026-04-01
2026-04-01 07:00:00,372.5,220.34346008300784,235.6485748291016,253.7877349853516,278.06190490722656,313.9724365234375,2026-04-01
2026-04-01 08:00:00,160.0,-7.627803039550784,4.477250671386717,21.602020263671875,45.79487762451172,82.81949615478516,2026-04-01
2026-04-01 09:00:00,260.0,-11.566552734375001,-1.8562438964843757,13.97906494140625,37.689111328125,75.12638244628906,2026-04-01
2026-04-01 10:00:00,268.3697509765625,127.20597229003906,135.77987670898438,150.87612915039062,173.34508666992187,210.76720581054687,2026-04-01
2026-04-01 11:00:00,156.2364959716797,178.7257080078125,186.5647003173828,200.86398315429688,223.65186462402343,261.2452850341797,2026-04-01
2026-04-01 12:00:00,237.5,68.080126953125,75.30705261230469,88.64210510253906,111.16319885253907,148.73517150878905,2026-04-01
2026-04-01 13:00:00,117.03900146484376,-13.049652099609375,-5.8097991943359375,6.29119873046875,27.9370361328125,65.29808044433594,2026-04-01
2026-04-01 14:00:00,62.5,-36.517825317382815,-29.01004333496094,-16.6453857421875,4.738836669921874,41.56040649414063,2026-04-01
2026-04-01 15:00:00,-50.0,-53.98757019042969,-44.90382385253906,-31.239166259765625,-9.434161376953124,27.01892700195313,2026-04-01
2026-04-01 16:00:00,32.5,-47.889984130859375,-35.495031738281256,-19.3173828125,3.817874145507819,41.33466491699219,2026-04-01
2026-04-01 17:00:00,295.0,71.326904296875,88.78252258300782,108.74185180664062,134.55048828125,172.3672119140625,2026-04-01
2026-04-01 18:00:00,302.5,203.39790344238278,223.38967285156247,245.72608947753903,271.9305053710937,308.65400390624995,2026-04-01
2026-04-01 19:00:00,370.0,237.41710815429687,258.3295471191406,280.270263671875,304.7199340820313,339.3474975585938,2026-04-01
2026-04-01 20:00:00,450.0,179.56729736328126,201.25489807128906,222.2116241455078,244.53042297363282,276.4579742431641,2026-04-01
2026-04-01 21:00:00,450.0,157.01859283447263,179.2657836914062,199.5301818847656,220.86099853515623,250.8419982910156,2026-04-01
2026-04-01 22:00:00,327.854736328125,144.4565414428711,168.11058654785157,188.20703125,208.58062744140625,237.16517333984376,2026-04-01
2026-04-01 23:00:00,273.468994140625,161.81560821533202,186.16773681640626,206.1238250732422,226.50262145996095,253.90137634277343,2026-04-01
2026-04-02 00:00:00,287.5,185.6820495605469,199.00772705078123,208.038818359375,217.1975830078125,232.52796630859376,2026-04-02
2026-04-02 01:00:00,350.0,276.6464477539063,293.5480102539062,305.72216796875,318.22099609375,338.6311462402344,2026-04-02
2026-04-02 02:00:00,285.0,251.20596008300782,271.0162109375,285.6171569824219,300.64658203125,324.853173828125,2026-04-02
2026-04-02 03:00:00,280.0,244.16290588378905,265.5802856445313,282.31854248046875,299.43670654296875,326.6156860351563,2026-04-02
2026-04-02 04:00:00,127.75,232.83316345214843,253.75081787109374,271.4075012207031,290.22882080078125,319.90154418945315,2026-04-02
2026-04-02 05:00:00,10.0,178.39765014648438,197.5628875732422,215.36471557617188,235.25424194335938,267.12371215820315,2026-04-02
2026-04-02 06:00:00,-50.0,215.85091247558594,233.6018035888672,251.72772216796875,273.367138671875,307.9259521484375,2026-04-02
2026-04-02 07:00:00,-47.21749877929688,112.39207916259765,128.19534759521486,146.0428466796875,169.2958206176758,205.30546112060546,2026-04-02
2026-04-02 08:00:00,-50.0,-13.463333129882812,-0.4613006591796882,16.193634033203125,39.069244384765625,75.34798889160157,2026-04-02
2026-04-02 09:00:00,-50.0,-21.644183349609378,-10.851882934570312,4.455718994140625,26.961843872070315,63.49794921875,2026-04-02
2026-04-02 10:00:00,-50.0,-15.988870239257814,-6.408041381835938,8.54144287109375,30.925213623046876,68.72113342285157,2026-04-02
2026-04-02 11:00:00,-50.0,-33.25645446777344,-24.005252075195315,-9.053680419921877,14.962088012695313,53.812625122070315,2026-04-02
2026-04-02 12:00:00,-50.0,-35.945901489257814,-27.204907226562497,-12.852691650390623,11.490151977539066,50.775088500976565,2026-04-02
2026-04-02 13:00:00,-50.0,-40.12568359375,-31.31301574707031,-18.25155639648437,4.958547973632818,43.973913574218756,2026-04-02
2026-04-02 14:00:00,-50.0,-41.899023437500006,-33.35078735351563,-20.57391357421875,1.5448638916015653,39.32996215820313,2026-04-02
2026-04-02 15:00:00,-50.0,-52.054833984374994,-42.247521972656244,-28.92269897460937,-7.10370483398437,29.916271972656244,2026-04-02
2026-04-02 16:00:00,-51.0359992980957,-47.187658691406256,-34.04832153320312,-18.058074951171875,5.02667236328125,43.41490478515627,2026-04-02
2026-04-02 17:00:00,1.5,-25.237762451171875,-6.911297607421876,13.19720458984375,39.18450927734375,78.53995361328126,2026-04-02
2026-04-02 18:00:00,186.5,-4.087805175781249,16.20688934326172,38.33999633789063,64.98652954101564,103.63633422851564,2026-04-02
2026-04-02 19:00:00,165.88475036621094,-3.6028472900390582,17.102078247070317,38.68272399902344,63.981961059570324,100.87561340332032,2026-04-02
2026-04-02 20:00:00,-30.572250366210938,-28.654031372070314,-7.584426879882811,13.011077880859377,36.49085083007813,70.99015502929689,2026-04-02
2026-04-02 21:00:00,-27.17374992370605,-29.369250488281253,-8.540414428710937,11.271942138671877,33.677465820312506,66.6701416015625,2026-04-02
2026-04-02 22:00:00,-54.85599899291992,-38.33771667480469,-17.273553466796876,1.795928955078125,22.951348876953126,54.581921386718754,2026-04-02
2026-04-02 23:00:00,-50.946998596191406,-45.017668151855474,-23.770404052734374,-4.9898681640625,16.003277587890626,46.63727416992188,2026-04-02
2026-04-03 00:00:00,-50.946998596191406,-24.57181091308594,-21.020553588867188,-15.8026123046875,-8.346441650390624,7.325259399414065,2026-04-03
2026-04-03 01:00:00,-50.0,-33.12532043457031,-29.432717895507814,-21.93609619140625,-10.140112304687499,13.313088989257814,2026-04-03
2026-04-03 02:00:00,-50.0,-37.62997131347656,-33.59000854492187,-23.82666015625,-8.548194885253906,20.02678222656251,2026-04-03
2026-04-03 03:00:00,-50.0,-42.17948913574219,-37.812844848632814,-26.466949462890625,-8.226210021972655,24.655288696289062,2026-04-03
2026-04-03 04:00:00,-50.0,-31.657192993164063,-27.490545654296874,-15.103271484375,5.418466186523439,41.378152465820314,2026-04-03
2026-04-03 05:00:00,-50.0,-37.01070861816406,-33.355508422851564,-20.80157470703125,0.5495025634765653,39.09602966308594,2026-04-03
2026-04-03 06:00:00,-50.0,-39.73295288085937,-35.9909912109375,-24.325225830078125,-2.2227645874023416,38.1797119140625,2026-04-03
2026-04-03 07:00:00,-50.0,-44.067404174804686,-40.530496215820314,-29.788726806640625,-7.538580322265627,33.78779602050781,2026-04-03
2026-04-03 08:00:00,-50.0,-38.94991455078125,-36.53314208984375,-26.83636474609375,-6.030157470703124,34.716827392578125,2026-04-03
2026-04-03 09:00:00,-50.0,-38.79008178710937,-36.72841186523437,-27.93588256835937,-8.414314270019528,31.786755371093758,2026-04-03
2026-04-03 10:00:00,-50.0,-26.60281677246094,-24.17166442871094,-15.467742919921877,2.688824462890624,41.85400085449219,2026-04-03
2026-04-03 11:00:00,-50.0,-30.229034423828125,-26.98465576171875,-17.949554443359375,1.2263473510742209,40.472137451171875,2026-04-03
2026-04-03 12:00:00,-50.0,-40.0374267578125,-36.3829833984375,-27.296417236328125,-7.68276672363281,31.650848388671875,2026-04-03
2026-04-03 13:00:00,-50.0,-40.47127075195313,-36.37777099609375,-27.603759765625,-7.981503295898435,31.425994873046875,2026-04-03
2026-04-03 14:00:00,-50.0,-42.057656860351564,-37.570498657226565,-28.475006103515625,-8.447196960449215,31.019918823242193,2026-04-03
2026-04-03 15:00:00,-50.0,-39.672979736328124,-34.20274047851562,-23.808349609375,-3.324964904785155,36.748266601562506,2026-04-03
2026-04-03 16:00:00,-50.0,-49.314938354492185,-40.54920959472656,-27.01702880859375,-3.7505981445312493,39.29316711425781,2026-04-03
2026-04-03 17:00:00,294.0,112.41372375488281,126.98470764160156,145.7776641845703,174.56134338378905,220.06490783691407,2026-04-03
2026-04-03 18:00:00,371.75,265.0879699707031,281.5559600830078,303.7752380371094,335.25303955078124,381.74567260742185,2026-04-03
2026-04-03 19:00:00,423.25,321.5630584716797,338.5417877197266,360.8529357910156,391.9501434326172,437.66307678222654,2026-04-03
2026-04-03 20:00:00,525.0,688.9650115966797,706.8420104980469,728.5989990234375,758.543911743164,802.5741180419922,2026-04-03
2026-04-03 21:00:00,500.0,575.5510223388671,594.4382217407226,615.9349365234375,645.2803466796875,688.3260864257812,2026-04-03
2026-04-03 22:00:00,367.0,312.808544921875,332.8409591674805,354.379150390625,382.98272705078125,424.44346313476564,2026-04-03
2026-04-03 23:00:00,212.5,248.40276184082032,268.17037200927734,290.1953125,318.9462066650391,359.23736877441405,2026-04-03
2026-04-04 00:00:00,277.5,280.52037200927737,293.2340576171875,302.33526611328125,311.6527587890625,327.484619140625,2026-04-04
2026-04-04 01:00:00,89.72474670410156,212.83248596191407,228.16539001464844,240.8914031982422,255.25452270507813,278.43402099609375,2026-04-04
2026-04-04 02:00:00,-48.99599838256836,129.154931640625,145.7717544555664,161.50653076171875,180.04012756347657,208.32380065917968,2026-04-04
2026-04-04 03:00:00,-50.0,-6.509561157226564,9.813197326660156,26.9110107421875,48.00515441894531,80.41141052246094,2026-04-04
2026-04-04 04:00:00,94.60749816894533,-30.105862426757813,-16.500430297851562,-0.077117919921875,21.721972656250003,57.07182006835938,2026-04-04
2026-04-04 05:00:00,-48.75,-39.83289184570313,-29.950314331054688,-15.48260498046875,5.771856689453127,42.20657653808594,2026-04-04
2026-04-04 06:00:00,-51.25,-47.336883544921875,-39.98255615234375,-27.65911865234375,-7.15267639160156,29.494595336914067,2026-04-04
2026-04-04 07:00:00,-50.0,-46.52074279785156,-41.107824707031256,-31.25091552734375,-11.623677062988282,24.670196533203125,2026-04-04
2026-04-04 08:00:00,-50.0,-38.756613159179686,-35.42387390136719,-27.63201904296875,-10.269351196289062,24.533886718750004,2026-04-04
2026-04-04 09:00:00,-50.0,-36.42716064453125,-34.448779296875,-28.215240478515625,-12.622564697265624,21.39847106933594,2026-04-04
2026-04-04 10:00:00,-50.0,-30.401809692382812,-28.983602905273436,-23.275787353515625,-8.838388061523437,24.896426391601565,2026-04-04
2026-04-04 11:00:00,-50.0,-28.982177734375,-27.47198486328125,-21.865936279296875,-6.23858642578125,27.476138305664065,2026-04-04
2026-04-04 12:00:00,-50.0,-33.75532531738281,-32.25308532714844,-27.07086181640625,-11.397708129882812,22.55299682617187,2026-04-04
2026-04-04 13:00:00,-50.0,-31.61656494140625,-30.05369873046875,-25.6285400390625,-10.460867309570311,23.81842956542969,2026-04-04
2026-04-04 14:00:00,-50.0,-27.888064575195312,-26.568130493164062,-21.88653564453125,-6.433215332031249,28.198184204101565,2026-04-04
2026-04-04 15:00:00,-50.0,-31.672390747070313,-29.161257934570312,-23.07647705078125,-6.694879150390623,28.90826110839844,2026-04-04
2026-04-04 16:00:00,-50.0,-39.66446838378906,-33.69727478027343,-24.20443725585937,-4.989897155761714,33.962933349609386,2026-04-04
2026-04-04 17:00:00,-52.140750885009766,-37.48650207519532,-24.668276977539065,-9.3072509765625,15.175909423828127,57.051666259765625,2026-04-04
2026-04-04 18:00:00,90.5,10.663848876953125,26.853222656249997,46.22749328613281,73.12792663574218,115.72066345214846,2026-04-04
2026-04-04 19:00:00,181.5,142.8785614013672,160.3925354003906,180.2286376953125,206.48177490234374,248.18385009765626,2026-04-04
2026-04-04 20:00:00,133.0,177.31630859375,196.43380279541014,215.77381896972656,240.63780212402344,280.2021820068359,2026-04-04
2026-04-04 21:00:00,115.75,155.83827514648436,175.27237854003906,193.53390502929688,216.85413208007813,255.25171508789063,2026-04-04
2026-04-04 22:00:00,25.75,175.2528533935547,194.908642578125,211.824951171875,232.7824493408203,270.0506134033203,2026-04-04
2026-04-04 23:00:00,36.97724914550781,169.3011505126953,188.804296875,205.55877685546875,226.1637145996094,263.197509765625,2026-04-04
2026-04-05 00:00:00,-4.130000114440918,242.99612426757812,252.21632385253906,259.7995910644531,268.5528533935547,284.31618041992186,2026-04-05
2026-04-05 01:00:00,16.727249145507812,236.86859741210932,247.21141052246088,257.1010131835937,270.0581665039062,292.7057922363281,2026-04-05
2026-04-05 02:00:00,193.2144927978516,226.21759338378905,236.29220275878907,247.8462371826172,264.016259765625,291.3768310546875,2026-04-05
2026-04-05 03:00:00,52.64400100708008,233.72577819824218,242.93680419921876,254.3576202392578,272.0876831054687,302.7702178955078,2026-04-05
2026-04-05 04:00:00,283.229736328125,278.9930755615234,285.9628662109375,296.233154296875,314.0140777587891,347.01861572265625,2026-04-05
2026-04-05 05:00:00,267.5,211.63909606933595,216.3230407714844,225.04400634765625,242.04700927734376,275.7345672607422,2026-04-05
2026-04-05 06:00:00,-45.69649887084961,115.63900756835938,119.04669189453125,125.95797729492188,141.939208984375,175.37603759765625,2026-04-05
2026-04-05 07:00:00,27.054750442504883,3.090097045898437,5.620257568359374,10.77227783203125,25.441647338867188,58.40965881347657,2026-04-05
2026-04-05 08:00:00,-50.0,-21.202667236328125,-19.898992919921874,-16.3489990234375,-3.9189331054687493,27.77935791015625,2026-04-05
2026-04-05 09:00:00,-50.0,-27.575039672851563,-26.890969848632814,-24.68817138671875,-13.946453857421874,16.753436279296878,2026-04-05
2026-04-05 10:00:00,-50.0,-22.48436279296875,-22.055560302734374,-20.100860595703125,-10.644583129882811,19.258938598632817,2026-04-05
2026-04-05 11:00:00,-50.0,-29.405331420898438,-28.606649780273436,-26.41058349609375,-15.757489013671874,13.965945434570315,2026-04-05
2026-04-05 12:00:00,-50.0,-30.91669616699219,-29.829159545898438,-27.412811279296875,-16.237368774414062,14.189596557617193,2026-04-05
2026-04-05 13:00:00,-50.0,-27.03656921386719,-25.688192749023436,-23.130523681640625,-11.565261840820312,20.076184082031254,2026-04-05
2026-04-05 14:00:00,-50.0,-26.742633056640624,-25.204107666015624,-22.2159423828125,-9.550216674804688,23.62164306640625,2026-04-05
2026-04-05 15:00:00,-50.0,-27.20460510253906,-25.311483764648436,-21.13534545898437,-7.149185180664059,28.232162475585934,2026-04-05
2026-04-05 16:00:00,-50.0,-32.345977783203125,-27.955929565429685,-20.83700561523437,-3.4049041748046847,36.84492187500001,2026-04-05
2026-04-05 17:00:00,-0.3597500026226043,-34.02842712402344,-23.696029663085938,-10.856414794921877,12.904254150390626,57.27186889648438,2026-04-05
2026-04-05 18:00:00,101.3582534790039,99.46439514160156,112.98463134765625,130.3806610107422,157.70784606933594,204.65613708496096,2026-04-05
2026-04-05 19:00:00,171.5,217.89346923828126,232.3601058959961,250.55474853515625,278.33107604980466,325.8300750732422,2026-04-05
2026-04-05 20:00:00,138.0,232.56961059570312,248.57675018310547,266.57452392578125,294.0187622070313,341.056103515625,2026-04-05
2026-04-05 21:00:00,307.5,354.41167602539065,371.41095581054685,389.0205078125,416.06129455566406,462.55144958496095,2026-04-05
2026-04-05 22:00:00,295.0,490.27808227539066,508.18384857177733,525.6170043945312,551.2329345703125,596.4903137207032,2026-04-05
2026-04-05 23:00:00,355.0,424.02256469726564,442.0662094116211,459.7752380371094,485.21497802734376,529.8756164550781,2026-04-05
2026-04-06 00:00:00,397.5,357.59315490722656,375.2939086914063,386.6064758300781,397.4821838378906,414.6975158691406,2026-04-06
2026-04-06 01:00:00,465.0,533.7893737792969,556.2538879394531,571.7369995117188,587.7277587890625,611.917529296875,2026-04-06
2026-04-06 02:00:00,440.0,209.82394561767578,234.6314208984375,253.41525268554688,273.6670166015625,303.473583984375,2026-04-06
2026-04-06 03:00:00,257.5,187.5655548095703,212.17068176269532,232.4783935546875,255.8146484375,290.248876953125,2026-04-06
2026-04-06 04:00:00,285.0,184.85568542480468,205.7643295288086,225.63650512695312,250.08255920410156,288.56007385253906,2026-04-06
2026-04-06 05:00:00,277.9945068359375,168.95723876953124,184.63082733154297,202.7069091796875,227.17877807617188,267.349755859375,2026-04-06
2026-04-06 06:00:00,-45.64925003051758,124.45133056640626,135.70423278808593,151.38284301757812,175.46299133300784,216.37657775878907,2026-04-06
2026-04-06 07:00:00,74.36849975585938,42.59765625,50.11009216308594,62.662017822265625,85.61976318359375,125.8791717529297,2026-04-06
2026-04-06 08:00:00,-50.0,-24.14705810546875,-19.87049255371094,-10.29364013671875,9.594396972656252,48.04892272949219,2026-04-06
2026-04-06 09:00:00,-50.0,-27.15605773925781,-24.855746459960937,-17.644927978515625,-0.2441589355468743,36.93231811523437,2026-04-06
2026-04-06 10:00:00,-50.0,-28.46111145019531,-26.715896606445312,-20.3179931640625,-4.716876220703124,31.67322387695313,2026-04-06
2026-04-06 11:00:00,-50.0,-29.842855834960936,-28.2450927734375,-22.17742919921875,-5.620205688476563,30.510980224609376,2026-04-06
2026-04-06 12:00:00,-50.0,-36.064761352539065,-34.83599853515625,-29.53857421875,-12.799118041992188,24.014422607421878,2026-04-06
2026-04-06 13:00:00,-50.0,-32.978173828125,-31.822494506835938,-27.28717041015625,-10.790737915039063,27.133410644531253,2026-04-06
2026-04-06 14:00:00,-50.0,-32.925106811523435,-31.79476623535156,-26.80429077148437,-9.49696655273437,29.658428955078133,2026-04-06
2026-04-06 15:00:00,-50.0,-35.70810546875,-33.43345336914062,-26.683349609375,-7.899060058593751,32.603823852539065,2026-04-06
2026-04-06 16:00:00,-50.0,15.223684692382811,20.00916442871094,29.652740478515625,51.11189880371094,95.2969970703125,2026-04-06
2026-04-06 17:00:00,69.8324966430664,153.97216033935547,163.71060638427736,178.38223266601562,204.80351715087892,251.97758636474612,2026-04-06
2026-04-06 18:00:00,225.6647491455078,278.2265396118164,291.6200576782227,310.5039978027344,339.64416351318357,388.19895477294926,2026-04-06
2026-04-06 19:00:00,204.0,317.16759033203124,332.9157653808594,352.799560546875,381.66587524414064,429.68320922851564,2026-04-06
2026-04-06 20:00:00,162.92825317382812,305.7929321289063,323.9476287841797,343.7436828613281,371.4113525390625,417.3545166015625,2026-04-06
2026-04-06 21:00:00,245.8789978027344,293.11443786621095,312.8146545410156,331.77154541015625,357.6582000732422,401.67591247558596,2026-04-06
2026-04-06 22:00:00,392.5,273.8933959960938,295.2998672485352,313.6454772949219,336.74989318847656,379.0431427001953,2026-04-06
2026-04-06 23:00:00,455.0,258.3659729003906,281.30626373291017,299.88922119140625,322.12560119628904,363.4415802001953,2026-04-06
2026-04-07 00:00:00,396.5,244.32215576171876,263.75457153320315,275.5048828125,285.8448486328125,300.55499267578125,2026-04-07
2026-04-07 01:00:00,392.5,285.783154296875,311.8467224121094,327.21453857421875,341.1513305664063,360.2788818359375,2026-04-07
2026-04-07 02:00:00,917.0,286.4697509765625,315.5980590820312,333.620361328125,350.3849731445313,373.54310302734376,2026-04-07
2026-04-07 03:00:00,677.5,240.98388671875,270.4910827636719,290.23297119140625,309.6970520019531,337.4360046386719,2026-04-07
2026-04-07 04:00:00,500.0,196.60825805664064,222.83647766113282,243.5690460205078,265.9684722900391,298.3600738525391,2026-04-07
2026-04-07 05:00:00,417.5,196.91677551269532,217.67769470214844,237.926513671875,262.11720581054686,298.19182739257815,2026-04-07
2026-04-07 06:00:00,285.0,179.39788208007815,194.61270141601565,212.8503570556641,238.21206970214845,276.938803100586,2026-04-07
2026-04-07 07:00:00,115.0,-0.2560150146484439,10.314474487304683,26.04623413085937,51.800811767578125,91.36952514648438,2026-04-07
2026-04-07 08:00:00,282.5,-40.54854736328125,-33.657110595703124,-20.584869384765625,2.7394439697265653,41.43266601562499,2026-04-07
2026-04-07 09:00:00,132.5,-38.828363037109376,-34.358331298828126,-23.7220458984375,-3.1624237060546854,34.18424682617188,2026-04-07
2026-04-07 10:00:00,0.0,-32.45061340332031,-28.645223999023436,-19.07464599609375,-0.7608108520507812,35.34210815429688,2026-04-07
2026-04-07 11:00:00,0.0,30.776242065429685,34.21696166992187,43.001007080078125,61.31567993164063,96.24859313964845,2026-04-07
2026-04-07 12:00:00,0.0,9.103268432617186,12.017599487304686,19.371246337890625,36.933816528320314,71.30375061035156,2026-04-07
2026-04-07 13:00:00,0.0,-19.422216796875,-16.865896606445315,-11.118896484375,5.3133697509765625,40.01302795410157,2026-04-07
2026-04-07 14:00:00,0.0,-25.632669067382814,-22.964816284179687,-16.840667724609375,0.085723876953125,35.67864074707032,2026-04-07
2026-04-07 15:00:00,-50.0,-31.490719604492188,-27.316879272460938,-19.192779541015625,-0.5627899169921875,36.22322387695313,2026-04-07
2026-04-07 16:00:00,-11.5,-28.918914794921875,-21.668539428710936,-10.3729248046875,11.298445129394533,52.17541198730469,2026-04-07
2026-04-07 17:00:00,202.5,-5.377465820312501,8.526400756835937,25.540802001953125,52.6410400390625,96.37590332031252,2026-04-07
2026-04-07 18:00:00,129.75,59.534671020507815,78.09166717529297,99.8472900390625,129.68450012207032,174.8142120361328,2026-04-07
2026-04-07 19:00:00,-9.0,102.58343505859375,123.02647705078125,145.62490844726562,174.7126037597656,218.6633056640625,2026-04-07
2026-04-07 20:00:00,-55.75,-9.477532958984376,13.5504150390625,35.98162841796875,63.35889892578126,104.46552734375,2026-04-07
2026-04-07 21:00:00,88.0,-42.04584350585938,-16.497540283203126,4.9620361328125,29.992218017578125,68.45949096679688,2026-04-07
2026-04-07 22:00:00,-33.324501037597656,-56.392964172363286,-27.809408569335933,-6.950531005859375,14.565618896484377,50.77802124023438,2026-04-07
2026-04-07 23:00:00,-51.75775146484375,-65.79193725585938,-34.281652832031256,-13.12811279296875,6.701904296875014,40.53753662109375,2026-04-07
2026-04-08 00:00:00,-53.74274826049805,-13.454986572265625,-9.599023437500001,-4.713958740234375,2.834848022460938,19.91240844726563,2026-04-08
2026-04-08 01:00:00,-52.598751068115234,-28.14228210449219,-23.741265869140626,-16.528533935546875,-4.357351684570311,20.980911254882812,2026-04-08
2026-04-08 02:00:00,-51.31475067138672,-23.540371704101563,-18.935076904296878,-9.55224609375,6.513781738281249,37.363973999023436,2026-04-08
2026-04-08 03:00:00,-50.0,-21.267562866210938,-17.124557495117188,-6.88275146484375,11.837544250488282,46.6883544921875,2026-04-08
2026-04-08 04:00:00,-50.56499862670898,-28.347073364257817,-25.100592041015627,-15.340667724609377,3.8460800170898413,41.039648437500006,2026-04-08
2026-04-08 05:00:00,-48.83174896240234,-17.007354736328125,-15.260086059570312,-6.73577880859375,11.235150146484376,48.947421264648426,2026-04-08
2026-04-08 06:00:00,-46.853248596191406,-8.02313232421875,-6.632244873046877,0.079345703125,16.44795379638672,52.972204589843756,2026-04-08
2026-04-08 07:00:00,-48.067501068115234,-16.63629150390625,-15.324493408203123,-10.106964111328123,4.236489868164066,39.93628540039063,2026-04-08
2026-04-08 08:00:00,-50.0,-30.045852661132812,-29.00588073730469,-24.5638427734375,-11.750286865234374,22.540731811523443,2026-04-08
2026-04-08 09:00:00,-50.0,-28.757708740234374,-27.616064453125,-23.4908447265625,-11.3380615234375,22.49017944335938,2026-04-08
2026-04-08 10:00:00,-50.54850006103516,-25.231036376953124,-24.26348876953125,-20.00018310546875,-8.2645751953125,25.27192687988282,2026-04-08
2026-04-08 11:00:00,-41.979000091552734,35.5422119140625,36.877584838867186,41.47761535644531,54.30450439453125,88.60091857910157,2026-04-08
2026-04-08 12:00:00,-52.53350067138672,18.094100952148438,19.67795715332031,24.438751220703125,38.11011657714844,73.17907104492187,2026-04-08
2026-04-08 13:00:00,-51.747501373291016,15.619985961914061,17.449185180664063,22.2601318359375,36.615753173828125,72.91588134765627,2026-04-08
2026-04-08 14:00:00,30.75,21.619140625,23.42677001953125,28.563140869140625,43.90149841308594,81.51251525878907,2026-04-08
2026-04-08 15:00:00,149.2657470703125,12.906854248046875,15.118460083007811,21.165191650390625,37.44597473144532,77.08373413085937,2026-04-08
2026-04-08 16:00:00,179.72850036621094,113.71227416992187,118.53271484375,127.46571350097656,146.82005310058594,190.47764892578124,2026-04-08
2026-04-08 17:00:00,150.9147491455078,237.5555679321289,246.80884552001953,260.9705810546875,286.64246673583983,334.0347702026367,2026-04-08
2026-04-08 18:00:00,199.0,268.7594512939453,281.2782470703125,300.1885986328125,330.1327301025391,380.5505706787109,2026-04-08
2026-04-08 19:00:00,209.0,270.1364440917969,284.6199096679687,305.01739501953125,336.16835327148436,387.8852966308594,2026-04-08
2026-04-08 20:00:00,70.5,270.9281066894531,287.06910400390626,307.69549560546875,339.0641235351562,390.3740234375,2026-04-08
2026-04-08 21:00:00,208.9960021972656,263.6227752685547,281.0013366699219,301.60552978515625,332.548388671875,383.5965209960938,2026-04-08
2026-04-08 22:00:00,185.34649658203125,223.39315490722657,242.24413299560547,262.94879150390625,292.85301208496094,342.5957977294922,2026-04-08
2026-04-08 23:00:00,257.2304992675781,194.15998840332026,213.394839477539,234.88430786132807,264.7827239990234,314.3978118896484,2026-04-08
2026-04-09 00:00:00,282.5,164.04962463378908,180.6603942871094,192.9810943603516,204.78966979980473,222.55098571777347,2026-04-09
2026-04-09 01:00:00,280.0,113.29516296386718,133.2177520751953,149.55654907226562,166.429736328125,191.13851318359374,2026-04-09
2026-04-09 02:00:00,247.5,170.27206268310547,191.70491943359374,211.00439453125,231.7417419433594,261.1487609863281,2026-04-09
2026-04-09 03:00:00,55.89125061035156,191.3991668701172,212.8709716796875,233.66807556152344,257.1608428955078,290.63893127441406,2026-04-09
2026-04-09 04:00:00,198.19924926757807,201.1306732177734,220.1905349731445,241.49407958984372,267.2389251708984,304.1297698974609,2026-04-09
2026-04-09 05:00:00,197.9982452392578,134.18673706054688,149.76742248535157,170.20098876953125,196.57374877929686,235.6992126464844,2026-04-09
2026-04-09 06:00:00,57.98949813842773,105.19486236572266,117.98555755615234,136.3021240234375,162.5294448852539,202.5638870239258,2026-04-09
2026-04-09 07:00:00,0.0,-24.388552856445315,-14.254037475585939,1.8255615234375,27.420477294921877,67.37425842285158,2026-04-09
2026-04-09 08:00:00,-50.0,-37.83993835449219,-29.735531616210935,-15.483306884765623,8.13610534667969,47.02959289550782,2026-04-09
2026-04-09 09:00:00,-50.0,-40.65464782714844,-33.68470764160156,-20.94012451171875,0.8507537841796875,38.761941528320314,2026-04-09
2026-04-09 10:00:00,-37.5,-24.53607177734375,-18.140124511718753,-6.031463623046875,14.497473144531252,51.904443359375,2026-04-09
2026-04-09 11:00:00,19.03274917602539,-35.14097900390625,-28.99013671875,-17.029052734375,4.426235961914063,41.61189270019531,2026-04-09
2026-04-09 12:00:00,273.5,-39.76135864257813,-33.74591979980469,-22.59185791015625,-1.2092559814453097,35.91943969726563,2026-04-09
2026-04-09 13:00:00,170.0,-24.260003662109376,-18.1744384765625,-8.162841796875,12.409844970703126,49.82210998535155,2026-04-09
2026-04-09 14:00:00,140.0,-32.40057373046875,-26.30329284667969,-15.81414794921875,5.601959228515625,43.96683044433594,2026-04-09
2026-04-09 15:00:00,17.5,-47.56293640136719,-40.01040954589844,-27.728759765625,-4.964083862304687,33.9761016845703,2026-04-09
2026-04-09 16:00:00,-50.0,-44.66771697998047,-34.11050872802734,-19.184539794921875,5.331919860839847,46.049781799316406,2026-04-09
2026-04-09 17:00:00,155.75,38.24941711425781,53.55532684326172,72.62191772460938,100.59017639160156,142.55287780761722,2026-04-09
2026-04-09 18:00:00,250.0,204.43118286132812,223.3534408569336,246.19732666015625,275.884912109375,318.3385437011719,2026-04-09
2026-04-09 19:00:00,267.8659973144531,231.6272003173828,252.7006408691406,276.1914978027344,305.04161376953124,346.5395446777344,2026-04-09
2026-04-09 20:00:00,350.0,157.70733642578128,180.08636169433595,203.0650329589844,230.45044555664066,269.5856872558594,2026-04-09
2026-04-09 21:00:00,256.5385131835937,62.71849670410156,86.32111511230468,108.57595825195312,134.95266723632812,172.72909545898438,2026-04-09
2026-04-09 22:00:00,324.07000732421875,28.73785400390625,53.720846557617186,75.67134094238281,100.42989807128907,137.01600646972656,2026-04-09
2026-04-09 23:00:00,282.5,97.58219909667969,123.09358520507813,145.48377990722656,169.91527404785157,205.4927764892578,2026-04-09
2026-04-10 00:00:00,267.5,195.00693359375,211.57466430664064,223.2662353515625,234.87329101562503,252.26688232421876,2026-04-10
2026-04-10 01:00:00,230.0,167.0582458496094,187.47812805175784,203.3965759277344,220.55216674804691,245.83039550781254,2026-04-10
2026-04-10 02:00:00,156.6719970703125,65.08811340332032,87.39630126953125,106.55831909179688,128.2447692871094,159.35730590820313,2026-04-10
2026-04-10 03:00:00,200.0,-12.499282836914062,9.63428344726563,30.12091064453125,54.95380249023438,90.57460327148438,2026-04-10
2026-04-10 04:00:00,262.5,-10.55145874023438,8.591471862792968,28.65399169921875,54.70687255859375,94.0188720703125,2026-04-10
2026-04-10 05:00:00,262.5,0.4919281005859375,15.829043579101562,34.63006591796875,60.644708251953126,101.37755737304688,2026-04-10
2026-04-10 06:00:00,99.9187469482422,-12.288630676269534,-0.43737945556640767,15.97705078125,41.27140350341797,82.2681167602539,2026-04-10
2026-04-10 07:00:00,8.789250373840332,-24.338442993164065,-15.426486206054689,-1.8524169921875,22.057806396484377,62.54776916503907,2026-04-10
2026-04-10 08:00:00,-47.37749862670898,-40.116125488281256,-33.58280639648437,-22.046051025390625,-0.43010864257812287,38.871157836914065,2026-04-10
2026-04-10 09:00:00,-50.0,-34.19569091796875,-28.76239013671875,-18.76708984375,1.081817626953125,39.27345581054688,2026-04-10
2026-04-10 10:00:00,-50.0,-34.69696960449219,-29.537176513671874,-19.925018310546875,-1.2489059448242195,36.41483764648438,2026-04-10
2026-04-10 11:00:00,-50.0,-39.01590270996094,-34.14841003417969,-24.5877685546875,-4.921910095214841,32.70329284667969,2026-04-10
2026-04-10 12:00:00,-50.0,-34.331442260742186,-29.88257751464844,-21.251434326171875,-1.6869323730468722,36.22106933593749,2026-04-10
2026-04-10 13:00:00,-50.0,-32.583245849609376,-28.399197387695313,-21.07666015625,-2.32016754150391,36.12437744140625,2026-04-10
2026-04-10 14:00:00,-50.0,-32.50879821777344,-28.685586547851564,-21.13531494140625,-2.043904113769532,37.16021423339844,2026-04-10
2026-04-10 15:00:00,-50.0,-33.90583801269531,-29.27811279296875,-20.111053466796875,0.28844451904296875,40.47757263183594,2026-04-10
2026-04-10 16:00:00,-50.0,-36.46565551757813,-29.80859375,-18.135284423828125,4.7238922119140625,48.06905212402344,2026-04-10
2026-04-10 17:00:00,19.098249435424805,-30.27944030761719,-20.686807250976564,-5.020111083984375,22.305859374999997,68.15456848144531,2026-04-10
2026-04-10 18:00:00,136.75625610351562,148.0279571533203,160.2271728515625,179.4618682861328,209.4062561035156,257.0786437988281,2026-04-10
2026-04-10 19:00:00,175.25799560546875,275.5039321899414,289.397883605957,309.2537536621094,339.0311477661133,386.77120513916014,2026-04-10
2026-04-10 20:00:00,286.49725341796875,384.09846496582037,399.6348266601563,419.2418823242188,448.3426696777344,494.7634887695313,2026-04-10
2026-04-10 21:00:00,432.0,384.9464721679688,402.0503967285157,421.5083618164063,450.1787322998047,495.80490417480473,2026-04-10
2026-04-10 22:00:00,1300.0,216.704052734375,235.55999755859375,255.35671997070312,282.78203735351565,327.792041015625,2026-04-10
2026-04-10 23:00:00,1050.0,198.85689697265624,218.83287658691407,239.41574096679688,266.6933135986328,311.58409729003904,2026-04-10
2026-04-11 00:00:00,1050.0,177.42791137695306,210.83989868164056,231.90042114257807,250.50371704101556,277.5278869628906,2026-04-11
2026-04-11 01:00:00,487.5,91.97391052246093,130.55103454589843,155.9708709716797,179.18686218261718,211.6747283935547,2026-04-11
2026-04-11 02:00:00,450.0,52.22813110351561,94.25027465820311,122.68682861328124,149.47484130859374,187.37467041015623,2026-04-11
2026-04-11 03:00:00,317.5,91.54036865234374,134.35631103515627,165.1483154296875,195.257470703125,237.77490234375003,2026-04-11
2026-04-11 04:00:00,275.0,20.536361694335923,59.37687988281249,90.81402587890624,123.72362060546874,170.8165771484375,2026-04-11
2026-04-11 05:00:00,280.0,-3.8271545410156307,29.39126281738281,60.0115966796875,94.22614746093751,144.2499755859375,2026-04-11
2026-04-11 06:00:00,77.5,-53.27548522949219,-25.453408813476564,2.93841552734375,37.95713500976563,90.04832763671875,2026-04-11
2026-04-11 07:00:00,53.78575134277344,-73.53292236328124,-50.291001892089845,-24.53021240234375,10.645108032226567,63.2178924560547,2026-04-11
2026-04-11 08:00:00,-49.05974960327149,-70.23476867675781,-51.47769470214844,-28.01156616210937,4.94201049804688,57.20061645507813,2026-04-11
2026-04-11 09:00:00,-50.0,-6.676312255859379,8.8993408203125,30.04278564453125,61.21200866699219,112.68545837402344,2026-04-11
2026-04-11 10:00:00,-50.0,-40.888989257812504,-26.437713623046875,-5.946014404296875,23.375769042968752,74.93841552734375,2026-04-11
2026-04-11 11:00:00,-50.0,-64.07066955566407,-50.291815185546874,-30.2186279296875,0.36325683593750213,51.715124511718756,2026-04-11
2026-04-11 12:00:00,-50.0,-62.60902252197266,-50.12042999267578,-31.4090576171875,-0.9679580688476541,50.65507354736329,2026-04-11
2026-04-11 13:00:00,-50.0,-59.5211181640625,-47.392495727539064,-30.945281982421875,-1.9063812255859354,49.84060058593751,2026-04-11
2026-04-11 14:00:00,-50.0,-61.767662048339844,-50.14290313720703,-33.77294921875,-4.9498245239257805,47.4423812866211,2026-04-11
2026-04-11 15:00:00,-50.0,-63.67066650390625,-51.301144409179685,-33.494964599609375,-3.595028686523424,48.85139465332031,2026-04-11
2026-04-11 16:00:00,-50.0,-68.79250030517579,-53.930946350097656,-33.691436767578125,-2.1039993286132805,52.69020233154298,2026-04-11
2026-04-11 17:00:00,-48.42974853515625,-70.81923217773438,-52.59026184082032,-28.70050048828125,6.549096679687501,62.951818847656256,2026-04-11
2026-04-11 18:00:00,13.344499588012695,-57.954476928710946,-37.59337158203127,-10.5703125,26.446041870117185,83.82218933105469,2026-04-11
2026-04-11 19:00:00,-45.5,-58.52364807128907,-36.43291473388672,-8.735992431640625,27.805963134765626,84.25682983398438,2026-04-11
2026-04-11 20:00:00,15.64150047302246,-57.546826171875004,-33.28144226074219,-5.246246337890625,30.579901123046874,84.8512939453125,2026-04-11
2026-04-11 21:00:00,133.8767547607422,-40.433197021484375,-13.0587890625,15.0621337890625,49.96040649414063,102.2864990234375,2026-04-11
2026-04-11 22:00:00,191.604248046875,-46.30243835449218,-16.23994140624999,12.20245361328125,44.72246093750001,95.51162109375002,2026-04-11
2026-04-11 23:00:00,213.71499633789065,-52.844534301757804,-20.667089843749995,8.286529541015625,39.61298217773439,88.2994323730469,2026-04-11
2026-04-12 00:00:00,340.0,116.65863647460937,131.81314697265626,143.40586853027344,155.47295837402342,176.17033996582032,2026-04-12
2026-04-12 01:00:00,285.0,69.43218688964845,86.7078826904297,101.79949951171876,118.86683959960939,147.18054809570316,2026-04-12
2026-04-12 02:00:00,-27.868000030517575,-29.55142822265625,-11.56180725097656,6.329193115234375,27.365798950195312,60.91315612792969,2026-04-12
2026-04-12 03:00:00,-39.30950164794922,-40.427093505859375,-22.968510437011723,-3.93109130859375,19.843411254882813,57.384194946289064,2026-04-12
2026-04-12 04:00:00,37.119998931884766,-30.535379028320314,-15.419885253906251,3.362152099609375,28.314166259765628,68.80016479492188,2026-04-12
2026-04-12 05:00:00,95.385498046875,17.705522155761717,29.269120788574217,46.46870422363281,71.00007781982421,112.6615219116211,2026-04-12
2026-04-12 06:00:00,138.0332489013672,29.399882507324218,37.63743133544922,51.919769287109375,75.10538482666016,116.44318084716798,2026-04-12
2026-04-12 07:00:00,8.397000312805176,18.516567993164063,23.970901489257812,34.96807861328125,56.03548889160156,96.39696044921874,2026-04-12
2026-04-12 08:00:00,-49.385501861572266,-28.700625610351565,-25.678573608398438,-17.10113525390625,1.4283264160156257,40.48077392578125,2026-04-12
2026-04-12 09:00:00,37.5,-31.064801025390622,-29.35805053710937,-22.61166381835937,-5.793290710449213,32.17725219726563,2026-04-12
2026-04-12 10:00:00,117.2125015258789,-26.801510620117188,-25.62616882324219,-19.18048095703125,-3.3459457397460923,34.62593383789063,2026-04-12
2026-04-12 11:00:00,25.0,-24.46641845703125,-23.2019287109375,-16.580841064453125,0.835968017578125,39.193518066406256,2026-04-12
2026-04-12 12:00:00,21.294750213623047,-26.737423706054688,-25.675436401367186,-19.36962890625,-1.2919326782226541,38.17911987304688,2026-04-12
2026-04-12 13:00:00,0.0,-27.53229675292969,-26.79962158203125,-21.370819091796875,-3.174319458007812,37.57713317871094,2026-04-12
2026-04-12 14:00:00,60.0,-28.235821533203126,-27.646759033203125,-21.750762939453125,-2.5227920532226555,39.56636352539063,2026-04-12
2026-04-12 15:00:00,231.57974243164065,-33.891171264648435,-32.39007568359375,-24.8223876953125,-4.37229309082031,39.056277465820315,2026-04-12
2026-04-12 16:00:00,227.5,18.01915283203125,21.869866943359376,32.19061279296875,55.160742187500006,101.90356750488282,2026-04-12
2026-04-12 17:00:00,280.0,283.88902893066404,290.9747741699219,305.515625,333.54388427734375,383.1296569824219,2026-04-12
2026-04-12 18:00:00,282.5,481.6864532470703,491.6000457763672,510.3851318359375,541.6769134521485,593.456185913086,2026-04-12
2026-04-12 19:00:00,215.7387542724609,377.44182739257815,389.4806732177734,409.6816711425781,441.7700927734375,494.56736450195314,2026-04-12
2026-04-12 20:00:00,29.75,314.63332214355466,329.07280883789065,349.75323486328125,382.1337066650391,434.2071868896484,2026-04-12
2026-04-12 21:00:00,88.75,376.4161682128906,393.6657257080078,414.95123291015625,447.59962158203126,499.1279052734375,2026-04-12
2026-04-12 22:00:00,71.5,301.56313781738277,321.5147171020507,343.8515014648437,375.95023498535147,426.9357330322265,2026-04-12
2026-04-12 23:00:00,153.65725708007812,192.76590881347656,214.0623306274414,237.4601287841797,269.699057006836,320.0729705810547,2026-04-12
2026-04-13 00:00:00,185.60874938964844,124.15204772949218,139.8437713623047,152.2320098876953,164.8065948486328,185.40897521972656,2026-04-13
2026-04-13 01:00:00,113.09925079345705,84.08135986328125,100.98561248779296,116.71475219726562,133.8736358642578,161.18226013183593,2026-04-13
2026-04-13 02:00:00,172.5,159.91976623535157,176.8072250366211,194.78692626953125,215.45877075195312,246.97848510742188,2026-04-13
2026-04-13 03:00:00,150.0,168.41533813476562,184.66548919677734,203.80821228027344,226.8760009765625,261.4933837890625,2026-04-13
2026-04-13 04:00:00,208.989501953125,116.7339080810547,131.5865936279297,151.07968139648438,175.95897216796874,213.25293579101563,2026-04-13
2026-04-13 05:00:00,150.10174560546875,67.79642333984376,80.53459777832032,99.15408325195312,124.11495971679688,162.87032775878907,2026-04-13
2026-04-13 06:00:00,128.50050354003906,107.99268188476563,118.19316711425782,134.1719207763672,157.80176391601563,196.25860900878905,2026-04-13
2026-04-13 07:00:00,18.436250686645508,-10.31214599609375,-2.6592224121093757,10.121337890625,31.785891723632815,69.34165954589844,2026-04-13
2026-04-13 08:00:00,85.34124755859375,-35.9432861328125,-30.598437500000003,-20.089141845703125,-0.6775695800781243,35.846160888671875,2026-04-13
2026-04-13 09:00:00,-45.47299957275391,-34.63261108398437,-30.424484252929688,-21.269561767578125,-2.7751922607421875,33.4891845703125,2026-04-13
2026-04-13 10:00:00,-14.018250465393066,-31.121664428710936,-27.059161376953128,-17.92071533203125,0.21936950683593892,37.06654968261719,2026-04-13
2026-04-13 11:00:00,8.366000175476074,-24.25641784667969,-19.77391662597656,-9.90289306640625,10.505970764160157,48.59517517089844,2026-04-13
2026-04-13 12:00:00,210.0,-22.31714782714844,-17.64877624511719,-7.317047119140625,14.375604248046876,53.904727172851565,2026-04-13
2026-04-13 13:00:00,217.5,-21.531402587890625,-16.4179443359375,-6.41949462890625,15.411355590820314,55.85185852050782,2026-04-13
2026-04-13 14:00:00,182.5,-29.008340454101564,-23.778524780273436,-13.16632080078125,9.456704711914064,50.93733825683594,2026-04-13
2026-04-13 15:00:00,245.0,-35.16170654296875,-28.666183471679688,-16.62213134765625,6.7584228515625,48.67154846191407,2026-04-13
2026-04-13 16:00:00,282.5,-13.714408874511719,-4.560365295410158,9.953369140625,34.925950622558595,78.55856475830079,2026-04-13
2026-04-13 17:00:00,300.0,241.35447387695314,254.29466552734374,272.484375,300.8057159423828,345.4914459228516,2026-04-13
2026-04-13 18:00:00,287.5,313.9713653564453,329.79720611572264,351.1282958984375,381.25474853515624,426.58649291992185,2026-04-13
2026-04-13 19:00:00,285.0,300.4083526611328,317.48046112060547,339.02020263671875,368.3632141113281,412.8854675292969,2026-04-13
2026-04-13 20:00:00,280.0,237.9512481689453,256.2350021362305,277.3106994628906,305.4542572021484,347.9444061279297,2026-04-13
2026-04-13 21:00:00,280.0,260.42381896972654,280.2377960205078,301.3786926269531,329.21527404785155,370.7150177001953,2026-04-13
2026-04-13 22:00:00,285.0,229.58064575195306,251.1737655639648,273.0619506835937,300.3736328124999,341.0659545898437,2026-04-13
2026-04-13 23:00:00,280.0,240.9887939453125,262.74527130126955,285.1062927246094,312.4552398681641,352.19627380371094,2026-04-13
2026-04-14 00:00:00,452.5,302.4808013916016,317.47886352539064,326.05633544921875,333.75010375976564,346.261865234375,2026-04-14
2026-04-14 01:00:00,447.5,282.3213134765625,302.55719604492185,314.8072814941406,325.9131225585937,342.9983215332031,2026-04-14
2026-04-14 02:00:00,500.0,209.75443420410153,233.50397338867185,248.55519104003903,262.4242462158203,283.48407897949215,2026-04-14
2026-04-14 03:00:00,397.5,190.74774322509768,216.57412109375002,234.42593383789065,250.65266723632814,274.8860046386719,2026-04-14
2026-04-14 04:00:00,603.4404907226562,185.26945190429683,211.79356079101558,231.58937072753903,250.24962463378904,276.6407135009765,2026-04-14
2026-04-14 05:00:00,912.75,162.97037658691403,188.39998779296872,209.0864105224609,229.28124084472654,257.88121032714844,2026-04-14
2026-04-14 06:00:00,447.5,79.41139526367188,102.73110504150391,123.05032348632812,143.6628173828125,173.0007080078125,2026-04-14
2026-04-14 07:00:00,417.5,-39.97621154785156,-19.108674621582033,0.041839599609375,20.622937011718747,49.50574340820313,2026-04-14
2026-04-14 08:00:00,604.0,-54.616693115234376,-36.11668395996094,-18.0396728515625,1.3896057128906278,29.55711059570313,2026-04-14
2026-04-14 09:00:00,218.25,-49.16831665039063,-32.364016723632815,-15.434326171875,3.001010131835937,30.59173278808594,2026-04-14
2026-04-14 10:00:00,115.0,-46.14757232666016,-29.457066345214844,-12.1798095703125,5.732344055175787,33.619352722167974,2026-04-14
2026-04-14 11:00:00,-50.0,-40.9056640625,-23.604797363281254,-5.17291259765625,14.37174377441406,43.668017578125,2026-04-14
2026-04-14 12:00:00,-50.0,-51.56558837890625,-33.35358276367188,-13.384490966796877,8.09136047363281,39.07719116210938,2026-04-14
2026-04-14 13:00:00,-50.0,-48.19172058105469,-28.78403015136719,-7.98358154296875,14.53714294433594,46.611328125,2026-04-14
2026-04-14 14:00:00,-50.0,-46.6253662109375,-27.296740722656253,-5.90228271484375,17.41005249023437,50.359649658203125,2026-04-14
2026-04-14 15:00:00,-50.0,-54.550878906250006,-34.66954040527344,-12.590576171875,11.614001464843753,44.90576171875,2026-04-14
2026-04-14 16:00:00,-25.5,-55.90117797851563,-33.95204467773438,-10.002471923828123,15.007260131835936,49.37575378417969,2026-04-14
2026-04-14 17:00:00,149.0072479248047,4.850018310546879,30.06157836914063,56.23648071289063,82.7517761230469,116.75744018554688,2026-04-14
2026-04-14 18:00:00,224.6957550048828,204.90487365722657,231.75770568847656,259.05780029296875,285.11903076171876,318.5821228027344,2026-04-14
2026-04-14 19:00:00,289.6762390136719,255.829150390625,282.87432861328125,309.2613220214844,333.1601501464844,364.55112915039064,2026-04-14
2026-04-14 20:00:00,241.6374969482422,362.23692626953124,389.62134704589846,415.4737548828125,437.5146728515625,466.6202331542969,2026-04-14
2026-04-14 21:00:00,240.38525390625,416.21559143066406,444.3337005615234,469.9250793457031,491.17527465820314,518.9051696777344,2026-04-14
2026-04-14 22:00:00,260.0,264.7429626464844,293.7586639404297,319.68359375,340.5170654296875,368.08436279296876,2026-04-14
2026-04-14 23:00:00,255.0,204.52126770019532,233.65452575683594,259.66363525390625,281.34912109375,309.353564453125,2026-04-14
2026-04-15 00:00:00,225.0,174.85921936035152,190.16091918945307,200.31838989257807,210.36799926757806,227.83989868164056,2026-04-15
2026-04-15 01:00:00,215.0,188.77859497070315,207.6654968261719,221.37466430664065,235.82913208007815,259.74226684570317,2026-04-15
2026-04-15 02:00:00,197.5,190.3080810546875,211.6428985595703,228.73922729492188,246.9269958496094,275.9606018066406,2026-04-15
2026-04-15 03:00:00,115.01074981689452,193.59603729248047,216.51888122558594,236.04122924804688,257.1663879394531,290.3807067871094,2026-04-15
2026-04-15 04:00:00,132.5,180.95847778320308,203.61324157714841,225.14877319335935,249.25329589843747,286.72601928710935,2026-04-15
2026-04-15 05:00:00,13.166749954223633,-22.983920288085947,-2.4927032470703203,19.3701171875,45.59578552246094,86.58177185058594,2026-04-15
2026-04-15 06:00:00,-49.51499938964844,-21.362753295898436,-5.073645019531254,14.785919189453123,41.19770812988281,83.46089782714844,2026-04-15
2026-04-15 07:00:00,-52.01224899291992,-30.46499176025391,-18.314851379394533,-1.417205810546875,24.36378631591797,66.61773529052735,2026-04-15
2026-04-15 08:00:00,-49.76974868774414,-36.84177703857422,-27.61768341064453,-12.907867431640623,10.81934967041016,52.272560119628906,2026-04-15
2026-04-15 09:00:00,-50.0,-23.079647827148438,-16.08792724609375,-3.6734619140625,17.744372558593753,57.90960388183594,2026-04-15
2026-04-15 10:00:00,-50.0,-27.2452392578125,-21.357162475585938,-10.2625732421875,9.073367309570315,48.13093872070313,2026-04-15
2026-04-15 11:00:00,-50.0,-10.498049926757812,-4.7410095214843775,6.061553955078125,26.306716918945312,65.53889160156251,2026-04-15
2026-04-15 12:00:00,-50.0,-1.8693634033203157,3.8826751708984357,14.985992431640623,36.194216918945315,76.52859802246093,2026-04-15
2026-04-15 13:00:00,-50.0,-29.091406250000002,-22.638333129882813,-11.73663330078125,9.849468994140622,50.78665161132812,2026-04-15
2026-04-15 14:00:00,-50.0,-29.249267578125,-22.934939575195315,-11.60040283203125,10.71009521484375,52.53731994628906,2026-04-15
2026-04-15 15:00:00,-50.80974960327149,-45.31812438964844,-38.20779724121094,-26.28045654296875,-3.562106323242187,38.87708740234376,2026-04-15
2026-04-15 16:00:00,-53.73550033569336,-46.303993225097656,-36.47151641845703,-22.13995361328125,2.174687194824216,46.99197845458984,2026-04-15
2026-04-15 17:00:00,-51.780250549316406,-45.09882507324219,-29.636901855468754,-10.8564453125,17.376968383789062,63.29319152832032,2026-04-15
2026-04-15 18:00:00,-32.40224838256836,-47.440730285644534,-28.392950439453127,-6.28790283203125,23.729815673828128,70.19738159179688,2026-04-15
2026-04-15 19:00:00,-30.43824958801269,-1.918919372558598,18.183099365234373,40.10374450683594,68.61820983886719,113.47889099121095,2026-04-15
2026-04-15 20:00:00,11.18274974822998,-6.16116638183594,15.53116760253906,36.92387390136719,63.568423461914065,105.88950500488282,2026-04-15
2026-04-15 21:00:00,-22.902999877929688,3.844560241699213,27.28665466308593,48.03131103515625,73.26920166015626,113.54468994140625,2026-04-15
2026-04-15 22:00:00,110.2614974975586,-48.096133422851565,-22.672833251953126,-2.009552001953125,21.241979980468752,60.114678955078126,2026-04-15
2026-04-15 23:00:00,302.1397399902344,16.12158203125,42.19049987792968,62.66978454589844,85.49815368652344,123.29397888183594,2026-04-15
2026-04-16 00:00:00,360.0,149.8954650878906,166.90369567871093,178.79177856445312,190.45770874023438,209.9436279296875,2026-04-16
2026-04-16 01:00:00,295.0,203.67458953857422,222.404052734375,237.50791931152344,253.8637664794922,280.5058197021484,2026-04-16
2026-04-16 02:00:00,437.5,266.7092681884766,285.6372009277344,303.3942565917969,323.73313598632814,355.97727661132814,2026-04-16
2026-04-16 03:00:00,559.5,250.0948272705078,268.3298599243164,287.460693359375,310.85548095703126,347.69859619140624,2026-04-16
2026-04-16 04:00:00,335.0,239.38570861816407,255.16748046875,274.4435119628906,299.7911102294922,340.5720916748047,2026-04-16
2026-04-16 05:00:00,332.5,282.44244079589845,294.30072021484375,312.0765380859375,337.54560546875,380.09885559082034,2026-04-16
2026-04-16 06:00:00,300.0,333.8522583007813,341.7904418945312,356.2208251953125,380.11004638671875,422.2335632324219,2026-04-16
2026-04-16 07:00:00,255.833251953125,231.5775817871094,236.42720642089847,247.1086578369141,268.7249420166016,309.82415466308595,2026-04-16
2026-04-16 08:00:00,310.0,52.660284423828124,55.13876953125,63.51432800292969,82.44984741210938,122.14592590332032,2026-04-16
2026-04-16 09:00:00,265.0,21.104452514648433,22.083215332031244,28.72763061523437,45.82555236816406,84.2555908203125,2026-04-16
2026-04-16 10:00:00,265.0,35.410952758789065,35.787887573242195,41.87838745117188,57.39370117187501,95.26401977539064,2026-04-16
2026-04-16 11:00:00,277.5,24.6143798828125,24.850128173828125,30.59527587890625,47.300532531738284,85.35816650390626,2026-04-16
2026-04-16 12:00:00,165.0,1.4367828369140607,1.7864532470703125,6.760650634765625,24.310684204101562,63.80608215332032,2026-04-16
2026-04-16 13:00:00,40.0,-1.0714630126953129,-0.571267700195313,3.669189453125,22.03847351074219,63.54252624511719,2026-04-16
2026-04-16 14:00:00,-50.0,-18.478390502929688,-17.93033447265625,-12.787109375,7.592352294921877,51.391366577148446,2026-04-16
2026-04-16 15:00:00,-50.0,-31.4962890625,-31.002688598632812,-23.07403564453125,-0.6761428833007805,45.05442810058594,2026-04-16
2026-04-16 16:00:00,-50.0,-30.80414733886719,-27.583145141601562,-16.518310546875,8.731686401367188,58.121212768554685,2026-04-16
2026-04-16 17:00:00,-49.33324813842773,1.6325546264648416,9.360289001464842,25.23388671875,55.69432525634765,107.7078353881836,2026-04-16
2026-04-16 18:00:00,-44.22124862670898,35.71763916015625,47.283084106445315,67.68327331542969,100.92057189941406,154.04472961425782,2026-04-16
2026-04-16 19:00:00,-49.75,101.64048767089844,116.02677612304687,137.58599853515625,170.17714233398436,222.807373046875,2026-04-16
2026-04-16 20:00:00,5.803999900817871,13.42415161132812,30.36521301269531,51.90037536621094,83.29627685546875,133.41572265625,2026-04-16
2026-04-16 21:00:00,-51.760250091552734,-6.635830688476567,13.032817077636718,34.25213623046875,64.61735229492187,112.57890014648439,2026-04-16
2026-04-16 22:00:00,-51.16875076293945,12.776757812499994,34.88716125488281,56.39453125,84.91947021484376,131.308544921875,2026-04-16
2026-04-16 23:00:00,73.0,40.45630798339843,63.374359130859375,85.22567749023438,113.35272216796876,158.3964111328125,2026-04-16
2026-04-17 00:00:00,116.19100189208984,-8.378564453125001,5.578344726562497,17.45086669921875,29.88295593261718,51.32260437011719,2026-04-17
2026-04-17 01:00:00,239.75,-35.76641845703125,-19.640817260742192,-3.331451416015625,14.889453125,44.69895629882813,2026-04-17
2026-04-17 02:00:00,397.5,-19.349380493164062,-1.1299102783203132,19.12811279296875,42.07953796386719,77.4896697998047,2026-04-17
2026-04-17 03:00:00,-37.5,-34.808422851562504,-15.457630920410157,7.190032958984375,33.81885375976563,73.43847045898438,2026-04-17
2026-04-17 04:00:00,-50.0,-41.70711975097657,-23.51649627685547,0.157440185546875,29.078060913085938,71.79190368652344,2026-04-17
2026-04-17 05:00:00,17.5,-39.337414550781254,-23.026724243164065,0.23931884765625,29.9650390625,74.97362060546875,2026-04-17
2026-04-17 06:00:00,20.795499801635746,-26.412521362304688,-12.136331176757814,8.92242431640625,38.3636474609375,84.48112182617189,2026-04-17
2026-04-17 07:00:00,45.0,-22.121109008789062,-9.982040405273441,8.614837646484375,37.2679443359375,83.50055541992188,2026-04-17
2026-04-17 08:00:00,-50.0,-44.727700805664064,-34.65320434570313,-17.497772216796875,9.56772155761719,55.26793212890625,2026-04-17
2026-04-17 09:00:00,-50.0,-49.9038803100586,-40.94916534423828,-25.15228271484375,0.7285873413085966,45.76615753173829,2026-04-17
2026-04-17 10:00:00,-50.0,-44.0455795288086,-35.43644256591797,-20.17950439453125,4.407704162597653,49.03616485595704,2026-04-17
2026-04-17 11:00:00,-50.0,-39.75966033935547,-30.805421447753908,-15.450592041015623,10.35445098876954,55.063905334472665,2026-04-17
2026-04-17 12:00:00,-50.0,-49.04408416748047,-39.9425552368164,-24.889068603515625,1.1673385620117145,46.215733337402355,2026-04-17
2026-04-17 13:00:00,-50.0,-59.12708129882813,-49.56626586914062,-35.68707275390625,-10.526513671874998,33.940191650390645,2026-04-17
2026-04-17 14:00:00,-50.0,-60.08017272949219,-51.292626953125,-38.02471923828125,-13.388259887695305,30.745660400390634,2026-04-17
2026-04-17 15:00:00,-50.0,-55.05185241699219,-46.54517822265625,-33.0311279296875,-8.55734558105468,35.41232604980469,2026-04-17
2026-04-17 16:00:00,-49.16450119018555,-54.264501953125006,-44.390377807617185,-29.394683837890625,-3.5545074462890653,42.264187622070324,2026-04-17
2026-04-17 17:00:00,289.3160095214844,127.7877197265625,140.70302734375,159.37310791015625,189.62631225585938,237.05254516601565,2026-04-17
2026-04-17 18:00:00,182.5,180.03218688964841,195.4678268432617,217.5814514160156,250.78543701171873,299.8554321289062,2026-04-17
2026-04-17 19:00:00,158.87750244140625,189.8115966796875,206.2252197265625,228.79229736328125,261.81398620605466,311.1609283447266,2026-04-17
2026-04-17 20:00:00,16.036500930786133,187.05002136230465,203.87646789550777,225.76596069335935,257.832763671875,305.67643432617183,2026-04-17
2026-04-17 21:00:00,-8.5,93.9141845703125,111.67579803466798,132.8013458251953,164.13212890625002,210.3273681640625,2026-04-17
2026-04-17 22:00:00,-50.30149841308594,22.3600830078125,40.95888366699218,62.1767578125,92.18192749023439,136.83368530273438,2026-04-17
2026-04-17 23:00:00,-52.20600128173828,16.80365600585938,35.45918731689454,57.01722717285156,86.7554901123047,129.62498474121094,2026-04-17
