{"features_p99": [45220.53125, 26957.529296875, 26957.529296875, 22856.234375, 4200.0, 20993.0, 20271.79296875, 1.0], "lag_price_p99": [885.6922607421875, 942.910888671875, 839.7808837890625, 974.25048828125], "lag_actual_p99": [43729.4375, 19835.3828125, 19835.3828125, 6712.78759765625]}