ts,actual,p10,p30,p50,p70,p90,date
2026-01-27 00:00:00,485.0,864.9139526367186,913.2357055664062,935.0958251953124,961.4107910156249,1006.9497436523436,2026-01-27
2026-01-27 01:00:00,382.5,815.4944854736328,883.4661010742187,934.9097290039062,980.194091796875,1029.563427734375,2026-01-27
2026-01-27 02:00:00,392.5,777.3533996582031,848.855517578125,893.86474609375,931.1029052734375,991.1606201171875,2026-01-27
2026-01-27 03:00:00,375.0,649.7363647460937,733.9102966308594,783.7274169921875,833.6491455078125,890.157763671875,2026-01-27
2026-01-27 04:00:00,350.0,698.1352264404297,766.0839721679688,808.1514282226562,843.7985473632812,949.1164184570313,2026-01-27
2026-01-27 05:00:00,360.0,789.339306640625,864.6903381347656,908.0324096679688,944.3674377441406,1001.5236633300782,2026-01-27
2026-01-27 06:00:00,397.5,845.2671768188477,906.7345703125,963.28369140625,1014.1312744140625,1077.0213012695312,2026-01-27
2026-01-27 07:00:00,395.0,748.9820068359375,805.2961853027343,854.62353515625,917.9384582519531,1009.5376647949219,2026-01-27
2026-01-27 08:00:00,392.5,561.180647277832,615.0508666992188,658.6528930664062,720.0258178710938,772.9694274902345,2026-01-27
2026-01-27 09:00:00,315.03125,385.1345962524415,443.68366394042977,490.8717651367188,540.0745483398438,624.6905334472656,2026-01-27
2026-01-27 10:00:00,299.7330017089844,324.2546142578125,383.36912536621094,424.1376953125,480.87537841796876,552.0841796875001,2026-01-27
2026-01-27 11:00:00,552.5872802734375,441.2683303833008,488.1864837646484,551.8389892578125,597.967578125,719.4887084960938,2026-01-27
2026-01-27 12:00:00,324.2122497558594,325.8348983764648,382.34508666992184,440.65277099609375,495.8264587402344,587.6394409179687,2026-01-27
2026-01-27 13:00:00,281.8592529296875,224.58807373046875,280.24228057861325,339.3945617675781,385.46547241210936,492.6443725585937,2026-01-27
2026-01-27 14:00:00,268.1832580566406,354.72142944335945,429.65092468261724,480.3189086914063,526.7509857177735,641.0702667236328,2026-01-27
2026-01-27 15:00:00,270.23223876953125,393.67933197021483,455.79771118164064,514.866455078125,564.6064331054688,649.4600708007813,2026-01-27
2026-01-27 16:00:00,725.718994140625,606.5876998901367,662.1921295166015,727.9775390625,799.6638244628906,931.5836608886718,2026-01-27
2026-01-27 17:00:00,736.25,707.6960464477539,763.3441558837891,827.0770263671875,886.664599609375,1026.76357421875,2026-01-27
2026-01-27 18:00:00,452.5,580.9830535888672,654.1298797607421,709.3302001953125,773.6412719726562,915.6758911132813,2026-01-27
2026-01-27 19:00:00,720.083251953125,557.5474960327149,631.6829223632812,717.815185546875,775.8605895996094,888.9130554199219,2026-01-27
2026-01-27 20:00:00,337.5,667.3390975952149,719.6706176757813,784.9521484375,860.93212890625,961.1520141601562,2026-01-27
2026-01-27 21:00:00,887.5,737.4891754150391,828.8719421386719,873.45458984375,936.2920654296875,1115.0103454589844,2026-01-27
2026-01-27 22:00:00,773.5,623.4945587158203,686.5828704833984,732.9008178710938,798.5153625488281,932.1554748535157,2026-01-27
2026-01-27 23:00:00,846.0,601.4008605957031,648.038134765625,710.49072265625,769.622509765625,907.2055786132812,2026-01-27
2026-01-28 00:00:00,808.0,455.1494995117188,491.4762329101562,522.0842895507812,561.7927978515626,613.6080200195313,2026-01-28
2026-01-28 01:00:00,649.0,585.515625,652.1497192382812,698.4005126953125,728.02470703125,792.2859008789062,2026-01-28
2026-01-28 02:00:00,763.75,654.7614105224609,719.9930358886719,766.5768432617188,809.8291015625,886.6062133789062,2026-01-28
2026-01-28 03:00:00,924.5,450.7555816650391,500.0898803710937,541.4130859375,582.9508178710937,659.084423828125,2026-01-28
2026-01-28 04:00:00,1030.0,291.09690246582034,342.03008728027345,385.64404296875,426.1373779296875,501.75396728515625,2026-01-28
2026-01-28 05:00:00,1055.0,282.82727966308596,339.2676086425781,374.2353515625,416.49598388671876,479.9529052734375,2026-01-28
2026-01-28 06:00:00,1091.75,280.076333618164,343.6435943603516,383.2306213378906,445.1744323730469,516.1765808105469,2026-01-28
2026-01-28 07:00:00,971.0,283.0809051513672,333.3124298095703,378.396484375,425.7944702148437,497.3663696289062,2026-01-28
2026-01-28 08:00:00,808.75,309.4064819335938,345.53438110351567,384.2747192382813,432.3744934082032,535.5035400390626,2026-01-28
2026-01-28 09:00:00,662.875,275.59243927001955,310.3483520507813,358.4783020019531,398.6622802734375,487.11416015625,2026-01-28
2026-01-28 10:00:00,396.9392395019531,215.81541748046874,283.43211059570314,316.6246643066406,380.9773010253906,477.7844299316406,2026-01-28
2026-01-28 11:00:00,677.5,265.51913299560545,327.7486572265625,378.7333679199219,416.1131225585938,511.95612792968745,2026-01-28
2026-01-28 12:00:00,872.0,260.05865478515625,304.3816955566406,341.42303466796875,367.828564453125,495.99580078124995,2026-01-28
2026-01-28 13:00:00,462.5,235.25365295410157,286.1955902099609,319.36114501953125,349.7602966308594,408.5960205078125,2026-01-28
2026-01-28 14:00:00,292.5,238.2777618408203,286.17218322753905,335.9988708496094,363.2578186035156,470.41414184570317,2026-01-28
2026-01-28 15:00:00,378.75,233.87019805908204,273.8715057373047,309.1202697753906,340.9464172363281,441.7646179199219,2026-01-28
2026-01-28 16:00:00,887.3295288085938,420.18481292724607,463.32325744628906,497.94049072265625,529.4597625732422,623.7910125732421,2026-01-28
2026-01-28 17:00:00,579.25,593.0482330322266,648.4802093505859,682.982177734375,729.607275390625,804.9778808593751,2026-01-28
2026-01-28 18:00:00,362.5,298.1913177490234,358.7411376953125,388.684814453125,442.88075561523436,550.2696044921875,2026-01-28
2026-01-28 19:00:00,497.5,311.32286071777344,353.9725006103516,395.61669921875,453.38746337890626,530.62197265625,2026-01-28
2026-01-28 20:00:00,808.75,333.4110671997071,375.76579284667974,405.6095581054688,445.40531616210944,521.5443786621095,2026-01-28
2026-01-28 21:00:00,925.5,291.88968505859384,360.80915527343757,401.2389526367188,448.62549438476566,555.5986938476562,2026-01-28
2026-01-28 22:00:00,1068.0,314.9339263916016,347.63096923828124,394.5179443359375,459.3603149414063,514.5192260742188,2026-01-28
2026-01-28 23:00:00,1034.25,265.72775573730473,337.1675903320313,373.6506958007813,407.8850463867188,497.1837158203125,2026-01-28
2026-01-29 00:00:00,1021.75,528.7826904296875,573.197412109375,603.23388671875,632.1540405273438,671.2723266601563,2026-01-29
2026-01-29 01:00:00,1019.25,583.9890625,634.411767578125,659.994384765625,706.5460205078125,786.3992309570312,2026-01-29
2026-01-29 02:00:00,1045.25,597.2895263671875,669.5883178710938,701.946533203125,747.5232421874999,818.8503295898438,2026-01-29
2026-01-29 03:00:00,874.5,592.0106506347656,662.4290771484375,702.2938842773438,756.4591186523437,813.8712890625,2026-01-29
2026-01-29 04:00:00,905.25,554.6524780273437,633.6567199707031,671.6741943359375,718.7766845703125,798.9178833007812,2026-01-29
2026-01-29 05:00:00,558.7935180664062,522.8774444580079,596.8181884765625,631.0985717773438,670.4715942382812,784.0189208984375,2026-01-29
2026-01-29 06:00:00,764.0,543.6442352294922,597.3714172363282,637.3768310546875,688.8794738769532,775.0195007324219,2026-01-29
2026-01-29 07:00:00,470.0,450.86304626464846,516.6558532714844,583.6046142578125,652.9470947265625,740.1082275390625,2026-01-29
2026-01-29 08:00:00,345.0,323.179476928711,369.4807800292969,405.5183715820313,446.41915283203133,535.2452453613282,2026-01-29
2026-01-29 09:00:00,474.5032348632813,351.63666992187507,417.22875671386726,458.7688598632813,516.4867797851563,648.0301147460938,2026-01-29
2026-01-29 10:00:00,672.2529907226562,455.19642944335936,514.4502655029297,557.8803100585938,589.3690124511719,715.630615234375,2026-01-29
2026-01-29 11:00:00,943.1799926757812,592.5559631347656,666.7185668945312,707.6030883789062,740.7315368652344,867.7241333007812,2026-01-29
2026-01-29 12:00:00,855.0,574.2976043701171,612.518344116211,670.355712890625,733.7645874023438,857.3525756835937,2026-01-29
2026-01-29 13:00:00,692.5,480.92201843261716,521.5099182128906,567.59765625,598.8964965820312,690.6274291992188,2026-01-29
2026-01-29 14:00:00,372.5,456.94979095458984,503.7903717041016,535.2626953125,608.2418701171875,709.3472900390625,2026-01-29
2026-01-29 15:00:00,564.4657592773438,478.81470947265626,541.7571868896484,615.422119140625,680.3865661621094,790.8659057617188,2026-01-29
2026-01-29 16:00:00,915.75,541.2058563232422,601.6908752441407,657.140869140625,693.7641052246094,815.4706848144531,2026-01-29
2026-01-29 17:00:00,633.75,317.28221740722654,365.1567901611328,416.9317932128906,465.3184020996094,640.6755432128906,2026-01-29
2026-01-29 18:00:00,437.5,295.65107421875,366.13596801757814,425.17724609375,480.527099609375,589.7301391601562,2026-01-29
2026-01-29 19:00:00,395.0,295.5854675292969,364.2427124023438,415.0725708007813,486.19011230468755,632.9383422851563,2026-01-29
2026-01-29 20:00:00,836.5,295.77582397460935,356.4570495605469,389.36767578125,424.2261962890625,527.71689453125,2026-01-29
2026-01-29 21:00:00,1248.5,269.7919158935547,327.40443115234376,397.9452819824219,462.61516723632815,572.2882751464844,2026-01-29
2026-01-29 22:00:00,1184.5,297.5460174560547,354.50184326171876,401.735107421875,453.70558471679686,582.3111938476562,2026-01-29
2026-01-29 23:00:00,814.5,267.82992248535163,333.58341674804694,399.9500122070313,446.68173217773443,580.1109619140625,2026-01-29
2026-01-30 00:00:00,954.5,420.1217956542969,490.7574035644531,515.7379150390625,554.9001281738281,604.6654479980468,2026-01-30
2026-01-30 01:00:00,805.0,380.12769470214846,445.16779174804685,497.3165588378906,534.3668884277344,582.3832580566407,2026-01-30
2026-01-30 02:00:00,445.0,414.723193359375,492.57973022460936,534.529541015625,573.3318786621094,634.2726013183594,2026-01-30
2026-01-30 03:00:00,458.082763671875,471.32558288574216,536.8760498046875,576.261962890625,627.7919799804688,679.3341552734375,2026-01-30
2026-01-30 04:00:00,527.75,464.33262634277344,533.0543151855469,573.8858642578125,611.6408569335938,671.6407470703125,2026-01-30
2026-01-30 05:00:00,393.75,407.5144592285156,462.0596557617188,507.74359130859375,547.9533325195313,604.861083984375,2026-01-30
2026-01-30 06:00:00,350.0,404.6316650390625,485.9413696289063,515.571533203125,574.126904296875,658.947802734375,2026-01-30
2026-01-30 07:00:00,350.0,350.9357025146484,415.34044189453124,463.0565185546875,504.22236328125,618.5524658203125,2026-01-30
2026-01-30 08:00:00,487.5,294.2814514160156,363.6616241455078,411.397705078125,457.6207580566406,546.549609375,2026-01-30
2026-01-30 09:00:00,410.1545104980469,285.7406341552734,338.4614685058594,389.6075134277344,431.34056396484374,516.0702026367187,2026-01-30
2026-01-30 10:00:00,416.8030090332031,261.67942962646487,317.43450927734375,376.6450500488281,417.8314575195312,498.16889038085935,2026-01-30
2026-01-30 11:00:00,418.6889953613281,305.8345474243164,357.28486328125,411.739990234375,454.1707275390625,531.0923278808593,2026-01-30
2026-01-30 12:00:00,337.5,297.2287536621094,340.67283325195314,395.4804382324219,441.83131713867186,543.6595642089844,2026-01-30
2026-01-30 13:00:00,195.0,235.35104675292968,296.6783874511719,336.4850769042969,364.30048217773435,472.5862365722656,2026-01-30
2026-01-30 14:00:00,220.0,246.64908447265626,294.83858032226567,335.818115234375,400.153759765625,460.7212768554688,2026-01-30
2026-01-30 15:00:00,140.0,224.95499267578126,297.8835113525391,349.6922607421875,390.82285766601564,490.8531555175781,2026-01-30
2026-01-30 16:00:00,280.0,558.1422119140625,618.9436004638671,648.946044921875,686.4936706542969,774.1226379394532,2026-01-30
2026-01-30 17:00:00,562.5,434.29370269775393,510.2214660644531,565.51171875,621.3946655273437,753.6655517578125,2026-01-30
2026-01-30 18:00:00,342.5,416.98604888916014,480.84116516113284,531.6363525390625,600.7762817382812,706.4304809570312,2026-01-30
2026-01-30 19:00:00,342.5,309.9591369628907,385.32977905273447,443.7633666992188,489.58455810546883,559.0393188476563,2026-01-30
2026-01-30 20:00:00,330.0,302.89933624267576,370.017822265625,406.8245849609375,449.95811767578124,506.6093383789062,2026-01-30
2026-01-30 21:00:00,345.0,411.7552032470703,483.05498962402345,545.30029296875,586.9675354003906,717.0839294433594,2026-01-30
2026-01-30 22:00:00,350.0,429.08550415039065,483.79448852539065,539.7780151367188,587.8242492675781,732.0247680664063,2026-01-30
2026-01-30 23:00:00,537.5,317.4450469970704,383.046371459961,443.2536010742188,490.27462768554693,597.79091796875,2026-01-30
2026-01-31 00:00:00,345.0,372.9334686279297,394.06614685058594,410.190185546875,424.77281494140624,464.02886962890625,2026-01-31
2026-01-31 01:00:00,372.5,372.8038757324219,403.3222290039063,432.6648254394531,448.92628479003906,485.7867889404297,2026-01-31
2026-01-31 02:00:00,340.0,386.36408081054685,411.0540771484375,435.0145263671875,463.9128082275391,515.7632781982422,2026-01-31
2026-01-31 03:00:00,352.5,352.215673828125,378.4354705810547,404.9266662597656,426.1685028076172,462.16822814941406,2026-01-31
2026-01-31 04:00:00,460.0,325.13746032714846,374.1050262451172,398.0971984863281,431.632470703125,481.43721313476567,2026-01-31
2026-01-31 05:00:00,397.5,307.6985427856445,346.3068023681641,372.0845642089844,405.64223022460936,476.6340789794922,2026-01-31
2026-01-31 06:00:00,117.5,279.81603088378904,319.8423828125,349.6868896484375,374.7653625488281,435.05675659179684,2026-01-31
2026-01-31 07:00:00,230.0,310.2497833251953,339.0800323486328,369.9674987792969,409.62042541503905,462.95570678710936,2026-01-31
2026-01-31 08:00:00,100.0,273.81361083984376,301.30214538574216,338.278564453125,382.2633361816406,426.37860717773435,2026-01-31
2026-01-31 09:00:00,-10.0,187.694873046875,217.3735870361328,256.4320983886719,289.2567840576172,340.70630798339846,2026-01-31
2026-01-31 10:00:00,-25.0,3.4452194213867244,45.3657470703125,78.532958984375,108.76399230957033,151.46112976074218,2026-01-31
2026-01-31 11:00:00,-50.0,12.343762207031247,63.12371978759766,103.35653686523438,145.22139587402344,205.2540069580078,2026-01-31
2026-01-31 12:00:00,-50.0,-51.44832000732421,-19.133285522460938,15.073333740234377,42.349969482421876,75.99787902832031,2026-01-31
2026-01-31 13:00:00,-50.0,-99.32745208740236,-64.73345947265626,-30.467742919921875,-3.6147766113281428,36.99237670898435,2026-01-31
2026-01-31 14:00:00,-50.0,-109.83529357910156,-65.61497497558594,-38.51953125,-10.455615234375,14.784402465820314,2026-01-31
2026-01-31 15:00:00,-50.0,-141.5078552246094,-94.26103210449219,-56.61614990234375,-19.706930541992186,18.560107421875003,2026-01-31
2026-01-31 16:00:00,-50.0,-47.21599884033205,-5.537362670898453,27.30499267578125,64.59898071289061,111.70092163085936,2026-01-31
2026-01-31 17:00:00,405.0,112.0001922607422,149.2761444091797,176.12948608398438,205.65558166503905,276.22655334472654,2026-01-31
2026-01-31 18:00:00,282.5,173.9411163330078,217.1201141357422,259.0307312011719,286.26683654785154,358.8181854248047,2026-01-31
2026-01-31 19:00:00,212.5,104.10148925781247,148.03680419921872,183.67416381835935,214.83557434082027,261.5354888916015,2026-01-31
2026-01-31 20:00:00,222.2400054931641,27.023036193847645,76.73344726562499,111.75944519042967,141.35275878906248,210.49845581054686,2026-01-31
2026-01-31 21:00:00,265.0,68.11174621582032,102.59925842285156,123.9415283203125,153.9286102294922,239.06305847167968,2026-01-31
2026-01-31 22:00:00,280.0,3.986401367187497,59.48544006347656,86.97544860839844,124.17973327636719,186.3931121826172,2026-01-31
2026-01-31 23:00:00,318.0692443847656,-22.218389892578116,17.65603942871094,49.572174072265625,89.5517333984375,151.52837524414062,2026-01-31
2026-02-01 00:00:00,327.5,120.90104827880859,142.27500915527344,158.5818328857422,174.42560119628905,194.3724609375,2026-02-01
2026-02-01 01:00:00,320.0,66.56752471923829,98.29884643554686,121.07980346679688,136.2773010253906,169.48807373046876,2026-02-01
2026-02-01 02:00:00,311.25,82.63343963623046,115.72943725585938,134.5941162109375,153.2745819091797,182.58165588378907,2026-02-01
2026-02-01 03:00:00,362.5,93.96536865234377,136.58244781494142,160.49830627441406,177.9340301513672,214.41453552246094,2026-02-01
2026-02-01 04:00:00,205.0,110.29533538818359,142.23064117431642,174.02548217773438,190.3904602050781,238.8985137939453,2026-02-01
2026-02-01 05:00:00,231.0,47.533084106445315,94.72060852050782,129.48223876953125,157.2258758544922,226.83798828124998,2026-02-01
2026-02-01 06:00:00,25.0,28.033721923828125,76.83111877441407,111.1021728515625,140.87981872558595,193.81792602539062,2026-02-01
2026-02-01 07:00:00,122.25,-62.47014770507812,-1.8586898803710916,25.32586669921875,56.664459228515625,93.74328002929687,2026-02-01
2026-02-01 08:00:00,68.32849884033203,-105.62261657714843,-66.3590087890625,-23.779296875,4.069351196289045,48.19912414550781,2026-02-01
2026-02-01 09:00:00,-50.0,-118.02630920410157,-70.15532989501952,-29.8236083984375,-5.978689575195304,23.946649169921884,2026-02-01
2026-02-01 10:00:00,-50.0,-120.91392211914062,-77.70871276855468,-39.143157958984375,-12.611651611328124,26.50668945312502,2026-02-01
2026-02-01 11:00:00,-50.0,-98.06604461669923,-59.08864898681641,-29.438934326171875,6.108039855957003,44.68656768798829,2026-02-01
2026-02-01 12:00:00,-50.0,-145.09304809570312,-85.82503509521484,-53.1719970703125,-29.79372253417969,28.633474731445304,2026-02-01
2026-02-01 13:00:00,-50.0,-126.40626525878906,-75.80424041748047,-47.168701171875,-5.9301910400390625,28.92514343261719,2026-02-01
2026-02-01 14:00:00,-50.0,-108.46798248291017,-69.7252182006836,-43.86929321289063,-3.959373474121101,58.27624359130861,2026-02-01
2026-02-01 15:00:00,-50.0,-114.8384292602539,-74.72848052978516,-43.276641845703125,-16.964353942871096,32.84703521728517,2026-02-01
2026-02-01 16:00:00,-50.0,-89.55265502929687,-28.85291748046875,-2.53564453125,27.720538330078124,65.82783508300781,2026-02-01
2026-02-01 17:00:00,215.2567443847656,116.58777160644532,168.8718536376953,192.17987060546875,223.84140625,266.38683166503904,2026-02-01
2026-02-01 18:00:00,415.0,176.65497131347655,217.97825469970704,260.3570861816406,301.6685363769531,354.74903564453126,2026-02-01
2026-02-01 19:00:00,310.0,217.68921508789063,271.2055877685547,300.3067321777344,327.4983337402344,382.92384643554686,2026-02-01
2026-02-01 20:00:00,295.0,256.2759948730469,289.3557418823242,320.1120910644531,353.71229248046876,396.5467498779297,2026-02-01
2026-02-01 21:00:00,400.0,288.5144348144531,332.3956604003906,360.6492004394531,402.91552734375,449.4841369628906,2026-02-01
2026-02-01 22:00:00,307.5,282.68687438964844,337.90530853271486,370.4832458496094,406.0372741699219,473.6542602539063,2026-02-01
2026-02-01 23:00:00,562.5,314.25293426513673,348.20740814208983,367.4989013671875,410.0950469970703,459.2385498046875,2026-02-01
2026-02-02 00:00:00,495.0,337.776513671875,378.80134887695317,399.033203125,421.9589599609375,466.0052185058594,2026-02-02
2026-02-02 01:00:00,480.0,321.67178039550777,387.0067413330078,420.9948425292969,448.6031921386719,499.55360717773436,2026-02-02
2026-02-02 02:00:00,502.5,313.43595428466796,346.9563903808594,381.3163146972656,413.9644775390625,484.17498779296875,2026-02-02
2026-02-02 03:00:00,600.0,317.6520660400391,357.0390960693359,394.51861572265625,418.9485290527344,527.3822692871094,2026-02-02
2026-02-02 04:00:00,507.5,340.8489624023438,386.5818420410156,409.683837890625,459.2257507324219,528.3886596679688,2026-02-02
2026-02-02 05:00:00,430.0,292.25311584472655,344.96710205078125,371.024658203125,397.28594665527345,477.60169982910156,2026-02-02
2026-02-02 06:00:00,112.5,299.2315505981445,339.59364929199216,379.2023010253906,415.7738098144531,477.7470275878906,2026-02-02
2026-02-02 07:00:00,255.0,325.48614501953125,377.34031829833987,415.2640380859375,454.77618408203125,536.7524383544921,2026-02-02
2026-02-02 08:00:00,272.5,317.5022216796875,352.7718505859375,387.9040222167969,419.5367462158203,491.86646423339846,2026-02-02
2026-02-02 09:00:00,-23.221250534057617,295.5806182861328,343.3385299682617,378.7691955566406,423.04283447265624,470.9146789550781,2026-02-02
2026-02-02 10:00:00,-50.0,3.777911376953142,63.36394195556641,100.66462707519533,152.08304138183595,279.897982788086,2026-02-02
2026-02-02 11:00:00,277.5,-56.40573425292969,-0.08022613525390554,30.174835205078125,68.16138305664063,128.7000244140625,2026-02-02
2026-02-02 12:00:00,12.5,-120.57514038085937,-34.51204071044922,1.32159423828125,54.038876342773435,131.51958923339842,2026-02-02
2026-02-02 13:00:00,-50.0,-108.30241088867187,-66.23944091796875,-16.23956298828125,24.131274414062496,104.53707885742188,2026-02-02
2026-02-02 14:00:00,-50.0,-133.7360626220703,-89.08203125,-30.989166259765625,21.398040771484375,116.77678222656249,2026-02-02
2026-02-02 15:00:00,-50.0,-116.2460205078125,-53.56220245361328,-12.2967529296875,15.890383911132812,84.20594482421875,2026-02-02
2026-02-02 16:00:00,20.0,179.39583740234377,223.05987243652345,261.1426696777344,295.80286865234376,417.9210327148437,2026-02-02
2026-02-02 17:00:00,458.75,305.04106140136724,357.60227813720707,405.7532348632813,459.8454467773438,573.3630920410156,2026-02-02
2026-02-02 18:00:00,197.5,317.87901000976564,379.9395050048828,419.8944091796875,474.8016326904297,565.6174224853515,2026-02-02
2026-02-02 19:00:00,35.0,303.42185974121094,370.3535781860352,399.7230224609375,463.0336883544922,544.2578094482421,2026-02-02
2026-02-02 20:00:00,10.006750106811523,203.7709228515625,266.16168518066405,307.2051696777344,353.1973083496094,473.22975463867186,2026-02-02
2026-02-02 21:00:00,123.63400268554688,145.95635681152345,205.03609161376954,260.8460388183594,306.290966796875,530.119091796875,2026-02-02
2026-02-02 22:00:00,-36.65975189208984,-1.8813781738281108,59.710046386718766,115.5693817138672,158.95008850097656,312.8959197998047,2026-02-02
2026-02-02 23:00:00,-50.0,100.08601226806644,159.55799560546876,202.85806274414065,247.39795532226566,342.4104858398438,2026-02-02
2026-02-03 00:00:00,191.19325256347656,100.91336975097657,126.997705078125,143.32452392578125,152.29889831542968,172.09064025878905,2026-02-03
2026-02-03 01:00:00,245.0,59.793966674804686,82.45479736328124,101.89999389648438,116.60939178466796,142.34801483154297,2026-02-03
2026-02-03 02:00:00,170.0,20.866561889648438,48.094546508789065,65.94090270996094,82.68263397216796,119.41830139160156,2026-02-03
2026-02-03 03:00:00,165.0,7.453181457519534,43.91363677978516,66.91009521484375,76.92106170654297,151.1836410522461,2026-02-03
2026-02-03 04:00:00,197.5,4.72641296386719,34.32239990234375,53.69245910644531,72.700830078125,118.80482788085938,2026-02-03
2026-02-03 05:00:00,225.0,-13.666403198242186,17.985940551757814,38.45570373535156,63.807369995117185,127.9905792236328,2026-02-03
2026-02-03 06:00:00,186.9812469482422,-22.06015625,6.727593994140626,37.22590637207031,66.17235412597657,122.29735717773437,2026-02-03
2026-02-03 07:00:00,42.65549850463867,10.980787658691405,37.110990905761724,56.00929260253906,86.89556884765625,149.05547637939455,2026-02-03
2026-02-03 08:00:00,-48.74325180053711,-53.70648193359375,-27.3393310546875,-5.37249755859375,15.036415100097656,114.20528869628907,2026-02-03
2026-02-03 09:00:00,-50.0,-83.96936492919922,-52.65554656982422,-27.38079833984375,-3.150698852539062,77.4164810180664,2026-02-03
2026-02-03 10:00:00,-50.0,-84.27110290527344,-52.68937377929687,-27.415802001953125,-9.840972900390629,27.425897216796884,2026-02-03
2026-02-03 11:00:00,-50.0,29.12222900390625,56.04176330566406,68.0701904296875,93.76515197753906,159.91121520996091,2026-02-03
2026-02-03 12:00:00,-50.0,-112.10125732421875,-80.61109924316406,-49.55096435546875,-31.40851287841797,8.327154541015624,2026-02-03
2026-02-03 13:00:00,-50.0,-94.510009765625,-62.32502136230468,-33.365325927734375,-11.200518798828124,48.36592407226563,2026-02-03
2026-02-03 14:00:00,-50.0,-73.97660217285156,-45.1350830078125,-25.87240600585937,1.6778121948242202,103.18518981933593,2026-02-03
2026-02-03 15:00:00,-50.0,-95.9220703125,-53.94374084472656,-28.222686767578125,8.485093688964845,49.99582214355469,2026-02-03
2026-02-03 16:00:00,-50.0,-37.727272033691406,-4.766218566894533,23.71054077148437,79.1928482055664,124.67518463134765,2026-02-03
2026-02-03 17:00:00,-22.77775001525879,88.85915069580078,115.16570281982422,155.6558380126953,183.85411224365234,233.03861236572266,2026-02-03
2026-02-03 18:00:00,27.833499908447266,61.06389770507813,103.38833770751953,134.61236572265625,174.545361328125,259.6587432861328,2026-02-03
2026-02-03 19:00:00,60.0,-21.287597656249986,8.044007873535165,48.7147216796875,92.48540649414063,157.02994689941406,2026-02-03
2026-02-03 20:00:00,151.2532501220703,-6.668565368652345,30.118499755859375,50.12309265136719,93.14672088623047,275.9660140991211,2026-02-03
2026-02-03 21:00:00,184.65550231933597,-34.9406005859375,-0.7338073730468722,31.943084716796875,65.27334747314453,153.01952514648437,2026-02-03
2026-02-03 22:00:00,125.0,-35.06460266113281,-4.675805664062498,16.353271484375,60.60732727050781,110.33230895996094,2026-02-03
2026-02-03 23:00:00,125.0,-74.69139709472655,-31.070199584960935,-5.18310546875,43.8739990234375,166.5568420410156,2026-02-03
2026-02-04 00:00:00,155.0,4.7869216918945305,17.055102539062503,27.85162353515625,37.492803955078124,68.97518005371091,2026-02-04
2026-02-04 01:00:00,205.0,13.231240844726564,34.104339599609375,48.73204040527344,69.45231018066406,119.29021759033203,2026-02-04
2026-02-04 02:00:00,257.5,75.34810638427734,108.62745208740235,126.96340942382812,142.2912139892578,185.5465530395508,2026-02-04
2026-02-04 03:00:00,102.5,22.11649780273438,51.51585693359375,75.32106018066406,98.84587860107422,156.64361877441405,2026-02-04
2026-02-04 04:00:00,-50.0,-22.930686950683594,5.039497375488281,26.06121826171875,52.438682556152344,115.52779998779296,2026-02-04
2026-02-04 05:00:00,-50.0,-96.94748229980468,-65.60367584228516,-36.061370849609375,-4.590823364257815,46.26035766601562,2026-02-04
2026-02-04 06:00:00,-50.0,-83.07787017822265,-53.53757019042969,-33.62396240234375,-14.619766235351562,60.791136169433585,2026-02-04
2026-02-04 07:00:00,-50.0,-90.6788558959961,-56.762055969238276,-37.536407470703125,-6.385823059082032,42.17159576416016,2026-02-04
2026-02-04 08:00:00,-50.0,-88.68517150878907,-57.76869201660156,-42.354736328125,-23.022685241699218,30.593484497070307,2026-02-04
2026-02-04 09:00:00,-50.0,-80.894189453125,-55.263525390625,-37.93218994140625,-12.995294189453126,29.53836669921874,2026-02-04
2026-02-04 10:00:00,-50.0,-91.01775512695313,-65.02726135253907,-43.73794555664063,-24.085629272460945,45.7874084472656,2026-02-04
2026-02-04 11:00:00,-50.0,-84.427001953125,-45.44005737304687,-25.051483154296875,-3.61541748046875,30.82011566162108,2026-02-04
2026-02-04 12:00:00,-50.0,-89.7638671875,-68.28394775390625,-46.87518310546875,-22.886485290527343,57.76853942871094,2026-02-04
2026-02-04 13:00:00,-50.0,-94.75476989746093,-71.91131896972657,-46.4918212890625,-26.000602722167965,37.1766845703125,2026-02-04
2026-02-04 14:00:00,-50.0,-86.92073516845703,-55.5924789428711,-42.145263671875,-7.1541748046875,59.239479064941406,2026-02-04
2026-02-04 15:00:00,-50.0,-100.89950866699219,-67.26759338378906,-33.386810302734375,-8.599406433105461,60.00391845703125,2026-02-04
2026-02-04 16:00:00,-50.0,-91.42450714111328,-61.869169616699224,-37.1640625,-7.400776672363278,88.9488540649414,2026-02-04
2026-02-04 17:00:00,27.0,-38.371192932128906,-4.846321105957031,32.374237060546875,64.6380386352539,114.61101837158203,2026-02-04
2026-02-04 18:00:00,131.333251953125,186.23813629150393,224.46028594970707,255.60716247558597,284.86307220458986,376.94795684814454,2026-02-04
2026-02-04 19:00:00,25.10650062561035,158.5733093261719,197.24029541015628,242.63150024414065,296.37034606933594,403.33862915039066,2026-02-04
2026-02-04 20:00:00,55.09149932861328,172.25992126464843,206.6577346801758,237.3398895263672,283.58116149902344,325.5344512939453,2026-02-04
2026-02-04 21:00:00,83.56575012207031,201.65402221679688,235.40084075927734,261.296875,307.5666931152344,384.88111877441406,2026-02-04
2026-02-04 22:00:00,24.95249938964844,223.30281372070306,257.29600067138665,293.0062866210937,320.7645355224609,399.2956420898437,2026-02-04
2026-02-04 23:00:00,194.1000061035156,220.32038116455078,244.35320739746095,267.423095703125,291.4939163208008,385.68921051025393,2026-02-04
2026-02-05 00:00:00,365.0,368.31690368652346,386.06674041748045,395.8963317871094,405.55992431640624,427.7292449951172,2026-02-05
2026-02-05 01:00:00,232.5,329.0580139160156,354.57167358398436,366.767578125,384.67835540771483,415.72169494628906,2026-02-05
2026-02-05 02:00:00,330.0,310.3445739746094,331.03406829833983,355.0595703125,373.03116607666016,413.2831634521484,2026-02-05
2026-02-05 03:00:00,287.5,335.9650817871094,366.4083480834961,380.2339782714844,405.73499450683596,465.5685516357422,2026-02-05
2026-02-05 04:00:00,292.5,309.38428192138673,362.8696685791016,381.2893371582031,409.67326202392576,457.19392852783204,2026-02-05
2026-02-05 05:00:00,325.0,323.6557647705078,352.4084777832031,368.1282653808594,389.81407775878904,436.05748291015624,2026-02-05
2026-02-05 06:00:00,327.5,360.6474182128906,391.96347961425784,410.6486511230469,430.6674301147461,480.75196228027346,2026-02-05
2026-02-05 07:00:00,476.0,405.38804779052737,434.67842254638674,453.98681640625,471.242497253418,517.3108901977539,2026-02-05
2026-02-05 08:00:00,558.5,321.13634490966797,345.3249801635742,367.7344665527344,385.3390090942383,435.7218246459961,2026-02-05
2026-02-05 09:00:00,394.47650146484375,224.80987701416015,249.0898452758789,265.24658203125,286.8437026977539,346.2174819946289,2026-02-05
2026-02-05 10:00:00,189.4620056152344,-9.42173004150391,9.832588195800778,28.33578491210937,51.046200561523435,98.08518524169922,2026-02-05
2026-02-05 11:00:00,142.1875,51.37141113281252,83.97942810058595,102.2827606201172,131.99149475097659,182.5023651123047,2026-02-05
2026-02-05 12:00:00,-50.0,-60.95164947509765,-34.62223663330078,-21.724822998046875,0.04866485595703196,64.52823028564453,2026-02-05
2026-02-05 13:00:00,-50.0,-81.45994873046874,-51.25736999511719,-28.995086669921875,-12.974195861816408,59.30252685546877,2026-02-05
2026-02-05 14:00:00,-50.0,-67.96760406494141,-43.95411834716796,-20.2578125,-1.1457534790039112,55.407405090332034,2026-02-05
2026-02-05 15:00:00,-50.0,-86.2644561767578,-50.131228637695315,-19.74188232421875,-0.6359390258789119,54.75285644531252,2026-02-05
2026-02-05 16:00:00,700.0,74.95414886474609,108.98928985595703,124.5517120361328,153.51011657714844,196.87289276123045,2026-02-05
2026-02-05 17:00:00,665.25,395.5702331542969,426.6326385498047,444.854736328125,469.1691009521484,532.0193664550782,2026-02-05
2026-02-05 18:00:00,627.0,620.4647964477539,651.1536483764648,680.1743774414062,704.5631973266602,758.363639831543,2026-02-05
2026-02-05 19:00:00,712.75,509.1763885498047,541.5438369750976,560.493408203125,592.9966979980469,655.0531646728516,2026-02-05
2026-02-05 20:00:00,412.1292419433594,556.5335083007812,589.3678482055664,618.2303466796875,642.9544097900391,707.8825103759766,2026-02-05
2026-02-05 21:00:00,534.2857666015625,609.881184387207,636.3184143066406,670.033935546875,698.5446334838867,755.1560470581055,2026-02-05
2026-02-05 22:00:00,500.0,330.5040939331055,361.0924575805664,391.26177978515625,430.84928741455076,466.0023422241211,2026-02-05
2026-02-05 23:00:00,487.5,360.5774490356445,387.00161895751955,419.06591796875,460.1824661254883,509.5623306274414,2026-02-05
2026-02-06 00:00:00,477.5,360.83519592285154,372.5690521240234,384.91412353515625,401.3372833251953,422.67677001953126,2026-02-06
2026-02-06 01:00:00,430.0,366.5169281005859,391.8913818359375,408.122802734375,424.24839782714844,446.2102874755859,2026-02-06
2026-02-06 02:00:00,500.0,362.3790344238281,399.25831604003906,416.2781982421875,434.49444580078125,501.70750122070314,2026-02-06
2026-02-06 03:00:00,590.6875,351.05141754150395,402.1903625488282,426.3442993164063,450.24877319335945,494.9026489257813,2026-02-06
2026-02-06 04:00:00,793.5,299.6789794921875,363.04115295410156,383.26702880859375,406.9351776123047,453.07521057128906,2026-02-06
2026-02-06 05:00:00,751.9614868164062,262.51819610595703,345.78612670898434,373.03326416015625,391.77272644042966,446.23148803710933,2026-02-06
2026-02-06 06:00:00,425.0,297.05172576904295,327.37194061279297,376.2100830078125,401.52867126464844,437.84515075683595,2026-02-06
2026-02-06 07:00:00,537.5,302.49640197753905,355.1833297729492,401.03070068359375,421.0296447753906,480.81398315429686,2026-02-06
2026-02-06 08:00:00,436.5352478027344,245.87305908203126,307.0865768432617,363.44921875,394.0943908691406,447.95830688476565,2026-02-06
2026-02-06 09:00:00,367.35101318359375,254.0865051269531,303.584733581543,345.2939758300781,393.2946716308594,465.8903411865234,2026-02-06
2026-02-06 10:00:00,195.0,254.62986755371094,295.6699645996094,323.8216247558594,365.4470550537109,440.2911315917969,2026-02-06
2026-02-06 11:00:00,393.7027587890625,263.59044342041017,298.01833190917966,330.7976989746094,383.43029022216797,443.18709869384764,2026-02-06
2026-02-06 12:00:00,380.8664855957031,267.60748291015625,310.01464996337893,332.62548828125,381.7848663330078,427.71796264648435,2026-02-06
2026-02-06 13:00:00,233.6202545166016,154.19660339355468,189.45487518310546,210.8847198486328,251.66778259277345,329.5310028076172,2026-02-06
2026-02-06 14:00:00,186.2875061035156,129.7888153076172,161.85806732177736,193.0596466064453,230.6119415283203,277.86338806152344,2026-02-06
2026-02-06 15:00:00,-37.5,180.51434326171878,219.2774597167969,254.5852203369141,310.77192993164067,378.69495849609376,2026-02-06
2026-02-06 16:00:00,-50.0,215.77943115234376,254.31945190429687,303.352294921875,340.6218658447266,385.7804809570313,2026-02-06
2026-02-06 17:00:00,135.93374633789062,264.12127990722655,312.06327667236326,337.461181640625,375.3363830566406,451.24953002929686,2026-02-06
2026-02-06 18:00:00,64.0,265.7402008056641,302.8690551757813,338.0039367675781,418.07127990722654,470.4841033935547,2026-02-06
2026-02-06 19:00:00,60.98199844360352,182.26728210449218,260.7118896484375,318.3376159667969,352.0349548339844,428.6038757324219,2026-02-06
2026-02-06 20:00:00,60.0,172.30942077636712,224.06318817138666,278.1112670898437,310.19811096191404,423.81412048339837,2026-02-06
2026-02-06 21:00:00,91.0,179.54256439208984,235.27839050292968,276.834716796875,320.23870544433595,395.8233612060547,2026-02-06
2026-02-06 22:00:00,170.0,126.7834243774414,187.3920669555664,228.6647491455078,275.0008148193359,364.58985290527346,2026-02-06
2026-02-06 23:00:00,107.5,158.72000427246093,214.52450866699218,265.6185607910156,299.56321105957034,402.3607635498047,2026-02-06
2026-02-07 00:00:00,20.0,73.99638977050782,85.72343444824219,93.23556518554688,100.84247589111328,117.63698272705078,2026-02-07
2026-02-07 01:00:00,-50.0,19.74190979003907,31.939489746093756,40.29409790039063,51.404969787597665,74.563330078125,2026-02-07
2026-02-07 02:00:00,97.5,2.063523864746095,23.454280090332034,37.29142761230469,52.3603759765625,80.6193862915039,2026-02-07
2026-02-07 03:00:00,-50.0,-49.759596252441405,-15.006571960449218,3.6337890625,20.398518371582032,73.98868255615236,2026-02-07
2026-02-07 04:00:00,120.0,-59.18192749023437,-22.19152374267578,-1.00823974609375,18.087884521484373,55.004565429687496,2026-02-07
2026-02-07 05:00:00,0.0,-68.68580322265625,-34.493379211425776,-11.6708984375,22.54019775390625,62.37888488769531,2026-02-07
2026-02-07 06:00:00,50.0,-64.09959564208984,-34.91307830810547,-14.461456298828123,10.048835754394533,63.71225128173829,2026-02-07
2026-02-07 07:00:00,140.0,-75.84090270996094,-49.174658203125,-28.31158447265625,-7.884146118164079,60.13130493164063,2026-02-07
2026-02-07 08:00:00,-50.0,-89.32231597900392,-51.657012939453125,-36.28778076171875,-19.354699707031255,46.39449615478516,2026-02-07
2026-02-07 09:00:00,-50.0,-91.49237213134765,-60.062602233886714,-37.171722412109375,-4.201802062988278,52.5802474975586,2026-02-07
2026-02-07 10:00:00,-50.0,-92.85005645751953,-59.906471252441406,-40.427093505859375,-13.960603332519533,37.77198333740235,2026-02-07
2026-02-07 11:00:00,-50.0,-77.8245361328125,-56.41568908691406,-26.549530029296875,-0.6952117919921896,35.538055419921875,2026-02-07
2026-02-07 12:00:00,-50.0,-104.83186340332031,-59.2225341796875,-36.541351318359375,-9.66705322265625,44.23106689453125,2026-02-07
2026-02-07 13:00:00,-50.0,-83.79998779296875,-53.80018920898438,-34.90350341796875,-7.723858642578126,58.799346923828125,2026-02-07
2026-02-07 14:00:00,-50.0,-99.89717864990234,-56.167546081542966,-32.60992431640625,-16.087493896484375,47.42526092529296,2026-02-07
2026-02-07 15:00:00,-50.0,-82.19891967773438,-55.07320861816406,-33.529083251953125,-4.54384002685547,66.67107238769533,2026-02-07
2026-02-07 16:00:00,-50.0,-98.15635528564452,-59.74380798339844,-33.91680908203125,-15.909764099121094,50.3242904663086,2026-02-07
2026-02-07 17:00:00,289.8699951171875,145.7268447875976,171.5620285034179,198.04788208007807,217.30530853271478,297.94557952880854,2026-02-07
2026-02-07 18:00:00,310.0,231.68306427001954,266.6543685913086,308.9145202636719,346.4194869995117,399.9590866088867,2026-02-07
2026-02-07 19:00:00,302.5,249.68163452148437,280.7699676513672,302.1561279296875,334.77663269042966,384.32371826171874,2026-02-07
2026-02-07 20:00:00,305.0,196.62848205566405,242.91324157714843,267.728271484375,312.32313232421876,368.26848144531255,2026-02-07
2026-02-07 21:00:00,330.0,231.49645538330077,262.0273147583008,286.2376708984375,334.5866012573242,371.29324188232425,2026-02-07
2026-02-07 22:00:00,325.0,201.71395263671877,243.48697052001953,276.2819519042969,306.494775390625,357.4849060058594,2026-02-07
2026-02-07 23:00:00,265.0,212.39612426757813,251.5549774169922,283.8306579589844,322.24489440917966,365.4746856689453,2026-02-07
2026-02-08 00:00:00,175.0,257.5528564453125,280.42991638183594,287.41424560546875,299.3946304321289,320.51849670410155,2026-02-08
2026-02-08 01:00:00,287.5,245.40125885009766,263.99131164550784,279.9283447265625,294.5364395141602,327.36461334228517,2026-02-08
2026-02-08 02:00:00,330.0,245.85487060546876,269.5397003173828,289.7698059082031,311.9663452148438,347.01604614257815,2026-02-08
2026-02-08 03:00:00,270.0,209.36637268066409,251.73074340820312,278.34393310546875,305.5492858886719,331.44920654296874,2026-02-08
2026-02-08 04:00:00,135.0,184.03907165527343,226.06511383056642,247.54676818847656,276.12445068359375,306.9571502685547,2026-02-08
2026-02-08 05:00:00,210.0,144.1884765625,182.27594299316405,199.92633056640625,232.08390808105466,273.666537475586,2026-02-08
2026-02-08 06:00:00,245.0,94.57119293212891,133.2182159423828,155.37091064453125,182.13030548095702,239.489485168457,2026-02-08
2026-02-08 07:00:00,180.0,139.85941467285159,175.36604156494144,194.2291412353516,218.75147705078126,272.8170288085938,2026-02-08
2026-02-08 08:00:00,-50.0,31.232582092285156,76.65471801757812,98.88307189941406,133.9319900512695,184.12106170654295,2026-02-08
2026-02-08 09:00:00,-50.0,-58.30451202392578,-27.982878112792967,-6.115814208984375,12.589581298828126,72.45143280029296,2026-02-08
2026-02-08 10:00:00,-50.0,-87.07977752685547,-56.54684906005859,-31.0086669921875,-14.783892822265631,47.06216278076171,2026-02-08
2026-02-08 11:00:00,-50.0,-76.85460662841797,-37.319087219238284,-22.347564697265625,-1.886668395996093,53.25924224853516,2026-02-08
2026-02-08 12:00:00,-50.0,-73.68265228271484,-43.45174713134765,-22.11117553710937,-3.167720031738277,53.5375259399414,2026-02-08
2026-02-08 13:00:00,-50.0,-82.87714538574218,-46.03409118652344,-25.401885986328125,8.145251464843746,54.48023681640625,2026-02-08
2026-02-08 14:00:00,-50.0,-76.15006561279296,-47.88290252685547,-27.826568603515625,-3.694677734375002,47.59749908447266,2026-02-08
2026-02-08 15:00:00,-50.0,-75.71808624267578,-56.69911346435546,-28.44842529296875,-2.255160522460937,68.04997406005859,2026-02-08
2026-02-08 16:00:00,-49.47174835205078,-44.78832092285156,-21.767111206054686,-0.366119384765625,36.89984436035157,78.01744995117188,2026-02-08
2026-02-08 17:00:00,288.0,129.51684112548833,166.73243255615236,191.8321228027344,237.05708160400394,288.3457015991211,2026-02-08
2026-02-08 18:00:00,-29.5,195.22691955566404,230.3119415283203,253.8070373535156,293.7242034912109,344.9082885742187,2026-02-08
2026-02-08 19:00:00,24.0,51.82646484375,88.43043365478516,136.22950744628906,170.61437072753907,199.6265625,2026-02-08
2026-02-08 20:00:00,42.0,-38.42869873046873,-2.504101562499983,20.54803466796875,57.27737121582033,87.67954406738282,2026-02-08
2026-02-08 21:00:00,24.75,-40.847129821777344,2.2788772583007812,35.399200439453125,63.731050109863276,123.03509368896484,2026-02-08
2026-02-08 22:00:00,12.25,-47.079437255859375,-19.74261016845703,6.266876220703125,49.37481994628906,87.67961425781252,2026-02-08
2026-02-08 23:00:00,-37.5,-97.95819854736328,-56.40119018554688,-17.82952880859375,27.8510513305664,71.30350799560547,2026-02-08
2026-02-09 00:00:00,32.04425048828125,-39.13691101074218,-22.04403381347656,-11.76190185546875,-2.531665039062501,12.678608703613282,2026-02-09
2026-02-09 01:00:00,20.0575008392334,-45.65097961425781,-29.84291687011719,-18.124267578125,-5.546084594726564,14.456773376464845,2026-02-09
2026-02-09 02:00:00,-50.0,-40.012872314453126,-19.832351684570312,-6.6400146484375,8.581126403808593,37.77326507568359,2026-02-09
2026-02-09 03:00:00,-50.0,-47.086053466796876,-25.238604736328124,-8.936981201171875,6.9465484619140625,32.461595153808595,2026-02-09
2026-02-09 04:00:00,-50.0,-43.44924774169922,-21.984764099121094,-8.628662109375,4.393986511230468,41.88944091796875,2026-02-09
2026-02-09 05:00:00,-50.0,-69.7053955078125,-41.1331787109375,-24.83917236328125,-4.886663818359377,51.8672607421875,2026-02-09
2026-02-09 06:00:00,-50.0,-61.413351440429686,-39.19217529296875,-28.415008544921875,-14.865830993652343,32.64037933349609,2026-02-09
2026-02-09 07:00:00,5.791749954223633,-46.04956359863281,-24.007711791992186,1.27978515625,16.792494201660155,48.196276855468746,2026-02-09
2026-02-09 08:00:00,54.10699844360352,-39.418688964843746,-5.062921142578125,6.807037353515625,22.110887145996095,49.79989013671875,2026-02-09
2026-02-09 09:00:00,-50.0,-61.35614929199219,-39.87416076660156,-23.72412109375,-10.824281311035156,19.984770202636717,2026-02-09
2026-02-09 10:00:00,-50.0,-70.25393981933593,-39.54850769042969,-31.258453369140625,-19.518316650390624,8.785279846191408,2026-02-09
2026-02-09 11:00:00,0.0,-55.02864074707031,-40.38789367675781,-25.328155517578125,-10.006196594238283,23.595675659179683,2026-02-09
2026-02-09 12:00:00,35.0,-59.98385314941406,-40.22807312011719,-30.3656005859375,-20.582412719726562,-2.9321304321289077,2026-02-09
2026-02-09 13:00:00,-37.5,-62.158694458007815,-42.399407958984376,-27.27886962890625,-12.299336242675782,25.89177703857422,2026-02-09
2026-02-09 14:00:00,-50.0,-54.14799499511719,-36.21586303710937,-26.515594482421875,3.9401824951171918,73.97616577148438,2026-02-09
2026-02-09 15:00:00,-50.0,-62.29225311279297,-44.7179458618164,-27.194793701171875,-14.140925598144532,39.38387908935546,2026-02-09
2026-02-09 16:00:00,222.5,-66.75163879394532,-43.76292114257812,-24.277862548828125,-4.122491455078126,32.89963989257812,2026-02-09
2026-02-09 17:00:00,207.5,-61.89026184082031,-24.02347412109375,-1.317535400390625,34.185891723632814,81.02111206054687,2026-02-09
2026-02-09 18:00:00,-49.605751037597656,-65.51809692382812,-32.944471740722655,-5.63043212890625,18.126019287109376,81.15336608886719,2026-02-09
2026-02-09 19:00:00,-49.25,-36.76740112304688,-2.2231674194335973,21.61947631835937,51.85307312011719,117.11226501464846,2026-02-09
2026-02-09 20:00:00,-48.01300048828125,-29.24842224121094,-7.3750457763671875,17.362548828125,50.57220458984375,114.08512878417969,2026-02-09
2026-02-09 21:00:00,-50.0,-28.142388916015626,9.450898742675783,28.6708984375,56.286434936523435,94.0905548095703,2026-02-09
2026-02-09 22:00:00,-49.260501861572266,-57.54921264648437,-18.252874755859374,3.147064208984375,23.612030029296882,70.15801696777343,2026-02-09
2026-02-09 23:00:00,-50.0,-60.259909057617186,-28.858502197265626,-9.44403076171875,11.695742797851569,78.25237426757812,2026-02-09
2026-02-10 00:00:00,245.09625244140625,10.71813049316406,22.703894042968745,25.90829467773437,29.85554504394531,42.93577575683594,2026-02-10
2026-02-10 01:00:00,257.5,130.05585327148438,139.19345703125,143.5690460205078,150.05463256835938,165.83387451171876,2026-02-10
2026-02-10 02:00:00,102.5,151.3349395751953,160.67737426757813,167.4239501953125,175.0428497314453,194.85543823242188,2026-02-10
2026-02-10 03:00:00,200.0,175.53982238769535,187.97269287109378,193.96597290039065,202.22774658203127,212.9513092041016,2026-02-10
2026-02-10 04:00:00,110.03150177001952,125.98627319335938,140.4712707519531,149.03953552246094,153.95894775390624,191.05318603515624,2026-02-10
2026-02-10 05:00:00,182.8757476806641,127.6091552734375,139.11370849609375,145.7152557373047,153.8036651611328,184.34136810302735,2026-02-10
2026-02-10 06:00:00,141.6165008544922,179.1875274658203,192.69660034179685,199.62738037109372,206.75051269531247,226.23652801513668,2026-02-10
2026-02-10 07:00:00,216.15475463867188,213.62821044921876,226.15109558105468,234.03884887695312,245.10670471191406,265.5391052246094,2026-02-10
2026-02-10 08:00:00,152.1540069580078,217.33746948242188,234.845703125,244.46652221679688,251.4462463378906,306.8030578613281,2026-02-10
2026-02-10 09:00:00,1.0577499866485596,161.9786346435547,178.60335693359374,185.55796813964844,193.98902282714843,216.72542572021484,2026-02-10
2026-02-10 10:00:00,-50.0,-42.772665405273436,-25.067620849609376,-18.252655029296875,-10.9476806640625,19.85010528564453,2026-02-10
2026-02-10 11:00:00,-50.0,-50.2848388671875,-33.79652099609375,-24.242095947265625,-16.42835388183594,15.748957824707027,2026-02-10
2026-02-10 12:00:00,-50.0,-63.73858947753906,-41.3522705078125,-30.62152099609375,-20.73969421386719,29.36329956054687,2026-02-10
2026-02-10 13:00:00,-50.0,-64.57218627929687,-39.144622802734375,-31.75,-23.627322387695315,0.6382766723632827,2026-02-10
2026-02-10 14:00:00,-50.0,-56.71122741699219,-42.31693115234375,-31.668487548828125,-18.946347045898438,67.98793640136718,2026-02-10
2026-02-10 15:00:00,262.9327392578125,-46.66745300292969,-32.66433410644531,-21.3026123046875,-9.969779968261719,80.28354187011719,2026-02-10
2026-02-10 16:00:00,563.4555053710938,180.65098571777344,200.50415954589843,212.31427001953125,225.34227905273437,333.84234924316405,2026-02-10
2026-02-10 17:00:00,602.1957397460938,338.7151824951172,358.0176300048828,367.34228515625,379.88252410888674,473.5109466552734,2026-02-10
2026-02-10 18:00:00,405.0,365.5465057373047,378.1614196777344,386.7218017578125,399.43695678710935,485.2329467773437,2026-02-10
2026-02-10 19:00:00,355.0,313.6045257568359,326.9780731201172,337.1617126464844,357.25334014892576,450.06963500976565,2026-02-10
2026-02-10 20:00:00,187.5,260.8561981201172,291.7768157958984,302.8187255859375,317.0641662597656,404.22984008789064,2026-02-10
2026-02-10 21:00:00,247.89149475097656,261.18968811035154,282.0049072265625,289.913818359375,307.81947326660156,428.52109680175784,2026-02-10
2026-02-10 22:00:00,215.7227478027344,220.14328308105468,238.00374755859372,250.5317230224609,260.22033233642577,355.2120483398437,2026-02-10
2026-02-10 23:00:00,82.5,122.76892700195313,143.34115600585938,155.34193420410156,170.38795776367186,287.1200286865235,2026-02-10
2026-02-11 00:00:00,250.0,222.8225387573242,237.64648284912107,249.3539123535156,259.2966766357422,282.7458541870117,2026-02-11
2026-02-11 01:00:00,-25.0,55.524346923828126,74.11016540527343,92.73878479003906,105.20872039794922,142.13827362060545,2026-02-11
2026-02-11 02:00:00,115.0,-22.37146301269531,2.6883789062500014,19.179718017578125,51.612187194824216,132.28453369140627,2026-02-11
2026-02-11 03:00:00,75.0,-58.70060424804687,-28.110134887695313,-1.04931640625,33.393463134765625,97.35987548828125,2026-02-11
2026-02-11 04:00:00,-49.00650024414063,-56.859381103515624,-30.533282470703128,0.30865478515625,30.570944213867186,75.60884704589843,2026-02-11
2026-02-11 05:00:00,-50.0,-67.65657348632811,-37.88482360839843,-7.424652099609375,40.767013549804695,83.7115905761719,2026-02-11
2026-02-11 06:00:00,-50.0,-65.80634460449218,-42.40567626953125,-18.524932861328125,10.894421386718747,82.57314453125,2026-02-11
2026-02-11 07:00:00,-50.0,-64.97262115478514,-40.63592681884765,-20.209930419921875,8.45382537841797,78.8161392211914,2026-02-11
2026-02-11 08:00:00,-50.0,-82.46747283935547,-42.25015106201172,-19.981353759765625,-3.2202499389648445,50.304316711425784,2026-02-11
2026-02-11 09:00:00,-50.0,-79.49645233154297,-54.495515441894526,-32.62445068359375,-16.054495239257808,75.74257965087891,2026-02-11
2026-02-11 10:00:00,-50.0,-81.25102081298829,-55.26030731201172,-41.00762939453125,-23.665476989746093,53.466941833496094,2026-02-11
2026-02-11 11:00:00,-50.0,-83.45642700195313,-49.353216552734374,-34.48602294921875,-25.30153045654297,5.406542968749996,2026-02-11
2026-02-11 12:00:00,-50.0,-82.22335205078124,-51.27085571289062,-32.980010986328125,-14.898089599609374,61.41391601562498,2026-02-11
2026-02-11 13:00:00,-50.0,-62.54161682128906,-45.380551147460935,-33.7830810546875,-15.683197021484375,20.181130981445314,2026-02-11
2026-02-11 14:00:00,-50.0,-73.28471374511719,-49.59986572265625,-30.1087646484375,-8.249652099609381,66.80169067382813,2026-02-11
2026-02-11 15:00:00,-50.0,-71.81385803222656,-42.061032104492185,-23.88897705078125,0.4217987060546875,113.30770263671874,2026-02-11
2026-02-11 16:00:00,-50.0,-93.93224792480468,-60.11600952148437,-24.90814208984375,20.720761108398435,102.501220703125,2026-02-11
2026-02-11 17:00:00,-7.0,141.35625,178.25628662109375,203.0804901123047,262.5589508056641,358.6748382568359,2026-02-11
2026-02-11 18:00:00,22.75,187.84988098144532,227.780908203125,268.2055969238281,319.00367736816406,390.1728179931641,2026-02-11
2026-02-11 19:00:00,129.5,200.12845916748046,229.70262908935547,266.2164001464844,315.37108154296874,377.722705078125,2026-02-11
2026-02-11 20:00:00,54.75,160.22635803222659,191.64588775634766,230.7696533203125,268.25548095703124,335.19762268066404,2026-02-11
2026-02-11 21:00:00,129.5,153.9205291748047,185.10486907958983,216.7603302001953,269.81735534667973,332.48679504394534,2026-02-11
2026-02-11 22:00:00,233.09625244140625,143.02149810791016,164.22420959472657,192.0245361328125,247.58199920654297,300.2505935668945,2026-02-11
2026-02-11 23:00:00,240.0,87.56033782958986,116.6545654296875,131.3311004638672,183.82074127197265,236.80494537353513,2026-02-11
2026-02-12 00:00:00,260.0,247.58429718017578,266.5585647583008,277.8961486816406,287.52640228271486,321.2388198852539,2026-02-12
2026-02-12 01:00:00,260.0,236.90340576171874,254.21985931396483,268.1181640625,283.07900695800777,318.9476654052734,2026-02-12
2026-02-12 02:00:00,262.5,215.922265625,240.1423812866211,267.8167724609375,288.81150817871094,346.0992767333984,2026-02-12
2026-02-12 03:00:00,305.0,213.94238891601563,251.26663970947266,274.1492614746094,295.01293029785154,343.72084350585936,2026-02-12
2026-02-12 04:00:00,260.0,182.54860229492186,218.8100860595703,244.18783569335935,271.0746307373047,345.76919250488277,2026-02-12
2026-02-12 05:00:00,2.5,107.67140808105471,129.7559326171875,161.83895874023438,194.35635681152345,256.5176971435547,2026-02-12
2026-02-12 06:00:00,198.156005859375,34.151869201660155,49.60137939453125,76.95390319824219,121.01013641357422,174.89247283935546,2026-02-12
2026-02-12 07:00:00,214.062255859375,-18.310699462890632,17.926275634765616,40.88775634765625,81.47723999023437,149.79657287597655,2026-02-12
2026-02-12 08:00:00,24.97450065612793,-54.61421356201171,-4.588796997070311,15.18731689453125,40.53129730224609,117.91536712646486,2026-02-12
2026-02-12 09:00:00,-37.445499420166016,-78.00721130371093,-44.057351684570314,-7.608917236328125,15.529122924804678,83.93135681152346,2026-02-12
2026-02-12 10:00:00,-50.0,-93.89634399414062,-54.04365844726563,-31.550323486328125,19.61763916015625,84.38989868164062,2026-02-12
2026-02-12 11:00:00,-50.0,-21.73081817626953,23.669313049316408,41.23829650878906,68.49563293457032,124.67162628173828,2026-02-12
2026-02-12 12:00:00,-50.0,-79.97034301757813,-49.84754333496093,-19.487548828125,17.069970703125,64.3226989746094,2026-02-12
2026-02-12 13:00:00,-50.0,-76.90861663818359,-43.42075958251953,-17.12725830078125,-0.16821746826171946,64.07710113525393,2026-02-12
2026-02-12 14:00:00,-50.0,-92.16670532226563,-53.665306091308594,-23.010498046875,20.214450073242183,70.41904907226562,2026-02-12
2026-02-12 15:00:00,-50.0,-81.72306823730469,-50.13454132080078,-24.82244873046875,18.926483154296875,103.32721862792968,2026-02-12
2026-02-12 16:00:00,342.25,-104.43974609375,-56.78739929199219,-30.08050537109375,21.616879272460935,115.55474548339842,2026-02-12
2026-02-12 17:00:00,429.4557495117188,-52.97093200683594,-11.569732666015625,23.8944091796875,78.949462890625,176.65250854492186,2026-02-12
2026-02-12 18:00:00,113.5,191.55747680664064,215.91160278320314,256.6971740722656,309.2148712158203,433.08219604492183,2026-02-12
2026-02-12 19:00:00,88.25,140.08052673339844,171.28985137939452,205.1832275390625,242.89811096191409,287.0286071777344,2026-02-12
2026-02-12 20:00:00,-49.5,179.46308898925778,215.56803588867186,242.8871154785156,282.7639526367187,329.5504211425781,2026-02-12
2026-02-12 21:00:00,25.25,201.9547576904297,229.81655731201172,249.6779022216797,301.0918304443359,374.30466613769534,2026-02-12
2026-02-12 22:00:00,14.25,180.32129364013673,206.24832763671876,231.82977294921875,283.712712097168,344.2852279663086,2026-02-12
2026-02-12 23:00:00,162.78924560546875,172.03864135742188,201.17999572753905,229.80279541015625,275.8547729492187,388.3718292236328,2026-02-12
2026-02-13 00:00:00,100.38574981689452,8.245240783691411,24.59720916748047,33.980682373046875,54.32217102050781,91.32700805664062,2026-02-13
2026-02-13 01:00:00,262.5,-8.590702819824216,31.50061492919922,58.01542663574219,85.38997344970703,133.97320098876952,2026-02-13
2026-02-13 02:00:00,165.0,15.051535034179686,37.8850341796875,67.03669738769531,97.49036865234375,128.00758666992186,2026-02-13
2026-02-13 03:00:00,65.0,-1.6743255615234247,31.939082336425788,56.39474487304688,92.88338928222657,117.47064514160157,2026-02-13
2026-02-13 04:00:00,62.91849899291992,-55.76606445312498,-20.190205383300764,13.84686279296875,41.665499877929705,94.64755249023439,2026-02-13
2026-02-13 05:00:00,-48.5,-57.63886108398437,-21.72745208740234,7.639923095703125,43.14757080078123,93.78004150390625,2026-02-13
2026-02-13 06:00:00,-52.089500427246094,-61.638336181640625,-34.25023498535156,-7.452301025390625,18.164190673828124,71.36182250976562,2026-02-13
2026-02-13 07:00:00,-17.344499588012695,-65.31386108398436,-40.97657165527343,-16.81103515625,24.233657836914062,95.53370971679688,2026-02-13
2026-02-13 08:00:00,-50.0,-81.16459655761719,-47.68453063964843,-27.30673217773437,-1.484054565429684,71.91631774902343,2026-02-13
2026-02-13 09:00:00,-50.0,-78.93897399902343,-53.4589599609375,-30.096954345703125,-8.28478546142578,58.32881469726563,2026-02-13
2026-02-13 10:00:00,-50.0,-80.95022125244141,-56.44662628173829,-40.52603149414063,-19.3387191772461,63.28242340087889,2026-02-13
2026-02-13 11:00:00,-50.0,-73.47649536132812,-49.81240234375,-40.286376953125,-25.984388732910155,42.38035888671875,2026-02-13
2026-02-13 12:00:00,-50.0,-76.2115966796875,-55.73558959960938,-38.02438354492188,-22.49211425781251,35.35035400390624,2026-02-13
2026-02-13 13:00:00,-50.0,-80.10022735595703,-51.76292572021484,-35.005859375,-11.631631469726564,78.71918487548828,2026-02-13
2026-02-13 14:00:00,-50.0,-75.9135971069336,-53.0863052368164,-30.55157470703125,-14.677040100097656,37.789543151855455,2026-02-13
2026-02-13 15:00:00,-50.0,-80.5581069946289,-44.13924865722656,-24.99472045898437,-4.237225341796876,82.70163116455078,2026-02-13
2026-02-13 16:00:00,-50.0,-63.77831115722656,-37.676658630371094,-11.39019775390625,16.47893524169922,96.18623352050781,2026-02-13
2026-02-13 17:00:00,-48.69525146484375,-19.860333251953122,9.0242431640625,35.3690185546875,64.50279235839844,133.67913208007812,2026-02-13
2026-02-13 18:00:00,-26.132999420166016,167.3589874267578,188.43661499023438,220.89727783203125,270.7210632324219,316.62445068359375,2026-02-13
2026-02-13 19:00:00,11.484999656677246,131.7577865600586,160.65144958496094,183.88699340820312,226.6080581665039,294.71773529052734,2026-02-13
2026-02-13 20:00:00,8.925000190734863,89.1256088256836,120.28615875244141,144.76429748535156,164.13691558837888,212.63423919677734,2026-02-13
2026-02-13 21:00:00,181.10174560546875,136.8265365600586,160.2695755004883,176.6868896484375,208.14801177978515,250.47436065673827,2026-02-13
2026-02-13 22:00:00,13.243000030517578,38.04979858398436,64.73016052246092,99.69146728515624,136.12140808105468,212.24409179687498,2026-02-13
2026-02-13 23:00:00,32.07500076293945,-26.29935150146484,-4.551530456542967,21.7763671875,41.003150939941406,120.62311248779297,2026-02-13
2026-02-14 00:00:00,-49.49325180053711,17.12389678955078,28.493876647949218,33.48162841796875,38.9329345703125,61.84903259277344,2026-02-14
2026-02-14 01:00:00,-50.0,39.13121490478515,52.59113311767578,58.17555236816406,66.84794006347656,80.87057342529297,2026-02-14
2026-02-14 02:00:00,-50.0,58.063720703125,75.52003479003906,84.10804748535156,95.845849609375,161.55777893066406,2026-02-14
2026-02-14 03:00:00,-50.0,118.17176208496093,131.8594543457031,140.85787963867188,154.86654205322264,246.6035675048828,2026-02-14
2026-02-14 04:00:00,-37.5,39.62158203125,56.781027221679686,67.43649291992188,76.20090026855469,117.32721252441408,2026-02-14
2026-02-14 05:00:00,45.0,81.83256835937499,97.19042968749999,103.6173858642578,113.36496887207029,147.96830444335936,2026-02-14
2026-02-14 06:00:00,-12.5,72.7342041015625,82.56413879394532,90.91970825195312,97.75588684082031,176.00148620605466,2026-02-14
2026-02-14 07:00:00,-50.0,13.423782348632812,27.449615478515625,34.976348876953125,42.64525451660156,62.5423095703125,2026-02-14
2026-02-14 08:00:00,-50.0,-29.51858215332031,-16.953903198242188,-11.838531494140623,-3.7405364990234364,26.64502868652344,2026-02-14
2026-02-14 09:00:00,-50.0,-37.226507568359374,-27.29320068359375,-20.38580322265625,-13.834381103515625,-5.36199951171875,2026-02-14
2026-02-14 10:00:00,-50.0,-37.84164123535156,-30.37631225585937,-26.697174072265625,-23.802377319335935,-11.808428955078124,2026-02-14
2026-02-14 11:00:00,-50.0,-46.761190795898436,-31.803909301757812,-27.0498046875,-22.483218383789062,-11.157357788085939,2026-02-14
2026-02-14 12:00:00,-50.0,-35.92400207519531,-24.592868041992187,-18.50537109375,-13.729962158203126,2.3262817382812493,2026-02-14
2026-02-14 13:00:00,-50.0,-29.040228271484377,-19.148577880859378,-14.894378662109377,-11.62070007324219,-3.422207641601565,2026-02-14
2026-02-14 14:00:00,-50.0,-37.59260559082031,-26.90712890625,-19.6358642578125,-13.638125610351562,-5.119802856445313,2026-02-14
2026-02-14 15:00:00,-50.0,-37.01382141113281,-26.331622314453124,-20.651580810546875,-15.079498291015625,4.398336791992186,2026-02-14
2026-02-14 16:00:00,-50.0,-42.57203063964843,-29.0373779296875,-21.316680908203125,-13.157281494140625,63.55299682617188,2026-02-14
2026-02-14 17:00:00,-50.0,-44.26695556640625,-21.22283020019531,-13.784912109375,-6.4015136718750005,22.599169921874996,2026-02-14
2026-02-14 18:00:00,-46.479251861572266,-26.91678771972656,-5.6959075927734375,1.755706787109375,15.474366760253906,87.9198486328125,2026-02-14
2026-02-14 19:00:00,-12.49625015258789,-15.407458496093748,5.630233764648439,13.234100341796877,21.32898712158203,57.69818267822266,2026-02-14
2026-02-14 20:00:00,-50.0,-20.22698974609375,6.661572265625001,16.80389404296875,34.63425140380859,100.06732482910157,2026-02-14
2026-02-14 21:00:00,-50.0,-1.5584854125976548,20.31120147705078,31.0233154296875,41.001853942871094,124.33199920654296,2026-02-14
2026-02-14 22:00:00,-50.0,-16.042788696289062,0.6797119140624996,8.81695556640625,18.839631652832033,68.05581359863281,2026-02-14
2026-02-14 23:00:00,-50.0,-19.013853454589842,-1.0462081909179677,10.83367919921875,22.142991638183595,108.80311126708985,2026-02-14
2026-02-15 00:00:00,212.5,144.03926696777344,148.74189147949218,151.0942840576172,152.8968017578125,159.5641845703125,2026-02-15
2026-02-15 01:00:00,195.0,161.06727905273436,167.4864074707031,171.1362762451172,175.1947998046875,186.7105499267578,2026-02-15
2026-02-15 02:00:00,272.5,223.76206665039064,227.1615478515625,233.4977569580078,237.98610229492186,248.68848876953126,2026-02-15
2026-02-15 03:00:00,290.0,271.20250549316404,284.7161468505859,290.2732238769531,294.3783660888672,305.03893127441404,2026-02-15
2026-02-15 04:00:00,292.5,289.39322509765617,295.68750305175774,299.5516967773437,304.98612976074213,321.1526260375976,2026-02-15
2026-02-15 05:00:00,280.0,285.52158508300784,292.8797973632812,296.0920715332031,301.3214996337891,310.0298767089844,2026-02-15
2026-02-15 06:00:00,142.5,279.64104614257815,287.3416381835938,291.68621826171875,296.1873443603516,306.1929046630859,2026-02-15
2026-02-15 07:00:00,175.0,275.6206451416016,284.2688262939453,286.79034423828125,289.81813049316406,297.88539123535156,2026-02-15
2026-02-15 08:00:00,-50.0,150.5655487060547,159.56331481933594,162.1761016845703,165.5536102294922,172.94434204101563,2026-02-15
2026-02-15 09:00:00,-50.0,-20.067471313476556,-10.255975341796873,-6.06829833984375,-2.935125732421873,3.6950225830078143,2026-02-15
2026-02-15 10:00:00,-50.0,-28.625305175781243,-20.890957641601563,-16.17852783203125,-12.143386840820312,4.606030273437501,2026-02-15
2026-02-15 11:00:00,-50.0,-29.647592163085935,-23.99807434082031,-21.28094482421875,-18.13775634765625,-5.805364990234374,2026-02-15
2026-02-15 12:00:00,-50.0,-27.36776428222656,-21.11951904296875,-17.835540771484375,-14.42796630859375,-7.605044555664064,2026-02-15
2026-02-15 13:00:00,-50.0,-24.983444213867188,-17.789981079101565,-13.755462646484377,-8.112490844726565,0.8288879394531232,2026-02-15
2026-02-15 14:00:00,-50.0,-21.413830566406247,-16.144403076171876,-11.640869140625,-8.08382568359375,3.8678344726562486,2026-02-15
2026-02-15 15:00:00,-50.0,-20.503997802734375,-14.519580078125001,-10.633880615234377,-5.375283813476565,0.3986358642578107,2026-02-15
2026-02-15 16:00:00,-25.0,-5.2901428222656275,6.401004028320311,11.501251220703123,15.260580444335936,36.13054809570312,2026-02-15
2026-02-15 17:00:00,342.5,367.84100036621095,378.64463500976564,385.1860046386719,390.8211303710938,410.35956420898435,2026-02-15
2026-02-15 18:00:00,370.0,496.85890808105466,511.8406066894531,520.0861206054688,526.5764678955078,538.116667175293,2026-02-15
2026-02-15 19:00:00,317.5,456.1683715820313,471.8163452148438,480.4215698242188,487.73349304199223,515.1366500854492,2026-02-15
2026-02-15 20:00:00,290.0,402.046826171875,413.7515411376953,419.7039794921875,426.4623107910156,451.242578125,2026-02-15
2026-02-15 21:00:00,300.0,529.4572814941406,543.4032623291016,548.908447265625,558.766259765625,579.511344909668,2026-02-15
2026-02-15 22:00:00,322.5,706.8688537597657,721.5326446533203,732.255859375,744.3778945922852,830.9914001464844,2026-02-15
2026-02-15 23:00:00,435.0,400.455224609375,409.60863037109374,418.2510986328125,428.52618103027345,464.5566177368164,2026-02-15
2026-02-16 00:00:00,340.0,401.4612670898437,424.47125244140625,436.2366943359375,447.7456420898437,467.8864013671875,2026-02-16
2026-02-16 01:00:00,340.0,371.40695495605473,404.990951538086,416.8308715820313,434.10961914062506,468.9673156738282,2026-02-16
2026-02-16 02:00:00,340.0,329.97516784667977,362.0803314208985,383.4928588867188,406.0531555175782,446.0561889648438,2026-02-16
2026-02-16 03:00:00,340.0,337.7019073486328,383.5960754394531,409.008056640625,425.5030212402344,470.0908599853516,2026-02-16
2026-02-16 04:00:00,340.0,316.65137786865233,357.97511901855466,387.2262268066406,414.3613677978516,446.61810607910155,2026-02-16
2026-02-16 05:00:00,340.0,234.2879867553711,301.5301879882812,330.0751037597656,351.74379577636716,396.57851562499997,2026-02-16
2026-02-16 06:00:00,340.0,241.66408996582032,299.30785217285154,332.4254150390625,346.2840911865235,417.6329315185547,2026-02-16
2026-02-16 07:00:00,332.5,269.60478515625,304.7992950439453,333.3721618652344,385.73115234375,443.5036651611328,2026-02-16
2026-02-16 08:00:00,130.0,223.83843536376952,251.0520462036133,274.4302062988281,298.4816040039062,389.7254806518555,2026-02-16
2026-02-16 09:00:00,-50.0,97.81218719482422,124.84300842285157,137.1832275390625,154.2520950317383,224.0011245727539,2026-02-16
2026-02-16 10:00:00,-50.0,0.013505554199220171,30.354750061035155,41.70567321777344,65.24772644042969,137.79717559814452,2026-02-16
2026-02-16 11:00:00,62.5,101.31275177001953,122.7277328491211,141.07362365722656,152.6050018310547,215.1760452270508,2026-02-16
2026-02-16 12:00:00,-25.0,52.020713806152344,75.98438568115235,90.13340759277344,107.37946166992188,165.37618255615234,2026-02-16
2026-02-16 13:00:00,-50.0,-16.469119262695312,5.46689758300781,21.47177124023437,40.10118255615234,98.9861846923828,2026-02-16
2026-02-16 14:00:00,-50.0,16.31899566650391,43.367445373535155,58.8775634765625,83.96947631835937,174.59818267822266,2026-02-16
2026-02-16 15:00:00,-50.0,82.05302886962892,102.0389358520508,123.64520263671876,151.29642181396486,240.20524139404296,2026-02-16
2026-02-16 16:00:00,110.0,175.41762695312497,204.22526245117186,222.62591552734372,268.9163146972656,352.81840820312493,2026-02-16
2026-02-16 17:00:00,257.5,261.77308959960936,280.8598068237305,308.643310546875,364.96764221191404,428.8076934814453,2026-02-16
2026-02-16 18:00:00,295.0,275.5888381958008,301.44945526123047,320.1406555175781,379.1804824829102,448.3912185668945,2026-02-16
2026-02-16 19:00:00,280.0,259.3113128662109,290.92837677001955,330.08160400390625,359.4942428588867,406.00553131103516,2026-02-16
2026-02-16 20:00:00,257.5,303.2625793457031,331.3995132446289,353.75341796875,389.98768310546876,432.04957275390626,2026-02-16
2026-02-16 21:00:00,265.0,366.1368133544922,397.8292526245117,427.42388916015625,470.83555908203124,532.8013061523437,2026-02-16
2026-02-16 22:00:00,275.0,295.6413116455078,321.48250579833984,351.51123046875,388.08426361083986,428.9449996948242,2026-02-16
2026-02-16 23:00:00,315.0,266.9629928588867,297.30808715820314,323.6609191894531,377.26818084716797,421.2299545288086,2026-02-16
2026-02-17 00:00:00,215.0,228.56927185058595,247.38764343261718,255.2496795654297,263.6776397705078,285.51404724121096,2026-02-17
2026-02-17 01:00:00,242.5,195.25629119873048,226.73609008789063,236.992431640625,248.28430786132813,266.80137023925784,2026-02-17
2026-02-17 02:00:00,265.0,230.49582214355468,257.23259887695315,268.9565124511719,282.20208740234375,302.0800811767578,2026-02-17
2026-02-17 03:00:00,-12.5,205.74293518066406,238.63702697753905,257.73944091796875,275.1877166748047,309.5025604248047,2026-02-17
2026-02-17 04:00:00,12.5,197.57868041992188,230.1227294921875,240.52438354492188,256.0231170654297,280.8616577148438,2026-02-17
2026-02-17 05:00:00,-37.5,157.67645874023438,215.17215270996093,228.22000122070312,241.1367645263672,279.72283630371095,2026-02-17
2026-02-17 06:00:00,-50.0,113.8009506225586,152.79485321044922,184.2996826171875,195.22620849609376,224.06787414550783,2026-02-17
2026-02-17 07:00:00,-50.0,23.303489685058608,57.214851379394545,103.6897430419922,123.82887268066408,160.6983123779297,2026-02-17
2026-02-17 08:00:00,-50.0,-61.57491607666015,-26.306944274902342,-4.97418212890625,20.728529357910155,72.57032470703125,2026-02-17
2026-02-17 09:00:00,-50.0,-54.93130645751953,-35.48905792236328,-16.81329345703125,0.8445556640625007,77.45509643554688,2026-02-17
2026-02-17 10:00:00,-50.0,-61.90938262939453,-49.21782073974609,-25.14642333984375,-6.220257568359376,52.50986022949219,2026-02-17
2026-02-17 11:00:00,-50.0,-49.64866943359375,-31.27245178222656,-19.26861572265625,-3.188517761230468,15.132296752929683,2026-02-17
2026-02-17 12:00:00,-50.0,-37.60721893310547,-28.871952819824216,-16.9796142578125,-9.992304992675782,15.436782836914062,2026-02-17
2026-02-17 13:00:00,-50.0,-60.101599121093756,-38.33424072265625,-27.6669921875,-14.142391967773438,26.781602478027345,2026-02-17
2026-02-17 14:00:00,-50.0,-59.97045288085937,-41.67048034667968,-22.44696044921875,-9.595085144042967,65.33776092529297,2026-02-17
2026-02-17 15:00:00,-50.0,-62.982896423339845,-35.344068908691405,-21.5699462890625,-2.3613998413086,72.2699035644531,2026-02-17
2026-02-17 16:00:00,-50.0,-60.166484069824214,-40.65667877197266,-25.331085205078125,15.825183105468746,87.7566650390625,2026-02-17
2026-02-17 17:00:00,-50.0,-82.02931060791015,-50.584695434570314,-16.30487060546875,27.15619201660156,83.6750274658203,2026-02-17
2026-02-17 18:00:00,-50.0,87.55358123779297,122.56172180175781,148.5019073486328,183.50630798339844,232.53347473144532,2026-02-17
2026-02-17 19:00:00,-50.0,65.44937438964844,105.3282257080078,145.1623992919922,164.05866394042968,203.35268554687502,2026-02-17
2026-02-17 20:00:00,-50.0,58.60653228759766,88.78509216308593,115.91017150878906,135.28797149658203,178.64307098388673,2026-02-17
2026-02-17 21:00:00,-50.0,20.41734619140626,44.76137390136719,73.52908325195312,106.46777954101563,139.62796020507812,2026-02-17
2026-02-17 22:00:00,-50.0,-36.76412658691406,-6.8217315673828125,28.77392578125,48.70020446777343,98.11108703613282,2026-02-17
2026-02-17 23:00:00,-50.0,-37.5160171508789,-3.260467529296875,23.7110595703125,47.806887817382815,75.89269409179687,2026-02-17
2026-02-18 00:00:00,-50.0,72.56861267089843,73.99951782226563,75.04258728027344,75.99014892578124,79.37157592773437,2026-02-18
2026-02-18 01:00:00,-50.0,107.55277404785156,111.85559692382813,113.22084045410156,114.79261779785156,128.19823608398437,2026-02-18
2026-02-18 02:00:00,-50.0,212.9027984619141,216.04285583496096,217.68814086914065,220.1009216308594,232.97611999511722,2026-02-18
2026-02-18 03:00:00,-50.0,247.59561767578123,251.30921630859373,253.8251037597656,255.28515930175777,276.2846374511719,2026-02-18
2026-02-18 04:00:00,-50.0,225.0355438232422,229.43043212890626,231.8523406982422,236.08909912109374,345.9100372314453,2026-02-18
2026-02-18 05:00:00,12.5,231.0800567626953,236.9216522216797,239.57421875,242.680712890625,331.8102294921875,2026-02-18
2026-02-18 06:00:00,0.0,231.5664825439453,234.97935791015624,237.73709106445312,240.0985107421875,259.3777816772461,2026-02-18
2026-02-18 07:00:00,-50.0,105.85780334472656,109.72061462402344,113.35171508789062,118.0097900390625,219.01825561523435,2026-02-18
2026-02-18 08:00:00,-50.0,-25.818615722656247,-18.899920654296874,-16.648712158203125,-13.296051025390625,80.65498046875,2026-02-18
2026-02-18 09:00:00,-50.0,-34.63729553222656,-29.71101684570312,-27.26278686523437,-23.00155639648437,63.81602478027344,2026-02-18
2026-02-18 10:00:00,-50.0,-40.60473937988281,-34.207446289062496,-30.831512451171875,-26.943075561523436,91.52140197753906,2026-02-18
2026-02-18 11:00:00,-50.0,-32.96578979492187,-25.394909667968744,-23.55892944335937,-19.787405395507808,3.9732574462890646,2026-02-18
2026-02-18 12:00:00,-50.0,-22.360113525390624,-17.312188720703126,-12.87237548828125,-8.796676635742188,93.35543823242188,2026-02-18
2026-02-18 13:00:00,-50.0,-33.31110534667969,-25.415863037109375,-23.138580322265625,-20.2092041015625,75.79789123535156,2026-02-18
2026-02-18 14:00:00,-50.0,-37.30888977050781,-32.513980102539065,-29.108612060546875,-26.105545043945312,111.33965454101562,2026-02-18
2026-02-18 15:00:00,-50.0,-34.301019287109376,-27.6533935546875,-24.763641357421875,-21.43480224609375,-14.223468017578126,2026-02-18
2026-02-18 16:00:00,-50.0,-26.70691833496094,-20.372998046875,-17.047454833984375,-12.542648315429688,77.73880310058594,2026-02-18
2026-02-18 17:00:00,-50.0,-15.6637451171875,-7.732687377929687,-3.29010009765625,4.180973815917969,106.16493835449218,2026-02-18
2026-02-18 18:00:00,-50.0,141.8894500732422,151.139306640625,158.29212951660156,193.17037048339844,277.43556213378906,2026-02-18
2026-02-18 19:00:00,-50.34600067138672,49.762191772460945,57.26935119628907,61.87319946289063,77.45199127197266,222.84462280273436,2026-02-18
2026-02-18 20:00:00,-50.0,-36.188986206054686,-24.707568359375,-19.71783447265625,-8.163064575195312,116.73518981933594,2026-02-18
2026-02-18 21:00:00,-50.0,-38.294952392578125,-26.810842895507815,-23.09857177734375,-13.66553192138672,97.21052856445311,2026-02-18
2026-02-18 22:00:00,-50.0,-41.71248779296875,-33.43048095703125,-27.753662109375,-10.928764343261719,93.64632568359376,2026-02-18
2026-02-18 23:00:00,-50.0,-39.89466857910156,-33.11768798828125,-26.847076416015625,-6.564401245117189,164.0194091796875,2026-02-18
2026-02-19 00:00:00,-50.0,-16.070578002929686,-13.604156494140623,-12.703643798828123,-12.083621215820314,-6.3432281494140605,2026-02-19
2026-02-19 01:00:00,-50.0,-21.03207397460937,-17.74051513671875,-16.56805419921875,-15.722857666015624,-12.527218627929685,2026-02-19
2026-02-19 02:00:00,-50.0,-21.785580444335938,-19.923983764648437,-18.8358154296875,-17.645098876953124,-15.809310913085938,2026-02-19
2026-02-19 03:00:00,-50.0,-20.22122802734375,-18.709857177734374,-17.595458984375,-16.894476318359374,-13.641818237304687,2026-02-19
2026-02-19 04:00:00,-50.0,-19.576477050781254,-18.30536804199219,-17.438446044921875,-16.632772827148436,-13.900994873046875,2026-02-19
2026-02-19 05:00:00,-50.0,-22.818838500976558,-19.847933959960933,-18.96200561523437,-17.947683715820308,-15.090853881835931,2026-02-19
2026-02-19 06:00:00,-50.0,-24.290750122070314,-21.428628540039064,-20.789031982421875,-19.95650634765625,-17.094192504882812,2026-02-19
2026-02-19 07:00:00,-50.0,-21.571505737304687,-20.183392333984376,-19.5947265625,-18.6474853515625,-15.035610961914063,2026-02-19
2026-02-19 08:00:00,-50.0,-27.3562744140625,-26.111935424804688,-25.16204833984375,-24.5661865234375,-22.422525024414064,2026-02-19
2026-02-19 09:00:00,-50.0,-23.47583923339844,-21.505120849609376,-20.68548583984375,-19.660873413085938,-17.730850219726562,2026-02-19
2026-02-19 10:00:00,-50.0,-21.39600830078125,-20.518539428710938,-19.71575927734375,-18.892379760742188,-17.385311889648438,2026-02-19
2026-02-19 11:00:00,-50.0,-25.736996459960935,-24.275677490234372,-23.561676025390625,-22.78670959472656,-21.369784545898437,2026-02-19
2026-02-19 12:00:00,-50.0,-29.369192504882815,-27.213134765625,-26.129608154296875,-25.507662963867187,-23.61156005859375,2026-02-19
2026-02-19 13:00:00,-50.0,-27.240499877929686,-26.01693420410156,-24.88201904296875,-23.714328002929687,-20.66422119140625,2026-02-19
2026-02-19 14:00:00,-50.0,-26.286276245117186,-24.27989807128906,-23.3387451171875,-22.378878784179687,-20.364453125,2026-02-19
2026-02-19 15:00:00,-50.0,-24.335043334960936,-20.894802856445313,-19.71722412109375,-18.371243286132813,-12.726797485351563,2026-02-19
2026-02-19 16:00:00,-50.0,-19.922430419921874,-17.374508666992185,-16.62017822265625,-14.35428466796875,-11.979663085937496,2026-02-19
2026-02-19 17:00:00,-50.0,-6.880606079101565,-4.382891845703125,-2.82244873046875,-1.3063446044921876,83.16324768066406,2026-02-19
2026-02-19 18:00:00,-50.08649826049805,2.9878021240234376,5.214044189453125,6.760223388671875,8.101296997070312,11.579925537109375,2026-02-19
2026-02-19 19:00:00,-51.21200180053711,-8.311962890624997,-5.83402404785156,-4.009552001953125,-2.3025878906249977,91.32490539550781,2026-02-19
2026-02-19 20:00:00,-50.0,-19.882522583007812,-16.2950927734375,-14.6025390625,-12.850677490234375,-9.339231872558592,2026-02-19
2026-02-19 21:00:00,-50.0,-24.986410522460933,-22.445346069335933,-20.20077514648437,-18.035681152343745,-7.6715087890624964,2026-02-19
2026-02-19 22:00:00,-50.0,-20.987185668945315,-16.965979003906252,-14.950042724609377,-13.391687011718751,-6.983009338378908,2026-02-19
2026-02-19 23:00:00,-50.0,-13.4265625,-10.32472839355469,-7.885498046875,-5.9323486328125,1.1480606079101552,2026-02-19
2026-02-20 00:00:00,-50.0,-0.08476562499999996,0.5460418701171875,0.892669677734375,1.249853515625,2.573870849609375,2026-02-20
2026-02-20 01:00:00,-50.0,-7.936761474609375,-7.159423828125,-6.740386962890625,-6.3149871826171875,-4.7412872314453125,2026-02-20
2026-02-20 02:00:00,-50.0,-10.826705932617188,-9.152105712890625,-8.545074462890625,-7.903875732421875,77.85049438476562,2026-02-20
2026-02-20 03:00:00,-50.0,-3.3834564208984372,-1.8838592529296876,-1.32391357421875,-0.9224090576171875,0.564105224609375,2026-02-20
2026-02-20 04:00:00,-50.0,5.633657836914063,7.082846069335938,7.6588134765625,8.281591796875,9.9630126953125,2026-02-20
2026-02-20 05:00:00,-50.0,1.126947021484375,2.536199951171875,3.11083984375,3.901617431640625,8.711528015136718,2026-02-20
2026-02-20 06:00:00,-50.0,-0.8429473876953124,0.13595275878906254,0.7279052734375,1.22467041015625,3.2257797241210935,2026-02-20
2026-02-20 07:00:00,-50.0,-17.93524169921875,-16.709634399414064,-16.2479248046875,-15.526251220703125,-8.510848999023438,2026-02-20
2026-02-20 08:00:00,-50.0,-28.86730041503906,-27.533624267578126,-26.842803955078125,-26.30987548828125,-24.626669311523436,2026-02-20
2026-02-20 09:00:00,-50.0,-23.047259521484374,-21.962918090820313,-21.203826904296875,-20.365762329101564,81.34861602783202,2026-02-20
2026-02-20 10:00:00,-50.0,-20.89533081054687,-19.972799682617183,-19.48080444335937,-18.743246459960933,-10.318389892578121,2026-02-20
2026-02-20 11:00:00,-50.0,-24.126217651367188,-22.6608154296875,-22.068817138671875,-21.26544189453125,79.33490447998047,2026-02-20
2026-02-20 12:00:00,-50.0,-26.996575927734376,-25.629940795898438,-24.8192138671875,-24.014694213867188,-20.804127502441407,2026-02-20
2026-02-20 13:00:00,-50.0,-27.509741210937495,-25.97560119628906,-25.33505249023437,-24.261669921874997,56.30452117919921,2026-02-20
2026-02-20 14:00:00,-50.0,-27.75059814453125,-26.304660034179687,-25.812774658203125,-25.037313842773436,84.65238800048826,2026-02-20
2026-02-20 15:00:00,-50.0,-27.466647338867187,-24.866714477539062,-23.888427734375,-22.5316162109375,74.17971649169921,2026-02-20
2026-02-20 16:00:00,-50.0,-23.3548583984375,-20.79633483886719,-19.92327880859375,-18.550051879882812,85.00359344482422,2026-02-20
2026-02-20 17:00:00,-50.0,-10.143115234375,-8.459451293945312,-7.0684814453125,-6.02020263671875,96.52070465087888,2026-02-20
2026-02-20 18:00:00,-50.0,10.627523803710938,11.940206909179688,13.14495849609375,14.062161254882813,100.3345733642578,2026-02-20
2026-02-20 19:00:00,-50.0,17.879782104492186,19.387957763671874,20.721588134765625,21.995402526855468,147.85318450927736,2026-02-20
2026-02-20 20:00:00,-50.0,12.684439086914063,15.368618774414063,16.06036376953125,16.96050109863281,108.63929901123046,2026-02-20
2026-02-20 21:00:00,-50.0,4.976287841796875,6.793060302734375,8.133209228515625,9.7302734375,172.9301040649414,2026-02-20
2026-02-20 22:00:00,-50.0,20.546066284179688,22.145840454101563,23.316680908203125,25.639511108398438,180.0487045288086,2026-02-20
2026-02-20 23:00:00,-50.0,-1.6013153076171873,0.09475402832031254,1.221649169921875,3.2524124145507813,123.94115447998048,2026-02-20
2026-02-21 00:00:00,-50.0,2.5529083251953124,3.1914337158203123,3.427886962890625,3.903608703613281,4.710842895507812,2026-02-21
2026-02-21 01:00:00,-50.0,-13.293199157714843,-12.49820556640625,-12.15667724609375,-11.908518981933593,-10.39381103515625,2026-02-21
2026-02-21 02:00:00,-50.0,-20.619828796386713,-19.828286743164057,-19.46737670898437,-19.069287109374997,-17.844563293457025,2026-02-21
2026-02-21 03:00:00,-50.0,-20.681793212890625,-20.010487365722657,-19.64459228515625,-19.332905578613282,56.68171844482421,2026-02-21
2026-02-21 04:00:00,-50.0,-20.527621459960937,-19.992861938476562,-19.702301025390625,-19.38518524169922,-17.58433380126953,2026-02-21
2026-02-21 05:00:00,-50.0,-27.404383850097656,-26.435261535644532,-26.103790283203125,-25.806939697265626,-24.813551330566405,2026-02-21
2026-02-21 06:00:00,-50.0,-33.54090576171875,-33.06320648193359,-32.78753662109375,-32.492242431640626,45.95453491210935,2026-02-21
2026-02-21 07:00:00,-50.0,-38.779624938964844,-38.105018615722656,-37.879180908203125,-37.63753204345703,-36.73426818847656,2026-02-21
2026-02-21 08:00:00,-50.0,-35.127775573730474,-34.64827270507813,-34.331756591796875,-34.0232421875,-32.817176818847656,2026-02-21
2026-02-21 09:00:00,-50.0,-31.353187561035156,-30.692080688476562,-30.373321533203125,-29.943875122070313,77.16897888183594,2026-02-21
2026-02-21 10:00:00,-50.0,-30.576396179199218,-30.118650817871092,-29.932830810546875,-29.54253234863281,51.885563659667966,2026-02-21
2026-02-21 11:00:00,-50.0,-34.05308380126953,-33.66164093017578,-33.420440673828125,-33.07176208496094,-32.248355102539065,2026-02-21
2026-02-21 12:00:00,-50.0,-36.06860198974609,-35.64864044189453,-35.314239501953125,-35.000291442871095,-33.777522277832034,2026-02-21
2026-02-21 13:00:00,-50.0,-34.4394775390625,-33.8710220336914,-33.518585205078125,-33.281591796875,-31.839718627929688,2026-02-21
2026-02-21 14:00:00,-50.0,-33.60760650634766,-32.655879211425784,-32.207000732421875,-31.82648468017578,56.62226867675781,2026-02-21
2026-02-21 15:00:00,-50.0,-31.7831787109375,-31.17203216552734,-30.739715576171875,-30.392236328124998,53.7631103515625,2026-02-21
2026-02-21 16:00:00,-50.0,-27.5005615234375,-26.71283721923828,-26.333648681640625,-25.93475799560547,-23.499491882324218,2026-02-21
2026-02-21 17:00:00,41.75,-31.843553161621095,-31.194105529785155,-30.822021484375,-30.189048767089844,46.25181274414062,2026-02-21
2026-02-21 18:00:00,93.270751953125,-3.403489685058596,-2.7805465698242187,-2.34991455078125,-1.810801696777344,111.63613739013671,2026-02-21
2026-02-21 19:00:00,163.95199584960938,-18.636982727050782,-17.9514404296875,-17.471466064453125,-16.851516723632812,88.70817260742187,2026-02-21
2026-02-21 20:00:00,243.29849243164065,-10.342007446289063,-9.373219299316407,-8.935638427734375,-8.018399047851563,111.05061950683593,2026-02-21
2026-02-21 21:00:00,249.0865020751953,84.18457641601563,85.49228363037109,86.07052612304688,86.51512451171875,171.2130905151367,2026-02-21
2026-02-21 22:00:00,285.0,163.3838134765625,164.5938247680664,165.25930786132812,165.8580307006836,277.5520553588867,2026-02-21
2026-02-21 23:00:00,285.0,161.48853912353516,162.7093994140625,163.26744079589844,164.08055725097657,255.7111068725586,2026-02-21
2026-02-22 00:00:00,-37.5,207.94228515625,246.602001953125,253.85821533203125,266.6951171875,291.3524200439453,2026-02-22
2026-02-22 01:00:00,-50.0,190.2743606567383,221.6267272949219,233.87106323242188,248.30089111328127,266.22186279296875,2026-02-22
2026-02-22 02:00:00,-50.0,154.92718505859375,181.34453430175782,201.733154296875,224.4844482421875,254.11904296875,2026-02-22
2026-02-22 03:00:00,-50.0,110.59323272705079,161.25727539062498,179.91867065429688,192.6614837646484,221.1762237548828,2026-02-22
2026-02-22 04:00:00,-50.0,75.38943939208984,141.46552429199218,149.99246215820312,169.8143798828125,201.6042266845703,2026-02-22
2026-02-22 05:00:00,-50.0,95.33289794921875,146.91094360351562,163.1834259033203,184.3368682861328,222.9183349609375,2026-02-22
2026-02-22 06:00:00,-50.0,116.44539337158203,155.5303726196289,203.74343872070312,226.30283813476564,271.22291259765626,2026-02-22
2026-02-22 07:00:00,-50.0,105.17444458007812,138.24094161987304,177.53759765625,199.36685485839843,251.83156127929686,2026-02-22
2026-02-22 08:00:00,-50.0,-58.58652038574218,-40.237580871582026,-11.31182861328125,29.238058471679686,96.68394622802734,2026-02-22
2026-02-22 09:00:00,-50.0,-62.63793182373047,-42.485879516601564,-27.011993408203125,-5.613718414306643,58.3678024291992,2026-02-22
2026-02-22 10:00:00,-50.0,-55.003431701660155,-37.61855621337891,-18.99334716796875,-6.433419799804687,58.199400329589835,2026-02-22
2026-02-22 11:00:00,-50.0,-48.857818603515625,-30.152565002441406,-16.70330810546875,-3.3697738647460938,64.66401062011718,2026-02-22
2026-02-22 12:00:00,-50.0,-49.62477569580078,-33.86308898925781,-22.23764038085937,-10.353742980957028,50.61656036376952,2026-02-22
2026-02-22 13:00:00,-50.0,-51.77319946289062,-40.14164886474609,-23.54232788085937,-0.6692390441894496,58.94521179199218,2026-02-22
2026-02-22 14:00:00,-50.0,-49.99600677490234,-36.71110076904297,-23.319091796875,-3.284197235107424,78.22826690673828,2026-02-22
2026-02-22 15:00:00,-50.0,-49.21104125976562,-33.38782653808594,-22.81787109375,13.516108703613277,67.93328247070312,2026-02-22
2026-02-22 16:00:00,-50.0,-59.63719177246094,-34.177694702148436,-22.85693359375,31.334356689453124,82.93615112304687,2026-02-22
2026-02-22 17:00:00,127.5,183.0410919189453,196.6635299682617,210.19210815429688,267.74957275390625,323.0015014648437,2026-02-22
2026-02-22 18:00:00,125.7354965209961,299.381330871582,323.9786071777344,345.9486083984375,404.5223724365234,482.97499542236324,2026-02-22
2026-02-22 19:00:00,97.70475006103516,410.32926483154296,435.646337890625,483.15338134765625,528.9918853759766,606.6114837646485,2026-02-22
2026-02-22 20:00:00,152.04925537109375,368.92913970947274,397.5658279418946,430.4839477539063,477.94174957275396,526.9931045532227,2026-02-22
2026-02-22 21:00:00,225.0,319.77740478515625,365.6746353149414,414.3470764160156,451.4660705566406,527.1570831298828,2026-02-22
2026-02-22 22:00:00,220.0,239.431413269043,260.95032501220703,319.1487731933594,340.45513610839845,391.6580810546875,2026-02-22
2026-02-22 23:00:00,252.5,247.3914001464844,262.8962036132813,307.5069580078125,347.64915161132814,421.4257049560547,2026-02-22
2026-02-23 00:00:00,100.0,183.31997070312502,228.62935256958008,256.17877197265625,278.9418212890625,329.2104888916016,2026-02-23
2026-02-23 01:00:00,222.5,146.16082763671878,182.97429656982425,231.04710388183597,245.29133605957034,290.94200134277344,2026-02-23
2026-02-23 02:00:00,280.0,174.23537597656252,192.36131134033204,237.1150665283203,251.70973052978516,298.2574523925781,2026-02-23
2026-02-23 03:00:00,242.5,193.6940307617187,205.08323669433588,257.8124389648437,273.59209289550773,303.3744308471679,2026-02-23
2026-02-23 04:00:00,25.0,185.2862594604492,197.6877731323242,208.90219116210935,257.4085739135742,298.2228561401367,2026-02-23
2026-02-23 05:00:00,-37.5,92.95130615234376,102.59077911376954,111.20149230957033,155.8294448852539,184.4396743774414,2026-02-23
2026-02-23 06:00:00,122.5,93.12400360107422,99.92428894042969,104.85397338867188,127.52293395996094,192.14015808105466,2026-02-23
2026-02-23 07:00:00,150.0,97.38347015380859,104.47823028564453,107.87840270996094,114.88874664306641,182.86025695800782,2026-02-23
2026-02-23 08:00:00,-37.5,17.691801452636717,23.909092712402344,27.889068603515625,31.648196411132815,99.19304809570312,2026-02-23
2026-02-23 09:00:00,-50.0,-29.087197875976564,-24.430812072753906,-20.79718017578125,-16.451222229003907,39.459432983398436,2026-02-23
2026-02-23 10:00:00,-50.0,-29.232342529296876,-25.074076843261718,-22.95166015625,-19.91859588623047,-3.582067871093752,2026-02-23
2026-02-23 11:00:00,-50.0,-35.50376281738281,-30.308795166015624,-27.755645751953125,-25.79909973144531,-21.47850189208984,2026-02-23
2026-02-23 12:00:00,-50.0,-35.39660491943359,-29.39983673095703,-27.288726806640625,-25.881895446777342,6.677321624755855,2026-02-23
2026-02-23 13:00:00,-50.0,-29.790304565429686,-26.190098571777344,-23.925811767578125,-21.966944885253906,-6.924308776855469,2026-02-23
2026-02-23 14:00:00,-50.0,-29.09192352294922,-24.81678161621094,-22.831451416015625,-19.192271423339843,45.99417724609374,2026-02-23
2026-02-23 15:00:00,-50.0,-29.52532958984375,-24.01817169189453,-22.35894775390625,-19.81818542480469,25.564179992675783,2026-02-23
2026-02-23 16:00:00,-50.0,-24.37221984863281,-18.730909729003905,-15.63623046875,-4.737742614746095,83.0795166015625,2026-02-23
2026-02-23 17:00:00,347.5,121.6147247314453,129.63074798583983,132.76153564453125,138.07928466796875,197.7371795654297,2026-02-23
2026-02-23 18:00:00,352.5,266.0678955078125,278.6329040527344,284.2324523925781,306.1885078430176,411.26282806396483,2026-02-23
2026-02-23 19:00:00,270.0,251.754443359375,262.17394561767577,282.3096923828125,336.9207107543945,379.8291381835937,2026-02-23
2026-02-23 20:00:00,282.5,242.76617279052735,253.98851928710937,310.5423278808594,334.9033798217773,394.06327362060546,2026-02-23
2026-02-23 21:00:00,212.5,270.9866546630859,283.22845458984375,339.2835388183594,359.1941116333008,412.39990997314453,2026-02-23
2026-02-23 22:00:00,197.5,226.0402130126953,235.64230041503905,253.53273010253903,299.17619018554683,344.13110046386714,2026-02-23
2026-02-23 23:00:00,232.5,158.99446716308594,170.54668273925782,181.80877685546875,238.46899261474607,286.91519317626955,2026-02-23
2026-02-24 00:00:00,317.5,271.8727523803711,297.6380081176758,338.08172607421875,354.57283172607424,392.221989440918,2026-02-24
2026-02-24 01:00:00,240.0,286.00349578857424,303.73859252929685,358.1023864746094,376.2171295166016,396.8197540283203,2026-02-24
2026-02-24 02:00:00,187.5,326.7237487792969,340.32686004638674,392.4125061035156,412.10213470458984,448.43762054443357,2026-02-24
2026-02-24 03:00:00,275.0,392.9579391479492,402.547053527832,458.8631591796875,479.5175247192383,543.7225784301758,2026-02-24
2026-02-24 04:00:00,280.0,247.5058609008789,259.21730041503906,310.5244140625,333.4824020385742,382.52730255126954,2026-02-24
2026-02-24 05:00:00,175.0,190.34666442871088,200.294546508789,256.0917358398437,272.95427551269523,330.0495452880859,2026-02-24
2026-02-24 06:00:00,-50.0,177.63788909912108,184.29688110351563,195.20700073242188,265.028173828125,312.11446380615234,2026-02-24
2026-02-24 07:00:00,-50.0,102.37579040527343,105.79745025634766,109.02528381347656,169.37073516845703,258.9370407104492,2026-02-24
2026-02-24 08:00:00,-50.0,-24.075607299804688,-19.56666259765625,-15.723388671875,45.0742691040039,81.66713256835938,2026-02-24
2026-02-24 09:00:00,-50.0,-24.10686340332031,-18.536776733398437,-16.486846923828125,-13.304093933105468,66.78353271484374,2026-02-24
2026-02-24 10:00:00,-50.0,-15.433189392089844,-12.935923767089843,-10.772491455078123,-8.16383819580078,75.52116546630859,2026-02-24
2026-02-24 11:00:00,-50.0,-7.662437438964844,-3.256489562988281,-1.061187744140625,0.5995651245117186,81.66721801757812,2026-02-24
2026-02-24 12:00:00,-50.0,-11.37652587890625,-8.135128784179688,-6.597381591796875,-1.9599243164062505,76.05999298095703,2026-02-24
2026-02-24 13:00:00,-50.0,-17.20235290527344,-14.084780883789064,-12.180145263671877,-5.091619873046877,67.97726745605469,2026-02-24
2026-02-24 14:00:00,-50.0,-21.509283447265624,-17.747679138183592,-14.80950927734375,-9.741996765136719,76.15813903808593,2026-02-24
2026-02-24 15:00:00,-50.0,-24.657081604003906,-20.331581115722656,-17.564422607421875,-9.151115417480469,78.18207702636718,2026-02-24
2026-02-24 16:00:00,-50.0,-20.629248046875,-18.156513977050782,-15.67327880859375,-6.17582244873047,153.3841369628906,2026-02-24
2026-02-24 17:00:00,-51.0,-10.87709197998047,-5.808590698242188,-1.6358642578125,68.77176361083984,134.26976623535157,2026-02-24
2026-02-24 18:00:00,68.5,27.221615600585935,33.18694915771485,95.101806640625,118.0850814819336,170.46332550048828,2026-02-24
2026-02-24 19:00:00,-53.99625015258789,84.37729949951172,89.33658294677734,96.7242431640625,160.95780181884766,205.4081329345703,2026-02-24
2026-02-24 20:00:00,-50.0,-40.82842254638672,-33.30620727539062,27.086700439453125,40.72879943847657,117.54802093505859,2026-02-24
2026-02-24 21:00:00,-50.0,-58.650971984863276,-52.71125946044921,8.634002685546875,32.47686614990234,77.00614776611327,2026-02-24
2026-02-24 22:00:00,-50.0,-73.75244750976562,-65.88695068359374,-2.4664306640625,16.067193603515616,66.52905578613282,2026-02-24
2026-02-24 23:00:00,-50.0,-75.78687133789062,-70.90654754638672,-5.008331298828125,13.865557861328124,88.22708740234374,2026-02-24
2026-02-25 00:00:00,-50.0,-5.599026489257812,-4.633172607421875,-4.28466796875,-3.845159912109375,-2.177801513671875,2026-02-25
2026-02-25 01:00:00,-50.0,-9.02838592529297,-8.378526306152343,-8.055450439453125,-7.745832824707032,90.18890075683593,2026-02-25
2026-02-25 02:00:00,-50.0,-9.7169189453125,-8.94619140625,-8.540283203125,-8.151856994628906,94.29559783935547,2026-02-25
2026-02-25 03:00:00,-50.0,-8.131910705566407,-7.584233093261719,-7.140472412109375,-6.85843505859375,-4.972746276855469,2026-02-25
2026-02-25 04:00:00,-50.0,-6.597407531738281,-5.9291229248046875,-5.481201171875,-5.0749542236328145,66.03571166992187,2026-02-25
2026-02-25 05:00:00,-50.0,-1.2880889892578125,-0.6836715698242187,-0.351531982421875,0.08035430908203123,91.91177978515623,2026-02-25
2026-02-25 06:00:00,-36.28324890136719,65.9312255859375,66.33531188964844,66.61669921875,66.84181365966796,67.4660430908203,2026-02-25
2026-02-25 07:00:00,-50.0,36.11551361083984,36.60760498046875,36.8743896484375,37.268368530273435,111.81979217529296,2026-02-25
2026-02-25 08:00:00,47.5,-7.322705078125,-6.875245666503906,-6.606781005859375,-6.385383605957031,-5.860639953613282,2026-02-25
2026-02-25 09:00:00,-50.0,-22.037583923339845,-21.660789489746094,-21.305816650390625,-21.05048980712891,-18.658102416992186,2026-02-25
2026-02-25 10:00:00,-50.0,-16.097924804687498,-15.386775207519529,-15.115142822265623,-14.915068054199217,-14.141369628906249,2026-02-25
2026-02-25 11:00:00,-50.0,-16.142466735839843,-15.762413024902344,-15.50457763671875,-15.112672424316408,-14.118821716308593,2026-02-25
2026-02-25 12:00:00,-50.0,-17.819770812988285,-17.486065673828126,-17.2744140625,-17.083087158203124,-15.640289306640625,2026-02-25
2026-02-25 13:00:00,-50.0,-17.169732666015626,-16.71220245361328,-16.435882568359375,-16.116505432128907,-15.699052429199218,2026-02-25
2026-02-25 14:00:00,-50.0,-16.457682800292968,-15.770620727539061,-15.338409423828123,-14.984599304199216,-7.2396499633789055,2026-02-25
2026-02-25 15:00:00,-50.0,-13.461944580078127,-12.791503906250002,-12.537078857421877,-12.214648437500001,76.70328063964844,2026-02-25
2026-02-25 16:00:00,145.80799865722656,54.3698974609375,55.05026702880859,55.47264099121094,55.833981323242185,76.82988891601562,2026-02-25
2026-02-25 17:00:00,312.5,291.84613037109375,292.3638290405273,292.67449951171875,292.85602111816405,294.83054809570314,2026-02-25
2026-02-25 18:00:00,302.5,338.6562866210937,339.42427215576174,339.7552490234375,340.3025833129883,341.94189910888673,2026-02-25
2026-02-25 19:00:00,280.0,326.6587509155273,327.4139877319336,327.7529296875,328.37519989013674,426.02730560302734,2026-02-25
2026-02-25 20:00:00,277.5,287.8681396484375,288.69819793701174,289.066162109375,289.7584289550781,395.924787902832,2026-02-25
2026-02-25 21:00:00,285.0,363.54736480712893,364.6036865234375,364.9956970214844,365.76196136474607,449.9010299682617,2026-02-25
2026-02-25 22:00:00,297.5,366.8405136108398,367.4473480224609,367.831787109375,368.53233032226564,455.07046966552736,2026-02-25
2026-02-25 23:00:00,372.5,348.20322875976564,348.8533676147461,349.1737976074219,349.98473052978517,462.63046875,2026-02-25
2026-02-26 00:00:00,400.0,511.7627349853515,522.90185546875,529.1873168945312,546.1969818115234,567.5854766845703,2026-02-26
2026-02-26 01:00:00,329.4742431640625,640.8405364990234,655.2915588378906,667.9340209960938,686.02099609375,717.17353515625,2026-02-26
2026-02-26 02:00:00,441.5527648925781,639.973910522461,662.1004486083984,674.5534057617188,691.4632598876954,732.9230438232422,2026-02-26
2026-02-26 03:00:00,482.3464965820313,418.17620544433595,443.6890594482422,456.9751281738281,483.4141021728516,544.910366821289,2026-02-26
2026-02-26 04:00:00,326.69073486328125,353.28844909667964,399.0302001953125,424.69927978515625,440.676513671875,498.59844970703125,2026-02-26
2026-02-26 05:00:00,251.13499450683597,299.40916442871094,354.6097869873047,378.5013427734375,397.38762817382815,462.39032592773435,2026-02-26
2026-02-26 06:00:00,385.7554931640625,263.60461730957024,327.47695922851557,348.1952514648437,380.6409088134765,499.1562438964843,2026-02-26
2026-02-26 07:00:00,286.8955078125,230.63882141113282,270.11429595947266,326.1521911621094,345.5421997070313,452.2217712402344,2026-02-26
2026-02-26 08:00:00,281.75,207.46914825439455,229.91852874755858,290.7913513183594,340.982015991211,446.4443389892578,2026-02-26
2026-02-26 09:00:00,209.73374938964844,194.53883514404293,211.98298187255853,274.8290405273437,305.1513061523437,451.8789001464843,2026-02-26
2026-02-26 10:00:00,390.0,204.00277557373045,214.9121398925781,244.49740600585935,291.44470520019524,350.63494873046875,2026-02-26
2026-02-26 11:00:00,375.0,190.02122955322267,205.2556365966797,227.3602294921875,289.0789855957031,359.17939453124995,2026-02-26
2026-02-26 12:00:00,247.5,139.1169601440429,150.97515411376946,193.88528442382807,243.10857543945306,456.1152954101562,2026-02-26
2026-02-26 13:00:00,197.5,166.14189224243165,177.85833053588868,195.0448455810547,278.6757713317871,388.24427108764644,2026-02-26
2026-02-26 14:00:00,257.5,144.7848388671875,159.4306671142578,206.5988006591797,267.2921478271484,449.46403503417963,2026-02-26
2026-02-26 15:00:00,-13.023500442504885,151.55403518676758,164.26129837036132,180.53369140625,252.1672035217285,372.08030166625974,2026-02-26
2026-02-26 16:00:00,193.9057464599609,123.85148162841797,139.43087768554688,209.20870971679688,234.1258575439453,307.756640625,2026-02-26
2026-02-26 17:00:00,39.938751220703125,234.396875,242.84224395751954,260.0132751464844,340.61521301269534,440.39370422363277,2026-02-26
2026-02-26 18:00:00,70.9384994506836,244.19594726562502,255.93795623779297,311.8568420410156,342.49691009521484,482.2923049926758,2026-02-26
2026-02-26 19:00:00,-29.25,228.09358978271484,237.60138244628905,293.63250732421875,335.6195892333984,399.97275695800784,2026-02-26
2026-02-26 20:00:00,20.75,226.87120513916017,236.38331909179686,246.51329040527344,313.0899627685547,508.9203598022461,2026-02-26
2026-02-26 21:00:00,129.6792449951172,211.3198112487793,225.58277053833007,251.31874084472656,327.14408645629885,389.75075759887693,2026-02-26
2026-02-26 22:00:00,262.5,187.80653686523436,199.24341430664063,260.9476318359375,304.7497100830078,418.2655975341797,2026-02-26
2026-02-26 23:00:00,147.5,211.4140769958496,221.42459030151366,245.332275390625,314.0712516784668,417.8346855163574,2026-02-26
2026-02-27 00:00:00,63.17300033569336,253.9818557739258,262.0698303222656,267.3486328125,313.49613189697266,405.28182220458984,2026-02-27
2026-02-27 01:00:00,-0.7917500138282776,279.5024078369141,287.57310180664064,295.3052978515625,350.2163024902344,394.08159790039065,2026-02-27
2026-02-27 02:00:00,117.5,293.49906463623046,300.0031311035156,306.1073913574219,361.33428955078125,398.98194122314453,2026-02-27
2026-02-27 03:00:00,162.5,244.2004592895508,251.88960723876954,307.8517150878906,319.20100860595704,404.24217376708987,2026-02-27
2026-02-27 04:00:00,152.5,265.85040283203125,271.71524810791016,276.9471435546875,331.7686050415039,381.58397674560547,2026-02-27
2026-02-27 05:00:00,175.0,263.7578323364258,269.9471908569336,273.5054016113281,330.5556915283203,379.12670593261714,2026-02-27
2026-02-27 06:00:00,197.5,303.53418884277346,307.2708312988281,311.0082702636719,361.4422637939453,417.42393188476564,2026-02-27
2026-02-27 07:00:00,209.8637542724609,283.91766967773435,287.3261184692383,290.5790100097656,348.944157409668,401.85564575195315,2026-02-27
2026-02-27 08:00:00,461.75,225.07059783935546,230.50950775146484,233.946044921875,244.74366455078126,332.0283889770508,2026-02-27
2026-02-27 09:00:00,311.25201416015625,126.47479705810547,129.65762786865236,133.14793395996094,190.2938232421875,217.53839263916015,2026-02-27
2026-02-27 10:00:00,235.95425415039065,100.87680053710938,104.57018432617187,107.63778686523438,163.1524444580078,236.12558135986328,2026-02-27
2026-02-27 11:00:00,440.1784973144531,71.80952453613281,76.13434753417968,79.35411071777344,83.98359375,169.85263366699218,2026-02-27
2026-02-27 12:00:00,482.0870056152344,14.027670288085938,19.238531494140624,20.8328857421875,28.686888122558592,110.49112396240234,2026-02-27
2026-02-27 13:00:00,357.2787475585937,-8.750991821289064,-3.690789794921875,-0.77532958984375,19.84688491821289,107.52706909179688,2026-02-27
2026-02-27 14:00:00,326.55926513671875,-18.445248413085938,-15.253765869140626,-12.371337890625,3.8032493591308594,78.23751525878906,2026-02-27
2026-02-27 15:00:00,222.0,-25.993861389160156,-21.707550048828125,-18.09112548828125,3.850233459472655,64.36213684082031,2026-02-27
2026-02-27 16:00:00,458.75,-1.8557556152343748,1.5524459838867166,4.716339111328125,45.751730346679686,95.89452667236328,2026-02-27
2026-02-27 17:00:00,518.75,118.40832824707032,123.03679504394532,129.95384216308594,199.10791168212893,292.89230804443355,2026-02-27
2026-02-27 18:00:00,62.084251403808594,210.09792785644532,216.0426986694336,219.1590118408203,279.7665740966797,320.01869049072263,2026-02-27
2026-02-27 19:00:00,51.73025131225586,293.73570404052737,298.0391815185547,302.2112121582031,357.47511596679686,398.7630645751953,2026-02-27
2026-02-27 20:00:00,-23.0314998626709,678.066389465332,686.0602523803711,700.861083984375,764.1935165405273,809.2515014648437,2026-02-27
2026-02-27 21:00:00,156.42274475097656,268.4032348632812,274.9235015869141,329.8620910644531,350.76309967041016,438.09998626708983,2026-02-27
2026-02-27 22:00:00,185.0,132.8013671875,140.80982360839843,198.9878692626953,220.34113464355468,296.5192077636719,2026-02-27
2026-02-27 23:00:00,137.5,102.08028564453124,109.32644195556641,123.49977111816406,186.43713989257813,240.37644958496094,2026-02-27
2026-02-28 00:00:00,132.5,-9.604080200195312,-1.4217697143554675,4.085205078125,49.579017639160156,93.29325561523437,2026-02-28
2026-02-28 01:00:00,187.5,25.025555419921876,30.747308349609376,38.370025634765625,91.39599151611327,142.97050323486326,2026-02-28
2026-02-28 02:00:00,172.5,83.4311492919922,88.90387420654298,95.43377685546876,156.87949523925784,204.1517517089844,2026-02-28
2026-02-28 03:00:00,157.5,125.27283935546875,130.9790466308594,136.07273864746094,185.29715576171876,234.19954528808591,2026-02-28
2026-02-28 04:00:00,160.0,85.31059417724609,89.36876068115234,97.086669921875,163.61842193603513,243.08981628417968,2026-02-28
2026-02-28 05:00:00,45.0,114.6712142944336,117.92545166015624,122.56874084472656,176.98507690429688,212.84142150878904,2026-02-28
2026-02-28 06:00:00,50.0,163.93184356689454,169.39349975585938,174.58230590820312,239.18421325683593,326.76504669189455,2026-02-28
2026-02-28 07:00:00,82.5,84.83900756835938,90.19434356689453,96.62571716308594,153.51309814453126,227.59909973144534,2026-02-28
2026-02-28 08:00:00,107.96749877929688,66.68707733154297,70.6753662109375,76.35092163085938,146.08411712646483,199.7628402709961,2026-02-28
2026-02-28 09:00:00,157.5,-5.004646301269531,-0.352508544921875,3.899749755859375,59.15266723632812,152.89979705810546,2026-02-28
2026-02-28 10:00:00,190.1454925537109,67.73249816894531,73.88379821777343,77.21415710449219,95.89409637451172,178.19288177490233,2026-02-28
2026-02-28 11:00:00,90.50675201416016,248.14394836425782,251.5597900390625,254.7419891357422,321.3512908935547,423.94099578857424,2026-02-28
2026-02-28 12:00:00,96.11824798583984,152.71643524169923,156.13764190673828,158.7779083251953,219.9892608642578,266.95355224609375,2026-02-28
2026-02-28 13:00:00,334.3862609863281,20.64454040527344,26.209321594238283,29.828369140625,94.82596740722656,152.3901428222656,2026-02-28
2026-02-28 14:00:00,391.3125,-14.110307312011718,-10.79547119140625,-7.56365966796875,45.743798828125,105.20728149414062,2026-02-28
2026-02-28 15:00:00,205.0,-24.835765075683593,-17.898599243164064,-14.60150146484375,47.3942153930664,171.89145050048828,2026-02-28
2026-02-28 16:00:00,359.75,14.064192199707032,17.293719482421874,20.4266357421875,90.98549957275391,204.7625503540039,2026-02-28
2026-02-28 17:00:00,626.7877197265625,322.1135681152344,329.226171875,381.01568603515625,411.2083084106445,445.18751068115233,2026-02-28
2026-02-28 18:00:00,266.56024169921875,416.91872253417966,423.1014205932617,431.35247802734375,489.1501495361328,544.9567962646485,2026-02-28
2026-02-28 19:00:00,260.0,416.0719360351562,420.73292236328126,426.3389892578125,490.5184860229492,555.2284164428711,2026-02-28
2026-02-28 20:00:00,267.5,355.41618194580076,358.8259033203125,363.266357421875,429.4923370361328,535.9077606201172,2026-02-28
2026-02-28 21:00:00,242.5,339.9076263427734,345.4197967529297,351.677490234375,422.7160583496094,524.2628723144531,2026-02-28
2026-02-28 22:00:00,265.0,347.0579315185547,351.34921875,360.15252685546875,437.74634857177733,517.0954330444335,2026-02-28
2026-02-28 23:00:00,372.5,301.69587631225585,306.15590896606443,327.074951171875,386.3568733215332,459.7633979797363,2026-02-28
2026-03-01 00:00:00,721.5,368.4281372070312,391.04181823730465,409.3148193359375,435.0929473876953,485.24456481933595,2026-03-01
2026-03-01 01:00:00,819.75,504.5256912231445,546.4304077148438,564.0397338867188,588.1638061523438,636.9434600830078,2026-03-01
2026-03-01 02:00:00,719.3672485351562,679.0203262329102,712.9640838623047,731.0071411132812,760.4741119384765,796.1875061035156,2026-03-01
2026-03-01 03:00:00,655.2442626953125,531.0724517822266,572.7396118164063,597.9501953125,625.2021850585937,660.3528411865234,2026-03-01
2026-03-01 04:00:00,674.8257446289062,341.38760299682616,377.88792724609374,419.1485290527344,428.1676452636719,464.3270568847656,2026-03-01
2026-03-01 05:00:00,331.3930053710937,244.2312065124512,277.46465454101565,314.3922119140625,347.2930328369141,405.5398712158203,2026-03-01
2026-03-01 06:00:00,592.2852783203125,254.70254669189455,307.0117645263672,326.4017639160156,350.7332397460938,404.50560302734374,2026-03-01
2026-03-01 07:00:00,343.5,260.824715423584,288.11488952636716,329.94708251953125,352.95299377441404,403.1575012207031,2026-03-01
2026-03-01 08:00:00,342.5,305.9000671386719,326.42139053344727,363.4540710449219,389.5352752685547,455.3745544433594,2026-03-01
2026-03-01 09:00:00,203.6522521972656,157.14906997680663,176.3776252746582,218.4496154785156,244.02245941162107,290.67497711181636,2026-03-01
2026-03-01 10:00:00,278.94500732421875,255.8125473022461,272.6920700073242,302.5245056152344,336.0273887634277,384.66845016479493,2026-03-01
2026-03-01 11:00:00,290.0,349.5209144592285,369.8608558654785,393.7147216796875,424.4744171142578,451.4242370605469,2026-03-01
2026-03-01 12:00:00,300.0,325.0079704284668,341.8244293212891,366.7398376464844,409.93829040527345,495.21131286621096,2026-03-01
2026-03-01 13:00:00,271.4472351074219,307.8154998779297,330.27026824951173,351.5928039550781,385.2889320373535,434.8232872009277,2026-03-01
2026-03-01 14:00:00,385.0,303.53982009887693,321.9254539489746,348.93218994140625,389.49984283447264,466.75196685791013,2026-03-01
2026-03-01 15:00:00,487.4750061035156,192.30216598510742,230.80361328125002,263.3428649902344,303.0213623046875,382.18725891113286,2026-03-01
2026-03-01 16:00:00,344.906005859375,53.18552627563477,112.05052642822265,134.24166870117188,164.50418701171876,229.7891052246094,2026-03-01
2026-03-01 17:00:00,417.5,109.61745605468748,165.52133178710935,184.87045288085935,209.68319396972655,264.6350402832031,2026-03-01
2026-03-01 18:00:00,380.0,163.4031806945801,197.4085922241211,235.29318237304688,254.1714660644531,298.3784545898437,2026-03-01
2026-03-01 19:00:00,302.5,162.37737731933595,186.50005340576172,223.24142456054688,244.91953735351564,314.0020446777344,2026-03-01
2026-03-01 20:00:00,282.5,101.86388168334962,129.99532928466797,167.42124938964844,193.32514343261718,230.83287048339844,2026-03-01
2026-03-01 21:00:00,307.5,107.40043945312502,134.88240051269534,168.27896118164062,196.33802490234376,290.1287017822266,2026-03-01
2026-03-01 22:00:00,210.0,62.8008903503418,91.72058868408203,123.23049926757812,146.3362030029297,204.72621154785156,2026-03-01
2026-03-01 23:00:00,207.0072479248047,-34.17949523925782,-6.303003692626959,34.878997802734375,64.43181304931639,122.21078948974609,2026-03-01
2026-03-02 00:00:00,-49.45975112915039,23.762521362304696,40.42316894531251,53.14956665039063,68.59744262695312,92.82795410156253,2026-03-02
2026-03-02 01:00:00,250.6467437744141,106.12274627685548,143.11655120849608,161.123046875,178.84404907226562,211.3092071533203,2026-03-02
2026-03-02 02:00:00,285.0,147.3179786682129,183.7011749267578,198.27099609375,218.98892211914062,299.48915405273436,2026-03-02
2026-03-02 03:00:00,232.5,127.14506454467771,167.70779876708983,192.77182006835935,226.1194366455078,269.9700286865234,2026-03-02
2026-03-02 04:00:00,13.006750106811523,92.52744750976562,140.12311859130858,160.4332733154297,185.4097473144531,231.6933166503906,2026-03-02
2026-03-02 05:00:00,-50.0,-73.50102233886717,-38.671855926513665,-5.97698974609375,21.493545532226552,73.02537536621094,2026-03-02
2026-03-02 06:00:00,-50.0,-84.92358398437499,-56.42667045593261,-12.65423583984375,12.061962890625008,84.20824584960937,2026-03-02
2026-03-02 07:00:00,-49.27925109863281,-99.90637054443359,-71.78398666381835,-21.96591186523437,16.421682739257815,148.49388122558594,2026-03-02
2026-03-02 08:00:00,-17.75,-91.02902374267578,-69.26447143554688,-27.07244873046875,6.826498413085936,54.13286743164062,2026-03-02
2026-03-02 09:00:00,-19.17799949645996,-62.88858184814453,-44.87669830322265,-24.5030517578125,27.960848999023447,117.98630981445311,2026-03-02
2026-03-02 10:00:00,-50.0,-44.537855529785155,-33.93570327758789,-19.736846923828125,32.85474700927734,102.52933502197266,2026-03-02
2026-03-02 11:00:00,-51.0,-45.69529724121094,-32.19133758544922,-16.165557861328125,30.23247070312499,112.79924011230469,2026-03-02
2026-03-02 12:00:00,-50.81999969482422,-41.056848144531244,-27.973976135253906,-17.33245849609375,31.183729553222655,112.40421600341799,2026-03-02
2026-03-02 13:00:00,-50.0,-55.20529022216797,-41.83983840942383,-23.469940185546875,22.333517456054686,93.03800506591796,2026-03-02
2026-03-02 14:00:00,-50.0,-61.252130126953126,-47.565955352783206,-25.89495849609375,27.33651580810546,96.35836486816406,2026-03-02
2026-03-02 15:00:00,-50.0,-95.85275115966796,-83.02239990234375,-24.598663330078125,1.395011901855451,102.12552337646484,2026-03-02
2026-03-02 16:00:00,-50.0,-103.74713592529297,-78.2506378173828,-23.41876220703125,11.907400512695318,94.27208557128905,2026-03-02
2026-03-02 17:00:00,-51.14300155639648,-75.94501190185548,-55.33625793457032,-8.977020263671875,27.81167449951171,100.45805511474609,2026-03-02
2026-03-02 18:00:00,-4.5,-74.7592544555664,-51.418143463134754,4.931884765625,49.71658020019532,159.9070617675781,2026-03-02
2026-03-02 19:00:00,15.25,-69.15988464355469,-34.06833267211914,7.9468994140625,43.91756591796875,107.83695678710937,2026-03-02
2026-03-02 20:00:00,94.37774658203124,-54.47304382324218,-5.9921127319335845,21.43560791015625,60.95029449462891,140.95239715576173,2026-03-02
2026-03-02 21:00:00,59.75,-79.00615234375,-58.36924819946289,-8.339508056640625,14.927561950683593,102.36695098876953,2026-03-02
2026-03-02 22:00:00,130.0,-102.23234405517577,-78.64512786865234,-21.21273803710937,3.23172760009766,63.85942230224609,2026-03-02
2026-03-02 23:00:00,41.22150039672852,-96.91782684326172,-45.02693634033203,-21.645965576171875,13.957427978515625,82.45580139160155,2026-03-02
2026-03-03 00:00:00,209.72674560546875,-20.802587890625,-10.84366455078125,-0.972869873046875,34.13470611572266,77.10580139160155,2026-03-03
2026-03-03 01:00:00,-49.49325180053711,-6.515174865722656,-1.3098617553710952,2.89715576171875,42.399560546875,86.04602661132812,2026-03-03
2026-03-03 02:00:00,160.9929962158203,2.3098693847656246,7.140553283691406,13.4202880859375,53.60599899291992,85.56536254882813,2026-03-03
2026-03-03 03:00:00,224.1767425537109,72.86005477905273,76.05427017211915,79.70875549316406,126.18703231811523,160.86597213745117,2026-03-03
2026-03-03 04:00:00,220.0,130.7750259399414,135.90194244384764,140.20643615722656,187.14664459228516,235.34823455810545,2026-03-03
2026-03-03 05:00:00,257.5,183.93050384521487,186.8426635742188,189.5455017089844,238.09835205078127,306.3655044555664,2026-03-03
2026-03-03 06:00:00,250.0,165.39214782714845,167.65101013183593,169.7764892578125,215.68524169921875,252.68633880615232,2026-03-03
2026-03-03 07:00:00,74.69249725341797,122.79998626708985,126.92376403808593,128.1228485107422,130.66178436279296,192.95269927978515,2026-03-03
2026-03-03 08:00:00,30.381999969482425,118.72620544433595,120.39643859863283,122.05853271484376,126.08374481201173,193.33143005371096,2026-03-03
2026-03-03 09:00:00,-35.18424987792969,4.054058837890626,7.000006103515625,8.05364990234375,10.403213500976562,75.23149871826172,2026-03-03
2026-03-03 10:00:00,-50.0,-10.53783721923828,-8.53024139404297,-7.435760498046875,-6.180123901367187,80.45632019042968,2026-03-03
2026-03-03 11:00:00,-50.0,-14.185993957519532,-12.42456512451172,-11.3306884765625,-9.970562744140626,35.34131622314453,2026-03-03
2026-03-03 12:00:00,-50.0,-18.18119659423828,-15.88746643066406,-14.551666259765623,-12.038584899902343,46.25352630615234,2026-03-03
2026-03-03 13:00:00,-50.0,-12.38173522949219,-10.698895263671877,-9.606781005859377,-8.167192077636722,44.467550659179686,2026-03-03
2026-03-03 14:00:00,-50.0,-15.412030029296872,-14.131253051757811,-13.135040283203123,-12.110221862792967,51.19070739746094,2026-03-03
2026-03-03 15:00:00,-50.0,-17.678131103515625,-16.324839782714843,-14.816925048828123,-11.430261230468748,82.67250518798828,2026-03-03
2026-03-03 16:00:00,196.25,19.64322052001953,23.825262451171874,25.602813720703125,29.96986312866211,111.62709503173828,2026-03-03
2026-03-03 17:00:00,337.2239990234375,305.16551971435547,308.05233306884764,309.812255859375,312.14420013427736,391.0459899902344,2026-03-03
2026-03-03 18:00:00,362.5,341.6100311279297,345.299267578125,347.95587158203125,394.86120986938477,459.5952850341797,2026-03-03
2026-03-03 19:00:00,292.5,298.1528747558594,301.84168548583983,305.98907470703125,359.89155731201174,402.59338226318357,2026-03-03
2026-03-03 20:00:00,280.0,298.10778427124023,304.82895431518557,309.8014831542969,362.1932792663574,404.70022506713866,2026-03-03
2026-03-03 21:00:00,290.0,320.2650085449219,324.19715270996096,327.38409423828125,382.5116485595703,440.63392028808596,2026-03-03
2026-03-03 22:00:00,340.0,333.9963371276855,339.84833755493156,353.6967163085937,411.9114860534667,444.8612098693847,2026-03-03
2026-03-03 23:00:00,370.1025085449219,338.04457702636716,341.61944580078125,343.3053894042969,393.74327850341797,439.24025421142574,2026-03-03
2026-03-04 00:00:00,332.5,224.09853401184083,283.7936645507813,296.991943359375,312.49452209472656,342.6317962646484,2026-03-04
2026-03-04 01:00:00,297.5,294.47007446289064,358.1759552001953,378.9204406738281,403.48955993652345,435.1006500244141,2026-03-04
2026-03-04 02:00:00,315.0,318.3023551940918,385.46921997070314,404.2312316894531,429.2680847167969,472.5576416015625,2026-03-04
2026-03-04 03:00:00,310.0,298.8158607482911,380.20694885253914,395.7799682617188,419.8886505126954,474.2030242919922,2026-03-04
2026-03-04 04:00:00,297.5,270.1050666809082,339.983952331543,362.0592346191406,388.786865234375,444.84242553710936,2026-03-04
2026-03-04 05:00:00,292.5,260.0895652770996,321.9091369628906,350.8128662109375,372.9691589355469,425.87941589355466,2026-03-04
2026-03-04 06:00:00,295.0,263.027774810791,282.21985092163084,346.8451843261719,374.20359497070314,422.72703857421874,2026-03-04
2026-03-04 07:00:00,335.0,226.26120834350587,242.5066276550293,304.9653015136719,328.70908203125,370.5687591552734,2026-03-04
2026-03-04 08:00:00,320.0,225.72627334594728,234.5255989074707,302.4739990234375,333.40680236816405,391.35029907226567,2026-03-04
2026-03-04 09:00:00,439.27349853515625,309.0097198486328,316.65111389160154,330.9841613769531,396.26973190307615,446.71069717407227,2026-03-04
2026-03-04 10:00:00,391.4567565917969,295.4201156616211,300.50419464111326,306.7584228515625,377.16869888305666,460.24528884887695,2026-03-04
2026-03-04 11:00:00,461.0,310.863703918457,315.1037078857422,317.9822082519531,372.92588119506837,424.2943717956543,2026-03-04
2026-03-04 12:00:00,487.0,277.325,283.1833999633789,286.8231201171875,310.0974308013916,404.31238479614257,2026-03-04
2026-03-04 13:00:00,453.635009765625,210.18294219970704,214.3457992553711,218.3758087158203,266.372176361084,327.2203758239746,2026-03-04
2026-03-04 14:00:00,200.0,200.3284698486328,205.16310424804686,210.0182647705078,269.17934646606443,324.88685073852537,2026-03-04
2026-03-04 15:00:00,220.8654937744141,128.61895675659179,133.40778274536132,142.53302001953125,205.45596008300782,275.5956176757812,2026-03-04
2026-03-04 16:00:00,289.5222473144531,66.66396560668946,74.19875564575196,82.12889099121094,154.34271240234375,226.96914825439453,2026-03-04
2026-03-04 17:00:00,403.6315002441406,103.28579483032226,111.74684219360353,153.51954650878906,198.80894470214844,247.8166473388672,2026-03-04
2026-03-04 18:00:00,262.5,235.84874801635743,246.03244247436524,308.3280334472656,339.6155120849609,402.81337585449216,2026-03-04
2026-03-04 19:00:00,268.2092590332031,222.3198112487793,231.12110061645507,290.32330322265625,317.98081665039064,412.10548706054686,2026-03-04
2026-03-04 20:00:00,287.60400390625,167.5346321105957,179.34767684936526,249.66249084472656,281.0501281738281,330.5664520263672,2026-03-04
2026-03-04 21:00:00,279.0564880371094,117.64465866088871,130.59303512573246,188.41275024414065,232.5135467529297,275.5167633056641,2026-03-04
2026-03-04 22:00:00,357.2852478027344,80.23761672973632,91.67836685180663,153.36526489257812,174.81386413574216,230.93893127441407,2026-03-04
2026-03-04 23:00:00,267.5,18.465688323974618,27.46537246704102,106.69705200195312,132.6458984375,195.68812255859376,2026-03-04
2026-03-05 00:00:00,297.5,257.4331390380859,276.44248046875003,293.6592102050781,314.0069885253906,349.29485473632815,2026-03-05
2026-03-05 01:00:00,297.5,231.83977203369142,269.26362762451174,287.2698669433594,305.4824935913086,361.8210250854492,2026-03-05
2026-03-05 02:00:00,217.5,215.26078338623046,270.82481079101564,287.2879333496094,305.87148132324216,352.2865295410156,2026-03-05
2026-03-05 03:00:00,207.5,223.58050842285155,272.4877182006836,291.7810974121094,315.4022521972656,355.25389404296874,2026-03-05
2026-03-05 04:00:00,190.0,206.8612907409668,269.5125137329101,285.93603515625,309.357453918457,366.1067825317383,2026-03-05
2026-03-05 05:00:00,-50.0,125.93663482666018,184.40056762695315,206.68179321289065,226.43764648437502,266.38550109863286,2026-03-05
2026-03-05 06:00:00,-50.0,192.0429885864258,239.5275146484375,262.0793151855469,297.0381408691406,339.1066589355469,2026-03-05
2026-03-05 07:00:00,187.5,138.30559158325192,200.22018585205075,221.33839416503903,245.60761413574215,334.7441436767578,2026-03-05
2026-03-05 08:00:00,15.0,174.15532150268555,233.24927215576173,257.6681213378906,280.1678192138672,348.1267913818359,2026-03-05
2026-03-05 09:00:00,-50.0,53.75679397583008,110.29845581054687,140.5636749267578,176.09729614257813,270.55474243164065,2026-03-05
2026-03-05 10:00:00,-50.0,104.17863845825195,120.39368743896485,176.76065063476562,201.79029846191406,320.7782012939453,2026-03-05
2026-03-05 11:00:00,-50.0,161.80688934326173,175.16322479248046,191.21481323242188,243.61040878295898,295.27926101684574,2026-03-05
2026-03-05 12:00:00,-50.0,59.4395149230957,71.63959426879883,88.27828979492188,152.9105514526367,249.4177993774414,2026-03-05
2026-03-05 13:00:00,-50.0,-22.6039306640625,-8.249336242675781,1.89678955078125,59.49860458374022,111.62241439819336,2026-03-05
2026-03-05 14:00:00,-50.0,-29.031449890136717,-22.71770782470703,-11.91632080078125,36.71783981323242,119.90729141235352,2026-03-05
2026-03-05 15:00:00,-50.0,-44.2857795715332,-37.03521957397461,-26.970916748046875,31.236032104492168,87.68692626953124,2026-03-05
2026-03-05 16:00:00,-50.0,-91.48490371704102,-74.96418991088868,-27.634674072265625,16.99190979003906,70.70948791503906,2026-03-05
2026-03-05 17:00:00,-2.5472500324249268,41.568210601806655,54.236962127685565,107.50701904296876,137.35814514160157,189.6005615234375,2026-03-05
2026-03-05 18:00:00,265.64599609375,211.6518836975098,232.30720138549805,285.4354248046875,314.64544372558595,389.9564208984375,2026-03-05
2026-03-05 19:00:00,300.0,194.23688888549805,218.37310791015625,287.6014404296875,304.4430419921875,355.1673309326172,2026-03-05
2026-03-05 20:00:00,300.0,221.99270553588866,239.73871307373048,289.46649169921875,314.42546997070315,398.9473846435547,2026-03-05
2026-03-05 21:00:00,300.0,403.0384346008301,467.4589050292969,500.2352600097656,524.3714538574219,594.0816925048828,2026-03-05
2026-03-05 22:00:00,300.0,327.01655654907233,352.28168258667,399.9514770507813,435.68981933593756,511.23540039062505,2026-03-05
2026-03-05 23:00:00,307.5,232.42599258422848,254.0519409179687,311.3676147460937,337.76261596679683,393.08948059082024,2026-03-05
2026-03-06 00:00:00,359.5,450.5918853759766,485.2061065673828,494.2301025390625,511.49012756347656,536.3356903076173,2026-03-06
2026-03-06 01:00:00,355.0,665.0089965820313,689.7707061767578,702.084228515625,720.3732604980469,740.9494720458985,2026-03-06
2026-03-06 02:00:00,405.0,821.4917648315429,865.9337829589844,879.0709228515625,899.8262481689453,936.2957122802734,2026-03-06
2026-03-06 03:00:00,402.5,734.9328964233398,759.4252532958984,781.6446533203125,804.3255798339844,844.7709320068359,2026-03-06
2026-03-06 04:00:00,295.0,415.7105270385743,484.57079467773445,503.3482055664063,528.8405975341798,583.444891357422,2026-03-06
2026-03-06 05:00:00,450.0,292.0410575866699,353.9920166015625,370.2117004394531,389.0677825927734,428.9424682617188,2026-03-06
2026-03-06 06:00:00,500.0,314.3459762573243,370.75085144042976,396.2267456054688,420.2148986816407,469.04602355957036,2026-03-06
2026-03-06 07:00:00,402.5,305.8527557373047,324.1376472473145,386.463134765625,412.16119995117185,499.43621520996095,2026-03-06
2026-03-06 08:00:00,285.0,230.72622985839843,250.27815856933594,311.4139709472656,346.97655029296874,398.5956115722656,2026-03-06
2026-03-06 09:00:00,315.0,199.48560180664063,211.7287452697754,262.8941650390625,288.891845703125,391.6856628417969,2026-03-06
2026-03-06 10:00:00,277.5,193.1206024169922,215.01341094970704,262.2996520996094,306.57641754150393,385.2698013305664,2026-03-06
2026-03-06 11:00:00,537.6307373046875,204.0428253173828,216.0465103149414,228.6517333984375,288.58190155029297,344.97147369384766,2026-03-06
2026-03-06 12:00:00,388.0,194.6099510192871,203.7996482849121,217.90017700195312,285.05688400268554,349.4576545715332,2026-03-06
2026-03-06 13:00:00,322.0037536621094,117.52994689941411,129.85549926757818,195.7608337402344,220.5403228759766,306.5478729248047,2026-03-06
2026-03-06 14:00:00,282.8125,69.65280685424804,92.35345382690429,120.95426940917967,177.2277961730957,260.13108596801754,2026-03-06
2026-03-06 15:00:00,271.5,138.5551887512207,150.84309463500978,186.139404296875,237.01926651000977,328.9312355041504,2026-03-06
2026-03-06 16:00:00,566.25,255.83988342285159,270.88417892456056,335.9325866699219,373.62581329345704,483.71382904052734,2026-03-06
2026-03-06 17:00:00,340.0,255.08726959228517,319.3118011474609,357.1398620605469,380.0358184814453,462.34613037109375,2026-03-06
2026-03-06 18:00:00,402.5,252.63448333740234,308.3365951538086,342.90692138671875,370.6656921386719,432.4809814453125,2026-03-06
2026-03-06 19:00:00,262.5,237.50254516601564,301.3058288574219,329.1621398925781,382.5609130859375,487.22553710937495,2026-03-06
2026-03-06 20:00:00,285.0,205.3916275024414,227.45401458740236,303.4645690917969,348.80132751464845,413.70453491210935,2026-03-06
2026-03-06 21:00:00,407.5,205.20799255371094,269.54920349121096,299.6260986328125,340.3622680664063,416.4283447265625,2026-03-06
2026-03-06 22:00:00,447.5,205.74920501708985,240.80868606567384,300.18267822265625,338.61621398925786,388.91907653808596,2026-03-06
2026-03-06 23:00:00,260.0,195.10556335449218,235.92857513427734,277.25933837890625,306.34753265380857,391.64867095947267,2026-03-06
2026-03-07 00:00:00,267.5,218.27835388183593,233.96895904541014,250.38619995117188,267.37537536621096,294.79356994628904,2026-03-07
2026-03-07 01:00:00,100.0,63.39779052734376,110.58379974365235,129.7787322998047,149.265576171875,179.2261535644531,2026-03-07
2026-03-07 02:00:00,195.0,146.095751953125,193.10310974121091,214.88131713867188,231.11971435546874,273.7560974121094,2026-03-07
2026-03-07 03:00:00,230.0,69.77322540283204,141.62411804199218,163.27989196777344,186.8271270751953,231.2624572753906,2026-03-07
2026-03-07 04:00:00,25.0,-8.465676879882807,46.440434265136716,74.79032897949219,89.77444458007812,142.66716918945312,2026-03-07
2026-03-07 05:00:00,162.5,-45.24258728027344,-13.594493865966783,44.05009460449219,58.95075073242188,101.98840942382813,2026-03-07
2026-03-07 06:00:00,-25.0,2.349926757812497,69.50575714111329,89.71798706054688,113.50254516601564,148.55734558105468,2026-03-07
2026-03-07 07:00:00,-50.0,-2.722851562499997,22.47631530761719,73.21041870117188,101.76497039794921,141.7950210571289,2026-03-07
2026-03-07 08:00:00,-50.0,-28.44479064941406,-15.776480865478511,31.360870361328125,66.70045471191406,124.06350708007812,2026-03-07
2026-03-07 09:00:00,-50.0,-24.787434005737303,-9.780160140991212,12.015411376953123,63.0994327545166,107.54398689270019,2026-03-07
2026-03-07 10:00:00,-50.0,-41.2695198059082,-27.8019157409668,5.97808837890625,47.02832260131836,103.55166244506836,2026-03-07
2026-03-07 11:00:00,-50.0,-7.343852996826172,6.739571380615235,22.763458251953125,72.22316818237304,125.78560104370116,2026-03-07
2026-03-07 12:00:00,-50.0,-19.067501831054688,-6.464013671875001,2.470855712890625,56.697059631347656,97.03012237548828,2026-03-07
2026-03-07 13:00:00,-50.0,-78.66329345703124,-66.4830581665039,-8.56103515625,16.295005798339844,67.52161712646486,2026-03-07
2026-03-07 14:00:00,-50.0,-54.23168487548828,-39.714176940917966,-13.909576416015623,28.79839172363281,81.47678680419922,2026-03-07
2026-03-07 15:00:00,-50.0,-55.037025451660156,-40.24010772705078,-22.66830444335937,41.19660797119138,90.8711166381836,2026-03-07
2026-03-07 16:00:00,-50.0,-47.098806762695304,-27.575323486328124,24.375762939453125,44.213349914550776,87.08883209228517,2026-03-07
2026-03-07 17:00:00,25.25,-45.61588897705077,-20.450763702392564,41.679473876953125,60.082800292968756,107.55289306640626,2026-03-07
2026-03-07 18:00:00,185.75,86.7993667602539,108.04838333129882,161.65567016601562,182.20355529785155,227.0476867675781,2026-03-07
2026-03-07 19:00:00,169.0,92.44071350097657,122.6306007385254,171.7115936279297,198.37716979980468,265.56199035644534,2026-03-07
2026-03-07 20:00:00,91.5,59.011053466796895,83.83787765502932,137.03353881835938,166.67213439941406,209.63961791992188,2026-03-07
2026-03-07 21:00:00,144.0,153.966748046875,184.76262168884278,233.50320434570312,272.30165100097656,311.594189453125,2026-03-07
2026-03-07 22:00:00,160.97674560546875,186.1249740600586,213.99026641845703,269.1803283691406,292.22571258544923,343.1622665405273,2026-03-07
2026-03-07 23:00:00,280.0,204.68755340576172,221.20845947265624,280.0152893066406,307.2021209716797,362.0018249511719,2026-03-07
2026-03-08 00:00:00,295.0,231.01564254760734,268.82929992675776,279.0863647460937,290.75552062988277,315.4965759277343,2026-03-08
2026-03-08 01:00:00,300.0,247.02011642456054,292.408430480957,307.8698425292969,323.984684753418,351.0748550415039,2026-03-08
2026-03-08 02:00:00,290.0,250.36027984619142,305.2356521606445,318.49285888671875,329.11073303222656,355.45276184082036,2026-03-08
2026-03-08 03:00:00,292.5,284.18991699218753,334.0121871948242,346.5366516113281,360.5236480712891,390.68385620117186,2026-03-08
2026-03-08 04:00:00,285.0,245.55270462036134,305.8960525512695,320.8474426269531,333.13427276611327,374.1608291625977,2026-03-08
2026-03-08 05:00:00,282.5,232.1272994995117,291.5931671142578,307.2604675292969,321.11169128417964,356.5345886230469,2026-03-08
2026-03-08 06:00:00,280.0,207.2204330444336,235.84519538879394,269.642822265625,289.6809051513672,325.1745269775391,2026-03-08
2026-03-08 07:00:00,287.5,217.97136993408202,240.11421585083008,287.8504638671875,308.88179779052734,367.8609024047852,2026-03-08
2026-03-08 08:00:00,185.0,177.23555908203122,194.7533050537109,210.2069396972656,260.9436889648437,288.4856903076172,2026-03-08
2026-03-08 09:00:00,110.0,-5.768070220947266,7.11616439819336,17.030242919921875,59.944193267822264,95.26404342651365,2026-03-08
2026-03-08 10:00:00,-50.0,-22.281090545654298,-13.301003265380858,-3.936676025390625,11.436719512939453,69.83641891479492,2026-03-08
2026-03-08 11:00:00,-50.0,14.436614227294923,24.35346908569336,29.350799560546875,34.08705368041992,88.36075515747069,2026-03-08
2026-03-08 12:00:00,-50.0,-51.5770767211914,-40.375805664062504,-33.665191650390625,-27.742095947265625,25.67174682617187,2026-03-08
2026-03-08 13:00:00,-50.0,-46.55862655639649,-39.35036849975586,-30.69647216796875,-18.831837463378907,32.93296432495118,2026-03-08
2026-03-08 14:00:00,-50.0,-42.675778198242185,-34.25699157714844,-26.46075439453125,-20.695328521728516,46.330535888671875,2026-03-08
2026-03-08 15:00:00,-50.0,-46.47892379760742,-31.183483123779297,-24.146453857421875,22.960323333740234,64.42971115112304,2026-03-08
2026-03-08 16:00:00,-50.0,3.6414413452148438,17.74622039794922,41.80705261230469,91.80502166748047,139.40748138427733,2026-03-08
2026-03-08 17:00:00,273.5852355957031,260.18940925598145,276.89636878967286,298.0597229003906,337.65634803771974,380.8876132965088,2026-03-08
2026-03-08 18:00:00,362.8580017089844,280.1784217834473,297.78185882568357,332.9229431152344,357.5636726379395,437.3790534973145,2026-03-08
2026-03-08 19:00:00,271.6932373046875,245.49056854248042,277.01716918945306,320.6698608398437,343.87660675048824,398.6633468627929,2026-03-08
2026-03-08 20:00:00,290.0,259.23206329345703,284.5787925720215,325.0146484375,350.6650146484375,409.8811996459961,2026-03-08
2026-03-08 21:00:00,295.0,285.5311965942383,306.078443145752,349.46405029296875,374.6768081665039,414.78636322021487,2026-03-08
2026-03-08 22:00:00,300.0,303.0022735595703,323.41925888061525,374.43798828125,405.0273681640625,453.400244140625,2026-03-08
2026-03-08 23:00:00,305.0,319.4222610473633,337.0182250976562,388.8388671875,407.1323211669922,475.53372650146486,2026-03-08
2026-03-09 00:00:00,292.5,364.3070343017578,375.34833984375,386.136474609375,392.9197174072266,406.2157287597656,2026-03-09
2026-03-09 01:00:00,462.5,382.3363525390625,395.9142272949219,404.8945617675781,411.87660217285156,427.63853149414064,2026-03-09
2026-03-09 02:00:00,425.0,289.8596870422363,338.7363708496094,348.71270751953125,365.16956787109376,386.7465423583984,2026-03-09
2026-03-09 03:00:00,500.0,306.7316558837891,328.49212951660155,340.0562744140625,349.3254852294922,371.6831115722656,2026-03-09
2026-03-09 04:00:00,340.0,251.18780059814452,296.4789154052734,313.6015930175781,330.8145690917969,355.184716796875,2026-03-09
2026-03-09 05:00:00,175.0,194.00471572875978,259.52001037597654,273.8084716796875,284.8173492431641,309.043978881836,2026-03-09
2026-03-09 06:00:00,37.5,163.4402229309082,226.13193969726564,246.0457763671875,260.859375,285.9850341796875,2026-03-09
2026-03-09 07:00:00,-50.0,68.45085220336914,128.24213256835938,166.9591064453125,185.055126953125,223.77832641601563,2026-03-09
2026-03-09 08:00:00,-50.0,-83.9425453186035,-54.02911987304688,1.28680419921875,22.57882080078124,71.69483947753906,2026-03-09
2026-03-09 09:00:00,-50.0,-43.797513198852535,-32.612053298950194,-9.085968017578123,67.3462085723877,100.0171588897705,2026-03-09
2026-03-09 10:00:00,-50.0,-18.500856781005858,-9.970316314697262,-0.997528076171875,58.186315917968756,87.46412048339843,2026-03-09
2026-03-09 11:00:00,-50.0,3.030465698242189,12.579008483886717,17.64556884765625,35.79275817871094,103.27728805541992,2026-03-09
2026-03-09 12:00:00,-50.0,-20.377112579345702,-13.567607879638672,-7.0870361328125,20.92410202026367,97.21855010986327,2026-03-09
2026-03-09 13:00:00,-50.0,-26.13643035888672,-19.535565185546876,-13.753387451171877,49.08322525024414,80.78179397583007,2026-03-09
2026-03-09 14:00:00,-50.0,-25.313279724121095,-18.303173828125,-13.00970458984375,6.630702972412109,86.71191177368163,2026-03-09
2026-03-09 15:00:00,-50.0,-32.01864700317383,-19.22249984741211,-12.377777099609377,47.92977600097657,101.98875427246094,2026-03-09
2026-03-09 16:00:00,-50.0,23.932091522216798,30.521320343017578,41.62754821777344,112.05372467041015,157.24932708740232,2026-03-09
2026-03-09 17:00:00,-7.547249794006348,112.97536277770996,126.10236778259278,154.27236938476562,211.15544166564942,263.75757789611816,2026-03-09
2026-03-09 18:00:00,92.5,175.0045280456543,185.87078704833985,247.48374938964844,274.0802947998047,306.6701202392578,2026-03-09
2026-03-09 19:00:00,-29.5,150.96288986206054,216.69048156738282,235.32769775390625,263.20518493652344,295.0591186523437,2026-03-09
2026-03-09 20:00:00,72.25,-9.295162200927734,61.11460571289062,81.86820983886719,110.75674133300781,162.23065490722655,2026-03-09
2026-03-09 21:00:00,43.25,-57.01083450317382,-0.7533958435058565,37.91915893554688,56.730352783203124,101.21637573242188,2026-03-09
2026-03-09 22:00:00,66.5,-59.42738342285156,7.813568115234375,26.361968994140625,47.648565673828124,75.91262512207031,2026-03-09
2026-03-09 23:00:00,-28.0,-70.65839157104492,-46.20797271728516,22.294708251953125,39.0898193359375,68.96361389160157,2026-03-09
2026-03-10 00:00:00,267.5,0.07257537841797124,8.286682128906252,12.068817138671877,17.896448516845705,85.07654037475585,2026-03-10
2026-03-10 01:00:00,126.29199981689452,-1.1324607849121069,4.684754180908205,9.773651123046877,20.924378204345704,89.0841552734375,2026-03-10
2026-03-10 02:00:00,166.26300048828125,22.786845397949218,34.46259765625,41.86442565917969,90.2404899597168,140.5052665710449,2026-03-10
2026-03-10 03:00:00,387.5,78.10313186645507,87.50039291381836,102.29283142089844,150.17066802978516,190.11000366210936,2026-03-10
2026-03-10 04:00:00,239.09750366210935,61.85890274047851,72.0125862121582,87.10038757324219,140.63801422119138,230.0063735961914,2026-03-10
2026-03-10 05:00:00,180.4900054931641,114.21441421508788,125.39565811157226,132.1361846923828,185.36712799072265,225.7667999267578,2026-03-10
2026-03-10 06:00:00,292.5,249.41856002807617,255.9887321472168,267.313720703125,325.0445358276367,418.3861831665039,2026-03-10
2026-03-10 07:00:00,191.1947479248047,194.45798034667968,205.94122467041015,211.13946533203125,261.31789169311526,311.0580345153809,2026-03-10
2026-03-10 08:00:00,217.5,33.015019226074216,38.638055419921876,42.42750549316406,61.06833343505859,125.1675407409668,2026-03-10
2026-03-10 09:00:00,12.5,-5.057783508300782,1.656222534179686,7.447418212890625,17.34540634155273,102.2726432800293,2026-03-10
2026-03-10 10:00:00,-50.0,8.368630981445312,14.53943634033203,18.259429931640625,31.607965087890626,99.72030410766601,2026-03-10
2026-03-10 11:00:00,-50.0,98.97313537597655,104.35059967041015,107.17375183105467,117.7752243041992,198.83035507202146,2026-03-10
2026-03-10 12:00:00,-50.0,43.36628875732422,49.80934448242188,53.7691650390625,69.3032241821289,135.9211799621582,2026-03-10
2026-03-10 13:00:00,-50.0,-12.512680053710938,-4.475700378417969,-2.005218505859375,45.112597656249996,89.5652244567871,2026-03-10
2026-03-10 14:00:00,-50.0,-39.62657165527344,-32.6804702758789,-27.19613647460937,20.679134368896488,51.29575576782226,2026-03-10
2026-03-10 15:00:00,-50.0,-34.74093017578125,-29.268722534179688,-24.22979736328125,25.82526626586914,83.33629989624023,2026-03-10
2026-03-10 16:00:00,-50.0,-29.866341400146485,-20.507614898681638,-9.7169189453125,44.98441162109375,84.24288330078124,2026-03-10
2026-03-10 17:00:00,142.75,186.7565071105957,202.55647430419918,246.50440979003903,281.058901977539,349.8795501708984,2026-03-10
2026-03-10 18:00:00,285.75,343.19344711303717,394.18308105468753,420.4817504882813,450.2669036865235,504.10347290039067,2026-03-10
2026-03-10 19:00:00,220.3302459716797,505.2454292297364,535.6178462982177,578.5225830078125,601.0891876220703,647.481558227539,2026-03-10
2026-03-10 20:00:00,231.29049682617188,547.8450172424316,586.416667175293,619.8428955078125,650.0125564575195,692.0956497192383,2026-03-10
2026-03-10 21:00:00,300.0,967.9728233337403,1025.129623413086,1047.32470703125,1068.0784393310546,1135.5719940185547,2026-03-10
2026-03-10 22:00:00,337.5,1011.6515525817871,1061.9842956542968,1082.27587890625,1100.0485717773438,1175.8372619628906,2026-03-10
2026-03-10 23:00:00,350.0,914.3088630676269,927.9662948608399,976.708251953125,996.0876953125,1045.109423828125,2026-03-10
2026-03-11 00:00:00,663.5,567.9207611083984,580.9955169677735,589.333251953125,597.8814392089844,617.6571502685547,2026-03-11
2026-03-11 01:00:00,417.43951416015625,946.5820465087891,965.3427947998047,977.487548828125,992.4046203613282,1007.2536682128906,2026-03-11
2026-03-11 02:00:00,970.2349853515624,606.7510467529297,626.9620086669922,641.2373046875,652.0062225341796,675.8932189941406,2026-03-11
2026-03-11 03:00:00,925.0,366.16560516357424,383.3858184814453,392.0201110839844,408.0635650634766,433.9780609130859,2026-03-11
2026-03-11 04:00:00,487.5,279.56307525634764,300.73033752441404,312.5380859375,324.97166137695314,346.07859497070314,2026-03-11
2026-03-11 05:00:00,460.896240234375,268.29384155273436,287.4818389892578,302.3960266113281,315.6592712402344,349.1317474365234,2026-03-11
2026-03-11 06:00:00,467.25,237.13669662475587,301.5137664794922,312.2475280761719,333.2734100341797,372.29249877929686,2026-03-11
2026-03-11 07:00:00,32.5,215.24103927612305,242.3556335449219,295.5927429199219,313.45765686035156,349.0707733154297,2026-03-11
2026-03-11 08:00:00,187.5,159.43123092651362,180.59817504882807,243.16458129882807,264.3625274658202,313.1655181884765,2026-03-11
2026-03-11 09:00:00,275.0,69.2208366394043,78.49348983764648,90.43299865722656,164.9044189453125,211.74989318847656,2026-03-11
2026-03-11 10:00:00,318.3080139160156,11.355549621582028,19.065878295898436,25.50277709960937,34.186730194091794,116.49901504516602,2026-03-11
2026-03-11 11:00:00,403.0567626953125,139.13343963623046,147.91552124023437,154.06153869628906,208.25656204223634,270.103409576416,2026-03-11
2026-03-11 12:00:00,490.97650146484375,167.33074951171878,174.23576660156252,180.92747497558597,191.79706192016604,271.45041732788087,2026-03-11
2026-03-11 13:00:00,322.2852478027344,13.90087890625,20.463250732421876,25.13531494140625,84.10895156860352,116.35244216918944,2026-03-11
2026-03-11 14:00:00,368.2522583007813,14.150541687011719,21.966572570800782,27.316131591796875,35.74926681518555,113.63313217163086,2026-03-11
2026-03-11 15:00:00,195.0,-23.501377868652344,-16.528524780273436,-7.4566650390625,51.27305679321288,123.82632827758789,2026-03-11
2026-03-11 16:00:00,375.0,74.0999351501465,88.74823989868165,145.856201171875,175.05032653808593,215.40549926757814,2026-03-11
2026-03-11 17:00:00,452.5,140.26021194458008,158.42213439941406,212.62744140625,237.16287841796873,273.54949645996095,2026-03-11
2026-03-11 18:00:00,59.25,160.62392654418946,179.96364059448243,247.2551727294922,275.4836364746094,320.22251892089844,2026-03-11
2026-03-11 19:00:00,106.5,149.07826309204103,211.353923034668,232.3726501464844,253.55814971923832,283.9445022583008,2026-03-11
2026-03-11 20:00:00,124.0,17.196450042724607,49.79810180664063,116.4146728515625,134.2067657470703,176.97621154785156,2026-03-11
2026-03-11 21:00:00,121.25,-0.35483627319335653,23.18374938964844,83.83146667480469,104.02344970703125,135.88198852539062,2026-03-11
2026-03-11 22:00:00,-31.99625015258789,-15.363259124755842,19.545720672607438,75.68226623535156,99.39132080078127,119.27042236328126,2026-03-11
2026-03-11 23:00:00,-50.99625015258789,-43.98943862915038,-7.338466644287102,42.92843627929688,62.133938598632824,100.60242919921876,2026-03-11
2026-03-12 00:00:00,-49.25,-40.012048339843744,-24.673023986816403,-9.497833251953123,31.218661499023433,75.09445800781249,2026-03-12
2026-03-12 01:00:00,-51.0,-69.42823104858398,-50.61927108764648,-19.35516357421875,22.468805694580084,72.29670181274416,2026-03-12
2026-03-12 02:00:00,-50.0,-85.21948852539063,-70.83806457519532,-12.71417236328125,31.07982177734374,95.98595886230468,2026-03-12
2026-03-12 03:00:00,-50.0,-75.02890167236328,-62.21219177246093,-10.16302490234375,25.91402587890625,79.18748168945314,2026-03-12
2026-03-12 04:00:00,-50.0,-96.60606536865234,-77.83773651123047,-17.195526123046875,5.839682006835936,85.22371215820313,2026-03-12
2026-03-12 05:00:00,-50.0,-97.02146911621094,-76.58660583496093,-20.80990600585937,21.190771484374988,121.88369140625,2026-03-12
2026-03-12 06:00:00,-51.0,-94.07468719482422,-81.53041763305663,-28.969482421875,11.410624694824214,66.38277740478516,2026-03-12
2026-03-12 07:00:00,-51.74625015258789,-97.28733367919922,-75.62007904052734,-24.59716796875,16.685044860839845,89.71750335693359,2026-03-12
2026-03-12 08:00:00,-50.0,-76.08458442687987,-60.06947059631348,-35.372100830078125,38.212540817260745,122.39288139343262,2026-03-12
2026-03-12 09:00:00,-50.0,-67.2325569152832,-53.1256721496582,-34.908355712890625,48.06935501098633,181.12522354125977,2026-03-12
2026-03-12 10:00:00,-50.0,-78.36100616455077,-66.65694580078124,-24.13705444335937,8.970446777343756,101.29632568359375,2026-03-12
2026-03-12 11:00:00,-50.0,-23.02876739501953,-7.423374938964843,6.019134521484375,79.56071319580077,165.1001724243164,2026-03-12
2026-03-12 12:00:00,-50.0,-46.70919647216797,-30.68705596923828,-21.128936767578125,64.97767791748046,160.32750701904297,2026-03-12
2026-03-12 13:00:00,-50.0,-63.7890007019043,-49.32138442993164,-36.152862548828125,24.96998367309569,74.72730178833008,2026-03-12
2026-03-12 14:00:00,-50.0,-64.80365295410157,-49.9994613647461,-38.006195068359375,42.36882476806639,118.04918975830077,2026-03-12
2026-03-12 15:00:00,-50.0,-86.54781951904297,-74.02412414550781,-36.51235961914063,19.841447448730463,99.56956939697264,2026-03-12
2026-03-12 16:00:00,-50.0,-99.89252166748047,-82.89816436767578,-30.898101806640625,6.0408172607421875,122.08333129882811,2026-03-12
2026-03-12 17:00:00,-50.99625015258789,-42.248932647705075,-29.761354827880858,-8.710723876953125,30.97266921997069,104.73851089477539,2026-03-12
2026-03-12 18:00:00,70.0,-53.845422363281244,-33.67407302856445,22.89852905273437,53.20456237792968,121.38418579101562,2026-03-12
2026-03-12 19:00:00,106.75,-49.44327239990234,-28.56006164550781,34.42315673828125,64.71163940429686,151.247998046875,2026-03-12
2026-03-12 20:00:00,150.0,-76.87884826660157,-55.16230392456055,7.642425537109375,48.94445037841797,146.50494842529295,2026-03-12
2026-03-12 21:00:00,154.63400268554688,-48.22163696289063,-27.439525604248047,27.41925048828125,60.28060302734375,124.4324462890625,2026-03-12
2026-03-12 22:00:00,50.80350112915039,-59.53968200683593,-34.13426513671875,25.30865478515625,63.30282440185546,124.46420745849609,2026-03-12
2026-03-12 23:00:00,83.10150146484375,-67.49386901855469,-48.73570022583007,15.591033935546877,45.534307861328124,151.07844238281248,2026-03-12
2026-03-13 00:00:00,250.24549865722656,-16.10356063842773,5.210618591308593,17.970703125,44.55828094482422,97.7077880859375,2026-03-13
2026-03-13 01:00:00,280.0,-27.39119186401367,-4.751379394531249,21.609619140625,36.57779541015625,75.47827758789063,2026-03-13
2026-03-13 02:00:00,279.3475036621094,-30.382379913330077,-7.871572113037107,17.91143798828125,35.424903869628906,92.52418365478515,2026-03-13
2026-03-13 03:00:00,238.29299926757807,19.04511184692383,35.42686004638672,63.17942810058594,84.82988739013672,146.6204849243164,2026-03-13
2026-03-13 04:00:00,40.0,17.431336212158207,32.512271118164065,63.971282958984375,87.3470672607422,126.23188476562498,2026-03-13
2026-03-13 05:00:00,-50.0,-26.29132919311523,-12.654503631591794,23.07550048828125,46.28102416992188,87.41814880371092,2026-03-13
2026-03-13 06:00:00,-50.0,-16.148513031005855,6.838938903808597,38.82334899902344,69.54253234863282,143.47344360351565,2026-03-13
2026-03-13 07:00:00,-50.0,5.865763092041014,26.841094207763675,39.32945251464844,77.67328491210938,130.87152557373048,2026-03-13
2026-03-13 08:00:00,34.138999938964844,-30.994272994995114,-7.061381149291991,15.200408935546877,52.81001243591309,152.7004909515381,2026-03-13
2026-03-13 09:00:00,251.42349243164065,-4.082806396484372,11.493142700195314,33.961181640625,81.46124649047849,182.04934768676756,2026-03-13
2026-03-13 10:00:00,-10.558250427246094,65.94605407714843,78.96781463623047,93.15354919433594,130.96676712036134,207.19243392944335,2026-03-13
2026-03-13 11:00:00,95.39350128173828,151.43969802856446,160.4843894958496,172.13339233398438,211.20521545410156,266.6178512573242,2026-03-13
2026-03-13 12:00:00,-49.1150016784668,93.111376953125,107.64308471679688,118.95262145996094,154.84071426391603,188.1377067565918,2026-03-13
2026-03-13 13:00:00,-50.0,127.99545288085938,139.64756622314454,150.41140747070312,164.21358642578124,266.37431411743165,2026-03-13
2026-03-13 14:00:00,185.0,100.69159088134768,108.67669219970705,118.98846435546876,155.12506561279298,238.30714950561526,2026-03-13
2026-03-13 15:00:00,234.01649475097656,27.534407043457033,41.277886962890626,51.0472412109375,95.75693893432617,163.81207809448244,2026-03-13
2026-03-13 16:00:00,217.0034942626953,154.64751510620118,165.96508102416993,179.61917114257812,219.37041625976562,305.6930908203125,2026-03-13
2026-03-13 17:00:00,432.5,244.77162399291993,265.8647743225098,306.53350830078125,327.0557083129883,422.4877334594727,2026-03-13
2026-03-13 18:00:00,342.25,257.3290138244629,272.12377777099607,317.28741455078125,334.20079345703124,384.6936599731445,2026-03-13
2026-03-13 19:00:00,482.25,264.1656303405762,280.28573684692384,313.06072998046875,330.8150390625,420.2172454833984,2026-03-13
2026-03-13 20:00:00,450.0,243.09189529418944,270.8968246459961,305.51629638671875,342.40015563964846,425.9949981689453,2026-03-13
2026-03-13 21:00:00,457.5,262.40551528930666,275.87621841430666,316.1236267089844,350.30214385986324,426.05416717529295,2026-03-13
2026-03-13 22:00:00,500.0,274.4897575378418,303.0205238342285,337.05157470703125,360.0664855957031,431.3833923339844,2026-03-13
2026-03-13 23:00:00,550.0,286.94278411865236,304.9741065979004,321.6147155761719,354.1453269958496,410.835279083252,2026-03-13
2026-03-14 00:00:00,577.5,547.3756744384766,569.7662048339844,602.9697265625,629.8285705566407,692.2781188964843,2026-03-14
2026-03-14 01:00:00,500.0,697.8193847656249,718.6991577148438,748.6224365234375,778.4877624511719,824.5684143066406,2026-03-14
2026-03-14 02:00:00,500.0,635.8531036376953,672.3872314453125,698.63232421875,732.3694152832031,834.4254272460937,2026-03-14
2026-03-14 03:00:00,485.0,916.8790054321289,971.9287353515625,1012.17626953125,1050.604916381836,1148.0635711669922,2026-03-14
2026-03-14 04:00:00,497.5,605.4637092590332,673.4547912597657,696.457763671875,738.6676208496094,824.8548980712891,2026-03-14
2026-03-14 05:00:00,500.0,499.77408599853516,530.170262145996,575.023681640625,618.7632568359375,714.5056915283203,2026-03-14
2026-03-14 06:00:00,608.3914794921875,535.1687187194824,565.3742568969726,631.2894287109375,685.4609344482421,762.4546966552734,2026-03-14
2026-03-14 07:00:00,487.5,475.5409339904785,510.5761054992676,559.858642578125,605.545686340332,706.7472549438477,2026-03-14
2026-03-14 08:00:00,437.5,324.3355827331543,377.04319458007814,412.2526550292969,460.6419281005859,556.6348052978516,2026-03-14
2026-03-14 09:00:00,165.0,215.3463188171387,233.80350799560546,313.3222351074219,365.89869079589846,487.32471618652346,2026-03-14
2026-03-14 10:00:00,278.04376220703125,195.39037246704095,211.21181793212884,277.0663452148437,318.354312133789,393.4417175292968,2026-03-14
2026-03-14 11:00:00,287.5,308.06840896606445,328.6039756774902,390.939208984375,437.5683624267578,522.2637786865234,2026-03-14
2026-03-14 12:00:00,302.5,275.79020462036135,292.73166503906253,348.0065002441406,381.4452850341797,451.03591003417966,2026-03-14
2026-03-14 13:00:00,290.0,217.67919845581054,226.87701644897462,280.6736755371094,331.70970153808594,381.0060607910156,2026-03-14
2026-03-14 14:00:00,287.5,285.46895599365234,304.58275451660154,323.5894775390625,383.81295547485354,553.0377204895019,2026-03-14
2026-03-14 15:00:00,185.0,251.75477523803704,270.88200683593743,335.0336303710937,412.523631286621,515.5382461547852,2026-03-14
2026-03-14 16:00:00,420.0,290.54882583618166,309.9603561401367,387.3540344238281,422.3923004150391,530.7496215820313,2026-03-14
2026-03-14 17:00:00,339.5,646.2647560119628,661.4935050964356,723.037109375,781.0227615356446,899.8728408813477,2026-03-14
2026-03-14 18:00:00,377.5,622.024845123291,647.46762008667,722.4571533203125,772.7112182617187,841.7139739990234,2026-03-14
2026-03-14 19:00:00,290.0,530.856290435791,548.8501838684082,602.4775390625,650.575422668457,754.5908187866211,2026-03-14
2026-03-14 20:00:00,292.5,624.5304542541504,645.7200576782227,715.9788208007812,759.482308959961,915.4600708007813,2026-03-14
2026-03-14 21:00:00,285.0,844.021036529541,865.2321731567383,920.8103637695312,989.8888519287109,1125.6936737060546,2026-03-14
2026-03-14 22:00:00,290.0,703.0842536926269,773.1324340820313,806.7030639648438,849.8391693115234,970.3207550048828,2026-03-14
2026-03-14 23:00:00,290.0,529.4656913757324,575.1496383666993,623.4969482421875,675.4277099609375,780.6769439697266,2026-03-14
2026-03-15 00:00:00,292.5,275.7402038574219,289.56439208984375,299.0927429199219,311.4095794677734,330.79485473632815,2026-03-15
2026-03-15 01:00:00,290.0,246.75787734985352,279.60635070800777,295.9551696777344,310.29641113281247,336.99989929199216,2026-03-15
2026-03-15 02:00:00,280.0,255.34270935058595,299.0264694213867,314.9632873535156,338.761083984375,393.3516540527344,2026-03-15
2026-03-15 03:00:00,282.5,240.81983947753906,288.95577239990234,308.3344421386719,320.4502197265625,350.9458770751953,2026-03-15
2026-03-15 04:00:00,295.0,240.43555297851563,284.7047836303711,307.1653747558594,320.7580993652344,344.72780456542966,2026-03-15
2026-03-15 05:00:00,352.5,209.53924560546875,270.4164123535156,291.048095703125,310.76935119628905,370.04628601074216,2026-03-15
2026-03-15 06:00:00,500.0,228.96341857910159,260.3475082397461,293.9566955566406,318.8844268798828,382.7719665527344,2026-03-15
2026-03-15 07:00:00,395.0,196.6359573364258,243.2520324707031,287.1434020996094,299.6115844726562,339.16535034179685,2026-03-15
2026-03-15 08:00:00,177.5,219.83065643310547,248.46442413330078,274.21392822265625,315.4971618652344,361.62096252441404,2026-03-15
2026-03-15 09:00:00,75.0,245.72002334594725,272.6879936218262,288.26104736328125,335.9666618347168,386.8127067565918,2026-03-15
2026-03-15 10:00:00,261.1467590332031,190.45896682739257,208.31944732666017,221.0081024169922,266.25264205932615,331.30812911987306,2026-03-15
2026-03-15 11:00:00,440.0,214.57362136840817,227.10510787963864,238.17953491210935,262.22952499389646,337.58094100952144,2026-03-15
2026-03-15 12:00:00,285.0,292.5483901977539,308.5458251953125,317.9616394042969,335.3262908935547,387.22608489990233,2026-03-15
2026-03-15 13:00:00,337.5,152.20146560668945,170.16250534057616,180.3823699951172,196.50878219604493,249.79474868774412,2026-03-15
2026-03-15 14:00:00,285.0,166.10970764160155,177.6672653198242,191.74261474609372,221.21306228637692,305.4564987182617,2026-03-15
2026-03-15 15:00:00,404.6694946289063,125.46580276489257,143.79030227661133,156.83465576171875,189.18586044311525,247.5456520080566,2026-03-15
2026-03-15 16:00:00,571.25,216.68501663208008,246.21667861938477,268.1726379394531,317.2283531188965,369.92334213256834,2026-03-15
2026-03-15 17:00:00,392.5,244.3315872192383,272.3471565246582,321.152099609375,345.70662994384764,395.07055511474607,2026-03-15
2026-03-15 18:00:00,365.0,615.0903854370117,659.4575775146484,704.4863891601562,723.7711120605469,782.6640014648438,2026-03-15
2026-03-15 19:00:00,310.0,580.7585159301758,612.399021911621,655.552490234375,684.92626953125,728.2726531982422,2026-03-15
2026-03-15 20:00:00,259.8905029296875,479.7843292236328,530.921923828125,569.15185546875,583.9620849609375,651.0908752441406,2026-03-15
2026-03-15 21:00:00,287.5,415.66579437255865,453.17083206176767,485.4265747070313,521.0441268920899,565.1155715942383,2026-03-15
2026-03-15 22:00:00,290.0,292.37154083251954,348.2860824584961,393.067138671875,419.7210235595703,474.0749847412109,2026-03-15
2026-03-15 23:00:00,312.5,303.96723480224614,350.83997802734376,385.2177734375,420.19023132324224,474.75265808105473,2026-03-15
2026-03-16 00:00:00,410.0,332.6252410888672,363.1934814453125,376.767822265625,392.67320556640624,420.5348815917969,2026-03-16
2026-03-16 01:00:00,300.0,349.75885620117185,367.5444396972656,376.34381103515625,395.295703125,429.7272674560547,2026-03-16
2026-03-16 02:00:00,110.0,302.04027404785154,350.80446472167966,367.00628662109375,381.9828582763672,413.38047485351564,2026-03-16
2026-03-16 03:00:00,52.5,212.93982162475587,265.79530029296876,285.45379638671875,306.457275390625,350.404052734375,2026-03-16
2026-03-16 04:00:00,150.0,203.15560760498047,259.2550903320312,278.0412902832031,294.3555480957031,359.7662048339844,2026-03-16
2026-03-16 05:00:00,222.5,193.7908676147461,230.11888732910157,242.5275421142578,262.17258911132814,291.6657348632813,2026-03-16
2026-03-16 06:00:00,188.25,169.95048751831058,219.88887634277344,243.2362060546875,260.27642211914065,317.04345703125,2026-03-16
2026-03-16 07:00:00,-50.0,27.999075317382818,80.8774169921875,117.42893981933594,138.20325317382813,187.53435668945312,2026-03-16
2026-03-16 08:00:00,-50.67850112915039,-81.27997589111328,-30.428465270996092,2.82171630859375,25.879519653320312,69.87252197265624,2026-03-16
2026-03-16 09:00:00,-50.0,-83.9879379272461,-61.170062255859385,-14.92218017578125,2.3750473022460667,44.511772155761705,2026-03-16
2026-03-16 10:00:00,-50.0,-79.69533996582031,-39.529150390625,-11.217803955078123,33.79303588867186,84.82970275878905,2026-03-16
2026-03-16 11:00:00,-50.0,-22.228866577148438,1.792561340332032,25.5369873046875,72.32652282714844,117.4295654296875,2026-03-16
2026-03-16 12:00:00,-50.0,-61.93967590332031,-37.85967254638672,-0.54248046875,36.522204589843746,88.50003356933594,2026-03-16
2026-03-16 13:00:00,-50.0,-91.32180633544921,-65.83940277099609,-14.2474365234375,6.385491943359373,36.224798583984374,2026-03-16
2026-03-16 14:00:00,-50.0,-59.255561065673824,-32.08713150024414,-7.91552734375,36.63807754516602,94.06730422973634,2026-03-16
2026-03-16 15:00:00,-50.0,-91.45914306640624,-56.6087043762207,-18.9149169921875,25.947314453124996,69.19673461914063,2026-03-16
2026-03-16 16:00:00,-50.0,-109.41203460693359,-67.33455810546874,-16.131988525390625,7.272808837890626,46.88999328613281,2026-03-16
2026-03-16 17:00:00,6.25,-67.16818542480469,-29.53374938964844,23.82879638671875,40.94018096923827,106.54644927978515,2026-03-16
2026-03-16 18:00:00,82.5,134.5073944091797,167.62988052368163,218.1742706298828,249.16362609863282,302.8102142333984,2026-03-16
2026-03-16 19:00:00,126.25,108.87420501708985,140.69555740356446,206.8099365234375,230.8456237792969,278.33294677734375,2026-03-16
2026-03-16 20:00:00,-15.75,69.85323028564453,101.4513084411621,152.4019317626953,178.97710418701172,217.41827545166015,2026-03-16
2026-03-16 21:00:00,-31.5,32.146429443359395,95.14138488769532,132.1121368408203,153.85039062500002,196.02218017578127,2026-03-16
2026-03-16 22:00:00,-49.5,41.83955993652344,78.42511520385742,129.44834899902344,156.6929138183594,199.19875183105466,2026-03-16
2026-03-16 23:00:00,-52.25,40.31490173339844,83.93859405517578,119.57980346679688,142.394140625,186.44407958984374,2026-03-16
2026-03-17 00:00:00,-14.49625015258789,26.341615295410158,29.85840759277344,31.160552978515625,32.72626495361328,36.66372833251953,2026-03-17
2026-03-17 01:00:00,94.5,67.68723907470704,70.34412689208985,71.80677795410156,73.42732086181641,133.31824951171876,2026-03-17
2026-03-17 02:00:00,196.5,233.38943328857422,236.69422149658203,238.6829071044922,241.30467987060547,339.67928314208984,2026-03-17
2026-03-17 03:00:00,198.6719970703125,242.91188354492186,246.3941421508789,248.53887939453125,251.22605743408204,352.7442199707031,2026-03-17
2026-03-17 04:00:00,240.46925354003903,167.01611938476563,169.82879791259765,172.73826599121094,175.23311920166014,327.30052185058594,2026-03-17
2026-03-17 05:00:00,282.5,199.62571563720704,202.24366607666016,204.362548828125,206.80458984375,298.6005340576172,2026-03-17
2026-03-17 06:00:00,455.0,242.22598876953126,246.74652862548828,248.50857543945312,258.43284606933594,368.86441802978516,2026-03-17
2026-03-17 07:00:00,612.9307250976562,43.055494689941405,46.57297821044922,48.71385192871094,51.702389526367185,142.60355224609373,2026-03-17
2026-03-17 08:00:00,445.0050048828125,-10.509489440917967,-7.3341064453125,-5.13409423828125,-2.98135986328125,72.27461242675781,2026-03-17
2026-03-17 09:00:00,285.0,-27.446905517578124,-22.065573120117186,-20.567138671875,-17.81065979003906,68.00581970214843,2026-03-17
2026-03-17 10:00:00,380.01025390625,-22.414007568359374,-20.055888366699218,-18.840484619140625,-16.563998413085937,84.92387390136719,2026-03-17
2026-03-17 11:00:00,483.2309875488281,-16.08335723876953,-13.616372680664062,-11.6297607421875,-8.419940185546874,98.61761169433593,2026-03-17
2026-03-17 12:00:00,115.25,-42.21595306396485,-40.19781494140625,-36.92333984375,-34.14816131591797,35.18934326171875,2026-03-17
2026-03-17 13:00:00,-49.50149917602539,-29.429356384277344,-26.630026245117186,-24.442840576171875,-18.959719848632812,82.61161651611327,2026-03-17
2026-03-17 14:00:00,-50.0,-15.642262268066407,-11.266371154785157,-9.17327880859375,-6.265376281738281,61.567678833007804,2026-03-17
2026-03-17 15:00:00,-50.0,-41.92103881835938,-38.29297332763672,-35.717132568359375,9.150688171386719,75.13300018310547,2026-03-17
2026-03-17 16:00:00,-50.0,-21.512344360351566,-17.49732666015625,-15.300994873046877,-11.619187927246095,77.63898315429687,2026-03-17
2026-03-17 17:00:00,-54.75,-15.555845642089842,-11.112672424316408,-7.730865478515625,2.11604766845703,105.62568817138671,2026-03-17
2026-03-17 18:00:00,239.0,2.5306365966796873,6.47728271484375,8.732574462890625,66.30783233642578,103.83225860595702,2026-03-17
2026-03-17 19:00:00,252.5,33.79658660888672,37.33629455566406,39.676300048828125,50.494326782226565,160.52518157958986,2026-03-17
2026-03-17 20:00:00,199.0,3.83123474121094,9.496650695800783,13.212615966796877,18.663560485839845,93.44784851074219,2026-03-17
2026-03-17 21:00:00,164.0,18.732276916503906,21.60924377441406,25.81866455078125,87.37945098876952,145.64416046142577,2026-03-17
2026-03-17 22:00:00,121.5,24.53619384765625,29.715034484863278,32.858428955078125,43.57049713134766,193.94372100830077,2026-03-17
2026-03-17 23:00:00,211.0570068359375,53.09078826904297,61.63914489746094,65.46929931640625,131.7669921875,176.34120330810546,2026-03-17
2026-03-18 00:00:00,335.0,166.16008682250978,197.56560211181642,223.48614501953125,239.97631683349607,275.26892547607423,2026-03-18
2026-03-18 01:00:00,297.5,216.49529647827148,262.17637786865237,279.368896484375,296.06136322021484,328.0722457885742,2026-03-18
2026-03-18 02:00:00,295.0,221.1993881225586,261.59288024902344,278.96368408203125,292.4013366699219,314.43560791015625,2026-03-18
2026-03-18 03:00:00,282.5,237.1101058959961,288.9816009521484,301.5306701660156,325.6851745605469,365.10108947753906,2026-03-18
2026-03-18 04:00:00,242.5,239.56661376953127,294.5931121826172,309.9779357910156,326.6973876953125,358.61390686035156,2026-03-18
2026-03-18 05:00:00,247.7010040283203,208.81972427368163,256.7167572021484,276.1015930175781,295.95172729492185,345.94244995117185,2026-03-18
2026-03-18 06:00:00,168.88299560546875,204.66864547729492,246.90428161621094,264.1887512207031,288.0051696777344,359.90546875,2026-03-18
2026-03-18 07:00:00,-47.81949996948242,146.30786285400393,195.60640563964844,231.6547088623047,248.06014404296874,294.2154113769531,2026-03-18
2026-03-18 08:00:00,-49.837249755859375,-53.443119812011716,-18.56619720458984,23.4586181640625,53.90382537841796,101.2161636352539,2026-03-18
2026-03-18 09:00:00,-50.0,-78.49125671386719,-53.190782165527345,-14.200592041015623,15.046670532226562,70.30034790039062,2026-03-18
2026-03-18 10:00:00,-50.0,-43.16921615600586,-22.43094711303711,-0.9207763671875,38.79196853637695,89.45272903442384,2026-03-18
2026-03-18 11:00:00,-50.0,-48.58140335083008,-32.63149795532227,-14.987274169921877,29.81446151733399,78.44235305786133,2026-03-18
2026-03-18 12:00:00,-50.0,-68.05671081542968,-50.767388916015626,-39.797943115234375,-6.2776123046875085,48.44346160888669,2026-03-18
2026-03-18 13:00:00,-50.0,-57.53609161376953,-48.168278503417966,-35.977203369140625,-19.26698455810547,47.63686065673828,2026-03-18
2026-03-18 14:00:00,-50.0,-54.195791625976554,-42.164466857910156,-31.34799194335937,26.253074645996104,70.08396453857422,2026-03-18
2026-03-18 15:00:00,-50.0,-49.987641906738276,-37.537445068359375,-26.31829833984375,-5.544124603271484,124.49457550048828,2026-03-18
2026-03-18 16:00:00,-11.0,13.482274627685548,27.047116851806642,44.886627197265625,104.02576370239257,156.46091690063474,2026-03-18
2026-03-18 17:00:00,266.0,167.82880172729492,190.15327682495118,209.05300903320312,262.53017654418943,343.0245948791504,2026-03-18
2026-03-18 18:00:00,231.0,270.3167388916016,289.8617599487305,348.95428466796875,373.61535491943357,420.2419174194336,2026-03-18
2026-03-18 19:00:00,193.75,281.2158126831054,296.32622528076166,350.5267944335937,374.5528228759765,406.5172698974609,2026-03-18
2026-03-18 20:00:00,208.6267547607422,190.2374465942383,208.7446487426758,261.8033447265625,285.00596618652344,335.1723602294922,2026-03-18
2026-03-18 21:00:00,217.0554962158203,222.55939407348632,238.02736129760743,262.2901611328125,317.06186599731444,360.08115005493164,2026-03-18
2026-03-18 22:00:00,221.0,187.69868621826174,203.40860900878909,264.1279296875,283.6277557373047,321.64259338378906,2026-03-18
2026-03-18 23:00:00,134.25,133.26368255615233,159.13753356933594,211.06964111328125,237.9392517089844,288.9620666503906,2026-03-18
2026-03-19 00:00:00,270.6885070800781,199.54609680175776,226.12440032958978,260.4823608398437,273.94953918457026,301.110301208496,2026-03-19
2026-03-19 01:00:00,280.0,211.52524719238284,249.05999145507812,289.8177490234375,306.3236450195313,334.3429656982422,2026-03-19
2026-03-19 02:00:00,282.5,211.14657897949212,246.3925140380859,279.3656616210937,289.7921493530273,311.5160659790038,2026-03-19
2026-03-19 03:00:00,285.0,191.56183013916018,246.4506607055664,260.61151123046875,288.3880249023438,320.72730712890626,2026-03-19
2026-03-19 04:00:00,203.69200134277344,167.58654937744143,221.03246307373047,235.35787963867188,249.5372741699219,282.72801513671874,2026-03-19
2026-03-19 05:00:00,119.0,133.6538787841797,187.2256088256836,203.8021697998047,222.52142639160155,257.7198822021484,2026-03-19
2026-03-19 06:00:00,-1.8227499723434448,163.3112030029297,195.2878631591797,244.4529266357422,268.8231201171875,309.9838562011719,2026-03-19
2026-03-19 07:00:00,209.04299926757807,172.71622161865236,189.20953369140628,240.46702575683597,264.22207183837895,306.0850173950196,2026-03-19
2026-03-19 08:00:00,75.33625030517578,121.8806053161621,136.05655746459962,162.63926696777344,220.09726181030274,300.7995323181152,2026-03-19
2026-03-19 09:00:00,-50.0,-12.701444244384763,1.0853172302246108,15.88397216796875,67.88639907836914,109.54573593139648,2026-03-19
2026-03-19 10:00:00,-50.0,37.96645202636719,49.540676879882824,57.91671752929688,70.13260803222657,140.38064117431642,2026-03-19
2026-03-19 11:00:00,-50.0,105.23461151123047,112.53918762207032,117.77955627441406,126.77899780273438,204.90649871826173,2026-03-19
2026-03-19 12:00:00,-50.0,65.8968292236328,70.6350082397461,76.10678100585938,85.94606323242188,159.55099182128907,2026-03-19
2026-03-19 13:00:00,-50.0,11.825532531738283,19.61326446533203,27.85015869140625,73.4031005859375,113.10142364501952,2026-03-19
2026-03-19 14:00:00,-50.0,-44.40338897705078,-32.35401916503906,-20.75204467773437,36.17675018310547,95.21801452636718,2026-03-19
2026-03-19 15:00:00,-50.0,-49.439721679687494,-33.15933837890625,-22.79534912109375,43.67521362304687,123.45986938476562,2026-03-19
2026-03-19 16:00:00,-47.13874816894531,48.76378631591797,60.25505065917969,72.97373962402344,124.84620056152343,171.53941345214844,2026-03-19
2026-03-19 17:00:00,460.552001953125,274.56251373291013,292.5317977905273,350.9928283691406,371.7441070556641,486.796597290039,2026-03-19
2026-03-19 18:00:00,329.9880065917969,431.8988677978516,455.10812454223634,503.423095703125,531.5195220947265,593.7932159423829,2026-03-19
2026-03-19 19:00:00,333.2720031738281,546.1580459594727,576.539965057373,631.34521484375,649.83271484375,702.7721313476562,2026-03-19
2026-03-19 20:00:00,500.0,532.3828414916992,555.4785179138183,609.483642578125,629.2589599609375,719.295068359375,2026-03-19
2026-03-19 21:00:00,500.0,587.7080673217773,606.8431243896484,664.3510131835938,678.3908126831054,734.4995788574219,2026-03-19
2026-03-19 22:00:00,430.0,555.5975769042968,583.0944198608398,628.9417724609375,657.6486175537109,711.1001251220703,2026-03-19
2026-03-19 23:00:00,447.5,525.9206695556641,548.7503257751465,600.8538818359375,617.6575897216798,672.2082336425781,2026-03-19
2026-03-20 00:00:00,420.0,312.90810241699216,335.9464965820313,358.656005859375,377.0027709960938,417.90671997070314,2026-03-20
2026-03-20 01:00:00,442.5,257.28292922973634,319.1654571533203,341.32305908203125,360.5936645507812,393.2211547851563,2026-03-20
2026-03-20 02:00:00,475.0,260.018537902832,315.20936889648436,330.2363586425781,351.3439147949219,389.11253051757814,2026-03-20
2026-03-20 03:00:00,305.0,245.55009918212892,289.4787902832031,311.4384460449219,328.20708007812505,360.172021484375,2026-03-20
2026-03-20 04:00:00,352.5,234.14559936523438,257.41162109375,274.46405029296875,296.61415405273436,325.33265380859376,2026-03-20
2026-03-20 05:00:00,205.0,196.0452880859375,246.16099853515624,267.94366455078125,292.7889709472656,345.39696655273434,2026-03-20
2026-03-20 06:00:00,117.5,160.83640899658207,213.6854904174805,252.41966247558597,283.227816772461,321.5077362060547,2026-03-20
2026-03-20 07:00:00,87.5,151.16664428710936,191.49213562011718,240.33029174804688,269.2599304199219,312.54412231445315,2026-03-20
2026-03-20 08:00:00,-50.0,97.80436706542969,134.38628540039062,173.95220947265625,222.49918212890626,294.0228515625,2026-03-20
2026-03-20 09:00:00,102.5,60.209613800048814,76.38948135375975,98.5021514892578,152.5808479309082,199.11160049438476,2026-03-20
2026-03-20 10:00:00,-50.0,124.79147033691407,142.48792724609376,169.27105712890625,212.29076232910157,264.2169692993164,2026-03-20
2026-03-20 11:00:00,-50.0,209.57558670043943,222.28696517944334,239.42042541503903,295.9760856628418,369.2962577819824,2026-03-20
2026-03-20 12:00:00,-50.0,116.3248077392578,134.5020950317383,147.88609313964844,170.69290924072266,250.82436218261716,2026-03-20
2026-03-20 13:00:00,-50.0,-38.02019271850586,-20.714061737060547,-4.21771240234375,17.220925903320317,97.02301559448242,2026-03-20
2026-03-20 14:00:00,-50.0,-67.75300216674805,-52.18961868286132,-30.0213623046875,19.451718902587892,77.97751846313476,2026-03-20
2026-03-20 15:00:00,-50.0,-70.9743896484375,-52.78508605957031,-33.4464111328125,-22.595629119873045,59.46706695556641,2026-03-20
2026-03-20 16:00:00,-50.0,-75.21166305541992,-54.89681167602539,-34.30828857421875,17.819103240966804,78.00086288452148,2026-03-20
2026-03-20 17:00:00,-15.494500160217283,-81.83630981445313,-53.73839797973633,-20.209930419921875,21.780296325683594,72.63470916748047,2026-03-20
2026-03-20 18:00:00,127.5,56.21812133789062,100.66904754638674,144.52674865722656,167.90250549316409,238.25430908203123,2026-03-20
2026-03-20 19:00:00,228.5,95.0952850341797,134.33231277465822,179.32008361816406,203.88277130126954,259.436750793457,2026-03-20
2026-03-20 20:00:00,61.5,-43.5177780151367,3.2657493591308793,65.82432556152344,86.55446472167971,130.8389617919922,2026-03-20
2026-03-20 21:00:00,168.5,-40.80601196289062,-4.92466659545898,44.48042297363281,69.13738708496093,124.60592956542969,2026-03-20
2026-03-20 22:00:00,128.5,-57.49976654052735,-27.6006233215332,27.257965087890625,51.81644592285156,108.49142456054688,2026-03-20
2026-03-20 23:00:00,131.0,-83.78152770996094,-40.181085205078126,10.888092041015623,45.93662109375,81.83373413085937,2026-03-20
2026-03-21 00:00:00,139.5,-53.016598510742185,-40.990290832519534,-26.557830810546875,-14.458496093749991,16.511994934082033,2026-03-21
2026-03-21 01:00:00,78.5,-72.70430526733398,-53.102956390380854,-32.67669677734375,-20.58957977294923,14.117604064941403,2026-03-21
2026-03-21 02:00:00,-11.026249885559082,-75.81161804199219,-56.20002899169923,-38.05245971679688,-15.178627014160163,23.724171447753896,2026-03-21
2026-03-21 03:00:00,-50.0,-90.33707122802733,-71.43121643066405,-40.1805419921875,-24.770230102539053,-3.7002792358398366,2026-03-21
2026-03-21 04:00:00,-44.0,-92.01110382080077,-69.2539779663086,-41.70782470703125,-30.123016357421868,16.965736389160156,2026-03-21
2026-03-21 05:00:00,-49.5,-100.82672271728515,-66.09149169921875,-39.62176513671875,-22.617831420898437,8.63222045898437,2026-03-21
2026-03-21 06:00:00,-45.5,-77.25543746948242,-56.07871322631836,-38.1744384765625,-10.81347122192383,23.35540084838867,2026-03-21
2026-03-21 07:00:00,-40.12125015258789,-64.27202911376953,-48.2322509765625,-35.293212890625,-7.559719848632813,43.28296966552735,2026-03-21
2026-03-21 08:00:00,-50.0,-61.89771881103516,-47.01417388916016,-38.07394409179688,-25.939434814453133,26.120654296874996,2026-03-21
2026-03-21 09:00:00,-50.0,-69.56647033691407,-55.361427307128906,-45.48309326171875,-40.09717864990235,8.679193115234376,2026-03-21
2026-03-21 10:00:00,-50.0,-32.012796020507814,-22.263052368164065,-14.558441162109377,-6.171949768066408,49.95247192382813,2026-03-21
2026-03-21 11:00:00,-50.0,-36.52365264892578,-30.56939239501953,-23.521392822265625,-17.7002685546875,28.815766906738283,2026-03-21
2026-03-21 12:00:00,-50.0,-68.6074447631836,-56.03714447021484,-48.37445068359375,-40.90243835449219,25.542137145996094,2026-03-21
2026-03-21 13:00:00,-50.0,-66.28068389892577,-52.982878112792974,-45.51715087890625,-40.568336486816406,-13.772803497314456,2026-03-21
2026-03-21 14:00:00,-50.0,-61.306129455566406,-54.6208984375,-46.147308349609375,-37.047602844238284,22.81913299560547,2026-03-21
2026-03-21 15:00:00,-50.0,-66.00996856689454,-50.92595520019532,-44.04660034179688,-32.015783691406256,28.56470184326171,2026-03-21
2026-03-21 16:00:00,-49.0,-73.66360168457032,-52.08982696533204,-40.16452026367188,-20.291344451904305,25.158561706542947,2026-03-21
2026-03-21 17:00:00,-14.5,-60.99156799316406,-41.833197021484374,-29.264068603515625,2.62541046142578,58.7987075805664,2026-03-21
2026-03-21 18:00:00,95.0,-62.123225402832034,-29.662008666992186,7.00604248046875,27.70720062255859,81.02218475341796,2026-03-21
2026-03-21 19:00:00,-48.5,-39.915217590332034,-3.918124389648437,30.82162475585937,57.53744049072265,87.68920745849609,2026-03-21
2026-03-21 20:00:00,64.0,-54.133543395996085,-12.592321014404298,17.27618408203125,43.73232879638672,101.95345916748046,2026-03-21
2026-03-21 21:00:00,18.87874984741211,-55.1378219604492,0.05613555908204759,19.8072509765625,41.5512451171875,137.56849365234376,2026-03-21
2026-03-21 22:00:00,-48.24250030517578,-78.64151000976562,-34.22742919921875,-13.12701416015625,1.9014953613281236,35.83273315429689,2026-03-21
2026-03-21 23:00:00,81.6624984741211,-93.55321655273436,-46.83444213867186,-29.17822265625,-6.69508666992186,38.039831542968784,2026-03-21
2026-03-22 00:00:00,260.0,89.20903167724609,101.00832977294922,108.85507202148438,117.7333595275879,164.58637542724608,2026-03-22
2026-03-22 01:00:00,234.96749877929688,122.9061378479004,142.98630752563477,154.86520385742188,160.82485885620116,204.42485733032225,2026-03-22
2026-03-22 02:00:00,162.1219940185547,123.23707733154296,142.86862487792968,150.1775360107422,174.93426055908202,229.22507324218748,2026-03-22
2026-03-22 03:00:00,235.2140045166016,200.05720748901368,223.55920639038087,233.0953369140625,254.27728195190429,306.75505752563475,2026-03-22
2026-03-22 04:00:00,244.36700439453125,226.56915512084962,240.60573654174806,256.4773254394531,276.46047439575193,325.2317604064941,2026-03-22
2026-03-22 05:00:00,275.0,256.7588935852051,269.85217514038084,279.0892028808594,289.1721618652344,345.88093490600585,2026-03-22
2026-03-22 06:00:00,280.0,266.63154296875,284.68370056152344,291.0643310546875,304.34827346801757,359.2310501098633,2026-03-22
2026-03-22 07:00:00,272.5,226.9515869140625,240.71166076660157,252.6273956298828,267.21633071899413,353.17662811279297,2026-03-22
2026-03-22 08:00:00,247.5,148.98784942626952,161.52567138671876,170.67340087890625,180.87861709594728,230.64425964355468,2026-03-22
2026-03-22 09:00:00,145.0,-26.546899414062494,-13.309953308105467,-9.602081298828123,-4.8009002685546855,6.60160369873047,2026-03-22
2026-03-22 10:00:00,62.5,-10.006640625,-3.7144409179687496,3.391021728515625,10.641522216796876,24.022542572021482,2026-03-22
2026-03-22 11:00:00,112.5,112.44941558837891,121.88901977539062,126.57630920410156,131.37166748046874,187.30482177734376,2026-03-22
2026-03-22 12:00:00,237.5,147.363671875,156.55318603515624,163.84356689453125,172.0027099609375,227.96404418945312,2026-03-22
2026-03-22 13:00:00,237.5,74.64878845214844,87.52220611572265,92.65194702148438,98.46963806152344,114.04111251831054,2026-03-22
2026-03-22 14:00:00,262.5,-6.955645751953124,1.7831497192382795,6.741668701171875,11.182356262207033,21.082823181152342,2026-03-22
2026-03-22 15:00:00,265.0,56.862371826171874,66.69913635253906,71.05259704589844,76.17198791503907,88.7168960571289,2026-03-22
2026-03-22 16:00:00,477.5,285.4995742797852,292.5659576416016,299.45721435546875,306.53202056884766,317.7143424987793,2026-03-22
2026-03-22 17:00:00,887.25,487.696615600586,499.74570159912116,510.2164916992188,522.8299980163574,582.4806533813477,2026-03-22
2026-03-22 18:00:00,497.5,928.8063812255859,942.6628555297851,950.1886596679688,957.899624633789,1025.6580871582032,2026-03-22
2026-03-22 19:00:00,477.5,515.3970222473145,529.170874786377,540.9444580078125,584.6658988952637,652.3022987365723,2026-03-22
2026-03-22 20:00:00,365.0,474.94138031005866,495.8632400512696,505.0359497070313,544.5076843261719,592.4244400024414,2026-03-22
2026-03-22 21:00:00,576.75,585.5951263427735,599.1893432617187,606.0789794921875,646.9720336914063,687.5018890380859,2026-03-22
2026-03-22 22:00:00,472.5,654.0802444458008,668.8108505249023,678.77978515625,695.2402046203613,757.3994689941406,2026-03-22
2026-03-22 23:00:00,455.0,457.75051498413086,477.7396011352539,497.0286865234375,532.3809211730957,586.0691062927247,2026-03-22
2026-03-23 00:00:00,397.5,347.6570526123047,365.0780548095703,379.9454040527344,387.4846252441406,424.9065399169922,2026-03-23
2026-03-23 01:00:00,322.5,290.5784088134766,330.0366943359375,346.0718994140625,357.8779632568359,400.80633544921875,2026-03-23
2026-03-23 02:00:00,397.5,275.0532562255859,308.5347595214844,327.2373352050781,357.33607482910156,400.64228515625,2026-03-23
2026-03-23 03:00:00,295.0,263.4794555664063,296.1501220703125,321.8902282714844,343.16855773925784,399.4392395019531,2026-03-23
2026-03-23 04:00:00,200.0,234.23501739501953,272.5345886230469,294.6630859375,327.8382080078125,370.6179168701172,2026-03-23
2026-03-23 05:00:00,42.5,184.70738372802737,246.47504272460938,264.5655517578125,287.9742401123047,325.10703125,2026-03-23
2026-03-23 06:00:00,128.00924682617188,184.69052734375,236.7115692138672,266.9399108886719,283.6403015136719,344.17027282714844,2026-03-23
2026-03-23 07:00:00,124.67575073242188,130.8521408081055,160.18835601806643,208.3355407714844,229.8586135864258,284.5239364624024,2026-03-23
2026-03-23 08:00:00,-50.0,-14.955632019042966,10.087506103515626,34.534759521484375,75.51976928710936,151.4462097167969,2026-03-23
2026-03-23 09:00:00,-50.0,-41.715223693847655,-27.70950469970703,-15.950347900390623,-4.4267860412597635,57.58256072998047,2026-03-23
2026-03-23 10:00:00,-50.0,-26.961198425292967,-9.168643188476562,-1.80224609375,9.744206237792968,60.79288024902343,2026-03-23
2026-03-23 11:00:00,-50.0,20.742533874511718,30.842320251464844,38.0875244140625,46.82245635986328,59.128814697265625,2026-03-23
2026-03-23 12:00:00,-50.0,-37.511312866210936,-25.7250244140625,-17.726043701171875,-9.07843017578125,43.18104248046875,2026-03-23
2026-03-23 13:00:00,-50.0,-41.246517944335935,-30.70392303466797,-25.50958251953125,-16.82841033935547,2.7129257202148445,2026-03-23
2026-03-23 14:00:00,-50.0,-49.77311401367187,-37.86685028076172,-27.782623291015625,-16.292974853515624,38.36094512939452,2026-03-23
2026-03-23 15:00:00,-50.0,-57.547384643554686,-41.67081756591797,-32.60650634765625,-19.728016662597657,68.54073944091796,2026-03-23
2026-03-23 16:00:00,-50.0,-85.95996551513672,-63.21283264160156,-12.414642333984377,15.203558349609372,127.46607971191406,2026-03-23
2026-03-23 17:00:00,-9.0,78.21594009399413,101.42934875488281,125.8658447265625,164.40900344848632,208.33931503295898,2026-03-23
2026-03-23 18:00:00,-18.25,142.39458465576172,192.44839630126953,236.83761596679688,267.57122802734375,360.1598815917969,2026-03-23
2026-03-23 19:00:00,73.75,174.82979888916014,243.29788208007812,260.677978515625,290.00372924804685,353.5062713623047,2026-03-23
2026-03-23 20:00:00,-19.25,150.1963317871094,218.75289611816405,248.48883056640625,279.40948486328125,328.51841735839844,2026-03-23
2026-03-23 21:00:00,68.92424774169922,146.2494117736817,198.20232696533205,217.27903747558597,246.67215270996095,308.6172180175781,2026-03-23
2026-03-23 22:00:00,78.32424926757812,126.09742202758791,185.51811981201175,214.4055938720703,240.003271484375,286.0720672607422,2026-03-23
2026-03-23 23:00:00,148.26425170898438,90.1727203369141,130.62554321289065,185.34349060058597,211.90820312500006,310.15093383789065,2026-03-23
2026-03-24 00:00:00,225.8267517089844,184.43468627929687,207.0739631652832,223.10467529296875,244.2134216308594,282.32432556152344,2026-03-24
2026-03-24 01:00:00,230.0,146.3526557922363,176.64619445800778,195.66009521484372,214.98752288818358,252.59839324951167,2026-03-24
2026-03-24 02:00:00,187.5,82.75763168334962,125.05494689941406,134.5150909423828,155.80024108886718,184.8243438720703,2026-03-24
2026-03-24 03:00:00,148.60850524902344,36.917588806152345,78.18524475097657,98.26686096191406,113.81461639404297,159.08795623779298,2026-03-24
2026-03-24 04:00:00,87.5,-44.63862609863281,-11.237432861328124,6.29962158203125,15.90899658203125,61.93132934570314,2026-03-24
2026-03-24 05:00:00,-50.0,-88.95921630859374,-53.10153961181639,-29.510528564453125,-7.243603515624994,36.173742675781256,2026-03-24
2026-03-24 06:00:00,-48.5,-83.05457763671875,-55.33964462280274,-23.72467041015625,5.9159393310546875,72.67652282714845,2026-03-24
2026-03-24 07:00:00,-41.9739990234375,-77.3792984008789,-47.12450256347656,-20.72674560546875,8.559596252441406,40.6806900024414,2026-03-24
2026-03-24 08:00:00,-50.0,-65.57593841552735,-51.63686065673828,-37.75128173828125,-9.991439819335938,40.48912200927734,2026-03-24
2026-03-24 09:00:00,-50.0,-70.36141052246094,-53.24982452392578,-39.6072998046875,-32.33076629638672,23.65494842529297,2026-03-24
2026-03-24 10:00:00,-50.0,-49.16594696044922,-35.06832733154297,-21.46197509765625,-8.828892517089844,61.1219970703125,2026-03-24
2026-03-24 11:00:00,-50.0,-30.741693115234376,-18.22616424560547,-10.823333740234377,4.849166870117186,85.38628997802734,2026-03-24
2026-03-24 12:00:00,-50.0,-71.64210815429688,-55.62783203125,-45.400970458984375,-31.55660629272461,49.61204986572265,2026-03-24
2026-03-24 13:00:00,-50.0,-53.8260513305664,-45.72815704345703,-36.81103515625,-25.132398986816405,32.410334777832034,2026-03-24
2026-03-24 14:00:00,-50.0,-63.03340454101562,-46.260678100585935,-30.910369873046875,15.893132019042966,47.81410064697265,2026-03-24
2026-03-24 15:00:00,-50.0,-52.547673034667966,-40.36902618408203,-28.40557861328125,21.918849182128902,74.15060882568359,2026-03-24
2026-03-24 16:00:00,-50.0,-51.538088989257815,-40.853642272949216,-25.387725830078125,6.239802551269534,61.77771911621093,2026-03-24
2026-03-24 17:00:00,-51.25,-53.88220291137695,-38.66800155639648,-20.478759765625,22.03636398315429,70.42855758666992,2026-03-24
2026-03-24 18:00:00,7.5,156.6046401977539,174.89183197021484,186.48434448242188,199.54024963378907,266.2262588500977,2026-03-24
2026-03-24 19:00:00,162.0,225.88590087890626,240.5166275024414,254.20925903320312,310.147883605957,382.0756805419922,2026-03-24
2026-03-24 20:00:00,215.0,216.11757202148436,227.4560302734375,243.1812744140625,266.38684844970703,314.10010986328126,2026-03-24
2026-03-24 21:00:00,242.5,210.81027450561524,229.81914443969725,243.35809326171875,294.96830825805665,334.65158920288087,2026-03-24
2026-03-24 22:00:00,292.5,195.7644302368164,219.60414428710936,242.62625122070312,278.8799026489258,317.5055618286133,2026-03-24
2026-03-24 23:00:00,347.5,185.75964813232423,211.37720642089843,258.8838195800781,273.85087890625,327.0914306640625,2026-03-24
2026-03-25 00:00:00,500.0,247.2861755371094,259.3680694580078,278.9827575683594,302.7683044433594,339.1403015136719,2026-03-25
2026-03-25 01:00:00,405.0,221.42234649658204,242.21302490234376,254.18328857421875,276.8072143554688,324.1830169677734,2026-03-25
2026-03-25 02:00:00,297.5,193.76900939941407,240.23973083496094,258.3992614746094,277.116943359375,320.3277282714844,2026-03-25
2026-03-25 03:00:00,450.0,186.429753112793,230.76543273925782,249.3967437744141,279.5221801757813,322.7484558105469,2026-03-25
2026-03-25 04:00:00,230.0,173.70728454589846,221.2386032104492,245.6548614501953,268.0160675048828,329.51055603027345,2026-03-25
2026-03-25 05:00:00,157.5,184.39510803222657,227.45235443115234,258.27667236328125,278.60741729736327,338.0486892700195,2026-03-25
2026-03-25 06:00:00,107.5,220.78278961181636,248.9788276672363,266.3427124023437,306.17685394287105,360.1726425170898,2026-03-25
2026-03-25 07:00:00,55.76475143432617,219.0697105407715,236.8463493347168,251.49490356445312,286.85068588256837,346.4462882995606,2026-03-25
2026-03-25 08:00:00,-44.95375061035156,13.494969177246091,34.96002960205078,51.61578369140625,63.28371734619141,119.01415100097655,2026-03-25
2026-03-25 09:00:00,-50.0,-42.53053588867188,-29.82274169921875,-15.59002685546875,1.020610046386718,59.052391052246094,2026-03-25
2026-03-25 10:00:00,-50.0,-24.3726089477539,-10.173132324218752,-0.0089111328125,12.955720520019531,107.38256530761718,2026-03-25
2026-03-25 11:00:00,-50.0,6.476121520996095,24.26390686035156,38.067138671875,63.66610488891601,127.11892700195312,2026-03-25
2026-03-25 12:00:00,-50.0,29.55616455078125,41.27574768066406,51.06645202636719,67.47498397827148,134.3553207397461,2026-03-25
2026-03-25 13:00:00,-50.0,-21.171615600585938,-2.4389785766601566,7.278350830078125,29.339877319335937,92.11485443115234,2026-03-25
2026-03-25 14:00:00,-50.0,-3.141806030273436,12.027658081054687,24.39129638671875,44.20945129394531,95.45738525390625,2026-03-25
2026-03-25 15:00:00,-50.0,71.24187774658205,88.93894805908205,105.92425537109376,128.60491409301758,191.97184143066409,2026-03-25
2026-03-25 16:00:00,-5.0,186.5990707397461,202.07158355712895,211.5074157714844,235.61433105468754,316.14355773925786,2026-03-25
2026-03-25 17:00:00,348.25,308.02917709350584,326.376358795166,341.0182800292969,378.75607681274414,416.3411018371582,2026-03-25
2026-03-25 18:00:00,271.0,429.8186767578125,454.3801239013672,493.77825927734375,510.23944091796875,543.2707977294922,2026-03-25
2026-03-25 19:00:00,311.6090087890625,308.85624237060546,335.18049850463865,370.590576171875,394.10543365478514,441.47461700439453,2026-03-25
2026-03-25 20:00:00,412.5,298.2181411743165,337.3479125976563,369.2418823242188,393.5663452148438,439.84766235351566,2026-03-25
2026-03-25 21:00:00,407.5,330.79255981445317,357.36773910522464,385.3609008789063,416.38984832763674,474.3880661010743,2026-03-25
2026-03-25 22:00:00,480.0,320.83169784545896,360.52777099609375,387.34228515625,409.7250610351563,463.5694580078125,2026-03-25
2026-03-25 23:00:00,515.0,273.7288871765137,322.37205200195314,340.5909729003906,373.36280517578126,432.77763671875,2026-03-25
2026-03-26 00:00:00,775.0,351.14867248535154,362.90259704589846,382.52545166015625,394.9857147216797,441.9739471435547,2026-03-26
2026-03-26 01:00:00,1000.0,753.0708984375,772.3356536865234,790.2235107421875,807.0402099609375,856.1607879638672,2026-03-26
2026-03-26 02:00:00,825.0,389.2775283813477,424.94749450683594,448.9476318359375,482.3273651123047,518.8147003173829,2026-03-26
2026-03-26 03:00:00,615.0,250.94412231445312,272.952685546875,298.2732238769531,320.08405151367185,363.8630859375,2026-03-26
2026-03-26 04:00:00,462.5,224.99315490722654,248.26397399902345,270.4237365722656,298.00676269531255,346.0249450683594,2026-03-26
2026-03-26 05:00:00,312.5,201.44829864501952,243.60930786132812,264.986083984375,294.1579162597656,359.63771362304686,2026-03-26
2026-03-26 06:00:00,84.0,191.88157043457034,224.4415222167969,261.72265625,295.3732666015625,379.6556701660156,2026-03-26
2026-03-26 07:00:00,50.81449890136719,216.51976623535154,230.1838882446289,247.41351318359372,292.2233901977539,364.2131042480469,2026-03-26
2026-03-26 08:00:00,222.91900634765625,149.4778762817383,169.46076660156254,188.99136352539065,220.02490692138673,276.4496536254883,2026-03-26
2026-03-26 09:00:00,207.5,129.30445404052733,139.74471130371094,146.6784210205078,157.19249725341797,214.05640869140623,2026-03-26
2026-03-26 10:00:00,238.8000030517578,27.765875244140634,39.55381164550782,48.62814331054688,57.01683197021485,109.53066558837891,2026-03-26
2026-03-26 11:00:00,179.87550354003906,74.21463165283203,89.73546600341795,93.81681823730467,103.65501556396482,166.9255905151367,2026-03-26
2026-03-26 12:00:00,152.5,84.03360443115233,91.63227539062498,99.15568542480467,106.16051788330077,178.99904022216793,2026-03-26
2026-03-26 13:00:00,-50.0,-16.69378662109375,-8.076820373535156,1.71380615234375,15.522210693359375,87.33121795654297,2026-03-26
2026-03-26 14:00:00,97.75,-59.727175903320315,-51.427069091796874,-43.94854736328125,-35.501947021484376,24.42336883544921,2026-03-26
2026-03-26 15:00:00,277.5,-1.8505523681640632,11.599423217773438,20.557098388671875,34.11496429443359,115.01280059814452,2026-03-26
2026-03-26 16:00:00,410.0,201.77259674072266,218.40755462646484,236.96563720703125,267.85743408203126,356.7448440551758,2026-03-26
2026-03-26 17:00:00,487.5,222.6449005126953,257.63796463012693,303.2063903808594,320.1709243774414,394.56492767333987,2026-03-26
2026-03-26 18:00:00,475.0,282.77869720458983,335.93831634521484,362.06158447265625,394.2822692871094,477.46593017578124,2026-03-26
2026-03-26 19:00:00,412.5,254.30424194335936,296.0367980957031,329.8170471191406,380.9592834472656,424.3979614257812,2026-03-26
2026-03-26 20:00:00,450.0,265.5976867675781,317.87665100097655,341.9586181640625,377.25690307617185,433.83409423828124,2026-03-26
2026-03-26 21:00:00,440.0,399.46933288574223,423.4959106445313,440.5481567382813,487.30278320312505,571.8387329101563,2026-03-26
2026-03-26 22:00:00,500.0,313.3501037597656,360.83180541992186,384.04791259765625,420.843359375,481.8929016113281,2026-03-26
2026-03-26 23:00:00,714.8690185546875,303.90868988037107,334.7423461914062,352.1401672363281,388.5498931884766,432.7179260253906,2026-03-26
2026-03-27 00:00:00,665.833251953125,568.5846008300781,589.9810791015625,608.4476318359375,633.701318359375,685.7073364257812,2026-03-27
2026-03-27 01:00:00,490.7634887695313,779.9744689941406,808.098745727539,829.0103149414062,861.4397583007812,909.2597839355469,2026-03-27
2026-03-27 02:00:00,715.4044799804688,894.9743041992189,919.5017028808595,949.3934326171876,981.1986694335939,1064.5833801269532,2026-03-27
2026-03-27 03:00:00,589.4012451171875,736.514535522461,773.3993927001953,799.4423828125,821.7977478027344,906.3874389648438,2026-03-27
2026-03-27 04:00:00,638.6827392578125,654.6366729736328,687.9013061523438,713.0546875,746.3827758789063,809.9144592285156,2026-03-27
2026-03-27 05:00:00,532.8252563476562,462.8921401977539,499.93187255859374,524.7218627929688,540.9772796630859,591.7512268066406,2026-03-27
2026-03-27 06:00:00,500.0,463.99475326538084,519.9409790039062,549.0919189453125,563.524868774414,613.9759094238282,2026-03-27
2026-03-27 07:00:00,450.0,313.9106155395508,368.159977722168,398.1543884277344,428.8232818603516,496.5422760009766,2026-03-27
2026-03-27 08:00:00,295.0,255.38401641845704,286.167911529541,327.5157470703125,359.7050018310547,440.5778076171875,2026-03-27
2026-03-27 09:00:00,210.0,248.8940856933594,289.72018966674807,300.9576721191406,330.24977722167966,396.669482421875,2026-03-27
2026-03-27 10:00:00,300.0,253.62017364501952,274.80057830810546,289.9586486816406,321.77941741943357,408.2243377685547,2026-03-27
2026-03-27 11:00:00,297.5,283.28145904541014,299.70178985595703,311.41571044921875,325.2342269897461,412.5509536743164,2026-03-27
2026-03-27 12:00:00,297.5,285.3194152832031,301.1374114990234,314.66973876953125,338.5746704101563,387.2252029418945,2026-03-27
2026-03-27 13:00:00,277.5,301.2981643676758,319.9800537109375,337.353759765625,356.9767562866211,412.2559219360352,2026-03-27
2026-03-27 14:00:00,280.0,371.15536041259764,387.0588439941406,403.9849853515625,423.7534339904785,500.01229095458984,2026-03-27
2026-03-27 15:00:00,42.5,444.1561820983887,465.49645614624023,483.3944091796875,504.50726852416994,571.7177055358886,2026-03-27
2026-03-27 16:00:00,455.0,497.8475166320801,509.13190841674805,531.46728515625,579.9148384094239,671.4462135314941,2026-03-27
2026-03-27 17:00:00,415.0,758.5678192138672,787.6826919555664,840.3027954101562,872.787728881836,958.8349761962891,2026-03-27
2026-03-27 18:00:00,371.7007446289063,887.0084259033204,921.9299049377441,970.3982543945312,1002.570654296875,1154.9034637451173,2026-03-27
2026-03-27 19:00:00,500.0,398.0957656860352,443.48072204589846,479.2896423339844,515.36279296875,572.2088195800782,2026-03-27
2026-03-27 20:00:00,500.0,317.30733489990234,351.8029815673828,394.619384765625,433.46173095703125,533.63349609375,2026-03-27
2026-03-27 21:00:00,985.0,367.9038787841797,406.8189224243164,446.5570068359375,476.11000061035156,549.0165008544922,2026-03-27
2026-03-27 22:00:00,500.0,399.936971282959,453.18877258300785,473.2694091796875,499.68462524414065,584.324853515625,2026-03-27
2026-03-27 23:00:00,500.0,431.1313140869141,501.4832000732422,529.912841796875,560.0467193603515,626.6421875,2026-03-27
2026-03-28 00:00:00,400.0,588.3738159179687,606.5140747070312,628.242431640625,648.180419921875,686.1415893554688,2026-03-28
2026-03-28 01:00:00,302.5,598.1768127441406,624.1149291992188,638.7459716796875,656.5984252929687,707.1457153320313,2026-03-28
2026-03-28 02:00:00,355.0,525.1364898681641,556.9323608398438,579.0109252929688,602.681005859375,692.0032043457031,2026-03-28
2026-03-28 03:00:00,412.5,528.5496856689454,590.8010498046875,614.9988403320312,635.8944244384766,690.8126983642578,2026-03-28
2026-03-28 04:00:00,455.0,405.28588867187506,475.9577880859375,503.7286987304688,527.6387023925781,589.8631958007813,2026-03-28
2026-03-28 05:00:00,355.0,348.91264801025386,409.21874999999994,445.36761474609375,481.49591674804685,542.4822692871094,2026-03-28
2026-03-28 06:00:00,470.2862548828125,361.0978759765626,405.85075683593755,431.0181274414063,458.8729370117188,515.7808532714844,2026-03-28
2026-03-28 07:00:00,302.5,313.4468780517579,338.4847290039063,364.0602416992188,405.65034179687507,473.1037872314454,2026-03-28
2026-03-28 08:00:00,302.5,304.12302627563474,324.671639251709,352.9006042480469,388.9113960266113,430.38817672729493,2026-03-28
2026-03-28 09:00:00,305.0,299.57926177978516,336.5238204956055,350.0509338378906,378.1710174560547,432.62205657958987,2026-03-28
2026-03-28 10:00:00,297.5,326.84339294433596,353.75834503173826,372.0101013183594,399.2957550048828,454.79737548828126,2026-03-28
2026-03-28 11:00:00,345.0,366.65521774291994,397.0299476623535,422.4437255859375,451.5776847839355,510.65123519897463,2026-03-28
2026-03-28 12:00:00,373.78424072265625,319.2175651550294,340.49248886108404,361.2966918945313,389.2178657531739,453.6346397399903,2026-03-28
2026-03-28 13:00:00,453.5327453613281,289.35116119384764,307.5336944580078,325.5099182128906,344.0893096923828,397.9906707763672,2026-03-28
2026-03-28 14:00:00,448.5012512207031,340.1519119262695,359.2673080444336,379.6927185058594,396.21335678100587,429.1326736450195,2026-03-28
2026-03-28 15:00:00,398.2539978027344,334.6867530822754,354.1223320007324,374.2275390625,397.7907844543457,447.22805709838866,2026-03-28
2026-03-28 16:00:00,276.7244873046875,257.8788604736328,291.5355842590332,306.925537109375,337.3822525024414,407.11854248046876,2026-03-28
2026-03-28 17:00:00,200.78775024414065,194.5388610839844,225.55193328857422,253.53912353515625,275.4084533691406,335.6023803710938,2026-03-28
2026-03-28 18:00:00,281.3104858398437,198.22335357666014,236.8585433959961,272.3102111816406,313.03945007324216,378.13025817871096,2026-03-28
2026-03-28 19:00:00,222.99349975585935,205.20900573730466,237.3071746826172,267.73907470703125,286.75712280273433,336.54540405273434,2026-03-28
2026-03-28 20:00:00,260.0,195.43365325927735,239.97984924316407,271.0792236328125,313.88526306152346,380.9798583984375,2026-03-28
2026-03-28 21:00:00,225.0,204.67751464843752,253.76788940429688,279.7872314453125,310.5324249267578,377.5190063476563,2026-03-28
2026-03-28 22:00:00,210.9750061035156,193.61897125244138,232.3793182373047,270.82720947265625,298.88502807617186,376.3796936035156,2026-03-28
2026-03-28 23:00:00,115.69650268554688,97.92044677734376,153.30413818359375,185.59478759765625,211.7464599609375,300.28399658203125,2026-03-28
2026-03-29 00:00:00,179.2480010986328,228.00622634887696,252.5618965148926,268.2076110839844,297.8837409973145,341.54054794311526,2026-03-29
2026-03-29 01:00:00,250.2845001220703,246.76899108886718,278.1711715698242,298.6360778808594,329.6685821533203,386.63097229003904,2026-03-29
2026-03-29 02:00:00,267.5,220.51107025146484,257.5746246337891,304.5867614746094,330.600912475586,369.1241882324219,2026-03-29
2026-03-29 03:00:00,166.354248046875,214.08364257812502,255.6064880371094,289.4500732421875,315.9749053955078,395.1800964355469,2026-03-29
2026-03-29 04:00:00,285.0,181.10398254394534,220.8321014404297,277.0596618652344,308.3269989013672,371.43616638183596,2026-03-29
2026-03-29 05:00:00,292.5,206.66096038818358,240.01760177612306,280.00665283203125,302.9250946044922,352.2619567871094,2026-03-29
2026-03-29 06:00:00,292.5,201.03522796630858,236.37760467529296,275.32958984375,300.5707382202148,341.68566131591797,2026-03-29
2026-03-29 07:00:00,277.5,105.79732208251953,140.97564086914062,173.0392303466797,196.79843292236328,283.29972686767576,2026-03-29
2026-03-29 08:00:00,253.4302520751953,68.5223159790039,103.4572509765625,133.12249755859375,163.67564544677734,206.3771682739258,2026-03-29
2026-03-29 09:00:00,275.0,45.92589263916015,88.82746276855468,110.36134338378906,145.58564453125,206.1394104003906,2026-03-29
2026-03-29 10:00:00,280.0,92.71706848144532,128.5933692932129,150.4010772705078,186.46073303222656,221.53507080078128,2026-03-29
2026-03-29 11:00:00,287.5,125.05855712890626,158.75173721313476,189.79571533203125,223.72937469482423,265.0171493530274,2026-03-29
2026-03-29 12:00:00,295.25,152.39444885253909,187.54695892333984,229.49859619140625,256.50255126953124,293.94610900878905,2026-03-29
2026-03-29 13:00:00,273.6507568359375,101.15897369384767,135.55384368896486,185.28016662597656,214.70892333984375,261.7509979248047,2026-03-29
2026-03-29 14:00:00,287.5,55.00199279785157,89.33748626708984,121.99789428710938,148.5610321044922,194.84095764160156,2026-03-29
2026-03-29 15:00:00,305.0,-98.86609344482422,-66.29730224609375,-19.96786499023437,10.208749389648439,57.57231140136719,2026-03-29
2026-03-29 16:00:00,447.5,-101.43445281982422,-49.13909149169922,-13.2801513671875,13.580102539062516,64.9080078125,2026-03-29
2026-03-29 17:00:00,405.0,-37.12473449707031,0.6619743347167955,46.7962646484375,79.46966857910155,166.57154846191406,2026-03-29
2026-03-29 18:00:00,412.5,234.58832855224608,296.65479736328126,315.03485107421875,344.64784851074216,402.9466888427734,2026-03-29
2026-03-29 19:00:00,284.9027404785156,263.1402587890625,316.97596740722656,349.0783386230469,375.4000885009766,458.41921081542966,2026-03-29
2026-03-29 20:00:00,256.4339904785156,287.05306854248045,314.36867370605466,344.5688171386719,368.68334045410154,407.3675109863281,2026-03-29
2026-03-29 21:00:00,249.04649353027344,436.77114105224615,472.01299972534184,509.6121215820313,526.755160522461,586.6934814453125,2026-03-29
2026-03-29 22:00:00,282.5,326.7601593017578,356.87820053100586,387.72802734375,413.43287658691406,461.1453826904297,2026-03-29
2026-03-29 23:00:00,297.5,371.35998687744143,406.3800247192383,438.8858642578125,458.6719253540039,490.17675933837893,2026-03-29
2026-03-30 00:00:00,300.0,395.46690216064457,406.09865112304686,417.1435546875,423.674853515625,436.18628540039066,2026-03-30
2026-03-30 01:00:00,312.5,425.2976760864258,443.4951232910156,455.86138916015625,465.4802947998047,487.97608337402346,2026-03-30
2026-03-30 02:00:00,447.7777404785156,365.8440490722657,399.3648559570313,412.9539184570313,420.61242370605476,447.7061828613282,2026-03-30
2026-03-30 03:00:00,682.9337768554688,378.54560546875,407.53728942871095,423.0321044921875,436.01543579101565,464.82686157226567,2026-03-30
2026-03-30 04:00:00,682.509521484375,320.36155090332034,358.03459472656255,379.44573974609375,392.8019195556641,417.3508605957031,2026-03-30
2026-03-30 05:00:00,612.0905151367188,292.993130493164,337.0765136718749,349.2841186523437,363.0447875976562,389.97086791992183,2026-03-30
2026-03-30 06:00:00,630.75,288.08085479736326,321.6872039794922,350.8493957519531,366.18393859863284,395.03419189453126,2026-03-30
2026-03-30 07:00:00,312.5,263.67789154052736,296.7397766113281,328.7055969238281,341.9608489990234,384.3881439208984,2026-03-30
2026-03-30 08:00:00,257.5,223.97522735595703,259.9546669006348,289.8294982910156,308.44090576171874,339.86225280761715,2026-03-30
2026-03-30 09:00:00,290.0,84.3405746459961,118.1101188659668,145.92886352539062,167.83470458984377,207.53404388427737,2026-03-30
2026-03-30 10:00:00,300.0,96.2244873046875,127.15521697998048,160.0378875732422,181.70791625976562,216.12376556396487,2026-03-30
2026-03-30 11:00:00,387.0,39.816461181640626,62.294227600097656,88.99372863769531,114.7038558959961,149.61478118896486,2026-03-30
2026-03-30 12:00:00,402.5,15.79501647949219,48.492462158203125,72.29617309570312,103.61603393554687,129.91874084472656,2026-03-30
2026-03-30 13:00:00,450.0,73.8302963256836,108.27308959960938,129.09408569335938,166.09131469726563,204.99594421386718,2026-03-30
2026-03-30 14:00:00,645.13623046875,121.63204803466797,159.03985214233398,187.1292724609375,204.5481964111328,233.5167724609375,2026-03-30
2026-03-30 15:00:00,302.5,69.45736999511719,101.53935928344727,132.7847442626953,161.81140594482423,229.34907073974608,2026-03-30
2026-03-30 16:00:00,302.5,74.5781723022461,119.21001129150392,153.77684020996094,176.75822906494142,227.43389434814452,2026-03-30
2026-03-30 17:00:00,455.0,142.75139617919922,181.6937225341797,210.967041015625,237.51126403808593,282.7190887451172,2026-03-30
2026-03-30 18:00:00,297.5,239.37132415771487,280.5833023071289,304.4800720214844,327.66482696533205,369.0825698852539,2026-03-30
2026-03-30 19:00:00,297.5,234.1520477294922,268.8352905273438,305.2514343261719,324.88499145507814,369.2487457275391,2026-03-30
2026-03-30 20:00:00,295.0,211.3403060913086,263.1635437011719,293.66314697265625,326.04832458496094,370.2803619384766,2026-03-30
2026-03-30 21:00:00,295.0,183.8644927978516,238.66710357666017,266.2648010253906,284.939599609375,337.11268310546876,2026-03-30
2026-03-30 22:00:00,280.0,216.6121536254883,256.7254943847656,287.72369384765625,304.98541259765625,336.6047607421875,2026-03-30
2026-03-30 23:00:00,215.0,185.90083465576174,229.76893157958983,253.43829345703125,266.19483947753906,312.00819396972656,2026-03-30
2026-03-31 00:00:00,262.5,260.3687484741211,277.244352722168,298.28631591796875,307.9616180419922,336.56585083007815,2026-03-31
2026-03-31 01:00:00,277.5,246.6495559692383,268.0596435546875,282.6725769042969,291.8324279785156,314.13963623046874,2026-03-31
2026-03-31 02:00:00,250.0,207.57826538085936,233.95351867675782,250.9185333251953,263.8951354980469,306.9567626953125,2026-03-31
2026-03-31 03:00:00,118.91999816894533,165.08890380859378,197.16495361328128,211.0279235839844,228.39375610351567,259.22327880859376,2026-03-31
2026-03-31 04:00:00,74.80774688720703,132.77923126220702,170.35592041015624,187.64244079589844,202.6173278808594,226.88536682128907,2026-03-31
2026-03-31 05:00:00,-47.83000183105469,-19.14960556030273,19.099627685546874,38.10357666015625,48.370300292968736,73.76380615234375,2026-03-31
2026-03-31 06:00:00,-50.0,-56.986718749999994,-20.12761535644532,1.941436767578125,17.934628295898435,64.0923858642578,2026-03-31
2026-03-31 07:00:00,-43.2822494506836,-62.96118469238281,-33.8330093383789,-5.60223388671875,9.219361877441406,35.25971527099609,2026-03-31
2026-03-31 08:00:00,-50.0,-89.39226074218749,-61.24672317504882,-22.45611572265625,-9.336315917968742,34.71203002929688,2026-03-31
2026-03-31 09:00:00,-50.0,-77.38421325683593,-45.020452117919916,-17.127288818359375,11.213803100585938,41.52215270996095,2026-03-31
2026-03-31 10:00:00,-50.0,-75.35277252197265,-42.42969055175781,-3.57373046875,34.930548095703124,77.28531494140624,2026-03-31
2026-03-31 11:00:00,-50.0,-26.842868041992183,-6.320082092285155,20.141876220703125,60.269902038574216,92.23602447509765,2026-03-31
2026-03-31 12:00:00,-50.0,-25.731555938720703,11.503174591064454,34.1483154296875,73.93064956665037,123.33081130981445,2026-03-31
2026-03-31 13:00:00,-50.0,-49.86124496459961,-21.35263900756836,4.719146728515625,36.90548324584961,94.56143112182617,2026-03-31
2026-03-31 14:00:00,-50.0,-80.93874282836914,-41.17317428588868,-11.54638671875,28.257682037353497,58.73889236450195,2026-03-31
2026-03-31 15:00:00,-50.0,-97.97942504882812,-51.33941802978516,-16.358642578125,14.278344726562498,62.41192016601562,2026-03-31
2026-03-31 16:00:00,-50.03799819946289,-71.38354034423828,-10.94398651123047,23.911773681640625,38.78682250976563,90.69471435546875,2026-03-31
2026-03-31 17:00:00,197.5,178.04242553710935,213.08144226074216,252.19808959960935,268.14298706054683,311.7510101318359,2026-03-31
2026-03-31 18:00:00,207.5,295.50392761230466,349.29375,369.132568359375,385.8068572998047,455.08420715332034,2026-03-31
2026-03-31 19:00:00,211.75,266.1684295654297,319.9071701049805,349.6298522949219,366.7517425537109,416.1150177001953,2026-03-31
2026-03-31 20:00:00,231.4564971923828,286.2432220458985,337.2811614990235,371.8595581054688,390.2901763916016,439.95541076660163,2026-03-31
2026-03-31 21:00:00,290.0,413.6347885131836,442.0702163696289,490.907470703125,508.3745056152344,554.7836120605468,2026-03-31
2026-03-31 22:00:00,300.0,572.9119201660156,625.1455978393554,651.79443359375,677.6763092041016,726.4743194580078,2026-03-31
2026-03-31 23:00:00,347.5,708.1522369384766,745.5061920166015,778.8108520507812,801.7046661376953,849.4376068115234,2026-03-31
2026-04-01 00:00:00,412.5,285.50342254638673,297.80446166992186,306.6640930175781,327.29742431640625,356.35608825683596,2026-04-01
2026-04-01 01:00:00,567.8695068359375,276.3954818725586,291.73094482421874,308.963623046875,323.4868530273438,357.2428680419922,2026-04-01
2026-04-01 02:00:00,500.0,278.38999786376945,304.8665496826171,326.2450561523437,346.1499572753906,370.71654968261714,2026-04-01
2026-04-01 03:00:00,500.0,230.83012695312493,264.2857757568359,282.5492553710937,295.15666198730463,335.21199035644526,2026-04-01
2026-04-01 04:00:00,452.5,229.94854736328125,271.33045196533203,286.4493103027344,307.6497741699219,366.8648742675781,2026-04-01
2026-04-01 05:00:00,500.0,304.7117530822754,341.3939514160156,366.35498046875,381.2867004394531,424.4482849121094,2026-04-01
2026-04-01 06:00:00,457.5,241.35477447509766,272.18327178955076,299.249267578125,324.14552307128906,356.82920837402344,2026-04-01
2026-04-01 07:00:00,372.5,208.12605133056644,227.26134872436526,253.7877349853516,278.62725524902345,319.9008758544922,2026-04-01
2026-04-01 08:00:00,160.0,-32.53113861083984,-7.411157989501952,21.602020263671875,48.29794616699219,92.6228271484375,2026-04-01
2026-04-01 09:00:00,260.0,-37.631866455078125,-10.700650024414063,13.97906494140625,40.98677368164063,91.69345245361328,2026-04-01
2026-04-01 10:00:00,268.3697509765625,115.00111236572266,132.14944305419922,150.87612915039062,184.52326965332028,222.43682250976562,2026-04-01
2026-04-01 11:00:00,156.2364959716797,139.2597640991211,180.88951110839844,200.86398315429688,233.1219436645508,262.77039031982423,2026-04-01
2026-04-01 12:00:00,237.5,32.29060516357422,61.65042266845703,88.64210510253906,111.96906890869141,186.22757415771486,2026-04-01
2026-04-01 13:00:00,117.03900146484376,-40.04241790771484,-22.29754791259765,6.29119873046875,41.037104797363284,90.49400177001955,2026-04-01
2026-04-01 14:00:00,62.5,-57.785009765625,-30.35716094970703,-16.6453857421875,16.9799789428711,67.4019561767578,2026-04-01
2026-04-01 15:00:00,-50.0,-91.62459869384764,-66.8852439880371,-31.239166259765625,2.79997100830078,54.94493865966797,2026-04-01
2026-04-01 16:00:00,32.5,-76.26609954833985,-43.882107543945324,-19.3173828125,-1.1464035034179787,81.51157989501952,2026-04-01
2026-04-01 17:00:00,295.0,42.332698059082034,80.9262451171875,108.74185180664062,136.3056427001953,211.26018676757812,2026-04-01
2026-04-01 18:00:00,302.5,179.28440246582028,221.46067352294918,245.72608947753903,272.37295227050777,314.74884033203125,2026-04-01
2026-04-01 19:00:00,370.0,221.21160202026368,256.5141372680664,280.270263671875,304.8482543945313,346.41013793945314,2026-04-01
2026-04-01 20:00:00,450.0,172.51269149780273,199.72140655517578,222.2116241455078,237.89794006347654,325.9661590576172,2026-04-01
2026-04-01 21:00:00,450.0,143.00285034179686,187.69503173828124,199.5301818847656,220.1257751464844,264.2948059082031,2026-04-01
2026-04-01 22:00:00,327.854736328125,129.92971725463866,171.49197387695312,188.20703125,209.58937377929686,271.69910583496096,2026-04-01
2026-04-01 23:00:00,273.468994140625,151.2992370605469,182.0295394897461,206.1238250732422,224.44933166503907,273.65740661621095,2026-04-01
2026-04-02 00:00:00,287.5,176.15442504882813,198.17998962402342,208.038818359375,216.64298095703126,232.7201354980469,2026-04-02
2026-04-02 01:00:00,350.0,268.9682952880859,294.31146545410155,305.72216796875,318.4799499511719,345.51997680664067,2026-04-02
2026-04-02 02:00:00,285.0,239.771337890625,275.0265289306641,285.6171569824219,299.1859130859375,329.83819885253905,2026-04-02
2026-04-02 03:00:00,280.0,221.92674255371094,262.67259826660154,282.31854248046875,295.4270263671875,346.7152160644531,2026-04-02
2026-04-02 04:00:00,127.75,205.09891815185546,251.9062744140625,271.4075012207031,282.11611328125,325.5962646484375,2026-04-02
2026-04-02 05:00:00,10.0,139.59334259033204,177.29183349609374,215.36471557617188,237.73777770996094,271.1042083740234,2026-04-02
2026-04-02 06:00:00,-50.0,177.40567474365236,227.94457397460937,251.72772216796875,265.81593017578126,307.30165100097656,2026-04-02
2026-04-02 07:00:00,-47.21749877929688,95.59945526123047,120.83402099609376,146.0428466796875,178.4139434814453,217.87386779785157,2026-04-02
2026-04-02 08:00:00,-50.0,-33.62260284423828,-6.204902648925781,16.193634033203125,48.045677185058594,89.59604339599609,2026-04-02
2026-04-02 09:00:00,-50.0,-35.675428771972655,-12.771887207031249,4.455718994140625,22.713375854492188,83.63072967529297,2026-04-02
2026-04-02 10:00:00,-50.0,-19.475675964355464,-5.676591491699218,8.54144287109375,20.262413024902344,77.43460998535156,2026-04-02
2026-04-02 11:00:00,-50.0,-34.973669433593756,-20.66145477294922,-9.053680419921877,0.28098602294921626,30.177130889892574,2026-04-02
2026-04-02 12:00:00,-50.0,-34.94992370605468,-23.537490844726562,-12.852691650390623,-0.4353210449218743,27.54098129272461,2026-04-02
2026-04-02 13:00:00,-50.0,-41.236305236816406,-30.22566986083984,-18.25155639648437,-8.343774414062496,25.579370117187505,2026-04-02
2026-04-02 14:00:00,-50.0,-47.49335632324218,-33.448612976074216,-20.57391357421875,-10.795028686523438,16.721997070312497,2026-04-02
2026-04-02 15:00:00,-50.0,-60.093164062499994,-42.79906311035156,-28.92269897460937,-13.701100158691403,36.182579040527344,2026-04-02
2026-04-02 16:00:00,-51.0359992980957,-47.40530853271484,-35.610189819335936,-18.058074951171875,-2.3986755371093764,42.32169036865234,2026-04-02
2026-04-02 17:00:00,1.5,-26.417388916015625,-12.747325134277343,13.19720458984375,28.987322998046874,87.0190673828125,2026-04-02
2026-04-02 18:00:00,186.5,-2.6500991821288977,25.850422668457036,38.33999633789063,69.53957061767578,141.6341491699219,2026-04-02
2026-04-02 19:00:00,165.88475036621094,-42.1658981323242,-2.4754943847656037,38.68272399902344,64.41634826660157,116.17001953125002,2026-04-02
2026-04-02 20:00:00,-30.572250366210938,-49.45977935791014,-16.71763992309569,13.011077880859377,45.66736602783204,89.26932830810547,2026-04-02
2026-04-02 21:00:00,-27.17374992370605,-61.037025451660156,-16.067073059082027,11.271942138671877,25.56034393310547,78.6169662475586,2026-04-02
2026-04-02 22:00:00,-54.85599899291992,-81.71359558105469,-43.343510437011716,1.795928955078125,31.64575958251952,85.4218765258789,2026-04-02
2026-04-02 23:00:00,-50.946998596191406,-67.81076354980468,-31.170306396484367,-4.9898681640625,9.83873596191407,54.86782226562502,2026-04-02
2026-04-03 00:00:00,-50.946998596191406,-25.134669494628906,-18.901622009277343,-15.8026123046875,-11.815376281738281,33.027375030517575,2026-04-03
2026-04-03 01:00:00,-50.0,-33.752908325195314,-25.354217529296875,-21.93609619140625,-18.09585723876953,-3.797984313964843,2026-04-03
2026-04-03 02:00:00,-50.0,-33.433119201660155,-28.469679260253905,-23.82666015625,-18.473164367675782,67.59925537109375,2026-04-03
2026-04-03 03:00:00,-50.0,-38.65832672119141,-31.504176330566406,-26.466949462890625,-17.804884338378905,61.99058837890625,2026-04-03
2026-04-03 04:00:00,-50.0,-28.051625061035153,-20.293844604492186,-15.103271484375,-10.945431518554688,57.69030303955077,2026-04-03
2026-04-03 05:00:00,-50.0,-35.521487426757815,-25.59021759033203,-20.80157470703125,-13.70989990234375,66.78131866455078,2026-04-03
2026-04-03 06:00:00,-50.0,-34.4638671875,-29.829971313476562,-24.325225830078125,-11.290071105957031,69.4866226196289,2026-04-03
2026-04-03 07:00:00,-50.0,-43.191410827636716,-35.13213348388672,-29.788726806640625,-22.698155212402344,59.98143005371094,2026-04-03
2026-04-03 08:00:00,-50.0,-43.98009490966797,-33.94130096435546,-26.83636474609375,-20.399131774902344,52.08504943847656,2026-04-03
2026-04-03 09:00:00,-50.0,-42.58089141845702,-32.0158706665039,-27.93588256835937,-21.062080383300778,56.19605407714843,2026-04-03
2026-04-03 10:00:00,-50.0,-29.763523864746098,-21.801365661621094,-15.467742919921877,-5.560066223144533,83.53347473144531,2026-04-03
2026-04-03 11:00:00,-50.0,-31.4567138671875,-22.749691772460938,-17.949554443359375,-14.055770874023438,62.50525817871093,2026-04-03
2026-04-03 12:00:00,-50.0,-38.86025543212891,-33.08661041259766,-27.296417236328125,-20.228852844238283,64.11046447753905,2026-04-03
2026-04-03 13:00:00,-50.0,-42.09292755126953,-33.553652954101565,-27.603759765625,-19.826744079589844,59.92763061523438,2026-04-03
2026-04-03 14:00:00,-50.0,-39.20446929931641,-32.59527740478516,-28.475006103515625,-18.28264617919922,65.94149780273438,2026-04-03
2026-04-03 15:00:00,-50.0,-40.777374267578125,-31.955091857910155,-23.808349609375,10.278379058837892,106.80794525146484,2026-04-03
2026-04-03 16:00:00,-50.0,-52.58844909667968,-38.797796630859374,-27.01702880859375,38.82121124267577,79.69851837158203,2026-04-03
2026-04-03 17:00:00,294.0,123.55968780517578,136.2841812133789,145.7776641845703,217.51459655761718,260.8954772949219,2026-04-03
2026-04-03 18:00:00,371.75,273.92430877685547,289.9402191162109,303.7752380371094,368.48012390136716,412.56300354003906,2026-04-03
2026-04-03 19:00:00,423.25,325.3376663208008,347.72423248291017,360.8529357910156,439.093701171875,494.3981536865234,2026-04-03
2026-04-03 20:00:00,525.0,697.8338928222656,712.49150390625,728.5989990234375,796.9388534545899,849.0802780151367,2026-04-03
2026-04-03 21:00:00,500.0,571.4482315063476,594.2841796875,615.9349365234375,672.172640991211,717.1716888427734,2026-04-03
2026-04-03 22:00:00,367.0,325.9391403198242,340.63224639892576,354.379150390625,421.118424987793,487.5245666503906,2026-04-03
2026-04-03 23:00:00,212.5,267.4466186523438,280.86200561523435,290.1953125,351.37522583007814,422.28097381591795,2026-04-03
2026-04-04 00:00:00,277.5,245.91255645751954,273.5831024169922,302.33526611328125,321.03116302490236,342.25052337646486,2026-04-04
2026-04-04 01:00:00,89.72474670410156,173.70830841064452,216.77285614013672,240.8914031982422,253.57963256835936,293.26177368164065,2026-04-04
2026-04-04 02:00:00,-48.99599838256836,73.34596710205078,132.7947006225586,161.50653076171875,174.47464599609376,206.30133361816408,2026-04-04
2026-04-04 03:00:00,-50.0,-53.438804626464844,-22.148222351074217,26.9110107421875,42.07217102050781,80.19834594726562,2026-04-04
2026-04-04 04:00:00,94.60749816894533,-61.38238525390625,-36.52696685791015,-0.077117919921875,28.28831329345703,46.651937866210936,2026-04-04
2026-04-04 05:00:00,-48.75,-70.19021835327149,-50.70873947143554,-15.48260498046875,22.1002571105957,101.81444015502929,2026-04-04
2026-04-04 06:00:00,-51.25,-73.652978515625,-51.29629974365234,-27.65911865234375,14.134864807128906,46.445106506347656,2026-04-04
2026-04-04 07:00:00,-50.0,-75.49496459960938,-48.148469543457026,-31.25091552734375,17.73880157470702,58.72969818115233,2026-04-04
2026-04-04 08:00:00,-50.0,-57.78306732177734,-40.110208129882814,-27.63201904296875,-13.04001922607422,57.2383544921875,2026-04-04
2026-04-04 09:00:00,-50.0,-53.455047607421875,-36.34913787841797,-28.215240478515625,-17.566192626953125,43.47330169677734,2026-04-04
2026-04-04 10:00:00,-50.0,-52.91448364257812,-32.34616394042969,-23.275787353515625,-13.216183471679688,70.5996810913086,2026-04-04
2026-04-04 11:00:00,-50.0,-41.04141845703125,-28.586685180664062,-21.865936279296875,-9.845822143554688,58.54524688720703,2026-04-04
2026-04-04 12:00:00,-50.0,-55.971221923828125,-39.2671875,-27.07086181640625,-13.187947082519532,47.412043762207006,2026-04-04
2026-04-04 13:00:00,-50.0,-47.11128387451171,-32.789442443847655,-25.6285400390625,-13.582118225097657,58.96177368164062,2026-04-04
2026-04-04 14:00:00,-50.0,-46.04358978271485,-34.23607482910156,-21.88653564453125,-8.018136596679687,69.05731811523437,2026-04-04
2026-04-04 15:00:00,-50.0,-55.380795288085935,-43.58427124023437,-23.07647705078125,32.10894317626953,100.28238677978517,2026-04-04
2026-04-04 16:00:00,-50.0,-60.69254150390624,-43.96287689208984,-24.20443725585937,24.77980041503906,84.33849334716798,2026-04-04
2026-04-04 17:00:00,-52.140750885009766,-56.087640380859376,-34.9975341796875,-9.3072509765625,40.34225006103515,98.07179718017578,2026-04-04
2026-04-04 18:00:00,90.5,-42.61525268554688,-4.377804565429685,46.22749328613281,72.39549407958984,131.73212127685548,2026-04-04
2026-04-04 19:00:00,181.5,98.26431274414062,128.76822128295896,180.2286376953125,210.85354919433593,287.90586853027344,2026-04-04
2026-04-04 20:00:00,133.0,140.82935943603516,178.26246185302733,215.77381896972656,246.3203155517578,296.8915740966797,2026-04-04
2026-04-04 21:00:00,115.75,117.56124420166016,142.09300537109374,193.53390502929688,218.05648803710938,265.64422607421875,2026-04-04
2026-04-04 22:00:00,25.75,136.94373626708986,170.41421890258792,211.824951171875,235.7197479248047,278.8294952392578,2026-04-04
2026-04-04 23:00:00,36.97724914550781,173.92672805786134,186.67169265747071,205.55877685546875,253.9336875915527,298.79108505249025,2026-04-04
2026-04-05 00:00:00,-4.130000114440918,239.22775115966797,253.11072540283203,259.7995910644531,264.5731369018555,276.8009521484375,2026-04-05
2026-04-05 01:00:00,16.727249145507812,236.54944763183587,251.20039367675776,257.1010131835937,264.96137390136715,290.4511817932128,2026-04-05
2026-04-05 02:00:00,193.2144927978516,233.71781463623046,241.56758728027344,247.8462371826172,257.5128005981445,317.8642852783203,2026-04-05
2026-04-05 03:00:00,52.64400100708008,237.62184448242186,244.92155914306642,254.3576202392578,259.07152862548827,283.33412017822263,2026-04-05
2026-04-05 04:00:00,283.229736328125,278.13612670898436,288.92439422607424,296.233154296875,303.8137573242187,332.5756690979004,2026-04-05
2026-04-05 05:00:00,267.5,210.44498443603516,221.51363220214844,225.04400634765625,231.16256256103514,263.1319969177246,2026-04-05
2026-04-05 06:00:00,-45.69649887084961,110.8916748046875,120.33792572021484,125.95797729492188,131.08018798828124,168.66613311767577,2026-04-05
2026-04-05 07:00:00,27.054750442504883,-5.305274963378906,5.438191223144531,10.77227783203125,17.491030883789062,85.14341125488282,2026-04-05
2026-04-05 08:00:00,-50.0,-29.42943572998047,-22.14476776123047,-16.3489990234375,-9.13427276611328,23.57073974609375,2026-04-05
2026-04-05 09:00:00,-50.0,-36.36794738769531,-28.244903564453125,-24.68817138671875,-21.398590087890625,14.461416625976561,2026-04-05
2026-04-05 10:00:00,-50.0,-32.5766098022461,-26.230549621582032,-20.100860595703125,-15.961985778808597,-3.9114761352539062,2026-04-05
2026-04-05 11:00:00,-50.0,-42.068948364257814,-31.109719848632814,-26.41058349609375,-20.20661315917969,-1.0429412841796868,2026-04-05
2026-04-05 12:00:00,-50.0,-42.52828674316406,-32.34421234130859,-27.412811279296875,-21.682965087890622,-5.027636718749999,2026-04-05
2026-04-05 13:00:00,-50.0,-39.33860778808594,-31.216644287109375,-23.130523681640625,-16.335997009277342,16.451266479492183,2026-04-05
2026-04-05 14:00:00,-50.0,-34.53711853027344,-27.936985778808594,-22.2159423828125,-10.687118530273438,61.44156799316406,2026-04-05
2026-04-05 15:00:00,-50.0,-35.424662780761714,-28.16612396240234,-21.13534545898437,-8.084983825683592,72.5610366821289,2026-04-05
2026-04-05 16:00:00,-50.0,-34.72911224365234,-28.416537475585933,-20.83700561523437,-11.165365600585934,54.52301177978515,2026-04-05
2026-04-05 17:00:00,-0.3597500026226043,-32.526928710937504,-19.93011932373047,-10.856414794921877,2.2936477661132777,83.38291625976562,2026-04-05
2026-04-05 18:00:00,101.3582534790039,102.03189239501953,123.13844604492188,130.3806610107422,188.05917205810547,232.80641326904296,2026-04-05
2026-04-05 19:00:00,171.5,219.69048156738282,235.10223083496095,250.55474853515625,303.59586639404296,353.2478851318359,2026-04-05
2026-04-05 20:00:00,138.0,236.55568237304686,257.75129852294924,266.57452392578125,302.40440521240237,381.99867248535156,2026-04-05
2026-04-05 21:00:00,307.5,359.8067169189453,379.5775619506836,389.0205078125,403.8346603393555,481.6573181152344,2026-04-05
2026-04-05 22:00:00,295.0,495.4111022949219,515.8313079833985,525.6170043945312,591.048828125,623.1027954101562,2026-04-05
2026-04-05 23:00:00,355.0,432.8285079956055,452.2558563232422,459.7752380371094,475.03115768432616,541.8146957397461,2026-04-05
2026-04-06 00:00:00,397.5,354.11971588134764,370.1309753417969,386.6064758300781,401.8350830078125,435.02263793945315,2026-04-06
2026-04-06 01:00:00,465.0,527.1711883544922,558.4288024902344,571.7369995117188,594.6734497070313,648.7979064941406,2026-04-06
2026-04-06 02:00:00,440.0,190.5813316345215,236.32123107910155,253.41525268554688,271.3810668945313,301.34228515625,2026-04-06
2026-04-06 03:00:00,257.5,166.673055267334,210.95445098876954,232.4783935546875,260.2986236572266,324.80625915527344,2026-04-06
2026-04-06 04:00:00,285.0,163.67005081176757,198.99634857177733,225.63650512695312,250.13160400390626,297.2580810546875,2026-04-06
2026-04-06 05:00:00,277.9945068359375,145.26369552612306,177.69232635498048,202.7069091796875,231.29181518554688,268.7433837890625,2026-04-06
2026-04-06 06:00:00,-45.64925003051758,102.45831146240235,127.33140640258789,151.38284301757812,179.64058532714844,209.12350463867188,2026-04-06
2026-04-06 07:00:00,74.36849975585938,21.88291473388672,47.942691040039065,62.662017822265625,77.09210662841797,134.8434066772461,2026-04-06
2026-04-06 08:00:00,-50.0,-33.70103759765625,-20.931655883789062,-10.29364013671875,4.935791015625,41.70285186767577,2026-04-06
2026-04-06 09:00:00,-50.0,-39.668766784667966,-27.850407409667966,-17.644927978515625,-11.284420776367188,2.7643806457519524,2026-04-06
2026-04-06 10:00:00,-50.0,-41.53506011962891,-29.61315460205078,-20.3179931640625,-14.65018310546875,-8.143104553222656,2026-04-06
2026-04-06 11:00:00,-50.0,-37.027200317382814,-28.586587524414064,-22.17742919921875,-16.887049865722656,-5.7724151611328125,2026-04-06
2026-04-06 12:00:00,-50.0,-45.396794128417966,-38.37705688476562,-29.53857421875,-23.254435729980468,-14.972268676757814,2026-04-06
2026-04-06 13:00:00,-50.0,-39.28796234130859,-31.007305908203122,-27.28717041015625,-20.246980285644533,-11.581047058105467,2026-04-06
2026-04-06 14:00:00,-50.0,-46.794194030761716,-35.008349609374996,-26.80429077148437,-21.16018371582031,-4.046171569824217,2026-04-06
2026-04-06 15:00:00,-50.0,-49.9523422241211,-36.62678680419922,-26.683349609375,-19.38831329345703,-0.7226081848144545,2026-04-06
2026-04-06 16:00:00,-50.0,5.11934051513672,19.19995880126953,29.652740478515625,42.221466064453125,63.48103637695312,2026-04-06
2026-04-06 17:00:00,69.8324966430664,139.42925872802735,159.1635513305664,178.38223266601562,202.45922393798827,257.53194732666014,2026-04-06
2026-04-06 18:00:00,225.6647491455078,266.89946060180665,287.93917617797854,310.5039978027344,346.00622787475584,418.677286529541,2026-04-06
2026-04-06 19:00:00,204.0,275.2517990112305,307.1189781188965,352.799560546875,387.4199890136719,472.1897369384766,2026-04-06
2026-04-06 20:00:00,162.92825317382812,285.41982116699216,322.8039840698242,343.7436828613281,372.2649322509765,436.5625823974609,2026-04-06
2026-04-06 21:00:00,245.8789978027344,280.56283950805664,310.4307586669922,331.77154541015625,351.9798522949219,410.17998962402345,2026-04-06
2026-04-06 22:00:00,392.5,237.06751556396483,291.9971008300781,313.6454772949219,353.9826416015625,425.3812316894531,2026-04-06
2026-04-06 23:00:00,455.0,229.3008773803711,277.20006408691404,299.88922119140625,331.7517791748047,394.76417541503906,2026-04-06
2026-04-07 00:00:00,396.5,248.96419372558594,264.90574035644534,275.5048828125,289.03298034667966,327.2732299804687,2026-04-07
2026-04-07 01:00:00,392.5,297.3516845703125,312.45717163085936,327.21453857421875,356.3892822265625,388.2032531738281,2026-04-07
2026-04-07 02:00:00,917.0,283.6839111328125,316.2821319580078,333.620361328125,346.6336303710938,385.3053405761719,2026-04-07
2026-04-07 03:00:00,677.5,215.03908081054686,276.6525421142578,290.23297119140625,313.678500366211,342.81971740722656,2026-04-07
2026-04-07 04:00:00,500.0,158.99382476806642,221.72218322753906,243.5690460205078,265.1957702636719,311.4105743408203,2026-04-07
2026-04-07 05:00:00,417.5,160.0938491821289,202.3647743225098,237.926513671875,256.228971862793,291.6970962524414,2026-04-07
2026-04-07 06:00:00,285.0,155.29741287231448,188.63905563354496,212.8503570556641,247.6978614807129,293.0034233093262,2026-04-07
2026-04-07 07:00:00,115.0,-18.435101318359376,6.043220520019528,26.04623413085937,68.00581359863281,112.6112533569336,2026-04-07
2026-04-07 08:00:00,282.5,-48.45005187988281,-32.60646209716797,-20.584869384765625,-5.089582824707032,47.49656829833985,2026-04-07
2026-04-07 09:00:00,132.5,-40.664886474609375,-30.152801513671875,-23.7220458984375,-9.146003723144531,58.68195190429685,2026-04-07
2026-04-07 10:00:00,0.0,-41.861325073242185,-25.93074645996094,-19.07464599609375,-9.26949462890625,52.07811126708984,2026-04-07
2026-04-07 11:00:00,0.0,22.283419799804687,33.65338134765625,43.001007080078125,53.75653991699219,126.48205871582032,2026-04-07
2026-04-07 12:00:00,0.0,-1.6451141357421868,9.033766174316407,19.371246337890625,25.974761962890625,84.9898468017578,2026-04-07
2026-04-07 13:00:00,0.0,-31.89374542236328,-19.82931976318359,-11.118896484375,-2.9102096557617188,29.13650207519531,2026-04-07
2026-04-07 14:00:00,0.0,-36.819827270507815,-25.609346008300783,-16.840667724609375,-7.669862365722656,8.815235137939453,2026-04-07
2026-04-07 15:00:00,-50.0,-38.32421112060547,-27.487187194824216,-19.192779541015625,-10.387672424316406,12.345766448974608,2026-04-07
2026-04-07 16:00:00,-11.5,-42.28193664550781,-25.7253662109375,-10.3729248046875,2.4528236389160156,66.40087738037109,2026-04-07
2026-04-07 17:00:00,202.5,-5.1435501098632805,10.279570007324219,25.540802001953125,45.21270141601562,110.37640380859375,2026-04-07
2026-04-07 18:00:00,129.75,46.796966552734375,76.11011962890625,99.8472900390625,144.43494567871093,181.56761779785154,2026-04-07
2026-04-07 19:00:00,-9.0,76.9026107788086,105.78053131103516,145.62490844726562,163.34163513183594,209.52265625,2026-04-07
2026-04-07 20:00:00,-55.75,-39.26722564697265,5.869453430175781,35.98162841796875,56.89573364257812,96.97416992187499,2026-04-07
2026-04-07 21:00:00,88.0,-76.94076080322266,-19.325672912597657,4.9620361328125,22.86744384765625,59.53372802734375,2026-04-07
2026-04-07 22:00:00,-33.324501037597656,-81.2825485229492,-23.48918457031248,-6.950531005859375,11.738000488281266,54.54547729492189,2026-04-07
2026-04-07 23:00:00,-51.75775146484375,-84.56434478759765,-33.68003540039062,-13.12811279296875,14.01397705078125,61.91764526367187,2026-04-07
2026-04-08 00:00:00,-53.74274826049805,-35.6571533203125,-16.379896545410155,-4.713958740234375,18.66570281982422,79.80195007324218,2026-04-08
2026-04-08 01:00:00,-52.598751068115234,-48.327849578857425,-34.07356033325195,-16.528533935546875,39.492316436767574,101.29058609008788,2026-04-08
2026-04-08 02:00:00,-51.31475067138672,-96.10330352783203,-55.333282470703125,-9.55224609375,18.10022735595703,66.8063919067383,2026-04-08
2026-04-08 03:00:00,-50.0,-85.54821166992187,-49.07819366455078,-6.88275146484375,23.286236572265622,78.9554443359375,2026-04-08
2026-04-08 04:00:00,-50.56499862670898,-89.84699249267577,-57.61041183471679,-15.340667724609377,15.181764221191413,74.98445892333984,2026-04-08
2026-04-08 05:00:00,-48.83174896240234,-54.00690002441406,-36.080929565429685,-6.73577880859375,37.34410705566406,75.79007568359374,2026-04-08
2026-04-08 06:00:00,-46.853248596191406,-39.635301208496095,-17.20727996826172,0.079345703125,59.78306732177733,112.44926300048827,2026-04-08
2026-04-08 07:00:00,-48.067501068115234,-31.271127319335932,-18.59992218017578,-10.106964111328123,16.602220916748053,90.38504333496094,2026-04-08
2026-04-08 08:00:00,-50.0,-44.000502014160155,-32.32583465576172,-24.5638427734375,-16.57945098876953,51.44358062744139,2026-04-08
2026-04-08 09:00:00,-50.0,-38.25379180908203,-31.212429809570313,-23.4908447265625,-14.898941040039062,79.09815521240235,2026-04-08
2026-04-08 10:00:00,-50.54850006103516,-33.236698913574216,-26.64991455078125,-20.00018310546875,-9.521318054199218,15.10295028686523,2026-04-08
2026-04-08 11:00:00,-41.979000091552734,26.37468719482422,36.973793029785156,41.47761535644531,45.69321136474609,59.08622283935547,2026-04-08
2026-04-08 12:00:00,-52.53350067138672,6.959700012207033,16.895208740234374,24.438751220703125,30.396133422851562,91.98881683349607,2026-04-08
2026-04-08 13:00:00,-51.747501373291016,5.7737686157226555,16.883610534667966,22.2601318359375,28.011712646484373,67.44728393554686,2026-04-08
2026-04-08 14:00:00,30.75,12.229029846191406,22.533203125,28.563140869140625,38.689019775390626,100.09776000976562,2026-04-08
2026-04-08 15:00:00,149.2657470703125,0.8402648925781264,13.239613342285157,21.165191650390625,31.94424896240234,127.16716766357422,2026-04-08
2026-04-08 16:00:00,179.72850036621094,101.80190734863281,113.83668365478516,127.46571350097656,149.15730056762695,231.84519653320314,2026-04-08
2026-04-08 17:00:00,150.9147491455078,221.7124755859375,241.80679016113282,260.9705810546875,314.8645812988281,364.19630737304686,2026-04-08
2026-04-08 18:00:00,199.0,248.93368377685547,262.2411254882812,300.1885986328125,350.87594146728514,417.1899124145508,2026-04-08
2026-04-08 19:00:00,209.0,227.2624542236328,259.0038948059082,305.01739501953125,322.9715179443359,367.5383636474609,2026-04-08
2026-04-08 20:00:00,70.5,222.6634033203125,260.4991958618164,307.69549560546875,335.86836395263674,403.3795700073242,2026-04-08
2026-04-08 21:00:00,208.9960021972656,217.72884674072264,249.7712921142578,301.60552978515625,328.806950378418,429.02782440185547,2026-04-08
2026-04-08 22:00:00,185.34649658203125,197.5256607055664,218.5307991027832,262.94879150390625,294.30989227294924,343.693913269043,2026-04-08
2026-04-08 23:00:00,257.2304992675781,155.76994628906243,190.99433441162103,234.88430786132807,256.1740447998046,313.90848083496087,2026-04-08
2026-04-09 00:00:00,282.5,146.49971160888674,182.25740814208987,192.9810943603516,214.9228424072266,255.58175048828127,2026-04-09
2026-04-09 01:00:00,280.0,88.55812072753906,130.15136108398437,149.55654907226562,168.21353149414062,198.30988159179688,2026-04-09
2026-04-09 02:00:00,247.5,144.7818916320801,180.1540069580078,211.00439453125,229.460546875,285.8731170654297,2026-04-09
2026-04-09 03:00:00,55.89125061035156,151.49942321777343,207.7620849609375,233.66807556152344,253.54842224121094,302.80458984375,2026-04-09
2026-04-09 04:00:00,198.19924926757807,173.9441970825195,219.25761413574216,241.49407958984372,266.9387725830078,310.26185607910156,2026-04-09
2026-04-09 05:00:00,197.9982452392578,90.40929260253907,137.8327163696289,170.20098876953125,192.90145263671874,244.08668212890626,2026-04-09
2026-04-09 06:00:00,57.98949813842773,69.30456085205078,108.58092880249023,136.3021240234375,174.6681900024414,202.85320281982422,2026-04-09
2026-04-09 07:00:00,0.0,-39.968815612792966,-13.843533325195311,1.8255615234375,28.335159301757812,95.85291137695312,2026-04-09
2026-04-09 08:00:00,-50.0,-52.555380249023436,-32.37358703613281,-15.483306884765623,-0.13046722412109268,65.90059204101563,2026-04-09
2026-04-09 09:00:00,-50.0,-60.78439636230468,-38.96856079101562,-20.94012451171875,6.044517517089844,77.29726867675781,2026-04-09
2026-04-09 10:00:00,-37.5,-43.396185302734374,-27.24268035888672,-6.031463623046875,17.59841156005859,60.77515258789062,2026-04-09
2026-04-09 11:00:00,19.03274917602539,-47.97966766357422,-30.64008331298828,-17.029052734375,-0.5805694580078189,52.72710418701172,2026-04-09
2026-04-09 12:00:00,273.5,-49.825775146484375,-34.591390991210936,-22.59185791015625,-0.7081703186035107,50.06349029541015,2026-04-09
2026-04-09 13:00:00,170.0,-42.51031494140625,-23.79375,-8.162841796875,5.541584014892578,86.35125732421875,2026-04-09
2026-04-09 14:00:00,140.0,-51.54300537109375,-30.60605316162109,-15.81414794921875,6.300811004638671,65.547998046875,2026-04-09
2026-04-09 15:00:00,17.5,-75.54871215820313,-46.610870361328125,-27.728759765625,0.8040802001953118,51.855459594726554,2026-04-09
2026-04-09 16:00:00,-50.0,-62.6392463684082,-43.73047103881836,-19.184539794921875,12.581455230712898,56.523412322998055,2026-04-09
2026-04-09 17:00:00,155.75,4.304695129394531,37.84537353515624,72.62191772460938,101.96150665283201,160.6176773071289,2026-04-09
2026-04-09 18:00:00,250.0,179.9067153930664,206.6483123779297,246.19732666015625,275.1921188354492,337.1477767944336,2026-04-09
2026-04-09 19:00:00,267.8659973144531,210.8566421508789,241.0885177612305,276.1914978027344,304.3135772705078,333.54433288574216,2026-04-09
2026-04-09 20:00:00,350.0,139.6893280029297,167.54664840698246,203.0650329589844,224.70915679931642,279.5627670288086,2026-04-09
2026-04-09 21:00:00,256.5385131835937,44.38155212402344,79.82370758056642,108.57595825195312,130.44158020019532,165.5412139892578,2026-04-09
2026-04-09 22:00:00,324.07000732421875,1.9086853027343835,35.198028564453125,75.67134094238281,106.47870788574218,156.80916442871091,2026-04-09
2026-04-09 23:00:00,282.5,67.14572601318359,105.43583526611329,145.48377990722656,171.92659912109374,241.034814453125,2026-04-09
2026-04-10 00:00:00,267.5,156.4382781982422,184.24837112426758,223.2662353515625,240.13209381103516,274.084049987793,2026-04-10
2026-04-10 01:00:00,230.0,135.03889617919924,181.03257751464847,203.3965759277344,227.0283325195313,269.4698455810547,2026-04-10
2026-04-10 02:00:00,156.6719970703125,23.322450256347665,82.82455444335938,106.55831909179688,128.88272094726562,180.30932006835937,2026-04-10
2026-04-10 03:00:00,200.0,-34.53152923583984,-1.5572967529296875,30.12091064453125,48.257511901855466,101.84142303466797,2026-04-10
2026-04-10 04:00:00,262.5,-48.36583099365234,-21.55644836425781,28.65399169921875,55.035946655273435,92.83591003417969,2026-04-10
2026-04-10 05:00:00,262.5,-54.159968566894534,-14.884481811523436,34.63006591796875,48.57955780029295,120.07532196044922,2026-04-10
2026-04-10 06:00:00,99.9187469482422,-49.67314453125,-17.033120727539064,15.97705078125,52.86244354248047,81.69933929443359,2026-04-10
2026-04-10 07:00:00,8.789250373840332,-35.488763427734376,-14.218669128417968,-1.8524169921875,12.589012908935546,66.94944915771482,2026-04-10
2026-04-10 08:00:00,-47.37749862670898,-55.40673675537109,-33.77173614501953,-22.046051025390625,-11.763410949707032,21.334225463867185,2026-04-10
2026-04-10 09:00:00,-50.0,-54.1591796875,-35.086795043945315,-18.76708984375,-5.580136108398438,28.029005432128905,2026-04-10
2026-04-10 10:00:00,-50.0,-43.75337524414063,-29.236480712890625,-19.925018310546875,-5.0272369384765625,54.8918441772461,2026-04-10
2026-04-10 11:00:00,-50.0,-49.191943359375,-36.39918823242188,-24.5877685546875,-9.540911865234376,10.71426773071289,2026-04-10
2026-04-10 12:00:00,-50.0,-43.2390869140625,-31.112899780273438,-21.251434326171875,-11.959248352050782,17.712599182128905,2026-04-10
2026-04-10 13:00:00,-50.0,-47.126530456542966,-33.531988525390624,-21.07666015625,-11.218820190429687,4.84792251586914,2026-04-10
2026-04-10 14:00:00,-50.0,-55.528802490234376,-37.99047088623047,-21.13531494140625,-10.389889526367188,28.290106201171866,2026-04-10
2026-04-10 15:00:00,-50.0,-59.00483856201172,-39.91318664550781,-20.111053466796875,3.9749923706054666,48.280120849609375,2026-04-10
2026-04-10 16:00:00,-50.0,-66.62004699707032,-43.170631408691406,-18.135284423828125,3.626498413085937,73.67279052734375,2026-04-10
2026-04-10 17:00:00,19.098249435424805,-66.45838165283203,-34.39564590454101,-5.020111083984375,27.579176330566405,71.46270904541015,2026-04-10
2026-04-10 18:00:00,136.75625610351562,102.54496002197266,131.66564178466797,179.4618682861328,204.68443603515624,246.1094482421875,2026-04-10
2026-04-10 19:00:00,175.25799560546875,241.43396453857423,274.47403717041016,309.2537536621094,335.35596923828126,426.4545013427734,2026-04-10
2026-04-10 20:00:00,286.49725341796875,346.68769073486334,377.3288986206055,419.2418823242188,436.70243530273444,496.44914550781255,2026-04-10
2026-04-10 21:00:00,432.0,352.0356201171876,387.0320693969727,421.5083618164063,454.29692077636724,516.377099609375,2026-04-10
2026-04-10 22:00:00,1300.0,181.14637145996096,220.80240173339843,255.35671997070312,279.01463317871094,333.8686187744141,2026-04-10
2026-04-10 23:00:00,1050.0,161.37247772216796,207.4507308959961,239.41574096679688,272.5251007080078,340.6481536865234,2026-04-10
2026-04-11 00:00:00,1050.0,152.52122497558588,174.80359497070307,231.90042114257807,291.8516784667968,390.79985961914053,2026-04-11
2026-04-11 01:00:00,487.5,57.35256347656251,98.82129211425782,155.9708709716797,210.65498962402344,307.7374725341797,2026-04-11
2026-04-11 02:00:00,450.0,20.3527847290039,83.96024169921873,122.68682861328124,161.87652587890625,289.6352172851562,2026-04-11
2026-04-11 03:00:00,317.5,63.313934326171875,130.1846923828125,165.1483154296875,225.19423828125,320.9761962890625,2026-04-11
2026-04-11 04:00:00,275.0,17.6668746948242,60.73615112304687,90.81402587890624,125.0217529296875,239.71720581054683,2026-04-11
2026-04-11 05:00:00,280.0,-17.322812652587885,27.677459716796875,60.0115966796875,98.60073547363281,240.6198181152344,2026-04-11
2026-04-11 06:00:00,77.5,-64.37002410888671,-30.2919952392578,2.93841552734375,34.59722290039063,115.34364929199218,2026-04-11
2026-04-11 07:00:00,53.78575134277344,-82.04609832763671,-51.02491455078125,-24.53021240234375,15.69685516357422,61.3158706665039,2026-04-11
2026-04-11 08:00:00,-49.05974960327149,-67.25103149414062,-47.53829498291015,-28.01156616210937,9.103372192382817,49.92100524902344,2026-04-11
2026-04-11 09:00:00,-50.0,-0.8905532836914034,16.640765380859378,30.04278564453125,67.19195556640625,184.2386978149414,2026-04-11
2026-04-11 10:00:00,-50.0,-47.481876373291016,-22.493294525146485,-5.946014404296875,12.000280761718749,66.05514144897461,2026-04-11
2026-04-11 11:00:00,-50.0,-69.8718475341797,-44.63360595703125,-30.2186279296875,-2.294613647460938,92.8665985107422,2026-04-11
2026-04-11 12:00:00,-50.0,-81.26340789794921,-51.29103393554688,-31.4090576171875,-8.521986389160158,55.52003936767578,2026-04-11
2026-04-11 13:00:00,-50.0,-66.81284637451171,-49.29469299316406,-30.945281982421875,-17.916741943359376,52.32972564697265,2026-04-11
2026-04-11 14:00:00,-50.0,-66.42350616455079,-47.54634399414063,-33.77294921875,-5.475115966796874,73.15677185058594,2026-04-11
2026-04-11 15:00:00,-50.0,-68.51647186279297,-51.9656005859375,-33.494964599609375,-11.450325012207031,56.35194091796875,2026-04-11
2026-04-11 16:00:00,-50.0,-69.75153656005858,-49.328913879394534,-33.691436767578125,-12.289291381835938,77.1093994140625,2026-04-11
2026-04-11 17:00:00,-48.42974853515625,-73.72631378173827,-51.57820816040039,-28.70050048828125,0.6422332763671932,81.9885498046875,2026-04-11
2026-04-11 18:00:00,13.344499588012695,-84.06200866699218,-49.84894866943359,-10.5703125,39.05184631347656,168.99911499023438,2026-04-11
2026-04-11 19:00:00,-45.5,-73.75256042480468,-34.07847595214844,-8.735992431640625,32.42207031250002,160.78707885742188,2026-04-11
2026-04-11 20:00:00,15.64150047302246,-81.57176513671875,-35.25135498046875,-5.246246337890625,39.52950439453125,187.91043090820312,2026-04-11
2026-04-11 21:00:00,133.8767547607422,-85.51264190673828,-36.31007385253906,15.0621337890625,49.62536926269531,115.95331115722657,2026-04-11
2026-04-11 22:00:00,191.604248046875,-83.08911590576172,-23.649917602539062,12.20245361328125,53.57183837890625,154.91760253906247,2026-04-11
2026-04-11 23:00:00,213.71499633789065,-74.89732818603515,-23.824868774414064,8.286529541015625,61.17908020019531,145.84087829589842,2026-04-11
2026-04-12 00:00:00,340.0,100.59077453613281,119.4270492553711,143.40586853027344,169.07646789550782,195.10442504882815,2026-04-12
2026-04-12 01:00:00,285.0,45.48591613769533,68.90276870727541,101.79949951171876,115.3634719848633,141.67834625244143,2026-04-12
2026-04-12 02:00:00,-27.868000030517575,-58.435829162597656,-20.164598083496102,6.329193115234375,27.434721374511692,70.87134857177733,2026-04-12
2026-04-12 03:00:00,-39.30950164794922,-71.45967407226563,-49.101200866699216,-3.93109130859375,19.482037353515626,68.56991271972656,2026-04-12
2026-04-12 04:00:00,37.119998931884766,-60.320213317871094,-34.95104217529297,3.362152099609375,28.594374084472655,55.535404968261716,2026-04-12
2026-04-12 05:00:00,95.385498046875,8.870719909667969,27.059515380859377,46.46870422363281,89.95507659912109,123.84672698974607,2026-04-12
2026-04-12 06:00:00,138.0332489013672,25.296353149414063,37.11502380371094,51.919769287109375,70.8395492553711,119.53364715576171,2026-04-12
2026-04-12 07:00:00,8.397000312805176,4.495263671875001,25.20664825439453,34.96807861328125,44.919306945800784,98.78154754638672,2026-04-12
2026-04-12 08:00:00,-49.385501861572266,-37.643769836425776,-27.967465209960935,-17.10113525390625,-10.493028259277345,41.14679718017578,2026-04-12
2026-04-12 09:00:00,37.5,-42.20590362548828,-28.17892150878906,-22.61166381835937,-16.710009765624996,-2.878126525878905,2026-04-12
2026-04-12 10:00:00,117.2125015258789,-37.3054916381836,-25.392626953125,-19.18048095703125,-10.069107055664062,47.89442138671875,2026-04-12
2026-04-12 11:00:00,25.0,-36.2822982788086,-26.15840606689453,-16.580841064453125,-9.9747802734375,48.288748168945304,2026-04-12
2026-04-12 12:00:00,21.294750213623047,-43.646237182617185,-28.468771362304686,-19.36962890625,-8.463212585449218,43.255018615722655,2026-04-12
2026-04-12 13:00:00,0.0,-43.16704406738281,-30.91856994628906,-21.370819091796875,-14.660269165039063,38.83612213134764,2026-04-12
2026-04-12 14:00:00,60.0,-43.42258148193359,-29.515213012695312,-21.750762939453125,-15.73133544921875,40.618745422363276,2026-04-12
2026-04-12 15:00:00,231.57974243164065,-50.373497009277344,-34.909489440917966,-24.8223876953125,-11.164582824707031,84.77358703613281,2026-04-12
2026-04-12 16:00:00,227.5,3.9719085693359375,19.69744110107422,32.19061279296875,45.89577789306641,106.5341064453125,2026-04-12
2026-04-12 17:00:00,280.0,270.78940734863284,293.1361343383789,305.515625,318.6352897644043,379.5807388305664,2026-04-12
2026-04-12 18:00:00,282.5,478.199454498291,494.8627250671387,510.3851318359375,545.3437629699707,598.0665794372559,2026-04-12
2026-04-12 19:00:00,215.7387542724609,370.17359466552733,389.942366027832,409.6816711425781,444.9518218994141,516.1916870117187,2026-04-12
2026-04-12 20:00:00,29.75,291.4810592651367,314.0667388916016,349.75323486328125,381.66212768554686,445.73682861328126,2026-04-12
2026-04-12 21:00:00,88.75,350.2717987060547,371.22925872802733,414.95123291015625,438.49635772705074,509.1517044067383,2026-04-12
2026-04-12 22:00:00,71.5,275.9090179443359,330.7843170166015,343.8515014648437,368.7459442138671,440.3858856201171,2026-04-12
2026-04-12 23:00:00,153.65725708007812,174.4698699951172,224.64443969726562,237.4601287841797,257.95855712890625,311.30316772460935,2026-04-12
2026-04-13 00:00:00,185.60874938964844,80.98319549560547,126.57041931152344,152.2320098876953,168.96479187011718,262.3778045654297,2026-04-13
2026-04-13 01:00:00,113.09925079345705,44.4863784790039,79.99328002929687,116.71475219726562,131.9534942626953,156.17252502441406,2026-04-13
2026-04-13 02:00:00,172.5,121.66402282714844,172.83558349609373,194.78692626953125,224.5759246826172,295.4455047607422,2026-04-13
2026-04-13 03:00:00,150.0,129.4538513183594,168.19166946411133,203.80821228027344,231.04541625976563,275.15301513671875,2026-04-13
2026-04-13 04:00:00,208.989501953125,67.58301544189453,115.62294158935546,151.07968139648438,183.87615509033202,237.59457550048828,2026-04-13
2026-04-13 05:00:00,150.10174560546875,41.47041549682618,68.17809677124023,99.15408325195312,143.56433486938477,185.23369216918945,2026-04-13
2026-04-13 06:00:00,128.50050354003906,100.34913864135743,118.9697654724121,134.1719207763672,158.44377975463868,204.20705947875976,2026-04-13
2026-04-13 07:00:00,18.436250686645508,-20.02817230224609,-8.774363708496093,10.121337890625,32.76875381469726,98.03224639892578,2026-04-13
2026-04-13 08:00:00,85.34124755859375,-42.086856079101565,-28.518475341796872,-20.089141845703125,1.8950225830078118,68.65687866210935,2026-04-13
2026-04-13 09:00:00,-45.47299957275391,-43.48923645019531,-28.363204956054688,-21.269561767578125,-8.019912719726562,68.16729278564453,2026-04-13
2026-04-13 10:00:00,-14.018250465393066,-41.85265502929687,-29.56512451171875,-17.92071533203125,-6.7491302490234375,57.69014282226563,2026-04-13
2026-04-13 11:00:00,8.366000175476074,-26.76169738769531,-18.56362609863281,-9.90289306640625,1.625761413574219,78.47403259277344,2026-04-13
2026-04-13 12:00:00,210.0,-30.78807373046875,-16.751766967773435,-7.317047119140625,1.6999038696289066,75.37687530517577,2026-04-13
2026-04-13 13:00:00,217.5,-29.344921875,-17.262881469726562,-6.41949462890625,8.211055755615236,70.29466552734375,2026-04-13
2026-04-13 14:00:00,182.5,-39.54946594238281,-26.605653381347658,-13.16632080078125,-3.627615356445313,50.373954772949205,2026-04-13
2026-04-13 15:00:00,245.0,-50.99423675537109,-34.217500305175776,-16.62213134765625,2.8629661560058572,73.11656799316405,2026-04-13
2026-04-13 16:00:00,282.5,-20.588279724121094,-2.7795150756835927,9.953369140625,61.78103790283203,163.8756118774414,2026-04-13
2026-04-13 17:00:00,300.0,224.88080520629882,251.34433822631837,272.484375,304.62890396118166,387.22158737182616,2026-04-13
2026-04-13 18:00:00,287.5,299.32959899902346,329.728173828125,351.1282958984375,391.40052185058596,450.64054718017576,2026-04-13
2026-04-13 19:00:00,285.0,284.07043914794923,313.6787994384766,339.02020263671875,374.1413055419922,425.9538635253906,2026-04-13
2026-04-13 20:00:00,280.0,234.2873207092285,255.4640998840332,277.3106994628906,318.3158622741699,345.5309608459473,2026-04-13
2026-04-13 21:00:00,280.0,272.1047882080078,291.24950408935547,301.3786926269531,345.0192077636719,402.5386642456055,2026-04-13
2026-04-13 22:00:00,285.0,219.49791107177728,254.64367828369134,273.0619506835937,305.0360198974609,338.3886672973632,2026-04-13
2026-04-13 23:00:00,280.0,220.13760681152343,258.1413093566895,285.1062927246094,316.2048614501953,384.81846313476564,2026-04-13
2026-04-14 00:00:00,452.5,277.8687026977539,314.3592697143555,326.05633544921875,338.9552459716797,385.13447265625,2026-04-14
2026-04-14 01:00:00,447.5,274.4093925476074,303.65653839111326,314.8072814941406,337.5678680419922,379.5257080078125,2026-04-14
2026-04-14 02:00:00,500.0,190.90755844116208,234.44235076904295,248.55519104003903,272.78009948730465,315.3079010009765,2026-04-14
2026-04-14 03:00:00,397.5,168.23137512207035,213.90999603271487,234.42593383789065,259.12439880371096,315.66284484863286,2026-04-14
2026-04-14 04:00:00,603.4404907226562,168.9497589111328,205.92878265380855,231.58937072753903,250.38958740234372,284.6349243164062,2026-04-14
2026-04-14 05:00:00,912.75,145.14906158447263,176.52911834716795,209.0864105224609,227.99958496093748,268.94750671386714,2026-04-14
2026-04-14 06:00:00,447.5,61.774128723144536,84.66202850341797,123.05032348632812,139.8577850341797,180.69165496826173,2026-04-14
2026-04-14 07:00:00,417.5,-37.689404296875,-17.00151214599609,0.041839599609375,37.10370025634766,81.52099456787109,2026-04-14
2026-04-14 08:00:00,604.0,-46.574554443359375,-33.77651672363281,-18.0396728515625,4.2606506347656214,54.77335205078124,2026-04-14
2026-04-14 09:00:00,218.25,-41.01332244873046,-25.961146545410156,-15.434326171875,-4.8970184326171875,52.44050903320313,2026-04-14
2026-04-14 10:00:00,115.0,-39.81438446044922,-25.544828796386717,-12.1798095703125,2.4093978881835927,59.79606628417969,2026-04-14
2026-04-14 11:00:00,-50.0,-29.121551513671875,-16.348507690429685,-5.17291259765625,8.935537719726563,72.06790924072266,2026-04-14
2026-04-14 12:00:00,-50.0,-39.06446990966797,-23.573252868652347,-13.384490966796877,3.1195053100585906,50.567579650878905,2026-04-14
2026-04-14 13:00:00,-50.0,-34.862246704101565,-23.11314239501953,-7.98358154296875,6.298290252685547,81.60173950195312,2026-04-14
2026-04-14 14:00:00,-50.0,-26.272354125976562,-14.13067626953125,-5.90228271484375,15.454230499267577,86.19483337402343,2026-04-14
2026-04-14 15:00:00,-50.0,-39.595034790039065,-24.495407104492188,-12.590576171875,10.54344024658203,95.37234497070312,2026-04-14
2026-04-14 16:00:00,-25.5,-45.87461166381836,-26.263288116455072,-10.002471923828123,19.653255462646484,85.6535758972168,2026-04-14
2026-04-14 17:00:00,149.0072479248047,-8.874143981933578,16.65949249267579,56.23648071289063,80.41098022460938,147.4905517578125,2026-04-14
2026-04-14 18:00:00,224.6957550048828,196.640771484375,217.55845642089844,259.05780029296875,293.332063293457,363.57205352783205,2026-04-14
2026-04-14 19:00:00,289.6762390136719,262.3439651489258,290.8546058654785,309.2613220214844,343.7910903930664,403.36719207763673,2026-04-14
2026-04-14 20:00:00,241.6374969482422,345.2368637084961,375.47324142456057,415.4737548828125,445.26613159179686,509.14794921875,2026-04-14
2026-04-14 21:00:00,240.38525390625,405.15917816162107,438.53925704956055,469.9250793457031,497.36021575927737,591.547151184082,2026-04-14
2026-04-14 22:00:00,260.0,244.4737091064453,281.13541107177736,319.68359375,346.5082611083984,417.3408538818359,2026-04-14
2026-04-14 23:00:00,255.0,191.18827362060546,215.27358703613282,259.66363525390625,282.2283767700195,355.00626373291016,2026-04-14
2026-04-15 00:00:00,225.0,162.35946350097652,186.3576278686523,200.31838989257807,212.03790893554682,238.21645202636714,2026-04-15
2026-04-15 01:00:00,215.0,175.5644409179688,202.37608947753907,221.37466430664065,231.07634277343752,278.3362670898438,2026-04-15
2026-04-15 02:00:00,197.5,178.74332275390626,210.75930480957032,228.73922729492188,244.28762817382812,280.0766265869141,2026-04-15
2026-04-15 03:00:00,115.01074981689452,183.4793716430664,221.0354522705078,236.04122924804688,253.39953613281253,289.0185577392578,2026-04-15
2026-04-15 04:00:00,132.5,189.02975463867185,212.37470397949215,225.14877319335935,242.44713134765624,292.3557495117187,2026-04-15
2026-04-15 05:00:00,13.166749954223633,-31.399829101562496,3.4132263183593583,19.3701171875,40.91844482421875,89.4993194580078,2026-04-15
2026-04-15 06:00:00,-49.51499938964844,-49.97132110595703,-13.178437805175792,14.785919189453123,37.46571960449218,75.4721893310547,2026-04-15
2026-04-15 07:00:00,-52.01224899291992,-70.47659149169921,-44.46119995117187,-1.417205810546875,16.19078826904297,75.33593292236328,2026-04-15
2026-04-15 08:00:00,-49.76974868774414,-51.757782745361325,-25.63154830932617,-12.907867431640623,21.653942108154297,69.60071792602538,2026-04-15
2026-04-15 09:00:00,-50.0,-40.23945693969726,-19.263361358642577,-3.6734619140625,15.381008148193363,78.44883499145507,2026-04-15
2026-04-15 10:00:00,-50.0,-43.34221496582031,-21.750010681152343,-10.2625732421875,0.22766723632812536,50.29977111816405,2026-04-15
2026-04-15 11:00:00,-50.0,-19.225444030761718,-2.7006973266601566,6.061553955078125,16.34004669189453,56.744818115234374,2026-04-15
2026-04-15 12:00:00,-50.0,-13.08318786621094,0.9547119140624982,14.985992431640623,23.902148437499996,88.08554992675779,2026-04-15
2026-04-15 13:00:00,-50.0,-44.54521026611329,-24.625148010253906,-11.73663330078125,8.96735153198242,73.15379486083984,2026-04-15
2026-04-15 14:00:00,-50.0,-41.25268783569336,-26.983750152587888,-11.60040283203125,22.26458053588867,75.74437789916992,2026-04-15
2026-04-15 15:00:00,-50.80974960327149,-62.374211120605466,-42.90323791503906,-26.28045654296875,0.21662139892578125,63.46222534179687,2026-04-15
2026-04-15 16:00:00,-53.73550033569336,-67.08165283203124,-44.92669219970703,-22.13995361328125,18.38288421630859,89.39692077636718,2026-04-15
2026-04-15 17:00:00,-51.780250549316406,-88.4840591430664,-54.59093704223633,-10.8564453125,14.470794677734375,94.87976684570312,2026-04-15
2026-04-15 18:00:00,-32.40224838256836,-89.58805999755859,-53.860321807861325,-6.28790283203125,24.538058471679687,100.82643432617188,2026-04-15
2026-04-15 19:00:00,-30.43824958801269,-35.14478912353515,21.683604431152336,40.10374450683594,58.53127746582031,94.53534240722655,2026-04-15
2026-04-15 20:00:00,11.18274974822998,-46.193484497070315,-5.360493469238278,36.92387390136719,77.34441528320312,173.06517944335937,2026-04-15
2026-04-15 21:00:00,-22.902999877929688,-23.231950378417963,14.676104736328128,48.03131103515625,65.50560607910157,125.98446350097656,2026-04-15
2026-04-15 22:00:00,110.2614974975586,-71.82214202880859,-29.56192169189453,-2.009552001953125,22.442965698242205,115.51443176269531,2026-04-15
2026-04-15 23:00:00,302.1397399902344,-3.9344543457031165,45.58162231445313,62.66978454589844,82.12686462402344,127.93734436035156,2026-04-15
2026-04-16 00:00:00,360.0,136.70388793945312,168.16713409423826,178.79177856445312,198.4040496826172,266.49908752441405,2026-04-16
2026-04-16 01:00:00,295.0,186.5861785888672,221.83714447021484,237.50791931152344,257.7455871582031,285.2352752685547,2026-04-16
2026-04-16 02:00:00,437.5,260.15685272216797,288.92137603759767,303.3942565917969,318.8701934814453,355.02061462402344,2026-04-16
2026-04-16 03:00:00,559.5,226.77323074340822,265.75244598388673,287.460693359375,301.2752960205078,361.6369567871094,2026-04-16
2026-04-16 04:00:00,335.0,215.3473388671875,240.44051284790038,274.4435119628906,292.86717224121094,360.088069152832,2026-04-16
2026-04-16 05:00:00,332.5,263.1554672241211,280.0223190307617,312.0765380859375,330.97142028808594,359.0230682373047,2026-04-16
2026-04-16 06:00:00,300.0,331.39745025634767,344.54094848632815,356.2208251953125,388.04974670410155,433.32003326416014,2026-04-16
2026-04-16 07:00:00,255.833251953125,225.2299530029297,237.60500793457035,247.1086578369141,260.9438896179199,342.40748291015626,2026-04-16
2026-04-16 08:00:00,310.0,49.45106811523438,57.7617904663086,63.51432800292969,70.99214935302734,131.38760681152343,2026-04-16
2026-04-16 09:00:00,265.0,8.605671691894528,22.112547302246092,28.72763061523437,35.39578704833984,96.06777038574218,2026-04-16
2026-04-16 10:00:00,265.0,29.560067749023446,36.619708251953135,41.87838745117188,49.03953704833985,116.65015563964843,2026-04-16
2026-04-16 11:00:00,277.5,18.80057830810547,25.859999084472655,30.59527587890625,34.67097930908203,46.02907104492188,2026-04-16
2026-04-16 12:00:00,165.0,-7.370774841308593,-1.000357055664061,6.760650634765625,12.217427062988282,76.95797271728516,2026-04-16
2026-04-16 13:00:00,40.0,-7.6876983642578125,-0.6128601074218745,3.669189453125,7.065814208984374,85.61988677978515,2026-04-16
2026-04-16 14:00:00,-50.0,-26.180262756347656,-18.41302032470703,-12.787109375,-8.618832397460938,3.565815734863282,2026-04-16
2026-04-16 15:00:00,-50.0,-34.03430328369141,-27.0693603515625,-23.07403564453125,-16.317063903808595,43.203163146972656,2026-04-16
2026-04-16 16:00:00,-50.0,-32.39085845947265,-22.97969970703125,-16.518310546875,-5.884162902832031,42.205924987792976,2026-04-16
2026-04-16 17:00:00,-49.33324813842773,6.600076293945314,18.387042236328124,25.23388671875,41.813933563232425,98.94689331054687,2026-04-16
2026-04-16 18:00:00,-44.22124862670898,45.61300354003906,56.0044448852539,67.68327331542969,110.41813049316406,144.23513793945312,2026-04-16
2026-04-16 19:00:00,-49.75,73.28239288330077,96.99033737182617,137.58599853515625,155.67772521972654,198.47729644775393,2026-04-16
2026-04-16 20:00:00,5.803999900817871,-15.35321044921875,38.37615966796875,51.90037536621094,66.718359375,108.36802368164064,2026-04-16
2026-04-16 21:00:00,-51.760250091552734,-19.318513488769533,-2.8654800415039077,34.25213623046875,53.9119873046875,97.99674377441406,2026-04-16
2026-04-16 22:00:00,-51.16875076293945,1.8534179687500014,40.17701263427735,56.39453125,78.16453094482422,128.68831939697264,2026-04-16
2026-04-16 23:00:00,73.0,18.10491180419922,65.26275482177735,85.22567749023438,103.22246398925782,158.6911163330078,2026-04-16
2026-04-17 00:00:00,116.19100189208984,-45.87159118652343,-24.262683105468746,17.45086669921875,33.701225280761705,82.7114273071289,2026-04-17
2026-04-17 01:00:00,239.75,-68.26449584960938,-42.769902038574216,-3.331451416015625,22.397966003417967,68.67957611083986,2026-04-17
2026-04-17 02:00:00,397.5,-49.3648178100586,-14.94349136352539,19.12811279296875,39.788667297363276,107.45828704833984,2026-04-17
2026-04-17 03:00:00,-37.5,-73.68782653808593,-40.34874496459961,7.190032958984375,25.30308685302734,77.53191680908203,2026-04-17
2026-04-17 04:00:00,-50.0,-84.44507293701172,-43.54359588623048,0.157440185546875,17.20593261718749,59.05370788574219,2026-04-17
2026-04-17 05:00:00,17.5,-56.09593276977539,-34.3331932067871,0.23931884765625,40.13060531616211,87.62320175170898,2026-04-17
2026-04-17 06:00:00,20.795499801635746,-31.91420135498047,-6.40144805908203,8.92242431640625,67.62665100097655,125.45960693359375,2026-04-17
2026-04-17 07:00:00,45.0,-48.05067901611328,-26.324327087402345,8.614837646484375,48.046705627441405,113.89315795898439,2026-04-17
2026-04-17 08:00:00,-50.0,-41.2329833984375,-26.837432861328125,-17.497772216796875,8.270877838134766,63.87534179687499,2026-04-17
2026-04-17 09:00:00,-50.0,-58.8416244506836,-38.456336975097656,-25.15228271484375,-6.069058227539063,59.91519470214844,2026-04-17
2026-04-17 10:00:00,-50.0,-41.717866516113276,-28.43803253173828,-20.17950439453125,-4.870905303955077,73.80461883544922,2026-04-17
2026-04-17 11:00:00,-50.0,-36.541403198242186,-26.85075225830078,-15.450592041015623,-5.396170043945311,64.6255401611328,2026-04-17
2026-04-17 12:00:00,-50.0,-44.68601989746094,-36.32698059082031,-24.889068603515625,-20.196409606933592,-3.95503921508789,2026-04-17
2026-04-17 13:00:00,-50.0,-52.003797912597655,-44.135554504394534,-35.68707275390625,-29.171173095703125,-6.661891937255859,2026-04-17
2026-04-17 14:00:00,-50.0,-55.94688110351562,-43.86084899902344,-38.02471923828125,-31.223687744140626,33.101661682128906,2026-04-17
2026-04-17 15:00:00,-50.0,-46.288201904296876,-38.40037536621094,-33.0311279296875,-25.411148071289062,31.31148834228516,2026-04-17
2026-04-17 16:00:00,-49.16450119018555,-49.223696899414065,-37.40123596191407,-29.394683837890625,-17.379005432128906,73.38609619140625,2026-04-17
2026-04-17 17:00:00,289.3160095214844,142.43473052978516,149.6495574951172,159.37310791015625,170.94394073486328,236.0868148803711,2026-04-17
2026-04-17 18:00:00,182.5,196.6966888427734,207.5497116088867,217.5814514160156,231.36975097656247,287.7718521118164,2026-04-17
2026-04-17 19:00:00,158.87750244140625,207.38947448730468,221.32586059570312,228.79229736328125,238.48719177246093,312.93565521240237,2026-04-17
2026-04-17 20:00:00,16.036500930786133,201.69642639160153,217.9726669311523,225.76596069335935,239.13829727172848,301.84790344238274,2026-04-17
2026-04-17 21:00:00,-8.5,108.68119659423829,122.17587280273438,132.8013458251953,143.2688835144043,200.4695281982422,2026-04-17
2026-04-17 22:00:00,-50.30149841308594,37.255906677246095,52.202806091308595,62.1767578125,80.19268798828125,141.03430938720703,2026-04-17
2026-04-17 23:00:00,-52.20600128173828,22.431199645996102,42.07106018066406,57.01722717285156,103.33484497070313,154.10519409179688,2026-04-17
