ts,actual,p10,p30,p50,p70,p90,date
2026-01-27 00:00:00,485.0,853.216973876953,909.5923522949217,935.0958251953124,965.7966186523437,1018.9253967285155,2026-01-27
2026-01-27 01:00:00,382.5,795.591944885254,874.8921630859375,934.9097290039062,987.7414855957031,1045.339044189453,2026-01-27
2026-01-27 02:00:00,392.5,757.9348419189453,841.3539794921875,893.86474609375,937.3092651367188,1007.3765991210937,2026-01-27
2026-01-27 03:00:00,375.0,627.4045227050781,725.6074432373047,783.7274169921875,841.96943359375,907.8961547851562,2026-01-27
2026-01-27 04:00:00,350.0,679.7991928100586,759.0727294921875,808.1514282226562,849.7397338867187,972.6105834960938,2026-01-27
2026-01-27 05:00:00,360.0,769.5571228027344,857.4666595458984,908.0324096679688,950.4232757568359,1017.1055389404297,2026-01-27
2026-01-27 06:00:00,397.5,825.5977577209472,897.309716796875,963.28369140625,1022.6058715820312,1095.9775695800781,2026-01-27
2026-01-27 07:00:00,395.0,731.3750854492188,797.0749603271485,854.62353515625,928.4909454345703,1035.3566864013671,2026-01-27
2026-01-27 08:00:00,392.5,544.9352729797363,607.7838623046875,658.6528930664062,730.254638671875,792.0221832275391,2026-01-27
2026-01-27 09:00:00,315.03125,367.5117347717286,435.8189804077149,490.8717651367188,548.2750122070313,646.9936614990235,2026-01-27
2026-01-27 10:00:00,299.7330017089844,307.60743408203126,376.5743637084961,424.1376953125,490.3316589355469,573.40859375,2026-01-27
2026-01-27 11:00:00,552.5872802734375,422.83988723754885,477.5777328491211,551.8389892578125,605.6556762695312,747.4303283691406,2026-01-27
2026-01-27 12:00:00,324.2122497558594,306.69858627319337,372.62713928222655,440.65277099609375,505.02207336425784,612.1372192382812,2026-01-27
2026-01-27 13:00:00,281.8592529296875,205.4536590576172,270.38356704711913,339.3945617675781,393.1439575195312,518.1860076904296,2026-01-27
2026-01-27 14:00:00,268.1832580566406,333.7885162353516,421.2062606811524,480.3189086914063,534.489665222168,667.8621597290039,2026-01-27
2026-01-27 15:00:00,270.23223876953125,373.48147811889646,445.9529205322266,514.866455078125,572.8964294433594,671.8923400878906,2026-01-27
2026-01-27 16:00:00,725.718994140625,586.3560600280762,651.2278945922851,727.9775390625,811.611538696289,965.5180145263672,2026-01-27
2026-01-27 17:00:00,736.25,687.7992164611817,752.7220108032227,827.0770263671875,896.5958618164062,1060.0446655273438,2026-01-27
2026-01-27 18:00:00,452.5,559.5918624877929,644.9298263549805,709.3302001953125,784.3597839355468,950.0668395996094,2026-01-27
2026-01-27 19:00:00,720.083251953125,530.8362144470215,617.3275451660156,717.815185546875,785.5348236083985,917.4293670654297,2026-01-27
2026-01-27 20:00:00,337.5,647.736922454834,708.7903625488282,784.9521484375,873.595458984375,990.5186584472656,2026-01-27
2026-01-27 21:00:00,887.5,714.828273010254,821.4415008544922,873.45458984375,946.7649780273438,1155.2696380615234,2026-01-27
2026-01-27 22:00:00,773.5,605.2601821899414,678.8632125854492,732.9008178710938,809.4511199951172,965.3645843505859,2026-01-27
2026-01-27 23:00:00,846.0,583.2192169189453,637.6293701171875,710.49072265625,779.4778076171875,939.9913879394531,2026-01-27
2026-01-28 00:00:00,808.0,443.993701171875,486.37489013671876,522.0842895507812,568.4108825683594,628.8619750976562,2026-01-28
2026-01-28 01:00:00,649.0,566.7014770507812,644.4412536621094,698.4005126953125,732.9620727539062,807.9334655761719,2026-01-28
2026-01-28 02:00:00,763.75,636.125505065918,712.2290679931641,766.5768432617188,817.0378112792969,906.6111083984375,2026-01-28
2026-01-28 03:00:00,924.5,435.64599761962893,493.2026794433594,541.4130859375,589.8737731933594,678.6963134765625,2026-01-28
2026-01-28 04:00:00,1030.0,275.339045715332,334.76109466552737,385.64404296875,432.8862670898437,521.1056213378906,2026-01-28
2026-01-28 05:00:00,1055.0,267.5926010131836,333.4396514892578,374.2353515625,423.5394226074219,497.5724975585938,2026-01-28
2026-01-28 06:00:00,1091.75,262.88395233154296,337.0457565307617,383.2306213378906,455.49840087890624,538.3342407226562,2026-01-28
2026-01-28 07:00:00,971.0,267.1949752807617,325.79842071533204,378.396484375,433.6941345214844,517.1946838378906,2026-01-28
2026-01-28 08:00:00,808.75,296.9284423828126,339.0776580810548,384.2747192382813,440.39112243652346,560.7083435058595,2026-01-28
2026-01-28 09:00:00,662.875,261.77812881469725,302.3266937255859,358.4783020019531,405.35960998535154,508.5534698486328,2026-01-28
2026-01-28 10:00:00,396.9392395019531,199.01387634277344,277.9000183105469,316.6246643066406,391.70274047851564,504.6443908691406,2026-01-28
2026-01-28 11:00:00,677.5,246.65009384155275,319.25120544433594,378.7333679199219,422.34308166503905,534.1599212646483,2026-01-28
2026-01-28 12:00:00,872.0,246.4979248046875,298.2081390380859,341.42303466796875,372.2294860839844,521.7579284667969,2026-01-28
2026-01-28 13:00:00,462.5,221.2357376098633,280.6679977416992,319.36114501953125,354.8268218994141,423.4684997558594,2026-01-28
2026-01-28 14:00:00,292.5,221.99091033935545,277.8677352905273,335.9988708496094,367.8009765625,492.8166870117188,2026-01-28
2026-01-28 15:00:00,378.75,221.3285194396973,267.99671173095703,309.1202697753906,346.2507751464844,463.87200927734375,2026-01-28
2026-01-28 16:00:00,887.3295288085938,407.22553329467775,457.55371856689453,497.94049072265625,534.7129745483398,644.7660995483399,2026-01-28
2026-01-28 17:00:00,579.25,578.0592422485352,642.7298812866211,682.982177734375,737.378125,825.3104980468751,2026-01-28
2026-01-28 18:00:00,362.5,283.1090682983398,353.7505249023437,388.684814453125,451.9134124755859,577.2004028320313,2026-01-28
2026-01-28 19:00:00,497.5,297.27388763427734,347.0318008422852,395.61669921875,463.01592407226565,553.1228515625,2026-01-28
2026-01-28 20:00:00,808.75,321.3779853820801,370.7918319702149,405.6095581054688,452.03794250488284,540.8668487548829,2026-01-28
2026-01-28 21:00:00,925.5,273.6648071289063,354.0708557128907,401.2389526367188,456.5232513427735,581.3253173828125,2026-01-28
2026-01-28 22:00:00,1068.0,301.66992340087893,339.81647338867185,394.5179443359375,470.16737670898436,534.5194396972656,2026-01-28
2026-01-28 23:00:00,1034.25,247.74059906005866,331.08707275390634,373.6506958007813,413.59077148437507,517.7725524902344,2026-01-28
2026-01-29 00:00:00,1021.75,516.3741577148437,568.1913330078125,603.23388671875,636.9740661621094,682.6120666503906,2026-01-29
2026-01-29 01:00:00,1019.25,571.3215087890625,630.147998046875,659.994384765625,714.3046264648438,807.4667053222656,2026-01-29
2026-01-29 02:00:00,1045.25,579.8466918945312,664.1952819824219,701.946533203125,755.1193603515625,838.3342956542969,2026-01-29
2026-01-29 03:00:00,874.5,573.6301116943359,655.7849426269531,702.2938842773438,765.4866577148438,832.4675231933594,2026-01-29
2026-01-29 04:00:00,905.25,535.1488586425781,627.3204742431641,671.6741943359375,726.627099609375,820.1251647949218,2026-01-29
2026-01-29 05:00:00,558.7935180664062,504.84058990478513,591.1047912597656,631.0985717773438,677.0337646484375,809.5056457519531,2026-01-29
2026-01-29 06:00:00,764.0,528.022135925293,590.7038482666015,637.3768310546875,697.463247680664,797.9599456787109,2026-01-29
2026-01-29 07:00:00,470.0,428.73945159912114,505.4977264404297,583.6046142578125,664.5041748046875,766.1921630859375,2026-01-29
2026-01-29 08:00:00,345.0,309.4563278198243,363.4745147705079,405.5183715820313,453.2359497070313,556.866390991211,2026-01-29
2026-01-29 09:00:00,474.5032348632813,333.7813049316407,410.3054061889649,458.7688598632813,526.1064331054688,679.5736572265625,2026-01-29
2026-01-29 10:00:00,672.2529907226562,438.0824493408203,507.21192474365233,557.8803100585938,594.6171295166016,741.9223327636719,2026-01-29
2026-01-29 11:00:00,943.1799926757812,573.3814422607422,659.9044799804688,707.6030883789062,746.2529449462891,894.4109741210938,2026-01-29
2026-01-29 12:00:00,855.0,558.2879196166992,602.8787826538086,670.355712890625,744.3327331542969,888.5187194824218,2026-01-29
2026-01-29 13:00:00,692.5,466.4760787963867,513.8286285400391,567.59765625,604.1129699707031,711.1323913574219,2026-01-29
2026-01-29 14:00:00,372.5,443.8976402282715,498.5449844360352,535.2626953125,620.4050659179687,738.3613891601562,2026-01-29
2026-01-29 15:00:00,564.4657592773438,456.04680786132815,529.4796981811523,615.422119140625,691.2139739990234,820.1065368652344,2026-01-29
2026-01-29 16:00:00,915.75,521.8833541870117,592.4492095947265,657.140869140625,699.8679779052734,841.8589874267578,2026-01-29
2026-01-29 17:00:00,633.75,300.67395477294923,356.52762298583986,416.9317932128906,473.3828369140625,677.9661682128906,2026-01-29
2026-01-29 18:00:00,437.5,274.06337890625,356.29575500488284,425.17724609375,489.7520751953125,617.1556213378906,2026-01-29
2026-01-29 19:00:00,395.0,275.6709503173829,355.77106933593757,415.0725708007813,498.0430358886719,669.2493041992188,2026-01-29
2026-01-29 20:00:00,836.5,280.1771820068359,350.9719451904297,389.36767578125,430.03594970703125,550.77509765625,2026-01-29
2026-01-29 21:00:00,1248.5,248.43302154541016,315.6476226806641,397.9452819824219,473.3934814453125,601.3454406738281,2026-01-29
2026-01-29 22:00:00,1184.5,280.181169128418,346.6296325683594,401.735107421875,462.36733093261716,612.4072082519531,2026-01-29
2026-01-29 23:00:00,814.5,245.80990753173836,322.5223175048829,399.9500122070313,454.4703521728516,610.1377868652344,2026-01-29
2026-01-30 00:00:00,954.5,404.18577575683594,486.59398498535154,515.7379150390625,561.427163696289,619.486703491211,2026-01-30
2026-01-30 01:00:00,805.0,360.59621734619145,436.47633056640626,497.3165588378906,540.541943359375,596.5610412597656,2026-01-30
2026-01-30 02:00:00,445.0,394.75546875,485.5880950927734,534.529541015625,579.7989349365234,650.8964447021484,2026-01-30
2026-01-30 03:00:00,458.082763671875,453.83618621826173,530.3117309570313,576.261962890625,636.3803161621094,696.5128540039062,2026-01-30
2026-01-30 04:00:00,527.75,446.0737533569336,526.249057006836,573.8858642578125,617.9333557128906,687.9332275390625,2026-01-30
2026-01-30 05:00:00,393.75,390.8096038818359,454.44566650390624,507.74359130859375,554.6549560546875,621.0473327636719,2026-01-30
2026-01-30 06:00:00,350.0,386.1416870117188,481.0030090332031,515.571533203125,583.8861328125,682.84384765625,2026-01-30
2026-01-30 07:00:00,350.0,332.24889984130857,407.38776245117185,463.0565185546875,511.0833374023438,644.46845703125,2026-01-30
2026-01-30 08:00:00,487.5,274.76207580566404,355.70561065673826,411.397705078125,465.32460021972656,569.0749267578125,2026-01-30
2026-01-30 09:00:00,410.1545104980469,268.42948760986326,329.9371276855469,389.6075134277344,438.2960723876953,537.1473175048828,2026-01-30
2026-01-30 10:00:00,416.8030090332031,242.5184928894043,307.5660858154297,376.6450500488281,424.69585876464845,518.4228637695312,2026-01-30
2026-01-30 11:00:00,418.6889953613281,288.18364028930665,348.2090087890625,411.739990234375,461.2425170898438,550.9843841552733,2026-01-30
2026-01-30 12:00:00,337.5,280.8534729003906,331.538232421875,395.4804382324219,449.55646362304685,568.3560852050781,2026-01-30
2026-01-30 13:00:00,195.0,218.49537506103516,290.0439392089844,336.4850769042969,368.93638305664064,495.2697631835937,2026-01-30
2026-01-30 14:00:00,220.0,231.78757934570314,288.0086578369141,335.818115234375,410.8763671875,481.53847045898436,2026-01-30
2026-01-30 15:00:00,140.0,204.1654479980469,289.2487197875977,349.6922607421875,397.67795715332034,514.3799713134765,2026-01-30
2026-01-30 16:00:00,280.0,543.0082397460938,613.9431930541992,648.946044921875,692.7516082763672,794.9854034423828,2026-01-30
2026-01-30 17:00:00,562.5,412.42403335571294,501.0064239501953,565.51171875,630.7084899902344,785.0245239257813,2026-01-30
2026-01-30 18:00:00,342.5,397.87766494750974,472.3753005981445,531.6363525390625,612.2996032714843,735.5628356933594,2026-01-30
2026-01-30 19:00:00,342.5,287.658432006836,375.5908477783204,443.7633666992188,497.2214233398438,578.2519775390625,2026-01-30
2026-01-30 20:00:00,330.0,285.57846145629884,363.88336181640625,406.8245849609375,457.14703979492185,523.2401306152343,2026-01-30
2026-01-30 21:00:00,345.0,389.49768829345703,472.68077239990237,545.30029296875,593.912075805664,745.7145355224609,2026-01-30
2026-01-30 22:00:00,350.0,410.636752319336,474.463900756836,539.7780151367188,595.8319549560547,764.0658935546875,2026-01-30
2026-01-30 23:00:00,537.5,296.47695465087895,373.011833190918,443.2536010742188,498.1114654541016,623.5471374511719,2026-01-30
2026-01-31 00:00:00,345.0,366.7240158081055,391.3788070678711,410.190185546875,427.2032531738281,473.0019836425781,2026-01-31
2026-01-31 01:00:00,372.5,362.82705078125,398.4317962646484,432.6648254394531,451.6365280151367,494.6404495239258,2026-01-31
2026-01-31 02:00:00,340.0,378.25567321777345,407.0606689453125,435.0145263671875,468.7291885375977,529.221403503418,2026-01-31
2026-01-31 03:00:00,352.5,343.4305084228516,374.02027130126953,404.9266662597656,429.7088088989258,471.70848846435547,2026-01-31
2026-01-31 04:00:00,460.0,312.9775039672852,370.10633087158203,398.0971984863281,437.22168273925786,495.3272155761719,2026-01-31
2026-01-31 05:00:00,397.5,296.96753921508787,342.01050872802733,372.0845642089844,411.23517456054685,494.05899810791016,2026-01-31
2026-01-31 06:00:00,117.5,268.1708877563476,314.8682983398437,349.6868896484375,378.9451080322265,449.2850677490234,2026-01-31
2026-01-31 07:00:00,230.0,300.29683074951174,333.93212127685547,369.9674987792969,416.22924652099607,478.4537414550781,2026-01-31
2026-01-31 08:00:00,100.0,263.0694519042969,295.13940887451173,338.278564453125,389.59413146972656,441.06194763183595,2026-01-31
2026-01-31 09:00:00,-10.0,176.2386688232422,210.86383514404295,256.4320983886719,294.7275650024414,354.7520095825195,2026-01-31
2026-01-31 10:00:00,-25.0,-9.069403839111317,39.83787841796875,78.532958984375,113.80249786376955,163.6158248901367,2026-01-31
2026-01-31 11:00:00,-50.0,-2.825033569335929,56.418250274658206,103.35653686523438,152.1988723754883,222.2369186401367,2026-01-31
2026-01-31 12:00:00,-50.0,-62.53526229858397,-24.834388732910156,15.073333740234377,46.89607543945313,86.15196990966797,2026-01-31
2026-01-31 13:00:00,-50.0,-110.80407028198243,-70.44441223144533,-30.467742919921875,0.8607177734374787,48.23572998046872,2026-01-31
2026-01-31 14:00:00,-50.0,-121.72125396728515,-70.1308822631836,-38.51953125,-5.778295898437499,23.668391418457027,2026-01-31
2026-01-31 15:00:00,-50.0,-155.6564727783203,-100.5351791381836,-56.61614990234375,-13.555393981933598,31.089483642578116,2026-01-31
2026-01-31 16:00:00,-50.0,-59.6361640930176,-11.011088562011736,27.30499267578125,70.81464538574217,125.76690979003904,2026-01-31
2026-01-31 17:00:00,405.0,101.31197662353516,144.80058746337892,176.12948608398438,210.57659759521485,292.9093978881836,2026-01-31
2026-01-31 18:00:00,282.5,159.75951385498047,210.1350112915039,259.0307312011719,290.80618743896486,375.44942779541014,2026-01-31
2026-01-31 19:00:00,212.5,90.83937683105466,142.09724426269528,183.67416381835935,220.02914276123045,274.51237640380856,2026-01-31
2026-01-31 20:00:00,222.2400054931641,12.900301361083976,70.89578094482421,111.75944519042967,146.28497772216795,226.95495758056637,2026-01-31
2026-01-31 21:00:00,265.0,58.80678253173828,99.0422134399414,123.9415283203125,158.92645721435548,258.2499801635742,2026-01-31
2026-01-31 22:00:00,280.0,-9.845106506347648,54.90377197265625,86.97544860839844,130.3804473876953,202.9627227783203,2026-01-31
2026-01-31 23:00:00,318.0692443847656,-34.18348388671875,12.336683654785162,49.572174072265625,96.21499328613281,168.5210754394531,2026-01-31
2026-02-01 00:00:00,327.5,114.62091751098633,139.5572052001953,158.5818328857422,177.06622924804685,200.33756561279296,2026-02-01
2026-02-01 01:00:00,320.0,57.48214492797852,94.50202026367187,121.07980346679688,138.81021728515626,177.55611877441407,2026-02-01
2026-02-01 02:00:00,311.25,73.9733268737793,112.58532409667968,134.5941162109375,156.38799285888672,190.57957916259767,2026-02-01
2026-02-01 03:00:00,362.5,82.87654571533206,132.59647140502932,160.49830627441406,180.8399841308594,223.40057373046875,2026-02-01
2026-02-01 04:00:00,205.0,99.6736442565918,136.93150100708007,174.02548217773438,193.11795654296876,249.71068572998047,2026-02-01
2026-02-01 05:00:00,231.0,33.87489166259766,88.92700347900393,129.48223876953125,161.84981536865234,243.06394653320314,2026-02-01
2026-02-01 06:00:00,25.0,14.188980102539062,71.11927642822266,111.1021728515625,145.84275970458984,207.6038848876953,2026-02-01
2026-02-01 07:00:00,122.25,-77.10281677246093,-6.389449310302734,25.32586669921875,61.88755798339844,105.14618225097655,2026-02-01
2026-02-01 08:00:00,68.32849884033203,-119.26316986083984,-73.45562744140625,-23.779296875,8.710792541503885,60.195527648925776,2026-02-01
2026-02-01 09:00:00,-50.0,-132.72675933837888,-76.87728347778318,-29.8236083984375,-2.0045364379882713,32.90835876464844,2026-02-01
2026-02-01 10:00:00,-50.0,-134.5423828125,-84.13630523681641,-39.143157958984375,-8.189733886718752,37.448330688476574,2026-02-01
2026-02-01 11:00:00,-50.0,-109.50389633178712,-64.03026809692383,-29.438934326171875,12.03253555297848,57.04081802368165,2026-02-01
2026-02-01 12:00:00,-50.0,-160.41322326660156,-91.26720809936523,-53.1719970703125,-25.89734344482422,42.26772003173828,2026-02-01
2026-02-01 13:00:00,-50.0,-139.6125259399414,-80.57683029174805,-47.168701171875,0.9428939819335938,41.60745086669921,2026-02-01
2026-02-01 14:00:00,-50.0,-119.23443069458008,-74.03453903198243,-43.86929321289063,2.692279815673821,75.30049972534181,2026-02-01
2026-02-01 15:00:00,-50.0,-126.7653938293457,-79.97045364379883,-43.276641845703125,-12.578972625732423,45.53431472778321,2026-02-01
2026-02-01 16:00:00,-50.0,-104.05549011230468,-33.23912963867187,-2.53564453125,32.76323547363281,77.22174835205078,2026-02-01
2026-02-01 17:00:00,215.2567443847656,103.98908843994141,164.9871841430664,192.17987060546875,229.1183288574219,278.7546585083008,2026-02-01
2026-02-01 18:00:00,415.0,162.70461883544922,210.91511611938478,260.3570861816406,308.55377807617185,370.4810272216797,2026-02-01
2026-02-01 19:00:00,310.0,203.91962890625,266.3553970336914,300.3067321777344,332.0302673339844,396.6933654785156,2026-02-01
2026-02-01 20:00:00,295.0,245.6366455078125,284.22968368530275,320.1120910644531,359.3123260498047,409.2858596801758,2026-02-01
2026-02-01 21:00:00,400.0,276.4919738769531,327.6867370605469,360.6492004394531,409.9599151611328,464.2899597167969,2026-02-01
2026-02-01 22:00:00,307.5,268.0541458129883,332.47565231323244,370.4832458496094,411.96294555664065,490.84942932128905,2026-02-01
2026-02-01 23:00:00,562.5,305.37860641479494,344.9921592712402,367.4989013671875,417.1944046020508,474.5284912109375,2026-02-01
2026-02-02 00:00:00,495.0,327.5670654296875,375.42937316894535,399.033203125,425.77991943359376,477.16722106933594,2026-02-02
2026-02-02 01:00:00,480.0,305.117936706543,381.342057800293,420.9948425292969,453.2045837402344,512.6467346191406,2026-02-02
2026-02-02 02:00:00,502.5,302.12256088256834,341.229736328125,381.3163146972656,419.4058380126953,501.31809997558594,2026-02-02
2026-02-02 03:00:00,600.0,304.84097442626955,350.7925094604492,394.51861572265625,423.0201812744141,549.5262115478515,2026-02-02
2026-02-02 04:00:00,507.5,329.37648315429686,382.73150939941405,409.683837890625,467.4827362060547,548.1727966308594,2026-02-02
2026-02-02 05:00:00,430.0,279.12452545166013,340.6241760253906,371.024658203125,401.66282806396487,495.36454010009766,2026-02-02
2026-02-02 06:00:00,112.5,285.9030921936035,332.9922073364258,379.2023010253906,421.8690612792969,494.1711486816406,2026-02-02
2026-02-02 07:00:00,255.0,310.5231628417969,371.0196983337402,415.2640380859375,461.3615417480469,557.000505065918,2026-02-02
2026-02-02 08:00:00,272.5,305.7685882568359,346.91648864746094,387.9040222167969,424.8088668823242,509.193537902832,2026-02-02
2026-02-02 09:00:00,-23.221250534057617,281.71585540771486,337.43341903686525,378.7691955566406,430.42177429199216,486.2722595214844,2026-02-02
2026-02-02 10:00:00,-50.0,-12.369874572753886,57.14716110229493,100.66462707519533,160.65277709960938,309.7702087402344,2026-02-02
2026-02-02 11:00:00,277.5,-70.83582916259765,-5.122736358642577,30.174835205078125,74.49247436523439,145.12088928222656,2026-02-02
2026-02-02 12:00:00,12.5,-140.8912628173828,-40.48431320190429,1.32159423828125,62.82509002685546,153.21925506591796,2026-02-02
2026-02-02 13:00:00,-50.0,-123.6462188720703,-74.57275390625,-16.23956298828125,30.859747314453124,124.66651916503906,2026-02-02
2026-02-02 14:00:00,-50.0,-150.86054534912108,-98.76417541503906,-30.989166259765625,30.129241943359368,141.40444030761716,2026-02-02
2026-02-02 15:00:00,-50.0,-133.57089843749998,-60.43977737426758,-12.2967529296875,20.58824005126953,100.28972778320312,2026-02-02
2026-02-02 16:00:00,20.0,165.7713653564453,216.71273956298828,261.1426696777344,301.57956848144534,444.05075988769534,2026-02-02
2026-02-02 17:00:00,458.75,288.2556991577149,349.5771186828614,405.7532348632813,468.8608154296876,601.2980682373047,2026-02-02
2026-02-02 18:00:00,197.5,300.87644348144534,373.28035430908204,419.8944091796875,483.95283660888674,589.9045913696289,2026-02-02
2026-02-02 19:00:00,35.0,287.37166595458984,365.45867080688475,399.7230224609375,473.585466003418,568.346940612793,2026-02-02
2026-02-02 20:00:00,10.006750106811523,186.5318817138672,259.3211044311523,307.2051696777344,360.8626647949219,500.9005187988281,2026-02-02
2026-02-02 21:00:00,123.63400268554688,126.80807647705078,195.7344337463379,260.8460388183594,313.86512145996096,574.9979339599608,2026-02-02
2026-02-02 22:00:00,-36.65975189208984,-21.45650482177733,50.40015716552736,115.5693817138672,166.18020629882812,345.78367614746094,2026-02-02
2026-02-02 23:00:00,-50.0,82.95733718872074,152.34131774902346,202.85806274414065,254.82127075195314,365.669223022461,2026-02-02
2026-02-03 00:00:00,191.19325256347656,93.8448440551758,124.27656860351563,143.32452392578125,153.79462738037108,176.88499298095704,2026-02-03
2026-02-03 01:00:00,245.0,52.77629547119141,79.21393127441407,101.89999389648438,119.06095809936524,149.08935165405273,2026-02-03
2026-02-03 02:00:00,170.0,13.354171752929688,45.120153808593756,65.94090270996094,85.47292251586913,128.331201171875,2026-02-03
2026-02-03 03:00:00,165.0,-2.456304168701166,40.08089370727539,66.91009521484375,78.58955612182618,165.22923202514647,2026-02-03
2026-02-03 04:00:00,197.5,-3.4345947265624943,31.094056701660158,53.69245910644531,75.86889190673828,129.6568893432617,2026-02-03
2026-02-03 05:00:00,225.0,-22.35342102050781,14.57431335449219,38.45570373535156,68.03264770507812,142.91305847167968,2026-02-03
2026-02-03 06:00:00,186.9812469482422,-31.941166687011716,1.6445419311523466,37.22590637207031,70.99676208496093,136.4759323120117,2026-02-03
2026-02-03 07:00:00,42.65549850463867,3.476036834716801,33.961273956298825,56.00929260253906,92.04328155517578,164.56317367553714,2026-02-03
2026-02-03 08:00:00,-48.74325180053711,-61.76214599609374,-31.000469970703122,-5.37249755859375,18.43790054321289,134.13491973876955,2026-02-03
2026-02-03 09:00:00,-50.0,-93.40079269409179,-56.868004608154294,-27.38079833984375,0.8876510620117166,94.88269424438475,2026-02-03
2026-02-03 10:00:00,-50.0,-93.74698638916016,-56.901635742187494,-27.415802001953125,-6.9118347167968786,36.56618041992188,2026-02-03
2026-02-03 11:00:00,-50.0,22.63090209960938,54.037025451660156,68.0701904296875,98.04764556884766,175.21805267333986,2026-02-03
2026-02-03 12:00:00,-50.0,-122.52630615234375,-85.78778839111328,-49.55096435546875,-28.384770965576173,17.973507690429685,2026-02-03
2026-02-03 13:00:00,-50.0,-104.70079040527344,-67.1516372680664,-33.365325927734375,-7.506384277343752,61.98779907226562,2026-02-03
2026-02-03 14:00:00,-50.0,-81.99396820068358,-48.34552917480468,-25.87240600585937,6.269515228271484,124.69478912353514,2026-02-03
2026-02-03 15:00:00,-50.0,-107.2053009033203,-58.23058319091797,-28.222686767578125,14.603057098388668,63.03224029541015,2026-02-03
2026-02-03 16:00:00,-50.0,-47.9669075012207,-9.512345123291016,23.71054077148437,88.43989944458008,141.5026252746582,2026-02-03
2026-02-03 17:00:00,-22.77775001525879,77.72636947631837,108.4173469543457,155.6558380126953,188.5538246154785,245.93574142456055,2026-02-03
2026-02-03 18:00:00,27.833499908447266,48.80581970214844,98.18433303833007,134.61236572265625,181.20086059570312,280.49980621337886,2026-02-03
2026-02-03 19:00:00,60.0,-32.954650878906236,1.2655555725097756,48.7147216796875,99.78052062988283,175.08248443603514,2026-02-03
2026-02-03 20:00:00,151.2532501220703,-16.13384170532227,26.784400939941406,50.12309265136719,100.31732559204102,313.60650100708006,2026-02-03
2026-02-03 21:00:00,184.65550231933597,-46.087881469726554,-6.179956054687494,31.943084716796875,70.82839126586913,173.1989318847656,2026-02-03
2026-02-03 22:00:00,125.0,-43.634248352050776,-8.18065185546875,16.353271484375,67.98300323486328,125.99548187255859,2026-02-03
2026-02-03 23:00:00,125.0,-86.27611236572265,-35.3847152709961,-5.18310546875,52.05018310546875,195.18016662597654,2026-02-03
2026-02-04 00:00:00,155.0,0.9428047180175803,15.255682373046875,27.85162353515625,39.099667358398435,75.8291061401367,2026-02-04
2026-02-04 01:00:00,205.0,7.314440917968753,31.66638946533203,48.73204040527344,72.9056884765625,131.04991378784177,2026-02-04
2026-02-04 02:00:00,257.5,66.74555587768555,105.57145919799805,126.96340942382812,144.8458480834961,195.3104103088379,2026-02-04
2026-02-04 03:00:00,102.5,13.249070739746095,47.54832305908204,75.32106018066406,102.76668167114258,170.19737854003904,2026-02-04
2026-02-04 04:00:00,-50.0,-31.096004486083977,1.5358772277832031,26.06121826171875,56.83492660522461,130.43889694213868,2026-02-04
2026-02-04 05:00:00,-50.0,-107.0951675415039,-70.52739334106445,-36.061370849609375,0.6542678833007756,59.98064575195312,2026-02-04
2026-02-04 06:00:00,-50.0,-91.32018814086913,-56.85650482177734,-33.62396240234375,-11.452400207519531,76.52698593139648,2026-02-04
2026-02-04 07:00:00,-50.0,-99.53593063354492,-59.96633071899414,-37.536407470703125,-1.194058990478517,55.456262969970695,2026-02-04
2026-02-04 08:00:00,-50.0,-96.4069107055664,-60.337684631347656,-42.354736328125,-19.800676727294924,42.75152130126952,2026-02-04
2026-02-04 09:00:00,-50.0,-88.05452270507811,-58.15208129882812,-37.93218994140625,-8.83914489746094,40.78345947265625,2026-02-04
2026-02-04 10:00:00,-50.0,-98.89772338867188,-68.57548065185547,-43.73794555664063,-20.810243225097665,60.70830078124997,2026-02-04
2026-02-04 11:00:00,-50.0,-94.32292175292969,-48.83815307617188,-25.051483154296875,-0.0427398681640625,40.13204879760741,2026-02-04
2026-02-04 12:00:00,-50.0,-96.91198120117187,-71.8520751953125,-46.87518310546875,-18.88836898803711,75.2091598510742,2026-02-04
2026-02-04 13:00:00,-50.0,-102.79859466552733,-76.14790191650391,-46.4918212890625,-22.585399627685543,51.12143554687499,2026-02-04
2026-02-04 14:00:00,-50.0,-94.3833137512207,-57.83368148803711,-42.145263671875,-1.32232666015625,76.13693618774413,2026-02-04
2026-02-04 15:00:00,-50.0,-112.15162506103515,-72.91439056396484,-33.386810302734375,-4.468172454833976,75.56903991699218,2026-02-04
2026-02-04 16:00:00,-50.0,-100.46791458129883,-65.98668746948243,-37.1640625,-2.4402290344238224,109.96767349243163,2026-02-04
2026-02-04 17:00:00,27.0,-50.1620979309082,-11.049747467041016,32.374237060546875,70.01533889770508,128.31714859008787,2026-02-04
2026-02-04 18:00:00,131.333251953125,174.67663192749026,219.26913986206057,255.60716247558597,289.73905715942385,397.1714225769043,2026-02-04
2026-02-04 19:00:00,25.10650062561035,144.5636108398438,189.67509460449222,242.63150024414065,305.32682037353516,430.12315063476564,2026-02-04
2026-02-04 20:00:00,55.09149932861328,161.41325988769532,201.54404220581054,237.3398895263672,291.2880401611328,340.233544921875,2026-02-04
2026-02-04 21:00:00,83.56575012207031,191.7135467529297,231.08483505249023,261.296875,315.27832946777346,405.4784927368164,2026-02-04
2026-02-04 22:00:00,24.95249938964844,211.68556823730464,251.3442863464355,293.0062866210937,325.3909103393554,417.01053466796867,2026-02-04
2026-02-04 23:00:00,194.1000061035156,212.46992874145508,240.5082260131836,267.423095703125,295.50571975708004,405.4002296447754,2026-02-04
2026-02-05 00:00:00,365.0,363.72033233642577,384.428475189209,395.8963317871094,407.17052307128904,433.0347305297852,2026-02-05
2026-02-05 01:00:00,232.5,322.77308654785156,352.5390228271484,366.767578125,387.66348495483396,423.8807144165039,2026-02-05
2026-02-05 02:00:00,330.0,302.89207458496094,327.02981796264646,355.0595703125,376.0264320373535,422.98709564208986,2026-02-05
2026-02-05 03:00:00,287.5,328.58693237304686,364.10407638549805,380.2339782714844,409.9851638793945,479.7909805297852,2026-02-05
2026-02-05 04:00:00,292.5,297.400106048584,359.79972381591796,381.2893371582031,414.4039161682129,469.84469375610354,2026-02-05
2026-02-05 05:00:00,325.0,316.2436813354492,349.78851318359375,368.1282653808594,393.42837982177736,447.37901916503904,2026-02-05
2026-02-05 06:00:00,327.5,352.3138793945312,388.84928436279296,410.6486511230469,434.0038932800293,492.4358474731445,2026-02-05
2026-02-05 07:00:00,476.0,397.2882530212402,431.46035690307616,453.98681640625,474.1184440612793,527.8649024963379,2026-02-05
2026-02-05 08:00:00,558.5,313.36999130249023,341.59006576538087,367.7344665527344,388.2730995178223,447.05305099487305,2026-02-05
2026-02-05 09:00:00,394.47650146484375,218.0704261779785,246.39705581665038,265.24658203125,290.4432228088379,359.7126319885254,2026-02-05
2026-02-05 10:00:00,189.4620056152344,-15.714649200439457,6.748722076416012,28.33578491210937,54.831269836425776,109.71008529663085,2026-02-05
2026-02-05 11:00:00,142.1875,42.886186218261734,80.92887268066409,102.2827606201172,136.94295043945314,195.87229919433594,2026-02-05
2026-02-05 12:00:00,-50.0,-67.48945388793945,-36.77180557250976,-21.724822998046875,3.6775794982910135,78.90373916625975,2026-02-05
2026-02-05 13:00:00,-50.0,-90.20409240722657,-54.967750549316406,-28.995086669921875,-10.304047393798829,74.0187957763672,2026-02-05
2026-02-05 14:00:00,-50.0,-75.91923599243164,-47.9035026550293,-20.2578125,2.039589691162103,68.0182746887207,2026-02-05
2026-02-05 15:00:00,-50.0,-97.35155181884765,-55.19611968994141,-19.74188232421875,2.5483848571777266,67.1686462402344,2026-02-05
2026-02-05 16:00:00,700.0,66.68788833618163,106.39555282592772,124.5517120361328,158.33651733398438,208.92642288208006,2026-02-05
2026-02-05 17:00:00,665.25,387.3561492919922,423.59562225341796,444.854736328125,473.2214950561523,546.5468048095703,2026-02-05
2026-02-05 18:00:00,627.0,610.5131996154785,646.3168601989746,680.1743774414062,708.6280006408691,771.3951835632324,2026-02-05
2026-02-05 19:00:00,712.75,500.623551940918,538.3855751037597,560.493408203125,598.4139129638672,670.8131240844726,2026-02-05
2026-02-05 20:00:00,412.1292419433594,546.2507019042969,584.5574317932129,618.2303466796875,647.0750869750976,722.8245376586914,2026-02-05
2026-02-05 21:00:00,534.2857666015625,599.8557258605957,630.6991607666016,670.033935546875,703.2964164733887,769.3430656433105,2026-02-05
2026-02-05 22:00:00,500.0,320.3778129577637,356.0642372131348,391.26177978515625,437.4472053527832,478.45910263061523,2026-02-05
2026-02-05 23:00:00,487.5,350.829370880127,381.65756912231444,419.06591796875,467.0352241516113,524.6450660705566,2026-02-05
2026-02-06 00:00:00,477.5,356.8220413208008,370.511540222168,384.91412353515625,404.07447662353513,428.9705444335938,2026-02-06
2026-02-06 01:00:00,430.0,359.5826156616211,389.18614501953124,408.122802734375,426.93599700927734,452.5582015991211,2026-02-06
2026-02-06 02:00:00,500.0,353.3958404541016,396.42166900634766,416.2781982421875,437.5304870605469,515.9457183837891,2026-02-06
2026-02-06 03:00:00,590.6875,338.5026039123536,398.16470642089854,426.3442993164063,454.2328521728516,506.3290405273438,2026-02-06
2026-02-06 04:00:00,793.5,285.7476379394531,359.67017364501953,383.26702880859375,410.87986907958987,464.7099075317383,2026-02-06
2026-02-06 05:00:00,751.9614868164062,244.09901809692383,341.24493713378905,373.03326416015625,394.89597015380855,458.4311920166015,2026-02-06
2026-02-06 06:00:00,425.0,283.85866622924806,319.23225021362305,376.2100830078125,405.7484359741211,448.11766204833987,2026-02-06
2026-02-06 07:00:00,537.5,286.07401885986326,347.5421012878418,401.03070068359375,424.3628021240234,494.11119689941404,2026-02-06
2026-02-06 08:00:00,436.5352478027344,226.27703247070315,297.6928031921387,363.44921875,399.20191955566406,462.04315490722655,2026-02-06
2026-02-06 09:00:00,367.35101318359375,238.88526000976563,296.6331932067871,345.2939758300781,401.29478759765624,485.9897354125976,2026-02-06
2026-02-06 10:00:00,195.0,243.09790802001953,290.9780212402344,323.8216247558594,372.3846267700195,459.7027160644531,2026-02-06
2026-02-06 11:00:00,393.7027587890625,252.38923416137698,292.5551040649414,330.7976989746094,392.20238876342773,461.9186653137207,2026-02-06
2026-02-06 12:00:00,380.8664855957031,256.7711486816406,306.2461769104004,332.62548828125,389.9780960083008,443.56670837402345,2026-02-06
2026-02-06 13:00:00,233.6202545166016,144.748583984375,185.88323440551758,210.8847198486328,258.4649597167969,349.3053833007813,2026-02-06
2026-02-06 14:00:00,186.2875061035156,119.24367675781251,156.657804107666,193.0596466064453,236.87065734863282,291.9973449707031,2026-02-06
2026-02-06 15:00:00,-37.5,168.16919708251956,213.3928329467774,254.5852203369141,320.13638153076175,399.37991485595705,2026-02-06
2026-02-06 16:00:00,-50.0,201.1839538574219,246.14731140136718,303.352294921875,346.83346099853514,399.5185119628906,2026-02-06
2026-02-06 17:00:00,135.93374633789062,251.89796295166016,307.83029251098634,337.461181640625,381.64891662597654,470.21425476074216,2026-02-06
2026-02-06 18:00:00,64.0,253.69624481201174,297.01324157714845,338.0039367675781,431.415837097168,492.56413116455076,2026-02-06
2026-02-06 19:00:00,60.98199844360352,159.58889312744142,251.10760192871095,318.3376159667969,357.65117797851565,446.98158569335936,2026-02-06
2026-02-06 20:00:00,60.0,154.67577972412104,215.05517501831048,278.1112670898437,315.54591827392574,448.09792938232414,2026-02-06
2026-02-06 21:00:00,91.0,163.32720565795898,228.35233612060546,276.834716796875,327.4727035522461,415.654801940918,2026-02-06
2026-02-06 22:00:00,170.0,109.80320358276369,180.51328659057617,228.6647491455078,282.72349243164064,387.24403686523436,2026-02-06
2026-02-06 23:00:00,107.5,140.90357818603516,206.0088333129883,265.6185607910156,305.22065277099614,425.15113067626953,2026-02-06
2026-02-07 00:00:00,20.0,70.78986053466797,84.4714126586914,93.23556518554688,102.11029434204102,121.70388565063476,2026-02-07
2026-02-07 01:00:00,-50.0,16.316545104980477,30.547055053710945,40.29409790039063,53.25678176879883,80.27486877441407,2026-02-07
2026-02-07 02:00:00,97.5,-3.807793426513669,21.148088836669924,37.29142761230469,54.87186737060547,87.8407127380371,2026-02-07
2026-02-07 03:00:00,-50.0,-58.65849380493164,-18.11329879760742,3.6337890625,23.1926399230957,85.71449813842774,2026-02-07
2026-02-07 04:00:00,120.0,-68.8775421142578,-25.72207107543945,-1.00823974609375,21.270571899414062,64.34003295898437,2026-02-07
2026-02-07 05:00:00,0.0,-78.18828735351562,-38.29712600708008,-11.6708984375,28.242047119140622,74.72051544189452,2026-02-07
2026-02-07 06:00:00,50.0,-72.37261886596679,-38.32168197631836,-14.461456298828123,14.133884429931639,76.74120254516603,2026-02-07
2026-02-07 07:00:00,140.0,-83.76245574951172,-52.65183715820312,-28.31158447265625,-4.479573059082053,74.87178649902343,2026-02-07
2026-02-07 08:00:00,-50.0,-98.16140518188477,-54.21855163574219,-36.28778076171875,-16.532519531250006,60.17487564086913,2026-02-07
2026-02-07 09:00:00,-50.0,-100.54581375122069,-63.8777488708496,-37.171722412109375,1.29318466186524,67.53890914916994,2026-02-07
2026-02-07 10:00:00,-50.0,-101.58721694946288,-63.15303421020508,-40.427093505859375,-9.549521636962893,50.80516281127929,2026-02-07
2026-02-07 11:00:00,-50.0,-86.37037048339843,-61.39338226318359,-26.549530029296875,3.613841247558593,45.885986328125,2026-02-07
2026-02-07 12:00:00,-50.0,-116.21361541748047,-63.00273132324219,-36.541351318359375,-5.188003540039066,57.69313659667968,2026-02-07
2026-02-07 13:00:00,-50.0,-91.94940185546875,-56.94963684082031,-34.90350341796875,-3.193917846679689,74.41648864746094,2026-02-07
2026-02-07 14:00:00,-50.0,-111.11172103881836,-60.093816375732416,-32.60992431640625,-13.333755493164062,60.76445846557617,2026-02-07
2026-02-07 15:00:00,-50.0,-90.31055908203125,-58.66389617919921,-33.529083251953125,0.2870338439941378,83.37109832763673,2026-02-07
2026-02-07 16:00:00,-50.0,-108.86294631958008,-64.04830780029297,-33.91680908203125,-12.908589935302736,64.36447372436523,2026-02-07
2026-02-07 17:00:00,289.8699951171875,137.00667190551752,167.14771957397454,198.04788208007807,220.51487960815425,314.5951957702636,2026-02-07
2026-02-07 18:00:00,310.0,218.81115493774416,259.611009979248,308.9145202636719,352.67031478881836,415.13318099975584,2026-02-07
2026-02-07 19:00:00,302.5,240.93588562011718,277.20560760498046,302.1561279296875,340.21338348388673,398.0183166503906,2026-02-07
2026-02-07 20:00:00,305.0,184.7785171508789,238.77740325927735,267.728271484375,319.7556091308594,385.0251831054687,2026-02-07
2026-02-07 21:00:00,330.0,222.37291946411133,257.9922554016113,286.2376708984375,342.6447563171387,385.4691703796387,2026-02-07
2026-02-07 22:00:00,325.0,189.28595275878905,238.02114028930663,276.2819519042969,311.5302459716797,371.01873168945315,2026-02-07
2026-02-07 23:00:00,265.0,200.49036865234376,246.17569732666016,283.8306579589844,328.6472671508789,379.08202362060547,2026-02-07
2026-02-08 00:00:00,175.0,252.57595825195312,279.26586151123047,287.41424560546875,301.39136123657227,326.035871887207,2026-02-08
2026-02-08 01:00:00,287.5,239.64674453735353,261.335139465332,279.9283447265625,296.97112197875975,335.2706581115723,2026-02-08
2026-02-08 02:00:00,330.0,238.5357147216797,266.1680160522461,289.7698059082031,315.6657684326172,356.5570861816406,2026-02-08
2026-02-08 03:00:00,270.0,197.87011260986327,247.2952117919922,278.34393310546875,310.08351135253906,340.3000854492187,2026-02-08
2026-02-08 04:00:00,135.0,173.45445556640624,222.48483810424804,247.54676818847656,280.8873977661133,316.8588806152344,2026-02-08
2026-02-08 05:00:00,210.0,134.89883422851562,179.33421173095704,199.92633056640625,237.44350433349607,285.95657196044925,2026-02-08
2026-02-08 06:00:00,245.0,84.43790664672852,129.5261001586914,155.37091064453125,186.59020462036133,253.50924758911134,2026-02-08
2026-02-08 07:00:00,180.0,130.7977935791016,172.2221916198731,194.2291412353516,222.83853302001955,285.9150100708008,2026-02-08
2026-02-08 08:00:00,-50.0,19.957500457763672,72.94999237060546,98.88307189941406,139.7734764099121,198.32739334106446,2026-02-08
2026-02-08 09:00:00,-50.0,-67.00262832641602,-31.62738876342773,-6.115814208984375,15.707147216796873,85.54597396850585,2026-02-08
2026-02-08 10:00:00,-50.0,-96.42496261596679,-60.803212738037104,-31.0086669921875,-12.079763793945318,60.07396774291992,2026-02-08
2026-02-08 11:00:00,-50.0,-85.93911361694336,-39.81434097290039,-22.347564697265625,1.523480987548826,65.86037673950194,2026-02-08
2026-02-08 12:00:00,-50.0,-82.27789840698242,-47.008509063720695,-22.11117553710937,-0.010477447509764204,66.1456428527832,2026-02-08
2026-02-08 13:00:00,-50.0,-92.45635528564453,-49.472792053222655,-25.401885986328125,13.736441040039061,67.7939239501953,2026-02-08
2026-02-08 14:00:00,-50.0,-84.20398178100587,-51.22562484741211,-27.826568603515625,0.3273040771484368,60.168177032470695,2026-02-08
2026-02-08 15:00:00,-50.0,-83.59636306762695,-61.40756149291992,-28.44842529296875,2.110383605957029,84.13304061889647,2026-02-08
2026-02-08 16:00:00,-49.47174835205078,-52.192021179199216,-25.33394317626953,-0.366119384765625,43.1108383178711,91.08137817382814,2026-02-08
2026-02-08 17:00:00,288.0,119.1309608459473,162.5491508483887,191.8321228027344,244.59457473754884,304.4312980651856,2026-02-08
2026-02-08 18:00:00,-29.5,185.46356658935545,226.39609222412108,253.8070373535156,300.3770645141601,360.09183044433587,2026-02-08
2026-02-08 19:00:00,24.0,37.75929107666016,80.46392135620118,136.22950744628906,176.34518127441407,210.19273834228517,2026-02-08
2026-02-08 20:00:00,42.0,-48.25815429687498,-6.346124267578105,20.54803466796875,63.39892730712892,98.86812896728517,2026-02-08
2026-02-08 21:00:00,24.75,-53.55485153198242,-3.2411766052246094,35.399200439453125,68.45302505493163,137.6410758972168,2026-02-08
2026-02-08 22:00:00,12.25,-55.97048950195312,-24.07752456665039,6.266876220703125,56.55947723388672,101.24840393066408,2026-02-08
2026-02-08 23:00:00,-37.5,-111.3129768371582,-62.82980041503907,-17.82952880859375,35.46448135375975,86.15901412963866,2026-02-08
2026-02-09 00:00:00,32.04425048828125,-43.6994125366211,-23.757722473144533,-11.76190185546875,-0.9932922363281254,16.75202713012695,2026-02-09
2026-02-09 01:00:00,20.0575008392334,-50.23876495361328,-31.796025085449223,-18.124267578125,-3.4497207641601566,19.88694686889648,2026-02-09
2026-02-09 02:00:00,-50.0,-45.57501525878906,-22.03107452392578,-6.6400146484375,11.117983245849608,45.17547836303711,2026-02-09
2026-02-09 03:00:00,-50.0,-53.44423217773437,-27.9555419921875,-8.936981201171875,9.593803405761719,39.36135787963867,2026-02-09
2026-02-09 04:00:00,-50.0,-49.25267868041992,-24.21078109741211,-8.628662109375,6.5644279479980465,50.30912475585937,2026-02-09
2026-02-09 05:00:00,-50.0,-77.18309936523437,-43.848846435546875,-24.83917236328125,-1.5612457275390632,64.65166625976562,2026-02-09
2026-02-09 06:00:00,-50.0,-66.91307525634765,-40.98836975097656,-28.415008544921875,-12.607634735107423,42.81627731323242,2026-02-09
2026-02-09 07:00:00,5.791749954223633,-53.93778839111328,-28.222294616699216,1.27978515625,19.377945709228513,56.015692138671874,2026-02-09
2026-02-09 08:00:00,54.10699844360352,-47.12297668457031,-7.041247558593749,6.807037353515625,24.66152877807617,56.96536560058593,2026-02-09
2026-02-09 09:00:00,-50.0,-67.62815399169921,-42.565834045410156,-23.72412109375,-8.674308013916017,27.26958541870117,2026-02-09
2026-02-09 10:00:00,-50.0,-76.75318756103516,-40.93018341064453,-31.258453369140625,-17.561627197265626,15.459235382080074,2026-02-09
2026-02-09 11:00:00,0.0,-59.978721618652344,-42.897850036621094,-25.328155517578125,-7.4525367736816435,31.749647521972655,2026-02-09
2026-02-09 12:00:00,35.0,-64.92022857666015,-41.87181854248047,-30.3656005859375,-18.951881408691406,1.6401145935058565,2026-02-09
2026-02-09 13:00:00,-37.5,-67.97199859619141,-44.919497680664065,-27.27886962890625,-9.802747344970705,34.75355148315429,2026-02-09
2026-02-09 14:00:00,-50.0,-58.753395080566406,-37.832574462890626,-26.515594482421875,9.016145324707033,90.72479248046874,2026-02-09
2026-02-09 15:00:00,-50.0,-68.14182968139647,-47.63847122192382,-27.194793701171875,-11.965280914306641,50.48032455444336,2026-02-09
2026-02-09 16:00:00,222.5,-73.83060150146484,-47.01043090820312,-24.277862548828125,-0.7632629394531278,42.429223632812494,2026-02-09
2026-02-09 17:00:00,207.5,-71.98571624755859,-27.807797241210935,-1.317535400390625,40.103129577636714,94.74421997070311,2026-02-09
2026-02-09 18:00:00,-49.605751037597656,-75.49937438964844,-37.49681167602539,-5.63043212890625,22.08542785644531,95.6173324584961,2026-02-09
2026-02-09 19:00:00,-49.25,-46.49854736328125,-6.196941375732425,21.61947631835937,56.892005920410156,133.0277297973633,2026-02-09
2026-02-09 20:00:00,-48.01300048828125,-37.01691741943359,-11.497978210449215,17.362548828125,56.107147216796875,130.20555877685547,2026-02-09
2026-02-09 21:00:00,-50.0,-37.611270141601565,6.247565460205081,28.6708984375,60.889024353027345,104.99383087158202,2026-02-09
2026-02-09 22:00:00,-49.260501861572266,-67.66525878906249,-21.819531249999997,3.147064208984375,27.022857666015632,81.32650909423828,2026-02-09
2026-02-09 23:00:00,-50.0,-68.72922210693359,-32.09424743652343,-9.44403076171875,15.21903839111329,92.86844177246093,2026-02-09
2026-02-10 00:00:00,245.09625244140625,8.186436462402341,22.16982727050781,25.90829467773437,30.513420104980465,45.77368927001953,2026-02-10
2026-02-10 01:00:00,257.5,127.80365447998047,138.46419219970704,143.5690460205078,151.13556365966798,169.5446792602539,2026-02-10
2026-02-10 02:00:00,102.5,148.65343780517577,159.55294494628907,167.4239501953125,176.3126663208008,199.42735290527344,2026-02-10
2026-02-10 03:00:00,200.0,172.46879730224612,186.97381286621098,193.96597290039065,203.6047088623047,216.11553192138675,2026-02-10
2026-02-10 04:00:00,110.03150177001952,122.14406280517578,139.04322662353516,149.03953552246094,154.77884979248046,198.05546112060546,2026-02-10
2026-02-10 05:00:00,182.8757476806641,124.59147186279297,138.0134506225586,145.7152557373047,155.1517333984375,190.77905349731446,2026-02-10
2026-02-10 06:00:00,141.6165008544922,175.78088531494137,191.54147033691405,199.62738037109372,207.93770141601559,230.6713859558105,2026-02-10
2026-02-10 07:00:00,216.15475463867188,210.2264373779297,224.8364700317383,234.03884887695312,246.95134735107422,270.7891479492188,2026-02-10
2026-02-10 08:00:00,152.1540069580078,212.8159606933594,233.2422332763672,244.46652221679688,252.60953369140626,317.19248046875,2026-02-10
2026-02-10 09:00:00,1.0577499866485596,158.04874572753906,177.44425506591796,185.55796813964844,195.39419860839843,221.92000198364258,2026-02-10
2026-02-10 10:00:00,-50.0,-46.85933380126953,-26.203448486328128,-18.252655029296875,-9.730184936523438,26.200565338134766,2026-02-10
2026-02-10 11:00:00,-50.0,-54.62529602050781,-35.38892517089844,-24.242095947265625,-15.126063537597657,22.41413345336914,2026-02-10
2026-02-10 12:00:00,-50.0,-69.25810089111329,-43.14072875976562,-30.62152099609375,-19.092723083496097,39.360769653320304,2026-02-10
2026-02-10 13:00:00,-50.0,-70.04255065917968,-40.37705993652344,-31.75,-22.27354278564453,6.036322784423824,2026-02-10
2026-02-10 14:00:00,-50.0,-60.88501739501953,-44.091671752929685,-31.668487548828125,-16.825990295410158,84.5973403930664,2026-02-10
2026-02-10 15:00:00,262.9327392578125,-50.89492645263672,-34.55795440673828,-21.3026123046875,-8.080974578857422,97.21456756591796,2026-02-10
2026-02-10 16:00:00,563.4555053710938,175.37377166748047,198.53580780029296,212.31427001953125,227.51361389160155,354.0970291137695,2026-02-10
2026-02-10 17:00:00,602.1957397460938,333.9439987182617,356.4635208129883,367.34228515625,381.97256393432616,491.20572357177736,2026-02-10
2026-02-10 18:00:00,405.0,362.01728973388674,376.7346893310547,386.7218017578125,401.5561492919922,501.65147094726564,2026-02-10
2026-02-10 19:00:00,355.0,309.6783279418945,325.28079986572266,337.1617126464844,360.601944732666,468.8876220703125,2026-02-10
2026-02-10 20:00:00,187.5,253.86244354248046,289.9364974975586,302.8187255859375,319.4384063720703,421.13169250488284,2026-02-10
2026-02-10 21:00:00,247.89149475097656,256.40233306884767,280.68675537109374,289.913818359375,310.80374908447266,451.6223098754883,2026-02-10
2026-02-10 22:00:00,215.7227478027344,215.0785430908203,235.91575164794918,250.5317230224609,261.8351005554199,372.6587692260742,2026-02-10
2026-02-10 23:00:00,82.5,117.34009246826173,141.34102630615234,155.34193420410156,172.8956283569336,309.0830444335937,2026-02-10
2026-02-11 00:00:00,250.0,218.40064315795897,235.69524459838865,249.3539123535156,260.9538040161133,288.3111778259277,2026-02-11
2026-02-11 01:00:00,-25.0,49.32194061279297,71.0053955078125,92.73878479003906,107.28704299926758,150.3715217590332,2026-02-11
2026-02-11 02:00:00,115.0,-29.296659851074217,-0.06017761230468466,19.179718017578125,57.01759872436523,151.13533630371094,2026-02-11
2026-02-11 03:00:00,75.0,-68.30915222167968,-32.620271301269526,-1.04931640625,39.13392639160156,113.76140747070312,2026-02-11
2026-02-11 04:00:00,-49.00650024414063,-66.38738708496093,-35.67360534667969,0.30865478515625,35.61465911865234,88.15887908935547,2026-02-11
2026-02-11 05:00:00,-50.0,-77.69522705078124,-42.96151885986327,-7.424652099609375,48.79895782470704,98.90096435546879,2026-02-11
2026-02-11 06:00:00,-50.0,-73.68657989501952,-46.385800170898435,-18.524932861328125,15.797647094726557,99.42282409667968,2026-02-11
2026-02-11 07:00:00,-50.0,-72.43306961059571,-44.04025955200194,-20.209930419921875,13.231118011474614,95.32048416137694,2026-02-11
2026-02-11 08:00:00,-50.0,-92.8818260192871,-45.96161727905273,-19.981353759765625,-0.4267326354980483,62.01859512329101,2026-02-11
2026-02-11 09:00:00,-50.0,-87.30845260620117,-58.14069290161133,-32.62445068359375,-13.292835998535153,93.803751373291,2026-02-11
2026-02-11 10:00:00,-50.0,-87.95825271606445,-57.6357536315918,-41.00762939453125,-20.775118255615237,69.21270370483398,2026-02-11
2026-02-11 11:00:00,-50.0,-91.61816101074218,-51.83108215332031,-34.48602294921875,-23.770781707763675,12.055303955078124,2026-02-11
2026-02-11 12:00:00,-50.0,-90.43057556152343,-54.31932983398437,-32.980010986328125,-11.884436035156252,77.14623718261716,2026-02-11
2026-02-11 13:00:00,-50.0,-67.33470611572265,-47.313462829589845,-33.7830810546875,-12.666549682617188,29.175166320800777,2026-02-11
2026-02-11 14:00:00,-50.0,-80.48070526123047,-52.84838256835937,-30.1087646484375,-4.606466674804693,82.95343322753908,2026-02-11
2026-02-11 15:00:00,-50.0,-79.80133819580078,-45.08970794677734,-23.88897705078125,4.47359466552734,136.17381591796874,2026-02-11
2026-02-11 16:00:00,-50.0,-105.43626556396484,-65.9839874267578,-24.90814208984375,28.325578308105463,123.73611450195312,2026-02-11
2026-02-11 17:00:00,-7.0,131.06887664794922,174.1189193725586,203.0804901123047,272.47202758789064,384.6072296142578,2026-02-11
2026-02-11 18:00:00,22.75,174.45726165771487,221.0434600830078,268.2055969238281,327.4700241088867,410.50068817138674,2026-02-11
2026-02-11 19:00:00,129.5,189.1138023376465,223.61700057983398,266.2164001464844,323.5635284423828,396.3070892333984,2026-02-11
2026-02-11 20:00:00,54.75,148.46914215087892,185.12526016235353,230.7696533203125,274.50311889648435,352.60228424072267,2026-02-11
2026-02-11 21:00:00,129.5,143.44722900390627,179.82895889282227,216.7603302001953,278.6601928710938,351.7745391845703,2026-02-11
2026-02-11 22:00:00,233.09625244140625,134.85432510375978,159.59082183837893,192.0245361328125,256.84157638549806,318.2882698059082,2026-02-11
2026-02-11 23:00:00,240.0,80.26521072387695,114.20847625732422,131.3311004638672,192.56901473999022,254.3839195251465,2026-02-11
2026-02-12 00:00:00,260.0,242.53232192993164,264.66896743774413,277.8961486816406,289.13144454956057,328.4625984191895,2026-02-12
2026-02-12 01:00:00,260.0,231.70094604492186,251.90347518920896,268.1181640625,285.57248077392575,327.4192489624023,2026-02-12
2026-02-12 02:00:00,262.5,207.27318115234374,235.52998275756835,267.8167724609375,292.31063079833984,359.14636077880857,2026-02-12
2026-02-12 03:00:00,305.0,203.90791015625,247.4528694152832,274.1492614746094,298.4902084350586,355.31610717773435,2026-02-12
2026-02-12 04:00:00,260.0,172.2753967285156,214.58046112060543,244.18783569335935,275.55576324462885,362.6994186401367,2026-02-12
2026-02-12 05:00:00,2.5,98.64348297119143,124.40876159667971,161.83895874023438,199.77592315673832,272.29748687744143,2026-02-12
2026-02-12 06:00:00,198.156005859375,27.01819686889649,45.042625427246094,76.95390319824219,128.35284194946288,191.215567779541,2026-02-12
2026-02-12 07:00:00,214.062255859375,-28.177108764648438,14.099362182617178,40.88775634765625,88.24215393066405,167.94804229736326,2026-02-12
2026-02-12 08:00:00,24.97450065612793,-66.24780197143554,-7.884815979003903,15.18731689453125,44.75529403686524,135.0367088317871,2026-02-12
2026-02-12 09:00:00,-37.445499420166016,-89.7402603149414,-50.13209075927734,-7.608917236328125,19.385462951660145,99.18806915283204,2026-02-12
2026-02-12 10:00:00,-50.0,-104.28734741210937,-57.792547607421874,-31.550323486328125,28.14563293457031,103.71326904296873,2026-02-12
2026-02-12 11:00:00,-50.0,-32.225670623779294,20.7411491394043,41.23829650878906,73.0385223388672,138.57718124389646,2026-02-12
2026-02-12 12:00:00,-50.0,-90.05080871582031,-54.90754241943359,-19.487548828125,23.162890624999996,78.29107360839845,2026-02-12
2026-02-12 13:00:00,-50.0,-86.87217636108397,-47.803009796142575,-17.12725830078125,2.6582893371582017,77.61116104125978,2026-02-12
2026-02-12 14:00:00,-50.0,-103.69273986816405,-58.77444076538086,-23.010498046875,27.418608093261717,85.99064025878906,2026-02-12
2026-02-12 15:00:00,-50.0,-91.20650482177734,-54.35322341918945,-24.82244873046875,26.217971801757812,124.68549652099608,2026-02-12
2026-02-12 16:00:00,342.25,-116.83295288085937,-61.238548278808594,-30.08050537109375,30.233110046386713,139.82728729248046,2026-02-12
2026-02-12 17:00:00,429.4557495117188,-65.78182220458984,-17.480422973632812,23.8944091796875,88.12530517578125,202.11219177246093,2026-02-12
2026-02-12 18:00:00,113.5,180.70086059570315,209.11400756835937,256.6971740722656,317.9678207397461,462.4796997070313,2026-02-12
2026-02-12 19:00:00,88.25,129.2300765991211,165.6409553527832,205.1832275390625,249.18392486572267,300.6695037841797,2026-02-12
2026-02-12 20:00:00,-49.5,168.89241790771482,211.01485595703122,242.8871154785156,289.4100921630859,343.99430541992183,2026-02-12
2026-02-12 21:00:00,25.25,194.0009002685547,226.5063331604004,249.6779022216797,309.6608184814453,395.07579345703124,2026-02-12
2026-02-12 22:00:00,14.25,171.73654708862304,201.98475341796876,231.82977294921875,292.3598686218262,363.0278038024902,2026-02-12
2026-02-12 23:00:00,162.78924560546875,162.41128234863282,196.40952911376954,229.80279541015625,283.5301025390625,414.8000015258789,2026-02-12
2026-02-13 00:00:00,100.38574981689452,3.9560005187988345,23.033296966552733,33.980682373046875,57.71241912841796,100.88472900390624,2026-02-13
2026-02-13 01:00:00,262.5,-19.691724395751947,27.081479644775392,58.01542663574219,89.95239791870117,146.6328300476074,2026-02-13
2026-02-13 02:00:00,165.0,6.387341308593754,33.026423645019534,67.03669738769531,102.56598052978515,138.16940155029295,2026-02-13
2026-02-13 03:00:00,65.0,-11.352503967285138,27.863138580322275,56.39474487304688,98.96483001708984,127.64996185302735,2026-02-13
2026-02-13 04:00:00,62.91849899291992,-67.3682189941406,-25.863050079345683,13.84686279296875,46.301939392089864,108.11433410644533,2026-02-13
2026-02-13 05:00:00,-48.5,-68.51865844726562,-26.622014617919916,7.639923095703125,49.065512084960915,108.13672790527343,2026-02-13
2026-02-13 06:00:00,-52.089500427246094,-70.66934204101562,-38.716557312011716,-7.452301025390625,22.433605957031247,84.497509765625,2026-02-13
2026-02-13 07:00:00,-17.344499588012695,-73.39766540527344,-45.00416107177735,-16.81103515625,31.074440002441406,114.2578338623047,2026-02-13
2026-02-13 08:00:00,-50.0,-90.14090728759764,-51.08083038330078,-27.30673217773437,2.8197250366210938,88.4534927368164,2026-02-13
2026-02-13 09:00:00,-50.0,-87.07931060791014,-57.35262756347656,-30.096954345703125,-4.649423980712893,73.06644287109374,2026-02-13
2026-02-13 10:00:00,-50.0,-87.68758621215821,-59.10005874633789,-40.52603149414063,-15.80750045776368,80.58383255004881,2026-02-13
2026-02-13 11:00:00,-50.0,-79.0081817626953,-51.4000732421875,-40.286376953125,-23.600724029541016,56.15814819335937,2026-02-13
2026-02-13 12:00:00,-50.0,-82.57613220214844,-58.68745727539063,-38.02438354492188,-19.903402709960947,47.579476928710925,2026-02-13
2026-02-13 13:00:00,-50.0,-87.6159553527832,-54.55577011108399,-35.005859375,-7.735926818847659,97.67335891723633,2026-02-13
2026-02-13 14:00:00,-50.0,-83.47393417358398,-56.84209365844727,-30.55157470703125,-12.03128433227539,49.17972946166989,2026-02-13
2026-02-13 15:00:00,-50.0,-89.81867141723633,-47.330003356933595,-24.99472045898437,-0.7776428222656264,100.65102310180663,2026-02-13
2026-02-13 16:00:00,-50.0,-72.50966339111328,-42.057735443115234,-11.39019775390625,21.123790740966797,114.11563873291014,2026-02-13
2026-02-13 17:00:00,-48.69525146484375,-29.065225219726557,4.633447265625001,35.3690185546875,69.3584213256836,150.06415100097655,2026-02-13
2026-02-13 18:00:00,-26.132999420166016,158.4359390258789,183.02650451660156,220.89727783203125,279.0250274658203,332.5789794921875,2026-02-13
2026-02-13 19:00:00,11.484999656677246,123.06958541870117,156.77885894775392,183.88699340820312,233.7282356262207,313.18952560424805,2026-02-13
2026-02-13 20:00:00,8.925000190734863,79.85249404907226,116.20646896362305,144.76429748535156,167.36568527221678,223.94589614868164,2026-02-13
2026-02-13 21:00:00,181.10174560546875,130.18314437866212,157.5333564758301,176.6868896484375,213.39153213500975,262.77227249145506,2026-02-13
2026-02-13 22:00:00,13.243000030517578,27.77618713378905,58.903276062011706,99.69146728515624,142.19306488037108,231.0028625488281,2026-02-13
2026-02-13 23:00:00,32.07500076293945,-34.31197128295898,-8.939513397216796,21.7763671875,44.20761489868164,137.0975700378418,2026-02-13
2026-02-14 00:00:00,-49.49325180053711,14.397608184814455,27.662584686279295,33.48162841796875,39.841485595703126,66.57693328857422,2026-02-14
2026-02-14 01:00:00,-50.0,35.95715866088867,51.660396575927734,58.17555236816406,68.29333801269532,84.65307693481445,2026-02-14
2026-02-14 02:00:00,-50.0,53.722999572753906,74.08869934082031,84.10804748535156,97.80214996337891,174.4660675048828,2026-02-14
2026-02-14 03:00:00,-50.0,114.39074249267578,130.359716796875,140.85787963867188,157.20131912231446,264.227848815918,2026-02-14
2026-02-14 04:00:00,-37.5,34.98576354980469,55.00511627197265,67.43649291992188,77.66163482666016,125.6423324584961,2026-02-14
2026-02-14 05:00:00,45.0,78.20176544189452,96.11927032470702,103.6173858642578,114.98956604003905,155.36012420654293,2026-02-14
2026-02-14 06:00:00,-12.5,69.70328674316406,81.17154388427734,90.91970825195312,98.89524993896484,190.18178253173824,2026-02-14
2026-02-14 07:00:00,-50.0,9.831687927246094,26.195159912109375,34.976348876953125,43.923405456542966,67.13663635253906,2026-02-14
2026-02-14 08:00:00,-50.0,-32.46525726318359,-17.80646514892578,-11.838531494140623,-2.390870666503906,33.05895538330078,2026-02-14
2026-02-14 09:00:00,-50.0,-40.03329162597656,-28.44443359375,-20.38580322265625,-12.742477416992188,-2.8580322265625,2026-02-14
2026-02-14 10:00:00,-50.0,-39.69905242919921,-30.989501953124996,-26.697174072265625,-23.319911193847652,-9.326971435546874,2026-02-14
2026-02-14 11:00:00,-50.0,-50.04642181396484,-32.59626007080078,-27.0498046875,-21.722120666503905,-8.508616638183597,2026-02-14
2026-02-14 12:00:00,-50.0,-38.82710723876953,-25.607450866699217,-18.50537109375,-12.934060668945314,5.798223876953124,2026-02-14
2026-02-14 13:00:00,-50.0,-31.39786987304688,-19.85761108398438,-14.894378662109377,-11.075086975097658,-1.510179138183597,2026-02-14
2026-02-14 14:00:00,-50.0,-40.58539581298828,-28.119006347656253,-19.6358642578125,-12.638502502441407,-2.700459289550782,2026-02-14
2026-02-14 15:00:00,-50.0,-39.74086151123046,-27.2782958984375,-20.651580810546875,-14.15081787109375,8.573323059082028,2026-02-14
2026-02-14 16:00:00,-50.0,-46.11458892822266,-30.324160766601562,-21.316680908203125,-11.797381591796876,77.69794311523437,2026-02-14
2026-02-14 17:00:00,-50.0,-49.347296142578124,-22.46248321533203,-13.784912109375,-5.170947265625001,28.66318359375,2026-02-14
2026-02-14 18:00:00,-46.479251861572266,-31.695536804199214,-6.937843322753906,1.755706787109375,17.760810089111327,102.28053894042968,2026-02-14
2026-02-14 19:00:00,-12.49625015258789,-20.181051635742186,4.362922668457033,13.234100341796877,22.67813491821289,65.10886306762696,2026-02-14
2026-02-14 20:00:00,-50.0,-26.3988037109375,4.971185302734376,16.80389404296875,37.60597763061523,113.94456329345702,2026-02-14
2026-02-14 21:00:00,-50.0,-6.988785552978513,18.52584915161133,31.0233154296875,42.66494369506836,139.88344650268556,2026-02-14
2026-02-14 22:00:00,-50.0,-20.18607940673828,-0.6764953613281239,8.81695556640625,20.510077667236327,77.9289566040039,2026-02-14
2026-02-14 23:00:00,-50.0,-23.988442230224607,-3.0261894226074215,10.83367919921875,24.027877044677734,125.13134994506835,2026-02-14
2026-02-15 00:00:00,212.5,142.86343078613282,148.34982604980468,151.0942840576172,153.1972213745117,160.97583465576173,2026-02-15
2026-02-15 01:00:00,195.0,159.3891128540039,166.8780960083008,171.1362762451172,175.87122039794923,189.30626220703124,2026-02-15
2026-02-15 02:00:00,272.5,222.1394515991211,226.1055130004883,233.4977569580078,238.73415985107422,251.22027740478515,2026-02-15
2026-02-15 03:00:00,290.0,268.02405242919923,283.7899673461914,290.2732238769531,295.0625564575195,307.49988250732423,2026-02-15
2026-02-15 04:00:00,292.5,287.70014648437495,295.0434707641601,299.5516967773437,305.89186859130854,324.7527809143066,2026-02-15
2026-02-15 05:00:00,280.0,283.7598373413086,292.34441833496095,296.0920715332031,302.19307098388674,312.35284423828125,2026-02-15
2026-02-15 06:00:00,142.5,277.6335174560547,286.61754150390624,291.68621826171875,296.93753204345705,308.61068572998045,2026-02-15
2026-02-15 07:00:00,175.0,273.75902862548827,283.8485733032227,286.79034423828125,290.32276153564453,299.7345657348633,2026-02-15
2026-02-15 08:00:00,-50.0,148.63045654296874,159.1278503417969,162.1761016845703,166.1165283203125,174.73904876708986,2026-02-15
2026-02-15 09:00:00,-50.0,-22.400666809082022,-10.95392150878906,-6.06829833984375,-2.41293029785156,5.322242736816408,2026-02-15
2026-02-15 10:00:00,-50.0,-30.699768066406243,-21.676362609863283,-16.17852783203125,-11.470863342285156,8.070123291015623,2026-02-15
2026-02-15 11:00:00,-50.0,-31.042033386230464,-24.450929260253904,-21.28094482421875,-17.6138916015625,-3.2261016845703097,2026-02-15
2026-02-15 12:00:00,-50.0,-28.956468200683595,-21.666848754882814,-17.835540771484375,-13.860037231445313,-5.899961853027344,2026-02-15
2026-02-15 13:00:00,-50.0,-26.854774475097656,-18.4624008178711,-13.755462646484377,-7.171995544433596,3.2596130371093732,2026-02-15
2026-02-15 14:00:00,-50.0,-23.042657470703126,-16.894992065429687,-11.640869140625,-7.490985107421875,6.452618408203122,2026-02-15
2026-02-15 15:00:00,-50.0,-22.149017333984375,-15.16719665527344,-10.633880615234377,-4.498851013183596,2.237388610839842,2026-02-15
2026-02-15 16:00:00,-25.0,-8.08870849609375,5.550962829589842,11.501251220703123,15.887135314941403,40.23543090820312,2026-02-15
2026-02-15 17:00:00,342.5,364.9501663208008,377.5544067382813,385.1860046386719,391.76031799316405,414.55515747070314,2026-02-15
2026-02-15 18:00:00,370.0,492.98770599365236,510.4663543701172,520.0861206054688,527.6581924438476,541.1217582702636,2026-02-15
2026-02-15 19:00:00,317.5,452.12617187500007,470.3821411132813,480.4215698242188,488.9521469116211,520.9224967956543,2026-02-15
2026-02-15 20:00:00,290.0,399.1039672851563,412.7594680786133,419.7039794921875,427.5886993408203,456.49901123046874,2026-02-15
2026-02-15 21:00:00,300.0,526.2154205322265,542.4857315063476,548.908447265625,560.409228515625,584.6118278503418,2026-02-15
2026-02-15 22:00:00,322.5,702.6376861572265,719.745442199707,732.255859375,746.398233795166,847.4473236083984,2026-02-15
2026-02-15 23:00:00,435.0,397.48924560546874,408.1682189941406,418.2510986328125,430.2386947631836,472.2742042541504,2026-02-15
2026-02-16 00:00:00,340.0,395.6653625488281,422.5103454589844,436.2366943359375,449.66380004882814,473.1613525390625,2026-02-16
2026-02-16 01:00:00,340.0,363.8363021850587,403.0176315307618,416.8308715820313,436.9894104003907,477.656723022461,2026-02-16
2026-02-16 02:00:00,340.0,321.0555526733399,358.51157684326176,383.4928588867188,409.81320495605473,456.4834106445313,2026-02-16
2026-02-16 03:00:00,340.0,325.81754913330076,379.3607452392578,409.008056640625,428.25218200683594,480.27132720947264,2026-02-16
2026-02-16 04:00:00,340.0,304.8889030456543,353.09993438720704,387.2262268066406,418.8838912963867,456.5167526245117,2026-02-16
2026-02-16 05:00:00,340.0,218.32346725463867,296.77270202636714,330.0751037597656,355.35524444580074,407.66241760253905,2026-02-16
2026-02-16 06:00:00,340.0,226.5372024536133,293.7882583618164,332.4254150390625,348.5938705444336,431.83418426513674,2026-02-16
2026-02-16 07:00:00,332.5,258.9768890380859,300.03715057373046,333.3721618652344,394.4576507568359,461.8589157104492,2026-02-16
2026-02-16 08:00:00,130.0,215.40647354125977,247.15568618774415,274.4302062988281,302.49017028808595,408.94135971069335,2026-02-16
2026-02-16 09:00:00,-50.0,91.25034713745117,122.7863052368164,137.1832275390625,157.09690628051757,238.47077407836912,2026-02-16
2026-02-16 10:00:00,-50.0,-6.9351890563964815,28.46292953491211,41.70567321777344,69.17140197753906,153.81242599487302,2026-02-16
2026-02-16 11:00:00,62.5,94.68593978881836,119.67008438110352,141.07362365722656,154.5268981933594,227.52644882202148,2026-02-16
2026-02-16 12:00:00,-25.0,45.66859817504883,73.62621536254883,90.13340759277344,110.25380401611328,177.91664505004883,2026-02-16
2026-02-16 13:00:00,-50.0,-22.792601013183596,2.799418640136718,21.47177124023437,43.20608444213866,111.90525360107421,2026-02-16
2026-02-16 14:00:00,-50.0,9.225901031494146,40.78242568969726,58.8775634765625,88.15146179199218,193.88495254516602,2026-02-16
2026-02-16 15:00:00,-50.0,75.12099990844729,98.43789138793947,123.64520263671876,155.90495834350588,259.63191452026365,2026-02-16
2026-02-16 16:00:00,110.0,167.54957885742186,201.15848693847653,222.62591552734372,276.6313812255859,374.51715698242185,2026-02-16
2026-02-16 17:00:00,257.5,253.96138610839844,276.22922286987307,308.643310546875,374.3550308227539,448.83509063720703,2026-02-16
2026-02-16 18:00:00,295.0,268.1635353088379,298.33425521850586,320.1406555175781,389.0204536437988,469.7663124084472,2026-02-16
2026-02-16 19:00:00,280.0,247.51626434326172,284.40283889770507,330.08160400390625,364.3963493347168,418.65951919555664,2026-02-16
2026-02-16 20:00:00,257.5,294.8474395751953,327.6738624572754,353.75341796875,396.0267272949219,445.09893188476565,2026-02-16
2026-02-16 21:00:00,265.0,355.9223007202148,392.8968132019043,427.42388916015625,478.0708374023437,550.364208984375,2026-02-16
2026-02-16 22:00:00,275.0,286.3296585083008,316.4777183532715,351.51123046875,394.17976913452145,441.8506278991699,2026-02-16
2026-02-16 23:00:00,315.0,257.513338470459,292.91594848632815,323.6609191894531,386.2027244567871,437.4914604187012,2026-02-16
2026-02-17 00:00:00,215.0,224.1225372314453,246.07730407714843,255.2496795654297,265.0822998046875,290.5581085205078,2026-02-17
2026-02-17 01:00:00,242.5,188.30026779174804,225.02669982910157,236.992431640625,250.16628723144532,271.7695266723633,2026-02-17
2026-02-17 02:00:00,265.0,224.08570709228516,255.27861328125,268.9565124511719,284.40968322753906,307.60067596435545,2026-02-17
2026-02-17 03:00:00,-12.5,197.07685089111328,235.4532913208008,257.73944091796875,278.0957626342773,318.12974700927737,2026-02-17
2026-02-17 04:00:00,12.5,190.4210632324219,228.38912048339844,240.52438354492188,258.60623931884766,287.58453674316405,2026-02-17
2026-02-17 05:00:00,-37.5,145.91920166015626,212.9975112915039,228.22000122070312,243.28955841064453,288.30664215087893,2026-02-17
2026-02-17 06:00:00,-50.0,102.05116195678711,147.54404830932617,184.2996826171875,197.04729614257812,230.69590606689457,2026-02-17
2026-02-17 07:00:00,-50.0,9.905780792236342,49.469036102294936,103.6897430419922,127.18539428710939,170.19974060058595,2026-02-17
2026-02-17 08:00:00,-50.0,-71.00837173461913,-29.862404632568357,-4.97418212890625,25.012314605712888,85.4944091796875,2026-02-17
2026-02-17 09:00:00,-50.0,-61.284308624267574,-38.60168533325195,-16.81329345703125,3.787530517578123,93.16649475097655,2026-02-17
2026-02-17 10:00:00,-50.0,-68.03654251098632,-53.22972030639649,-25.14642333984375,-3.065896606445314,65.45257415771484,2026-02-17
2026-02-17 11:00:00,-50.0,-54.71201171875,-33.27309112548828,-19.26861572265625,-0.508501434326174,20.865782165527342,2026-02-17
2026-02-17 12:00:00,-50.0,-41.045153045654295,-30.854009246826173,-16.9796142578125,-8.82775344848633,20.839515686035156,2026-02-17
2026-02-17 13:00:00,-50.0,-65.50736694335939,-40.112115478515626,-27.6669921875,-11.888291931152345,35.85636825561523,2026-02-17
2026-02-17 14:00:00,-50.0,-66.2243682861328,-44.87440032958985,-22.44696044921875,-7.45310592651367,79.96854782104492,2026-02-17
2026-02-17 15:00:00,-50.0,-69.88505477905272,-37.63975601196289,-21.5699462890625,0.8400245666503849,87.90987854003903,2026-02-17
2026-02-17 16:00:00,-50.0,-65.97238388061524,-43.21094436645508,-25.331085205078125,22.68456115722656,106.60462341308593,2026-02-17
2026-02-17 17:00:00,-50.0,-92.98338394165039,-56.2979995727539,-16.30487060546875,34.39970245361328,100.33834381103514,2026-02-17
2026-02-17 18:00:00,-50.0,77.39552688598633,118.23835754394531,148.5019073486328,189.3403747558594,246.53873596191406,2026-02-17
2026-02-17 19:00:00,-50.0,52.16387023925782,98.68919677734375,145.1623992919922,167.20804138183593,213.0510665893555,2026-02-17
2026-02-17 20:00:00,-50.0,49.05592575073243,84.26424560546874,115.91017150878906,138.51760482788086,189.09855422973632,2026-02-17
2026-02-17 21:00:00,-50.0,11.56539001464845,39.96675567626954,73.52908325195312,111.95756225585939,150.64443969726562,2026-02-17
2026-02-17 22:00:00,-50.0,-47.6871353149414,-12.754341125488281,28.77392578125,52.02125091552735,109.66728057861327,2026-02-17
2026-02-17 23:00:00,-50.0,-47.72052993774413,-7.755722045898434,23.7110595703125,51.82285919189453,84.58963317871093,2026-02-17
2026-02-18 00:00:00,-50.0,72.15628356933594,73.82567291259765,75.04258728027344,76.14807586669922,80.09307403564453,2026-02-18
2026-02-18 01:00:00,-50.0,106.60809631347657,111.62805633544922,113.22084045410156,115.05458068847656,130.69446868896483,2026-02-18
2026-02-18 02:00:00,-50.0,212.105241394043,215.76864166259767,217.68814086914065,220.50305175781253,235.5241165161133,2026-02-18
2026-02-18 03:00:00,-50.0,246.55736999511717,250.8899017333984,253.8251037597656,255.52850189208982,280.02789306640625,2026-02-18
2026-02-18 04:00:00,-50.0,223.8994110107422,229.0267807006836,231.8523406982422,236.79522552490235,364.9196533203125,2026-02-18
2026-02-18 05:00:00,12.5,229.66436309814452,236.47955780029298,239.57421875,243.1984619140625,347.1828979492187,2026-02-18
2026-02-18 06:00:00,0.0,230.53804779052734,234.51973571777344,237.73709106445312,240.49208068847656,262.98456344604494,2026-02-18
2026-02-18 07:00:00,-50.0,104.60881805419922,109.11543121337891,113.35171508789062,118.78613586425782,236.629345703125,2026-02-18
2026-02-18 08:00:00,-50.0,-27.34693298339844,-19.2751220703125,-16.648712158203125,-12.737274169921875,96.87226257324218,2026-02-18
2026-02-18 09:00:00,-50.0,-35.86638031005859,-30.119055175781245,-27.26278686523437,-22.29135131835937,78.9958267211914,2026-02-18
2026-02-18 10:00:00,-50.0,-42.23361053466797,-34.770101928710936,-30.831512451171875,-26.29500274658203,111.91355438232421,2026-02-18
2026-02-18 11:00:00,-50.0,-34.53359985351562,-25.700906372070307,-23.55892944335937,-19.158818054199212,8.56195526123047,2026-02-18
2026-02-18 12:00:00,-50.0,-23.941403198242185,-18.052157592773437,-12.87237548828125,-8.117393493652344,111.06007385253905,2026-02-18
2026-02-18 13:00:00,-50.0,-35.006526184082034,-25.79541015625,-23.138580322265625,-19.720974731445313,92.28730316162108,2026-02-18
2026-02-18 14:00:00,-50.0,-38.675602722167966,-33.08154144287109,-29.108612060546875,-25.60503387451172,134.74769897460936,2026-02-18
2026-02-18 15:00:00,-50.0,-35.89058227539063,-28.13501892089844,-24.763641357421875,-20.87999572753906,-12.4667724609375,2026-02-18
2026-02-18 16:00:00,-50.0,-28.31682891845703,-20.92725524902344,-17.047454833984375,-11.791847229003906,93.53651275634765,2026-02-18
2026-02-18 17:00:00,-50.0,-17.726019287109374,-8.473118591308594,-3.29010009765625,5.4261528015136715,124.40744476318359,2026-02-18
2026-02-18 18:00:00,-50.0,139.15567016601562,149.9471694946289,158.29212951660156,198.98341064453126,297.2928009033203,2026-02-18
2026-02-18 19:00:00,-50.34600067138672,47.74369049072266,56.502043151855474,61.87319946289063,80.04845657348633,249.67319335937498,2026-02-18
2026-02-18 20:00:00,-50.0,-38.93417816162109,-25.539190673828124,-19.71783447265625,-6.237269592285157,139.47736053466795,2026-02-18
2026-02-18 21:00:00,-50.0,-40.82768249511719,-27.42955474853516,-23.09857177734375,-12.093358612060548,117.26204528808591,2026-02-18
2026-02-18 22:00:00,-50.0,-44.03895874023438,-34.376617431640625,-27.753662109375,-8.124614715576172,113.87965698242189,2026-02-18
2026-02-18 23:00:00,-50.0,-42.06926727294922,-34.16278991699219,-26.847076416015625,-3.183955383300784,195.8304901123047,2026-02-18
2026-02-19 00:00:00,-50.0,-16.631733703613282,-13.754241943359373,-12.703643798828123,-11.980284118652344,-5.2831588745117175,2026-02-19
2026-02-19 01:00:00,-50.0,-21.77607727050781,-17.93592529296875,-16.56805419921875,-15.581991577148438,-11.853746032714842,2026-02-19
2026-02-19 02:00:00,-50.0,-22.277207946777345,-20.105345153808592,-18.8358154296875,-17.44664611816406,-15.304893493652344,2026-02-19
2026-02-19 03:00:00,-50.0,-20.658856201171876,-18.895590209960936,-17.595458984375,-16.777645874023438,-12.982878112792969,2026-02-19
2026-02-19 04:00:00,-50.0,-19.932815551757816,-18.449855041503906,-17.438446044921875,-16.498493957519532,-13.311419677734374,2026-02-19
2026-02-19 05:00:00,-50.0,-23.461643981933587,-19.995588684082026,-18.96200561523437,-17.778630065917962,-14.445661926269526,2026-02-19
2026-02-19 06:00:00,-50.0,-24.874369812011718,-21.535227966308593,-20.789031982421875,-19.817752075195312,-16.47838592529297,2026-02-19
2026-02-19 07:00:00,-50.0,-21.900968933105467,-20.28150329589844,-19.5947265625,-18.48961181640625,-14.275758361816408,2026-02-19
2026-02-19 08:00:00,-50.0,-27.721978759765626,-26.270249938964845,-25.16204833984375,-24.466876220703124,-21.96593780517578,2026-02-19
2026-02-19 09:00:00,-50.0,-23.940898132324218,-21.641726684570312,-20.68548583984375,-19.49010467529297,-17.23841094970703,2026-02-19
2026-02-19 10:00:00,-50.0,-21.6760498046875,-20.65233612060547,-19.71575927734375,-18.755149841308594,-16.99690399169922,2026-02-19
2026-02-19 11:00:00,-50.0,-26.099549865722654,-24.394677734374998,-23.561676025390625,-22.657548522949217,-21.004469299316405,2026-02-19
2026-02-19 12:00:00,-50.0,-29.90912322998047,-27.393722534179688,-26.129608154296875,-25.404005432128905,-23.19188537597656,2026-02-19
2026-02-19 13:00:00,-50.0,-27.63358001708984,-26.20608673095703,-24.88201904296875,-23.519712829589842,-19.961254882812497,2026-02-19
2026-02-19 14:00:00,-50.0,-26.77753143310547,-24.436756896972657,-23.3387451171875,-22.218901062011717,-19.86873779296875,2026-02-19
2026-02-19 15:00:00,-50.0,-25.10467987060547,-21.091065979003908,-19.71722412109375,-18.146913146972658,-11.561726379394532,2026-02-19
2026-02-19 16:00:00,-50.0,-20.472805786132813,-17.50023040771484,-16.62017822265625,-13.9766357421875,-11.206243896484372,2026-02-19
2026-02-19 17:00:00,-50.0,-7.556965637207034,-4.642965698242188,-2.82244873046875,-1.053660583496094,97.49419708251952,2026-02-19
2026-02-19 18:00:00,-50.08649826049805,2.3590652465820314,4.95634765625,6.760223388671875,8.324809265136718,12.383209228515625,2026-02-19
2026-02-19 19:00:00,-51.21200180053711,-9.02903137207031,-6.138102722167966,-4.009552001953125,-2.01809387207031,107.21398162841797,2026-02-19
2026-02-19 20:00:00,-50.0,-20.76251983642578,-16.57718505859375,-14.6025390625,-12.558700561523438,-8.462014007568358,2026-02-19
2026-02-19 21:00:00,-50.0,-25.78401641845703,-22.819441223144526,-20.20077514648437,-17.67483215332031,-5.583297729492186,2026-02-19
2026-02-19 22:00:00,-50.0,-21.993376159667974,-17.301968383789063,-14.950042724609377,-13.131961059570315,-5.65517044067383,2026-02-19
2026-02-19 23:00:00,-50.0,-14.350073242187499,-10.731266784667971,-7.885498046875,-5.606823730468751,2.6536537170410153,2026-02-19
2026-02-20 00:00:00,-50.0,-0.2476715087890624,0.4882705688476563,0.892669677734375,1.3093841552734375,2.854071044921875,2026-02-20
2026-02-20 01:00:00,-50.0,-8.1361572265625,-7.2292633056640625,-6.740386962890625,-6.244087219238281,-4.408103942871094,2026-02-20
2026-02-20 02:00:00,-50.0,-11.206977844238281,-9.253277587890626,-8.545074462890625,-7.79700927734375,92.249755859375,2026-02-20
2026-02-20 03:00:00,-50.0,-3.7267135620117187,-1.9771835327148437,-1.32391357421875,-0.8554916381835938,0.8787750244140624,2026-02-20
2026-02-20 04:00:00,-50.0,5.296131896972657,6.986851501464844,7.6588134765625,8.38538818359375,10.3470458984375,2026-02-20
2026-02-20 05:00:00,-50.0,0.7962982177734377,2.4404266357421873,3.11083984375,4.033413696289062,9.64497604370117,2026-02-20
2026-02-20 06:00:00,-50.0,-1.104756164550781,0.03729400634765634,0.7279052734375,1.307464599609375,3.6420921325683593,2026-02-20
2026-02-20 07:00:00,-50.0,-18.216461181640625,-16.786585998535156,-16.2479248046875,-15.405972290039063,-7.221336364746094,2026-02-20
2026-02-20 08:00:00,-50.0,-29.20471649169922,-27.648760986328124,-26.842803955078125,-26.221054077148438,-24.257313537597657,2026-02-20
2026-02-20 09:00:00,-50.0,-23.354498291015624,-22.08943328857422,-21.203826904296875,-20.226084899902343,98.44068984985351,2026-02-20
2026-02-20 10:00:00,-50.0,-21.131085205078122,-20.054798889160153,-19.48080444335937,-18.62032012939453,-8.791320800781246,2026-02-20
2026-02-20 11:00:00,-50.0,-24.469117736816408,-22.759481811523436,-22.068817138671875,-21.131546020507812,96.23552474975585,2026-02-20
2026-02-20 12:00:00,-50.0,-27.359469604492187,-25.765061950683595,-24.8192138671875,-23.88060760498047,-20.134946441650392,2026-02-20
2026-02-20 13:00:00,-50.0,-27.872189331054685,-26.08235931396484,-25.33505249023437,-24.082772827148435,69.91111679077147,2026-02-20
2026-02-20 14:00:00,-50.0,-28.073568725585936,-26.38664093017578,-25.812774658203125,-24.908070373535157,103.0632484436035,2026-02-20
2026-02-20 15:00:00,-50.0,-28.063017272949217,-25.029762268066406,-23.888427734375,-22.30548095703125,90.52440719604492,2026-02-20
2026-02-20 16:00:00,-50.0,-23.926788330078125,-20.941844177246093,-19.92327880859375,-18.321180725097655,102.49140548706053,2026-02-20
2026-02-20 17:00:00,-50.0,-10.65555419921875,-8.69127960205078,-7.0684814453125,-5.845489501953125,113.78556900024411,2026-02-20
2026-02-20 18:00:00,-50.0,10.20795135498047,11.739414978027344,13.14495849609375,14.215028381347656,114.86617584228514,2026-02-20
2026-02-20 19:00:00,-50.0,17.406147766113282,19.16568603515625,20.721588134765625,22.207704925537108,169.04178390502932,2026-02-20
2026-02-20 20:00:00,-50.0,12.121784973144532,15.253327941894531,16.06036376953125,17.110523986816407,124.06912155151366,2026-02-20
2026-02-20 21:00:00,-50.0,4.45013427734375,6.5697021484375,8.133209228515625,9.996450805664063,200.3962532043457,2026-02-20
2026-02-20 22:00:00,-50.0,20.08429718017578,21.95070037841797,23.316680908203125,26.026649475097656,206.17070846557615,2026-02-20
2026-02-20 23:00:00,-50.0,-2.071809387207031,-0.09306182861328116,1.221649169921875,3.5908729553222654,144.39440536499023,2026-02-20
2026-02-21 00:00:00,-50.0,2.4070785522460936,3.152024841308594,3.427886962890625,3.9828956604003904,4.924668884277343,2026-02-21
2026-02-21 01:00:00,-50.0,-13.482619476318359,-12.555126953125,-12.15667724609375,-11.867159271240235,-10.1,2026-02-21
2026-02-21 02:00:00,-50.0,-20.811904144287105,-19.88843841552734,-19.46737670898437,-19.002938842773435,-17.574094390869135,2026-02-21
2026-02-21 03:00:00,-50.0,-20.854660034179688,-20.071469879150392,-19.64459228515625,-19.280957794189455,69.40277023315429,2026-02-21
2026-02-21 04:00:00,-50.0,-20.665174865722655,-20.041288757324217,-19.702301025390625,-19.332332611083984,-17.231339263916016,2026-02-21
2026-02-21 05:00:00,-50.0,-27.621149444580077,-26.490506744384767,-26.103790283203125,-25.757464599609374,-24.598511505126954,2026-02-21
2026-02-21 06:00:00,-50.0,-33.66646728515625,-33.109151458740236,-32.78753662109375,-32.44302673339844,59.07821350097653,2026-02-21
2026-02-21 07:00:00,-50.0,-38.9296989440918,-38.14265823364258,-37.879180908203125,-37.59725723266602,-36.54344940185547,2026-02-21
2026-02-21 08:00:00,-50.0,-35.26044540405274,-34.701025390625,-34.331756591796875,-33.971823120117186,-32.56474685668945,2026-02-21
2026-02-21 09:00:00,-50.0,-31.516498565673828,-30.745207214355467,-30.373321533203125,-29.872300720214845,95.09269561767577,2026-02-21
2026-02-21 10:00:00,-50.0,-30.683657073974608,-30.149620819091798,-29.932830810546875,-29.47748260498047,65.5219627380371,2026-02-21
2026-02-21 11:00:00,-50.0,-34.15852432250976,-33.70184097290039,-33.420440673828125,-33.013648986816406,-32.053007507324224,2026-02-21
2026-02-21 12:00:00,-50.0,-36.19432907104492,-35.70437393188477,-35.314239501953125,-34.947966766357425,-33.521402740478514,2026-02-21
2026-02-21 13:00:00,-50.0,-34.592959594726565,-33.929761505126955,-33.518585205078125,-33.24209289550781,-31.559907531738283,2026-02-21
2026-02-21 14:00:00,-50.0,-33.841040802001956,-32.730692291259764,-32.207000732421875,-31.763065338134766,71.4271469116211,2026-02-21
2026-02-21 15:00:00,-50.0,-31.957089233398438,-31.24408493041992,-30.739715576171875,-30.334323120117183,67.84691467285155,2026-02-21
2026-02-21 16:00:00,-50.0,-27.695046997070314,-26.77603530883789,-26.333648681640625,-25.86827621459961,-23.027132415771483,2026-02-21
2026-02-21 17:00:00,41.75,-32.01380844116211,-31.256119537353516,-30.822021484375,-30.083553314208984,59.09745178222656,2026-02-21
2026-02-21 18:00:00,93.270751953125,-3.5790855407714868,-2.8523185729980467,-2.34991455078125,-1.7209495544433593,130.63381271362303,2026-02-21
2026-02-21 19:00:00,163.95199584960938,-18.831235504150392,-18.031436157226562,-17.471466064453125,-16.748191833496094,106.40477905273437,2026-02-21
2026-02-21 20:00:00,243.29849243164065,-10.576402282714843,-9.446149444580078,-8.935638427734375,-7.865525817871093,131.04832916259764,2026-02-21
2026-02-21 21:00:00,249.0865020751953,83.87025146484375,85.3959098815918,86.07052612304688,86.58922424316407,185.40351791381835,2026-02-21
2026-02-21 22:00:00,285.0,163.07123107910155,164.48291091918946,165.25930786132812,165.95781784057618,296.2675132751465,2026-02-21
2026-02-21 23:00:00,285.0,161.19205551147462,162.61639251708985,163.26744079589844,164.21607666015626,271.11838455200194,2026-02-21
2026-02-22 00:00:00,-37.5,200.2896301269531,245.39263305664062,253.85821533203125,268.8346008300781,297.60145416259763,2026-02-22
2026-02-22 01:00:00,-50.0,183.00824356079104,219.58600463867188,233.87106323242188,250.70586242675785,271.61366271972656,2026-02-22
2026-02-22 02:00:00,-50.0,147.12619018554688,177.9464309692383,201.733154296875,228.27633056640624,262.8500244140625,2026-02-22
2026-02-22 03:00:00,-50.0,99.03899307250977,158.14704284667968,179.91867065429688,194.785285949707,228.05248260498047,2026-02-22
2026-02-22 04:00:00,-50.0,62.955602264404305,140.04436798095702,149.99246215820312,173.11803283691407,210.20618743896483,2026-02-22
2026-02-22 05:00:00,-50.0,84.02447662353516,144.19886322021483,163.1834259033203,187.86244201660156,232.87415313720703,2026-02-22
2026-02-22 06:00:00,-50.0,101.89571914672852,147.4948616027832,203.74343872070312,230.06273803710937,282.46949157714846,2026-02-22
2026-02-22 07:00:00,-50.0,93.11391906738281,131.69149894714354,177.53759765625,203.00506439208982,264.21388854980466,2026-02-22
2026-02-22 08:00:00,-50.0,-66.46563568115235,-45.058539581298824,-11.31182861328125,35.99637298583984,114.6832420349121,2026-02-22
2026-02-22 09:00:00,-50.0,-68.57558822631836,-45.06486053466797,-27.011993408203125,-2.0473392486572273,72.59776840209959,2026-02-22
2026-02-22 10:00:00,-50.0,-61.00511245727539,-40.722757720947264,-18.99334716796875,-4.340098571777345,71.0648582458496,2026-02-22
2026-02-22 11:00:00,-50.0,-54.21690368652344,-32.394107818603516,-16.70330810546875,-1.1475181579589862,78.22523040771483,2026-02-22
2026-02-22 12:00:00,-50.0,-54.18929824829101,-35.800663757324216,-22.23764038085937,-8.373093414306638,62.75892715454101,2026-02-22
2026-02-22 13:00:00,-50.0,-56.4783447265625,-42.90820236206054,-23.54232788085937,3.1429424285888707,72.69313507080078,2026-02-22
2026-02-22 14:00:00,-50.0,-54.44215927124023,-38.943102264404295,-23.319091796875,0.0549518585205071,95.15282669067382,2026-02-22
2026-02-22 15:00:00,-50.0,-53.60990295410156,-35.1494857788086,-22.81787109375,19.571772003173827,83.0584747314453,2026-02-22
2026-02-22 16:00:00,-50.0,-65.7672348022461,-36.06448822021484,-22.85693359375,40.36623840332031,100.56833190917968,2026-02-22
2026-02-22 17:00:00,127.5,178.51592254638672,194.40876693725585,210.19210815429688,277.3424835205078,341.8030670166015,2026-02-22
2026-02-22 18:00:00,125.7354965209961,291.62011795043946,320.3169403076172,345.9486083984375,414.28466644287107,505.8127265930176,2026-02-22
2026-02-22 19:00:00,97.70475006103516,398.1919120788574,427.72849731445314,483.15338134765625,536.6316360473633,627.1878341674804,2026-02-22
2026-02-22 20:00:00,152.04925537109375,358.67000503540044,392.0794746398926,430.4839477539063,485.8513832092286,543.0779640197754,2026-02-22
2026-02-22 21:00:00,225.0,304.0157928466797,357.5625617980957,414.3470764160156,457.65256958007814,545.9587509155274,2026-02-22
2026-02-22 22:00:00,220.0,226.14518661499022,251.25058364868164,319.1487731933594,344.0061965942383,403.7429656982422,2026-02-22
2026-02-22 23:00:00,252.5,237.3721405029297,255.46107788085936,307.5069580078125,354.3395172119141,440.4121627807617,2026-02-22
2026-02-23 00:00:00,100.0,171.1768371582031,224.03778266906738,256.17877197265625,282.73566284179685,341.38244171142577,2026-02-23
2026-02-23 01:00:00,222.5,132.01311492919925,174.9621620178223,231.04710388183597,247.6653747558594,300.9244842529297,2026-02-23
2026-02-23 02:00:00,280.0,163.75542755126955,184.902352142334,237.1150665283203,254.1421745300293,308.4478500366211,2026-02-23
2026-02-23 03:00:00,242.5,183.0076293945312,196.2950363159179,257.8124389648437,276.2220352172851,310.9680961608886,2026-02-23
2026-02-23 04:00:00,25.0,181.35027084350583,195.81870346069334,208.90219116210935,265.4929710388183,313.10963363647454,2026-02-23
2026-02-23 05:00:00,-37.5,89.90960845947268,101.15566024780276,111.20149230957033,163.26743698120117,196.64603805541992,2026-02-23
2026-02-23 06:00:00,122.5,91.16900863647462,99.10267486572266,104.85397338867188,131.30109405517578,206.68785552978517,2026-02-23
2026-02-23 07:00:00,150.0,95.6343147277832,103.91153488159179,107.87840270996094,116.05713729858398,195.35723266601565,2026-02-23
2026-02-23 08:00:00,-37.5,15.992256927490235,23.2457633972168,27.889068603515625,32.27471771240234,111.07704467773436,2026-02-23
2026-02-23 09:00:00,-50.0,-30.46886749267578,-25.036417388916014,-20.79718017578125,-15.726895904541017,49.502201843261716,2026-02-23
2026-02-23 10:00:00,-50.0,-30.27912292480469,-25.42781295776367,-22.95166015625,-19.413085174560546,-0.3538024902343757,2026-02-23
2026-02-23 11:00:00,-50.0,-36.79511566162109,-30.734320068359374,-27.755645751953125,-25.47300872802734,-20.432311248779296,2026-02-23
2026-02-23 12:00:00,-50.0,-36.74791793823242,-29.751688385009764,-27.288726806640625,-25.647423553466798,12.338329696655272,2026-02-23
2026-02-23 13:00:00,-50.0,-30.767720031738282,-26.56747970581055,-23.925811767578125,-21.6404670715332,-4.090724945068359,2026-02-23
2026-02-23 14:00:00,-50.0,-30.135335540771486,-25.147669982910156,-22.831451416015625,-18.585741424560545,57.46511535644531,2026-02-23
2026-02-23 15:00:00,-50.0,-30.7197265625,-24.29470901489258,-22.35894775390625,-19.394725036621093,33.55136795043945,2026-02-23
2026-02-23 16:00:00,-50.0,-25.828218078613283,-19.24668960571289,-15.63623046875,-2.9213279724121097,99.53214111328124,2026-02-23
2026-02-23 17:00:00,347.5,119.75692291259766,129.10895004272462,132.76153564453125,138.965576171875,208.5664535522461,2026-02-23
2026-02-23 18:00:00,352.5,263.04046936035155,277.69964599609375,284.2324523925781,309.84785041809084,432.4345573425293,2026-02-23
2026-02-23 19:00:00,270.0,246.66190185546876,258.8179878234863,282.3096923828125,346.0225471496582,396.08237915039064,2026-02-23
2026-02-23 20:00:00,282.5,231.47014694213868,244.56288452148436,310.5423278808594,338.9635551452637,407.98343124389646,2026-02-23
2026-02-23 21:00:00,212.5,259.60384063720704,273.8859405517578,339.2835388183594,362.51254043579104,424.5859718322754,2026-02-23
2026-02-23 22:00:00,197.5,221.45812683105467,232.66056213378903,253.53273010253903,306.7834335327148,359.23082885742184,2026-02-23
2026-02-23 23:00:00,232.5,155.19208221435548,168.66966705322267,181.80877685546875,247.91236190795897,304.4329292297363,2026-02-23
2026-02-24 00:00:00,317.5,260.83792343139646,290.89738845825195,338.08172607421875,357.3213493347168,401.2453666687012,2026-02-24
2026-02-24 01:00:00,240.0,273.98701400756835,294.67796020507814,358.1023864746094,379.2362533569336,403.2726486206055,2026-02-24
2026-02-24 02:00:00,187.5,315.77562255859374,331.6459190368652,392.4125061035156,415.38373947143555,457.77513961791993,2026-02-24
2026-02-24 03:00:00,275.0,381.9737358093262,393.16103591918943,458.8631591796875,482.9599189758301,557.8658149719238,2026-02-24
2026-02-24 04:00:00,280.0,237.00276870727538,250.6661148071289,310.5244140625,337.30873336791996,394.5277839660645,2026-02-24
2026-02-24 05:00:00,175.0,179.3891525268554,190.99501495361324,256.0917358398437,275.76469879150386,342.3758468627929,2026-02-24
2026-02-24 06:00:00,-50.0,174.7097038269043,182.47852783203126,195.20700073242188,276.6650360107422,331.5990409851074,2026-02-24
2026-02-24 07:00:00,-50.0,101.26754150390624,105.25947799682618,109.02528381347656,179.4283103942871,283.9223335266113,2026-02-24
2026-02-24 08:00:00,-50.0,-25.46764373779297,-20.207208251953126,-15.723388671875,55.207212066650385,97.89888610839843,2026-02-24
2026-02-24 09:00:00,-50.0,-25.37686614990234,-18.878431701660155,-16.486846923828125,-12.773635101318359,80.66192932128905,2026-02-24
2026-02-24 10:00:00,-50.0,-16.209972381591797,-13.296495819091797,-10.772491455078123,-7.7290626525878885,89.90344161987304,2026-02-24
2026-02-24 11:00:00,-50.0,-8.762645721435547,-3.6223731994628903,-1.061187744140625,0.8763572692871093,95.45528564453124,2026-02-24
2026-02-24 12:00:00,-50.0,-12.173049926757812,-8.391419982910156,-6.597381591796875,-1.1870147705078127,89.836222076416,2026-02-24
2026-02-24 13:00:00,-50.0,-18.039387512207032,-14.402220153808596,-12.180145263671877,-3.9101989746093775,81.33683624267577,2026-02-24
2026-02-24 14:00:00,-50.0,-22.625912475585938,-18.237374114990235,-14.80950927734375,-8.897411346435547,91.31941375732421,2026-02-24
2026-02-24 15:00:00,-50.0,-25.839191436767578,-20.792774200439453,-17.564422607421875,-7.748897552490234,94.13982696533202,2026-02-24
2026-02-24 16:00:00,-50.0,-21.455242919921876,-18.570386505126955,-15.67327880859375,-4.592913055419922,181.56037292480468,2026-02-24
2026-02-24 17:00:00,-51.0,-12.417296600341798,-6.504045104980469,-1.6358642578125,80.50636825561523,156.9207046508789,2026-02-24
2026-02-24 18:00:00,68.5,15.908250427246102,22.867806243896496,95.101806640625,121.91562728881837,183.02357864379883,2026-02-24
2026-02-24 19:00:00,-53.99625015258789,82.31947555541993,88.10530624389648,96.7242431640625,171.66339492797852,223.5221145629883,2026-02-24
2026-02-24 20:00:00,-50.0,-52.14760971069336,-43.37169189453124,27.086700439453125,43.00248260498048,132.62490768432616,2026-02-24
2026-02-24 21:00:00,-50.0,-69.86513442993163,-62.93546981811522,8.634002685546875,36.45067672729492,88.40150527954101,2026-02-24
2026-02-24 22:00:00,-50.0,-85.63345031738281,-76.45703735351562,-2.4664306640625,19.1561309814453,78.02830352783202,2026-02-24
2026-02-24 23:00:00,-50.0,-87.58329467773437,-81.88958358764648,-5.008331298828125,17.0112060546875,103.76632385253906,2026-02-24
2026-02-25 00:00:00,-50.0,-5.818086242675781,-4.691256713867188,-4.28466796875,-3.7719085693359373,-1.8266571044921878,2026-02-25
2026-02-25 01:00:00,-50.0,-9.190541839599609,-8.432372283935546,-8.055450439453125,-7.6942298889160154,106.56295928955078,2026-02-25
2026-02-25 02:00:00,-50.0,-9.91302490234375,-9.0138427734375,-8.540283203125,-8.08711929321289,111.43491134643554,2026-02-25
2026-02-25 03:00:00,-50.0,-8.297150421142579,-7.658193206787109,-7.140472412109375,-6.811428833007812,-4.611458587646485,2026-02-25
2026-02-25 04:00:00,-50.0,-6.7834419250488285,-6.003776550292969,-5.481201171875,-5.007246398925783,77.95519714355467,2026-02-25
2026-02-25 05:00:00,-50.0,-1.4441818237304687,-0.7390281677246093,-0.351531982421875,0.15233535766601558,107.2889984130859,2026-02-25
2026-02-25 06:00:00,-36.28324890136719,65.81697998046874,66.28841400146484,66.61669921875,66.8793327331543,67.60760040283203,2026-02-25
2026-02-25 07:00:00,-50.0,35.989034271240236,36.563140869140625,36.8743896484375,37.33403167724609,124.31069259643554,2026-02-25
2026-02-25 08:00:00,47.5,-7.442025756835937,-6.919989776611328,-6.606781005859375,-6.348484039306641,-5.7362831115722654,2026-02-25
2026-02-25 09:00:00,-50.0,-22.159545135498046,-21.719951629638672,-21.305816650390625,-21.007935333251957,-18.216816711425782,2026-02-25
2026-02-25 10:00:00,-50.0,-16.261721801757812,-15.432047271728514,-15.115142822265623,-14.881722259521483,-13.979074096679685,2026-02-25
2026-02-25 11:00:00,-50.0,-16.248781585693358,-15.80538558959961,-15.50457763671875,-15.047354888916018,-13.887862396240234,2026-02-25
2026-02-25 12:00:00,-50.0,-17.91066360473633,-17.521340942382814,-17.2744140625,-17.05119934082031,-15.367935180664062,2026-02-25
2026-02-25 13:00:00,-50.0,-17.292041015625,-16.758255767822266,-16.435882568359375,-16.06327590942383,-15.576247406005859,2026-02-25
2026-02-25 14:00:00,-50.0,-16.64422836303711,-15.842655944824218,-15.338409423828123,-14.925630950927733,-5.889856719970702,2026-02-25
2026-02-25 15:00:00,-50.0,-13.616088867187502,-12.83390808105469,-12.537078857421877,-12.16091003417969,91.57667388916015,2026-02-25
2026-02-25 16:00:00,145.80799865722656,54.1861068725586,54.979871368408205,55.47264099121094,55.894204711914064,80.38943023681641,2026-02-25
2026-02-25 17:00:00,312.5,291.70806884765625,292.3120506286621,292.67449951171875,292.88627471923826,295.1898895263672,2026-02-25
2026-02-25 18:00:00,302.5,338.47312622070314,339.3691093444824,339.7552490234375,340.39380569458007,342.30634078979494,2026-02-25
2026-02-25 19:00:00,280.0,326.47638778686525,327.35749740600585,327.7529296875,328.47891159057616,442.40636825561523,2026-02-25
2026-02-25 20:00:00,277.5,287.66846923828126,288.63687057495116,289.066162109375,289.8738067626953,413.7345588684082,2026-02-25
2026-02-25 21:00:00,285.0,363.3059761047363,364.53835144042966,364.9956970214844,365.88967208862306,464.0519187927246,2026-02-25
2026-02-25 22:00:00,297.5,366.675301361084,367.3832748413086,367.831787109375,368.6490875244141,469.61025009155276,2026-02-25
2026-02-25 23:00:00,372.5,348.0414672851563,348.7999626159668,349.1737976074219,350.1198860168457,481.53991394042964,2026-02-25
2026-02-26 00:00:00,400.0,508.85863800048827,521.8542785644531,529.1873168945312,549.0319259643554,573.9851699829102,2026-02-26
2026-02-26 01:00:00,329.4742431640625,636.3249557495117,653.1844818115234,667.9340209960938,689.0354919433594,725.3801208496094,2026-02-26
2026-02-26 02:00:00,441.5527648925781,634.210661315918,660.0249557495117,674.5534057617188,694.2815689086914,742.6513168334961,2026-02-26
2026-02-26 03:00:00,482.3464965820313,411.70971832275393,441.4747146606445,456.9751281738281,487.82059783935546,559.5662399291992,2026-02-26
2026-02-26 04:00:00,326.69073486328125,341.38664398193356,394.75202026367185,424.69927978515625,443.3393859863281,510.91497802734375,2026-02-26
2026-02-26 05:00:00,251.13499450683597,286.22713470458984,350.6278610229492,378.5013427734375,400.5353424072266,476.3718231201172,2026-02-26
2026-02-26 06:00:00,385.7554931640625,249.50617828369136,324.0239105224609,348.1952514648437,386.04851837158196,524.3164093017577,2026-02-26
2026-02-26 07:00:00,286.8955078125,214.71992645263674,260.7746467590332,326.1521911621094,348.77386779785155,473.2333679199219,2026-02-26
2026-02-26 08:00:00,281.75,193.58211441040038,219.7730583190918,290.7913513183594,349.34712677001954,472.3865036010742,2026-02-26
2026-02-26 09:00:00,209.73374938964844,181.1571342468261,201.50863876342768,274.8290405273437,310.2050170898437,481.38721008300774,2026-02-26
2026-02-26 10:00:00,390.0,197.25367050170897,209.98126220703122,244.49740600585935,299.26925506591795,368.32453918457026,2026-02-26
2026-02-26 11:00:00,375.0,183.7980628967285,201.57153778076173,227.3602294921875,299.3654449462891,381.1492553710938,2026-02-26
2026-02-26 12:00:00,247.5,129.98890609741204,143.82346572875971,193.88528442382807,251.31245727539056,499.8202972412109,2026-02-26
2026-02-26 13:00:00,197.5,161.32473335266113,174.99391136169433,195.0448455810547,292.61425895690917,420.44417533874514,2026-02-26
2026-02-26 14:00:00,257.5,134.48251190185547,151.5693115234375,206.5988006591797,277.40770568847654,489.94157409667963,2026-02-26
2026-02-26 15:00:00,-13.023500442504885,146.7240924835205,161.5492328643799,180.53369140625,264.1061222076416,404.0047367095947,2026-02-26
2026-02-26 16:00:00,193.9057464599609,109.62527694702149,127.80123901367188,209.20870971679688,238.27871551513672,324.18129577636716,2026-02-26
2026-02-26 17:00:00,39.938751220703125,230.12747497558593,239.98040542602538,260.0132751464844,354.04886932373046,470.45710906982424,2026-02-26
2026-02-26 18:00:00,70.9384994506836,232.91913146972655,246.61814193725587,311.8568420410156,347.60358810424805,510.69821548461914,2026-02-26
2026-02-26 19:00:00,-29.25,217.17043685913086,228.2628616333008,293.63250732421875,342.61743621826173,417.69613189697264,2026-02-26
2026-02-26 20:00:00,20.75,223.5975242614746,234.6949905395508,246.51329040527344,324.1860748291016,552.6548713684082,2026-02-26
2026-02-26 21:00:00,129.6792449951172,204.6533229827881,221.29344215393067,251.31874084472656,339.7816440582275,412.8227603912353,2026-02-26
2026-02-26 22:00:00,262.5,175.6163543701172,188.95937805175782,260.9476318359375,312.05005645751953,444.4852584838867,2026-02-26
2026-02-26 23:00:00,147.5,205.76104393005372,217.43997611999512,245.332275390625,325.52774772644045,446.58508720397947,2026-02-26
2026-02-27 00:00:00,63.17300033569336,251.7540596008301,261.1900299072266,267.3486328125,321.18738174438477,428.2706871032715,2026-02-27
2026-02-27 01:00:00,-0.7917500138282776,276.8685928344727,286.28440246582034,295.3052978515625,359.3681365966797,410.5443145751953,2026-02-27
2026-02-27 02:00:00,117.5,291.3976768493652,298.9857543945312,306.1073913574219,370.5387725830078,414.46103286743164,2026-02-27
2026-02-27 03:00:00,162.5,233.59191665649416,242.56258926391604,307.8517150878906,321.0925575256348,420.30725021362304,2026-02-27
2026-02-27 04:00:00,152.5,264.0009460449219,270.84326553344727,276.9471435546875,340.90551528930666,399.0234489440918,2026-02-27
2026-02-27 05:00:00,175.0,262.1332374572754,269.35415573120116,273.5054016113281,340.06407318115237,396.730256652832,2026-02-27
2026-02-27 06:00:00,197.5,302.288508605957,306.6479248046875,311.0082702636719,369.8479293823242,435.1598754882813,2026-02-27
2026-02-27 07:00:00,209.8637542724609,282.8074462890625,286.7839698791504,290.5790100097656,358.6716819763184,420.40175170898436,2026-02-27
2026-02-27 08:00:00,461.75,223.59135665893555,229.93675155639647,233.946044921875,246.54326782226562,348.3754463195801,2026-02-27
2026-02-27 09:00:00,311.25201416015625,125.36260757446288,129.07591018676757,133.14793395996094,199.8181381225586,231.60346908569335,2026-02-27
2026-02-27 10:00:00,235.95425415039065,99.74996948242188,104.05891723632813,107.63778686523438,172.4048873901367,257.54021377563475,2026-02-27
2026-02-27 11:00:00,440.1784973144531,70.55209350585938,75.59772033691407,79.35411071777344,84.75517425537109,184.9357208251953,2026-02-27
2026-02-27 12:00:00,482.0870056152344,12.893467712402344,18.972805786132813,20.8328857421875,29.995888519287107,125.43416366577148,2026-02-27
2026-02-27 13:00:00,357.2787475585937,-10.080268859863283,-4.176699829101562,-0.77532958984375,23.283920669555663,125.5774688720703,2026-02-27
2026-02-27 14:00:00,326.55926513671875,-19.457566833496095,-15.734170532226562,-12.371337890625,6.499013900756836,93.3389907836914,2026-02-27
2026-02-27 15:00:00,222.0,-27.31098403930664,-22.310287475585938,-18.09112548828125,7.507126617431638,78.1043472290039,2026-02-27
2026-02-27 16:00:00,458.75,-2.9511047363281246,1.0251304626464823,4.716339111328125,52.59096221923828,111.09089126586913,2026-02-27
2026-02-27 17:00:00,518.75,116.48407592773438,121.88395385742187,129.95384216308594,210.63358993530272,320.0487190246582,2026-02-27
2026-02-27 18:00:00,62.084251403808594,208.5877471923828,215.52331314086913,219.1590118408203,289.8678344726562,336.82863693237306,2026-02-27
2026-02-27 19:00:00,51.73025131225586,292.32311935424804,297.3438430786133,302.2112121582031,366.6857666015625,414.8550399780273,2026-02-27
2026-02-27 20:00:00,-23.0314998626709,674.2672737121582,683.5934471130371,700.861083984375,774.7489219665528,827.3165710449218,2026-02-27
2026-02-27 21:00:00,156.42274475097656,258.16009216308595,265.7670700073242,329.8620910644531,354.2466011047363,456.1396354675293,2026-02-27
2026-02-27 22:00:00,185.0,121.77028350830079,131.1134826660156,198.9878692626953,223.90001220703124,312.774430847168,2026-02-27
2026-02-27 23:00:00,137.5,98.51037139892578,106.9642204284668,123.49977111816406,196.92670135498048,259.85589599609375,2026-02-27
2026-02-28 00:00:00,132.5,-11.88562774658203,-2.3395988464355453,4.085205078125,57.161319732666016,108.16126403808593,2026-02-28
2026-02-28 01:00:00,187.5,22.80147705078125,29.476855468750003,38.370025634765625,100.2336524963379,160.4039161682129,2026-02-28
2026-02-28 02:00:00,172.5,81.43071136474612,87.81555709838868,95.43377685546876,167.12044830322264,222.27141418457032,2026-02-28
2026-02-28 03:00:00,157.5,123.47285614013671,130.13009796142578,136.07273864746094,193.50122528076173,250.55401306152345,2026-02-28
2026-02-28 04:00:00,160.0,83.34791488647461,88.08244247436524,97.086669921875,174.70704727172853,267.42367401123045,2026-02-28
2026-02-28 05:00:00,45.0,113.35495986938477,117.15157012939453,122.56874084472656,186.0544662475586,227.88686828613282,2026-02-28
2026-02-28 06:00:00,50.0,162.15676651000976,168.52869873046876,174.58230590820312,249.9511978149414,352.1288368225098,2026-02-28
2026-02-28 07:00:00,82.5,82.87455596923829,89.1224479675293,96.62571716308594,162.99432830810548,249.4279968261719,2026-02-28
2026-02-28 08:00:00,107.96749877929688,65.07643661499023,69.72944030761718,76.35092163085938,157.7063163757324,220.33149337768555,2026-02-28
2026-02-28 09:00:00,157.5,-6.488712310791016,-1.06121826171875,3.899749755859375,68.36148681640624,177.73313827514647,2026-02-28
2026-02-28 10:00:00,190.1454925537109,66.1522216796875,73.32873840332032,77.21415710449219,99.00741958618164,195.02266921997068,2026-02-28
2026-02-28 11:00:00,90.50675201416016,247.04427490234374,251.02942352294923,254.7419891357422,332.4528411865234,452.1408302307129,2026-02-28
2026-02-28 12:00:00,96.11824798583984,151.7061897277832,155.6975975036621,158.7779083251953,230.19115295410154,284.98282623291016,2026-02-28
2026-02-28 13:00:00,334.3862609863281,19.113902282714847,25.606147003173827,29.828369140625,105.65890045166014,172.81710510253905,2026-02-28
2026-02-28 14:00:00,391.3125,-15.201415252685546,-11.3341064453125,-7.56365966796875,54.62837524414062,124.00243835449217,2026-02-28
2026-02-28 15:00:00,205.0,-26.541475677490233,-18.44811553955078,-14.60150146484375,57.72683486938476,202.97360916137694,2026-02-28
2026-02-28 16:00:00,359.75,13.003784942626954,16.771566772460936,20.4266357421875,102.74531021118163,235.48520278930664,2026-02-28
2026-02-28 17:00:00,626.7877197265625,312.2965484619141,320.59458618164064,381.01568603515625,416.24041213989256,455.88281478881834,2026-02-28
2026-02-28 18:00:00,266.56024169921875,414.51309661865236,421.726244354248,431.35247802734375,498.78309478759763,563.8908493041993,2026-02-28
2026-02-28 19:00:00,260.0,414.3607604980469,419.7985778808594,426.3389892578125,501.2150688171387,576.7099876403809,2026-02-28
2026-02-28 20:00:00,267.5,354.1078193664551,358.08582763671876,363.266357421875,440.5300003051758,564.6813278198242,2026-02-28
2026-02-28 21:00:00,242.5,337.9459823608398,344.3768478393555,351.677490234375,434.5558197021484,553.0271026611329,2026-02-28
2026-02-28 22:00:00,265.0,344.87549896240233,349.8820007324219,360.15252685546875,450.6786521911621,543.2525840759278,2026-02-28
2026-02-28 23:00:00,372.5,297.4660305023193,302.6694019317627,327.074951171875,396.2371936798096,481.8781391143799,2026-02-28
2026-03-01 00:00:00,721.5,361.6136901855469,387.9963180541992,409.3148193359375,439.3893020629883,497.89952239990237,2026-03-01
2026-03-01 01:00:00,819.75,494.6066841125488,543.4955200195312,564.0397338867188,592.1844848632812,649.0940811157227,2026-03-01
2026-03-01 02:00:00,719.3672485351562,670.3558570861817,709.9569076538086,731.0071411132812,765.3852737426758,807.0509002685546,2026-03-01
2026-03-01 03:00:00,655.2442626953125,519.9261611938476,568.5378479003906,597.9501953125,629.7441833496093,670.7532821655274,2026-03-01
2026-03-01 04:00:00,674.8257446289062,328.4274486541748,371.0111602783203,419.1485290527344,429.67083129882815,471.8568115234375,2026-03-01
2026-03-01 05:00:00,331.3930053710937,232.53770561218266,271.31006164550786,314.3922119140625,352.7765029907227,420.7311477661133,2026-03-01
2026-03-01 06:00:00,592.2852783203125,242.75267715454103,303.7800979614258,326.4017639160156,354.7884857177734,417.5229095458984,2026-03-01
2026-03-01 07:00:00,343.5,249.3043209075928,281.14285736083986,329.94708251953125,356.78731231689454,415.35923767089844,2026-03-01
2026-03-01 08:00:00,342.5,296.3077331542969,320.24927711486816,363.4540710449219,393.8821426391602,470.69463500976565,2026-03-01
2026-03-01 09:00:00,203.6522521972656,146.93231239318845,169.3656269073486,218.4496154785156,248.28460006713863,302.71253738403317,2026-03-01
2026-03-01 10:00:00,278.94500732421875,248.02722091674804,267.71999740600586,302.5245056152344,341.61120262145994,398.3591075897217,2026-03-01
2026-03-01 11:00:00,290.0,342.15527992248536,365.8852115631104,393.7147216796875,429.60103302001954,461.04248962402346,2026-03-01
2026-03-01 12:00:00,300.0,318.05265922546386,337.67186126708987,366.7398376464844,417.1380325317383,516.6232254028321,2026-03-01
2026-03-01 13:00:00,271.4472351074219,300.51928253173827,326.716512298584,351.5928039550781,390.9049533843994,448.6950344085693,2026-03-01
2026-03-01 14:00:00,385.0,295.9744251251221,317.42433128356936,348.93218994140625,396.26111831665037,486.3885963439941,2026-03-01
2026-03-01 15:00:00,487.4750061035156,180.46204948425296,225.38040466308595,263.3428649902344,309.6344451904297,401.9946578979492,2026-03-01
2026-03-01 16:00:00,344.906005859375,39.676169204711925,108.35200271606445,134.24166870117188,169.54794006347657,245.71367797851562,2026-03-01
2026-03-01 17:00:00,417.5,97.07528991699218,162.29647827148435,184.87045288085935,213.81865081787106,277.92913818359375,2026-03-01
2026-03-01 18:00:00,380.0,151.42151374816893,191.0944938659668,235.29318237304688,257.3178466796875,308.8926666259766,2026-03-01
2026-03-01 19:00:00,302.5,152.2333694458008,180.37649154663086,223.24142456054688,248.53255615234374,329.1288146972656,2026-03-01
2026-03-01 20:00:00,282.5,90.93765373229981,123.7576759338379,167.42124938964844,197.6424591064453,241.40147399902344,2026-03-01
2026-03-01 21:00:00,307.5,97.25401916503908,129.31630706787112,168.27896118164062,201.01453552246096,310.43699188232426,2026-03-01
2026-03-01 22:00:00,210.0,52.729288864135754,86.46893692016602,123.23049926757812,150.1871536254883,218.30883026123047,2026-03-01
2026-03-01 23:00:00,207.0072479248047,-45.689244079589855,-13.166670608520512,34.878997802734375,69.35728225708007,136.76608810424804,2026-03-01
2026-03-02 00:00:00,-49.45975112915039,18.86468048095704,38.30210266113282,53.14956665039063,71.17208862304688,99.44101867675784,2026-03-02
2026-03-02 01:00:00,250.6467437744141,96.95602951049806,140.1154685974121,161.123046875,181.79754943847655,219.67356719970704,2026-03-02
2026-03-02 02:00:00,285.0,138.82580909729003,181.2728713989258,198.27099609375,222.44190979003906,316.3588470458984,2026-03-02
2026-03-02 03:00:00,232.5,116.20727195739744,163.5304618835449,192.77182006835935,231.67737274169917,282.83639678955075,2026-03-02
2026-03-02 04:00:00,13.006750106811523,81.20980987548828,136.73809280395506,160.4332733154297,189.572492980957,243.56999053955076,2026-03-02
2026-03-02 05:00:00,-50.0,-84.75502777099608,-44.12100028991698,-5.97698974609375,26.071968078613267,86.19243621826172,2026-03-02
2026-03-02 06:00:00,-50.0,-96.96847534179686,-63.72207622528075,-12.65423583984375,16.181329345703134,100.35199279785155,2026-03-02
2026-03-02 07:00:00,-49.27925109863281,-112.8964469909668,-80.08699913024901,-21.96591186523437,22.819615173339844,176.90384674072266,2026-03-02
2026-03-02 08:00:00,-17.75,-101.68845291137694,-76.29647521972656,-27.07244873046875,12.476322937011716,67.66708679199218,2026-03-02
2026-03-02 09:00:00,-19.17799949645996,-69.28617019653319,-48.27230606079101,-24.5030517578125,36.7048324584961,141.73453674316406,2026-03-02
2026-03-02 10:00:00,-50.0,-48.671356964111325,-36.30217933654785,-19.736846923828125,41.62001266479492,122.90703201293945,2026-03-02
2026-03-02 11:00:00,-51.0,-50.616920471191406,-34.862300872802734,-16.165557861328125,37.96547546386717,134.29337310791016,2026-03-02
2026-03-02 12:00:00,-50.81999969482422,-45.0109130859375,-29.747562408447266,-17.33245849609375,39.26976089477539,134.02699508666993,2026-03-02
2026-03-02 13:00:00,-50.0,-60.49451522827148,-44.90148811340332,-23.469940185546875,29.96742706298828,112.45599594116209,2026-03-02
2026-03-02 14:00:00,-50.0,-67.14499206542968,-51.177788162231444,-25.89495849609375,36.208428192138655,116.73391876220703,2026-03-02
2026-03-02 15:00:00,-50.0,-107.7284324645996,-92.75968933105469,-24.598663330078125,5.727291107177713,123.24622116088867,2026-03-02
2026-03-02 16:00:00,-50.0,-117.13519821166992,-87.3892837524414,-23.41876220703125,17.79509429931641,113.88722686767576,2026-03-02
2026-03-02 17:00:00,-51.14300155639648,-87.10634384155274,-63.062797546386726,-8.977020263671875,33.943123626708974,118.69723434448241,2026-03-02
2026-03-02 18:00:00,-4.5,-88.04111099243164,-60.80981483459472,4.931884765625,57.18069610595704,185.7362579345703,2026-03-02
2026-03-02 19:00:00,15.25,-82.01101531982421,-41.070871353149414,7.9468994140625,49.91267700195312,124.48529968261718,2026-03-02
2026-03-02 20:00:00,94.37774658203124,-67.12448577880858,-10.563399505615223,21.43560791015625,67.53607559204102,160.8718620300293,2026-03-02
2026-03-02 21:00:00,59.75,-90.78392639160155,-66.7075382232666,-8.339508056640625,18.805406951904295,120.81802749633789,2026-03-02
2026-03-02 22:00:00,130.0,-115.73561172485351,-88.21719284057617,-21.21273803710937,7.305805206298828,78.03811569213866,2026-03-02
2026-03-02 23:00:00,41.22150039672852,-109.46313705444335,-48.923764801025385,-21.645965576171875,19.891326904296875,99.80609588623047,2026-03-02
2026-03-03 00:00:00,209.72674560546875,-24.107540893554685,-12.488796997070311,-0.972869873046875,39.985968780517574,90.11891326904295,2026-03-03
2026-03-03 01:00:00,-49.49325180053711,-8.08389663696289,-2.0110313415527363,2.89715576171875,48.98329467773437,99.90417175292968,2026-03-03
2026-03-03 02:00:00,160.9929962158203,0.45813293457031357,6.093930816650391,13.4202880859375,60.30361747741699,97.58954162597657,2026-03-03
2026-03-03 03:00:00,224.1767425537109,71.71860466003417,75.44518928527832,79.70875549316406,133.93341178894042,174.392174911499,2026-03-03
2026-03-03 04:00:00,220.0,129.20312423706054,135.18452682495118,140.20643615722656,194.97001266479492,251.20520095825196,2026-03-03
2026-03-03 05:00:00,257.5,182.99467086791995,186.39219055175784,189.5455017089844,246.19049377441408,325.83550491333006,2026-03-03
2026-03-03 06:00:00,250.0,164.6614242553711,167.29676361083983,169.7764892578125,223.33670043945312,266.504647064209,2026-03-03
2026-03-03 07:00:00,74.69249725341797,121.91284255981445,126.72391662597656,128.1228485107422,131.08494033813477,203.75767440795897,2026-03-03
2026-03-03 08:00:00,30.381999969482425,118.17081756591799,120.11942291259767,122.05853271484376,126.75461349487306,205.21024627685546,2026-03-03
2026-03-03 09:00:00,-35.18424987792969,3.387460327148438,6.824398803710937,8.05364990234375,10.794807434082031,86.42780685424805,2026-03-03
2026-03-03 10:00:00,-50.0,-11.054850006103516,-8.712654876708987,-7.435760498046875,-5.970851135253906,95.10500030517578,2026-03-03
2026-03-03 11:00:00,-50.0,-14.661878204345703,-12.606877899169922,-11.3306884765625,-9.743875122070312,43.1199836730957,2026-03-03
2026-03-03 12:00:00,-50.0,-18.786118316650388,-16.11009979248047,-14.551666259765623,-11.619738006591795,56.38772506713866,2026-03-03
2026-03-03 13:00:00,-50.0,-12.844227600097657,-10.880914306640626,-9.606781005859377,-7.927260589599614,53.47993927001953,2026-03-03
2026-03-03 14:00:00,-50.0,-15.791528320312498,-14.297288513183592,-13.135040283203123,-11.939418792724608,61.91166534423827,2026-03-03
2026-03-03 15:00:00,-50.0,-18.154998779296875,-16.576158905029295,-14.816925048828123,-10.865817260742187,98.92074356079101,2026-03-03
2026-03-03 16:00:00,196.25,18.64995498657226,23.52900390625,25.602813720703125,30.697704696655272,125.96447525024413,2026-03-03
2026-03-03 17:00:00,337.2239990234375,304.39106369018555,307.75901260375974,309.812255859375,312.53285751342776,404.58494567871094,2026-03-03
2026-03-03 18:00:00,362.5,340.5523910522461,344.85650024414065,347.95587158203125,402.67876625061035,478.2018539428711,2026-03-03
2026-03-03 19:00:00,292.5,296.8468414306641,301.1504539489746,305.98907470703125,368.8753044128418,418.694100189209,2026-03-03
2026-03-03 20:00:00,280.0,296.15883445739746,304.000199508667,309.8014831542969,370.9252452850342,420.5166820526123,2026-03-03
2026-03-03 21:00:00,290.0,319.0784942626953,323.6659957885742,327.38409423828125,391.69957427978517,459.5088912963867,2026-03-03
2026-03-03 22:00:00,340.0,330.7129405975341,337.54027442932124,353.6967163085937,421.61394767761226,460.05529212951654,2026-03-03
2026-03-03 23:00:00,370.1025085449219,337.1677749633789,341.3384552001953,343.3053894042969,402.1495933532715,455.22939834594723,2026-03-03
2026-03-04 00:00:00,332.5,211.94963245391847,281.5939514160156,296.991943359375,315.07828521728516,350.23843841552736,2026-03-04
2026-03-04 01:00:00,297.5,280.3950134277344,354.71854095458986,378.9204406738281,407.5844131469727,444.46401824951175,2026-03-04
2026-03-04 02:00:00,315.0,303.98087577819825,382.34221801757815,404.2312316894531,433.44089355468753,483.94537658691405,2026-03-04
2026-03-04 03:00:00,310.0,282.6551761627198,377.6114456176758,395.7799682617188,423.90676422119145,487.27353363037116,2026-03-04
2026-03-04 04:00:00,297.5,254.77937202453614,336.3047386169434,362.0592346191406,393.24147033691406,458.6396240234375,2026-03-04
2026-03-04 05:00:00,292.5,244.96901512145996,317.0918487548828,350.8128662109375,376.66187438964846,438.39050750732423,2026-03-04
2026-03-04 06:00:00,295.0,249.05820655822754,271.44896202087403,346.8451843261719,378.763330078125,435.37401428222654,2026-03-04
2026-03-04 07:00:00,335.0,213.14385948181155,232.09684867858886,304.9653015136719,332.6663787841797,381.502668762207,2026-03-04
2026-03-04 08:00:00,320.0,212.93498573303225,223.20086555480958,302.4739990234375,338.56226959228513,406.16301574707035,2026-03-04
2026-03-04 09:00:00,439.27349853515625,305.3473129272461,314.262272644043,330.9841613769531,407.1506603240967,465.9984531402588,2026-03-04
2026-03-04 10:00:00,391.4567565917969,293.53039779663084,299.4618232727051,306.7584228515625,388.90374488830565,485.8264331817627,2026-03-04
2026-03-04 11:00:00,461.0,309.677286529541,314.623957824707,317.9822082519531,382.0831600189209,442.01306571960447,2026-03-04
2026-03-04 12:00:00,487.0,275.7419799804687,282.57677993774416,286.8231201171875,313.9764825820923,423.89392890930174,2026-03-04
2026-03-04 13:00:00,453.635009765625,208.81746444702148,213.67413101196288,218.3758087158203,274.3715709686279,345.361137008667,2026-03-04
2026-03-04 14:00:00,200.0,198.7135040283203,204.35391082763672,210.0182647705078,279.03952674865724,344.0316150665283,2026-03-04
2026-03-04 15:00:00,220.8654937744141,126.29994621276856,131.886909866333,142.53302001953125,215.94311676025393,297.77271728515626,2026-03-04
2026-03-04 16:00:00,289.5222473144531,64.08647804260254,72.87706642150879,82.12889099121094,166.37834930419922,251.10919113159179,2026-03-04
2026-03-04 17:00:00,403.6315002441406,94.91350288391114,104.78472480773925,153.51954650878906,206.357177734375,263.5328308105469,2026-03-04
2026-03-04 18:00:00,262.5,223.76886711120608,235.64984397888185,308.3280334472656,344.83009185791013,418.5609329223633,2026-03-04
2026-03-04 19:00:00,268.2092590332031,210.98589591979982,221.2540668487549,290.32330322265625,322.5904022216797,432.4025177001953,2026-03-04
2026-03-04 20:00:00,287.60400390625,153.84665565490724,167.62854118347167,249.66249084472656,286.2814010620117,344.0504455566406,2026-03-04
2026-03-04 21:00:00,279.0564880371094,105.84997673034671,120.9564159393311,188.41275024414065,239.86367950439455,290.034098815918,2026-03-04
2026-03-04 22:00:00,357.2852478027344,68.04967536926269,81.39721717834472,153.36526489257812,178.3886306762695,243.8678756713867,2026-03-04
2026-03-04 23:00:00,267.5,3.7604610443115263,14.260092544555675,106.69705200195312,136.9707061767578,210.51996765136718,2026-03-04
2026-03-05 00:00:00,297.5,251.3954605102539,273.5730255126953,293.6592102050781,317.3982849121094,358.5674621582031,2026-03-05
2026-03-05 01:00:00,297.5,222.6014228820801,266.2625877380371,287.2698669433594,308.5179313659668,374.24621810913084,2026-03-05
2026-03-05 02:00:00,217.5,203.256258392334,268.08095703125,287.2879333496094,308.96873931884767,363.11962890625,2026-03-05
2026-03-05 03:00:00,207.5,212.2137435913086,269.2721549987793,291.7810974121094,319.339111328125,365.8326934814453,2026-03-05
2026-03-05 04:00:00,190.0,193.68216667175295,266.7752601623535,285.93603515625,313.2610237121582,379.4685737609863,2026-03-05
2026-03-05 05:00:00,-50.0,112.47910842895512,180.68703002929692,206.68179321289065,229.73028869628908,276.3361190795899,2026-03-05
2026-03-05 06:00:00,-50.0,180.37026748657226,235.76888122558591,262.0793151855469,302.86461181640624,351.9445495605469,2026-03-05
2026-03-05 07:00:00,187.5,124.46679115295407,196.70048446655272,221.33839416503903,249.65248413085934,353.6451019287109,2026-03-05
2026-03-05 08:00:00,15.0,160.23652153015138,229.17946395874023,257.6681213378906,283.91776885986326,363.20323638916017,2026-03-05
2026-03-05 09:00:00,-50.0,39.28898048400879,105.25425262451172,140.5636749267578,182.01956634521486,292.2199203491211,2026-03-05
2026-03-05 10:00:00,-50.0,92.08163642883301,110.99919357299805,176.76065063476562,205.96190643310547,344.78112640380857,2026-03-05
2026-03-05 11:00:00,-50.0,156.90556869506835,172.48796005249022,191.21481323242188,252.34300804138184,312.623335647583,2026-03-05
2026-03-05 12:00:00,-50.0,54.63305244445801,68.86647834777833,88.27828979492188,163.68259506225587,276.2743843078613,2026-03-05
2026-03-05 13:00:00,-50.0,-26.687384033203124,-9.940357208251953,1.89678955078125,69.09890708923338,129.9100185394287,2026-03-05
2026-03-05 14:00:00,-50.0,-31.883971405029296,-24.517938995361327,-11.91632080078125,44.82353324890136,141.87789344787598,2026-03-05
2026-03-05 15:00:00,-50.0,-47.17159004211425,-38.712603378295896,-26.970916748046875,40.937190246582006,106.79656677246092,2026-03-05
2026-03-05 16:00:00,-50.0,-102.12660865783691,-82.85244255065918,-27.634674072265625,24.429673767089838,87.10018157958983,2026-03-05
2026-03-05 17:00:00,-2.5472500324249268,30.578409194946303,45.358619308471695,107.50701904296876,142.33333282470704,203.28281860351564,2026-03-05
2026-03-05 18:00:00,265.64599609375,199.35462684631347,223.4524974822998,285.4354248046875,319.51378021240237,407.3765869140625,2026-03-05
2026-03-05 19:00:00,300.0,178.6761302947998,206.83505249023438,287.6014404296875,307.2499755859375,366.42831268310545,2026-03-05
2026-03-05 20:00:00,300.0,210.747074508667,231.45074996948242,289.46649169921875,318.5852996826172,417.19420013427737,2026-03-05
2026-03-05 21:00:00,300.0,386.8389636993408,461.9961791992188,500.2352600097656,528.3941528320313,609.7227645874024,2026-03-05
2026-03-05 22:00:00,300.0,314.8607364654542,344.3367168426514,399.9514770507813,441.64620971679693,529.7827209472657,2026-03-05
2026-03-05 23:00:00,307.5,219.2690555572509,244.4993286132812,311.3676147460937,342.161782836914,406.7097915649413,2026-03-05
2026-03-06 00:00:00,359.5,443.31884918212893,483.70210723876954,494.2301025390625,514.3667984008789,543.353288269043,2026-03-06
2026-03-06 01:00:00,355.0,658.8297912597657,687.7184524536133,702.084228515625,723.4214324951172,747.4270126342774,2026-03-06
2026-03-06 02:00:00,405.0,811.8952384948731,863.7442596435546,879.0709228515625,903.2854690551758,945.8331771850586,2026-03-06
2026-03-06 03:00:00,402.5,727.1476036071778,755.722019958496,781.6446533203125,808.1057342529297,855.2919784545899,2026-03-06
2026-03-06 04:00:00,295.0,401.1042472839356,481.4412261962891,503.3482055664063,533.0893295288087,596.7943389892579,2026-03-06
2026-03-06 05:00:00,450.0,279.01261711120605,351.2887359619141,370.2117004394531,392.21046295166013,438.7309295654297,2026-03-06
2026-03-06 06:00:00,500.0,300.69918136596687,366.5048690795899,396.2267456054688,424.212924194336,481.18256988525394,2026-03-06
2026-03-06 07:00:00,402.5,292.41769256591795,313.7500659942627,386.463134765625,416.4442108154297,518.2650619506836,2026-03-06
2026-03-06 08:00:00,285.0,217.2782730102539,240.08885650634767,311.4139709472656,352.9036468505859,413.1258850097656,2026-03-06
2026-03-06 09:00:00,315.0,188.91750793457032,203.20117530822753,262.8941650390625,293.22479248046875,413.1509124755859,2026-03-06
2026-03-06 10:00:00,277.5,181.59076080322268,207.13237075805665,262.2996520996094,313.9558784484863,405.76482620239256,2026-03-06
2026-03-06 11:00:00,537.6307373046875,199.94134063720702,213.94563980102538,228.6517333984375,298.57026290893555,364.358097076416,2026-03-06
2026-03-06 12:00:00,388.0,190.72824668884277,201.44956016540527,217.90017700195312,296.2496685028076,371.38390083312987,2026-03-06
2026-03-06 13:00:00,322.0037536621094,104.4914657592774,118.8712768554688,195.7608337402344,224.67023773193364,325.0123794555665,2026-03-06
2026-03-06 14:00:00,282.8125,61.10256309509276,87.58665122985838,120.95426940917967,186.60671730041503,283.3272220611572,2026-03-06
2026-03-06 15:00:00,271.5,130.6244861602783,144.96037635803222,186.139404296875,245.49924354553224,352.72987403869627,2026-03-06
2026-03-06 16:00:00,566.25,242.49109954833983,260.042777633667,335.9325866699219,379.9080177307129,508.3440361022949,2026-03-06
2026-03-06 17:00:00,340.0,238.07850418090823,313.00712432861326,357.1398620605469,383.85181121826173,479.88050842285156,2026-03-06
2026-03-06 18:00:00,402.5,237.5890769958496,302.5748741149902,342.90692138671875,375.2921539306641,447.4099914550781,2026-03-06
2026-03-06 19:00:00,262.5,222.2259460449219,296.6631103515625,329.1621398925781,391.46070861816406,513.5694366455078,2026-03-06
2026-03-06 20:00:00,285.0,189.04613723754883,214.78558883666994,303.4645690917969,356.35745391845705,432.0778625488281,2026-03-06
2026-03-06 21:00:00,407.5,189.47164154052734,264.53638763427733,299.6260986328125,347.15162963867186,435.8953857421875,2026-03-06
2026-03-06 22:00:00,447.5,190.01029281616212,230.91302070617678,300.18267822265625,345.02180328369144,403.7084762573242,2026-03-06
2026-03-06 23:00:00,260.0,181.41326751708985,229.04011459350585,277.25933837890625,311.195565032959,410.7135597229004,2026-03-06
2026-03-07 00:00:00,267.5,212.9270462036133,231.2327522277832,250.38619995117188,270.20690460205077,302.1947982788086,2026-03-07
2026-03-07 01:00:00,100.0,52.3343002319336,107.38464431762695,129.7787322998047,152.5133834838867,187.46739044189454,2026-03-07
2026-03-07 02:00:00,195.0,134.6314910888672,189.47340850830076,214.88131713867188,233.82611389160155,283.5685607910156,2026-03-07
2026-03-07 03:00:00,230.0,54.1887809753418,138.01482238769532,163.27989196777344,190.7516662597656,242.59288482666017,2026-03-07
2026-03-07 04:00:00,25.0,-22.3416778564453,41.71545181274414,74.79032897949219,92.27179718017578,153.97997589111327,2026-03-07
2026-03-07 05:00:00,162.5,-60.12470092773437,-23.201925277709947,44.05009460449219,61.43419342041017,111.64479522705079,2026-03-07
2026-03-07 06:00:00,-25.0,-12.211416625976554,66.13705215454102,89.71798706054688,117.46663818359376,158.36390533447266,2026-03-07
2026-03-07 07:00:00,-50.0,-15.378396606445307,14.020631408691408,73.21041870117188,106.5240623474121,153.22578811645508,2026-03-07
2026-03-07 08:00:00,-50.0,-38.41240081787109,-23.632706069946288,31.360870361328125,72.59038543701172,139.51394653320312,2026-03-07
2026-03-07 09:00:00,-50.0,-30.92124156951904,-13.412755393981934,12.015411376953123,71.61343631744384,123.4654161453247,2026-03-07
2026-03-07 10:00:00,-50.0,-49.144121170043945,-33.4319164276123,5.97808837890625,53.87002830505371,119.8139247894287,2026-03-07
2026-03-07 11:00:00,-50.0,-12.361738204956055,4.068923568725587,22.763458251953125,80.46645317077636,142.9559581756592,2026-03-07
2026-03-07 12:00:00,-50.0,-22.657228088378904,-7.953158569335939,2.470855712890625,65.73476028442383,112.79000015258788,2026-03-07
2026-03-07 13:00:00,-50.0,-90.34700317382811,-76.13672866821288,-8.56103515625,20.43767929077148,80.202059173584,2026-03-07
2026-03-07 14:00:00,-50.0,-60.95203628540039,-44.014943695068354,-13.909576416015623,35.916386413574216,97.37451400756835,2026-03-07
2026-03-07 15:00:00,-50.0,-60.43181228637695,-43.16874160766601,-22.66830444335937,51.84076004028317,109.79435348510742,2026-03-07
2026-03-07 16:00:00,-50.0,-59.011235046386716,-36.233837890625,24.375762939453125,47.51961441040039,97.54101028442385,2026-03-07
2026-03-07 17:00:00,25.25,-60.16511611938476,-30.80580329895018,41.679473876953125,63.1500213623047,118.53179626464845,2026-03-07
2026-03-07 18:00:00,185.75,74.32331619262696,99.1138355255127,161.65567016601562,185.62820281982422,237.94635620117185,2026-03-07
2026-03-07 19:00:00,169.0,79.22890014648438,114.450435256958,171.7115936279297,202.8214324951172,281.20372314453124,2026-03-07
2026-03-07 20:00:00,91.5,46.00730590820315,74.97193412780764,137.03353881835938,171.61190032958984,221.74063110351562,2026-03-07
2026-03-07 21:00:00,144.0,140.71067199707034,176.6391912460327,233.50320434570312,278.76805877685547,324.60935363769534,2026-03-07
2026-03-07 22:00:00,160.97674560546875,172.28241500854494,204.79192276000975,269.1803283691406,296.06660995483395,355.49258956909176,2026-03-07
2026-03-07 23:00:00,280.0,192.13293075561523,211.40732116699218,280.0152893066406,311.7332595825195,375.66624755859374,2026-03-07
2026-03-08 00:00:00,295.0,223.00385551452632,267.1197891235351,279.0863647460937,292.70037994384757,321.56494445800774,2026-03-08
2026-03-08 01:00:00,300.0,236.87849540710448,289.8315284729004,307.8698425292969,326.6704917907715,358.27569046020506,2026-03-08
2026-03-08 02:00:00,290.0,239.00485000610354,303.02611770629886,318.49285888671875,330.88037872314453,361.61274566650394,2026-03-08
2026-03-08 03:00:00,292.5,273.7987945556641,331.92477645874027,346.5366516113281,362.85481414794924,398.0417236328125,2026-03-08
2026-03-08 04:00:00,285.0,233.00358161926272,303.40415420532224,320.8474426269531,335.1820777893067,383.04639358520507,2026-03-08
2026-03-08 05:00:00,282.5,219.60510482788084,288.98195037841793,307.2604675292969,323.4202285766601,364.74694213867184,2026-03-08
2026-03-08 06:00:00,280.0,196.81670150756838,230.21225757598876,269.642822265625,293.02058563232424,334.42981109619143,2026-03-08
2026-03-08 07:00:00,287.5,206.32485427856446,232.1581745147705,287.8504638671875,312.387020111084,381.19597549438475,2026-03-08
2026-03-08 08:00:00,185.0,171.74032897949218,192.17769927978514,210.2069396972656,269.3998138427734,301.53214874267576,2026-03-08
2026-03-08 09:00:00,110.0,-9.567789077758789,5.463817977905274,17.030242919921875,67.09651832580566,108.30301017761228,2026-03-08
2026-03-08 10:00:00,-50.0,-25.33849296569824,-14.861724472045898,-3.936676025390625,13.998952102661132,82.13193473815917,2026-03-08
2026-03-08 11:00:00,-50.0,11.950916671752932,23.520580673217772,29.350799560546875,34.87642936706543,98.195747756958,2026-03-08
2026-03-08 12:00:00,-50.0,-54.5623908996582,-41.494241333007814,-33.665191650390625,-26.754913330078125,35.561236572265614,2026-03-08
2026-03-08 13:00:00,-50.0,-49.20231895446777,-40.79268455505371,-30.69647216796875,-16.854398345947267,43.53787040710449,2026-03-08
2026-03-08 14:00:00,-50.0,-45.37828216552734,-35.55636444091797,-26.46075439453125,-19.734424209594728,58.46241760253906,2026-03-08
2026-03-08 15:00:00,-50.0,-50.20100212097168,-32.35632133483887,-24.146453857421875,30.811452865600586,79.19240531921386,2026-03-08
2026-03-08 16:00:00,-50.0,-2.719493865966797,13.736081695556642,41.80705261230469,100.13801651000976,155.67421951293943,2026-03-08
2026-03-08 17:00:00,273.5852355957031,253.87769031524658,273.36914310455325,298.0597229003906,344.25578556060793,394.6922616958618,2026-03-08
2026-03-08 18:00:00,362.8580017089844,271.38766822814944,291.9250114440918,332.9229431152344,361.6704608917236,454.78840522766114,2026-03-08
2026-03-08 19:00:00,271.6932373046875,232.96068649291988,269.74172058105466,320.6698608398437,347.74439773559567,411.6622611999511,2026-03-08
2026-03-08 20:00:00,290.0,248.2682991027832,277.8394832611084,325.0146484375,354.94007568359376,424.02562484741213,2026-03-08
2026-03-08 21:00:00,295.0,274.8757209777832,298.8475086212158,349.46405029296875,378.8789344787598,425.67341537475585,2026-03-08
2026-03-08 22:00:00,300.0,291.09632110595703,314.9161373138428,374.43798828125,410.12559814453124,466.5606201171875,2026-03-08
2026-03-08 23:00:00,305.0,307.85282669067385,328.38145141601564,388.8388671875,410.1812301635742,489.982869720459,2026-03-08
2026-03-09 00:00:00,292.5,360.6687942504883,373.5503173828125,386.136474609375,394.05025787353514,409.56227111816406,2026-03-09
2026-03-09 01:00:00,462.5,378.57665100097654,394.4175048828125,404.8945617675781,413.04027557373047,431.4291931152344,2026-03-09
2026-03-09 02:00:00,425.0,280.0508502960205,337.0736480712891,348.71270751953125,367.9123779296875,393.085514831543,2026-03-09
2026-03-09 03:00:00,500.0,301.1775527954102,326.5647720336914,340.0562744140625,350.87035369873047,376.9542510986328,2026-03-09
2026-03-09 04:00:00,340.0,240.78550186157227,293.62513580322263,313.6015930175781,333.6833984375,362.11523742675786,2026-03-09
2026-03-09 05:00:00,175.0,180.7040897369385,257.1386001586914,273.8084716796875,286.6521621704102,314.9165634155274,2026-03-09
2026-03-09 06:00:00,37.5,149.67263069152833,222.8129669189453,246.0457763671875,263.32830810546875,292.6415771484375,2026-03-09
2026-03-09 07:00:00,-50.0,52.03280982971192,121.7893035888672,166.9591064453125,188.07113037109374,233.24819641113282,2026-03-09
2026-03-09 08:00:00,-50.0,-98.14743690490722,-63.248440551757824,1.28680419921875,26.12749023437499,83.42951202392578,2026-03-09
2026-03-09 09:00:00,-50.0,-49.58277072906494,-36.533067512512204,-9.085968017578123,80.08490467071533,118.20101337432861,2026-03-09
2026-03-09 10:00:00,-50.0,-21.41807823181152,-11.465781021118161,-0.997528076171875,68.0502899169922,102.20772857666014,2026-03-09
2026-03-09 11:00:00,-50.0,0.5946151733398466,11.734581756591796,17.64556884765625,38.81728973388672,117.54924125671386,2026-03-09
2026-03-09 12:00:00,-50.0,-22.59212532043457,-14.647703170776367,-7.0870361328125,25.592625045776366,114.60281448364258,2026-03-09
2026-03-09 13:00:00,-50.0,-28.200270843505862,-20.499261474609373,-13.753387451171877,59.55599403381348,96.53765754699707,2026-03-09
2026-03-09 14:00:00,-50.0,-27.363875579833984,-19.185418701171876,-13.00970458984375,9.904104232788086,103.33218116760253,2026-03-09
2026-03-09 15:00:00,-50.0,-35.29212532043457,-20.3632869720459,-12.377777099609377,57.98103485107423,121.04984283447266,2026-03-09
2026-03-09 16:00:00,-50.0,20.982848739624025,28.670282363891605,41.62754821777344,123.7914207458496,176.5196235656738,2026-03-09
2026-03-09 17:00:00,-7.547249794006348,106.09252834320068,121.40736751556398,154.27236938476562,220.6359537124634,282.00511264801025,2026-03-09
2026-03-09 18:00:00,92.5,162.92465782165527,175.6019599914551,247.48374938964844,278.5130523681641,316.5345153808594,2026-03-09
2026-03-09 19:00:00,-29.5,136.90208854675294,213.58427886962892,235.32769775390625,267.85143280029297,305.01435546875,2026-03-09
2026-03-09 20:00:00,72.25,-24.489057540893555,57.65567169189453,81.86820983886719,115.57149658203124,175.6243957519531,2026-03-09
2026-03-09 21:00:00,43.25,-72.83250007629394,-7.19882164001465,37.91915893554688,59.8655517578125,111.76591186523436,2026-03-09
2026-03-09 22:00:00,66.5,-73.7256088256836,4.72216796875,26.361968994140625,51.19633178710937,84.17106781005859,2026-03-09
2026-03-09 23:00:00,-28.0,-86.15057487487792,-57.625086212158195,22.294708251953125,41.88900451660156,76.74176483154297,2026-03-09
2026-03-10 00:00:00,267.5,-1.9267982482910124,7.656326293945314,12.068817138671877,18.86772041320801,97.24449424743652,2026-03-10
2026-03-10 01:00:00,126.29199981689452,-2.9501461029052702,3.83660469055176,9.773651123046877,22.78283271789551,102.30257263183593,2026-03-10
2026-03-10 02:00:00,166.26300048828125,19.607248687744143,33.22895965576172,41.86442565917969,98.30316734313965,156.94540672302247,2026-03-10
2026-03-10 03:00:00,387.5,74.07151527404785,85.03498649597168,102.29283142089844,158.15030746459962,204.7461990356445,2026-03-10
2026-03-10 04:00:00,239.09750366210935,57.65198860168457,69.49795265197754,87.10038757324219,149.5609519958496,253.8240379333496,2026-03-10
2026-03-10 05:00:00,180.4900054931641,111.22745246887207,124.27223701477051,132.1361846923828,194.23895187377929,241.3719024658203,2026-03-10
2026-03-10 06:00:00,292.5,246.43603324890137,254.10123405456542,267.313720703125,334.66633834838865,443.56492691040035,2026-03-10
2026-03-10 07:00:00,191.1947479248047,191.6777328491211,205.07485122680663,211.13946533203125,269.6809627532959,327.71112937927245,2026-03-10
2026-03-10 08:00:00,217.5,31.44627151489258,38.00648040771485,42.42750549316406,64.17513809204101,138.95754661560056,2026-03-10
2026-03-10 09:00:00,12.5,-7.141983795166015,0.6910232543945289,7.447418212890625,18.995071029663087,118.07684745788573,2026-03-10
2026-03-10 10:00:00,-50.0,6.720164489746095,13.919437408447264,18.259429931640625,33.83272094726563,113.2971164703369,2026-03-10
2026-03-10 11:00:00,-50.0,97.60636596679686,103.88007431030272,107.17375183105467,119.54213638305663,214.1064556121826,2026-03-10
2026-03-10 12:00:00,-50.0,41.632476043701175,49.149374389648436,53.7691650390625,71.89223403930664,149.6131824493408,2026-03-10
2026-03-10 13:00:00,-50.0,-14.263923645019531,-4.887447357177734,-2.005218505859375,52.96556701660156,104.82696495056152,2026-03-10
2026-03-10 14:00:00,-50.0,-41.698310852050774,-33.59452590942383,-27.19613647460937,28.658346176147464,64.37773780822754,2026-03-10
2026-03-10 15:00:00,-50.0,-36.49278564453125,-30.108543395996094,-24.22979736328125,34.167776870727536,101.26398277282713,2026-03-10
2026-03-10 16:00:00,-50.0,-33.22457847595214,-22.306064224243165,-9.7169189453125,54.10130004882812,99.90285034179686,2026-03-10
2026-03-10 17:00:00,142.75,176.79852333068845,195.23181838989257,246.50440979003903,286.81798400878904,367.108740234375,2026-03-10
2026-03-10 18:00:00,285.75,330.31206321716314,389.79996948242194,420.4817504882813,455.2310958862305,518.0404266357423,2026-03-10
2026-03-10 19:00:00,220.3302459716797,493.03257026672367,528.4670568466187,578.5225830078125,604.8502883911133,658.9747207641602,2026-03-10
2026-03-10 20:00:00,231.29049682617188,535.8453708648682,580.845629119873,619.8428955078125,655.0408332824707,704.1377754211426,2026-03-10
2026-03-10 21:00:00,300.0,954.7475093841553,1021.4304428100586,1047.32470703125,1071.5373947143555,1150.2798751831056,2026-03-10
2026-03-10 22:00:00,337.5,999.8808315277099,1058.6023651123046,1082.27587890625,1103.0106872558595,1191.430825805664,2026-03-10
2026-03-10 23:00:00,350.0,903.9089649200439,919.842635345459,976.708251953125,999.3176025390625,1056.509619140625,2026-03-10
2026-03-11 00:00:00,663.5,564.3520126342773,579.6058944702148,589.333251953125,599.3061370849609,622.377799987793,2026-03-11
2026-03-11 01:00:00,417.43951416015625,941.4311294555664,963.3186691284179,977.487548828125,994.8907989501953,1012.2146881103515,2026-03-11
2026-03-11 02:00:00,970.2349853515624,601.003337097168,624.5827926635742,641.2373046875,653.801042175293,681.6692047119141,2026-03-11
2026-03-11 03:00:00,925.0,361.85652084350585,381.94676971435547,392.0201110839844,410.7374740600586,440.9710525512695,2026-03-11
2026-03-11 04:00:00,487.5,274.06724014282224,298.7623794555664,312.5380859375,327.04392395019534,351.66867980957034,2026-03-11
2026-03-11 05:00:00,460.896240234375,262.6101440429687,284.9961410522461,302.3960266113281,317.86981201171875,356.92103424072263,2026-03-11
2026-03-11 06:00:00,467.25,224.61822471618655,299.7248062133789,312.2475280761719,336.77772369384763,382.29999389648435,2026-03-11
2026-03-11 07:00:00,32.5,201.84908866882324,233.48278198242187,295.5927429199219,316.43514251708984,357.98377838134763,2026-03-11
2026-03-11 08:00:00,187.5,145.47567253112788,170.17044067382807,243.16458129882807,267.8955184936523,324.8323410034179,2026-03-11
2026-03-11 09:00:00,275.0,65.68547630310059,76.50357170104981,90.43299865722656,177.31632232666016,231.96937561035156,2026-03-11
2026-03-11 10:00:00,318.3080139160156,8.997678375244138,17.99306182861328,25.50277709960937,35.63405570983886,131.66505470275877,2026-03-11
2026-03-11 11:00:00,403.0567626953125,136.6454231262207,146.89118499755858,154.06153869628906,217.28906593322753,289.44372138977053,2026-03-11
2026-03-11 12:00:00,490.97650146484375,165.06462860107425,173.12048187255863,180.92747497558597,193.60865974426272,286.5375743865967,2026-03-11
2026-03-11 13:00:00,322.2852478027344,12.028472900390625,19.684573364257812,25.13531494140625,93.93789100646973,131.55529670715333,2026-03-11
2026-03-11 14:00:00,368.2522583007813,11.95627670288086,21.074979400634767,27.316131591796875,37.15478935241699,128.0192989349365,2026-03-11
2026-03-11 15:00:00,195.0,-26.175496673583982,-18.04050140380859,-7.4566650390625,61.06134376525877,145.7068271636963,2026-03-11
2026-03-11 16:00:00,375.0,62.1405574798584,79.23024635314941,145.856201171875,179.9160140991211,226.9970489501953,2026-03-11
2026-03-11 17:00:00,452.5,128.19900703430176,149.3879165649414,212.62744140625,241.25211791992186,283.7031723022461,2026-03-11
2026-03-11 18:00:00,59.25,146.18538551330568,168.74838523864747,247.2551727294922,280.1883804321289,332.3837432861328,2026-03-11
2026-03-11 19:00:00,106.5,135.1958652496338,207.85080184936527,232.3726501464844,257.0890663146973,292.5398109436035,2026-03-11
2026-03-11 20:00:00,124.0,0.6600795745849695,38.695339965820324,116.4146728515625,137.17211456298827,187.0698013305664,2026-03-11
2026-03-11 21:00:00,121.25,-14.385886764526362,13.075796508789068,83.83146667480469,107.38878021240234,144.55707550048828,2026-03-11
2026-03-11 22:00:00,-31.99625015258789,-30.53751335144041,10.189629745483415,75.68226623535156,103.34282989501955,126.53511505126954,2026-03-11
2026-03-11 23:00:00,-50.99625015258789,-58.47575111389158,-15.71628379821776,42.92843627929688,65.33485565185548,110.21476135253909,2026-03-11
2026-03-12 00:00:00,-49.25,-45.09775085449218,-27.202222442626947,-9.497833251953123,38.00474395751953,89.19317321777343,2026-03-12
2026-03-12 01:00:00,-51.0,-77.77374229431152,-55.82995567321777,-19.35516357421875,29.439467239379887,87.5720127105713,2026-03-12
2026-03-12 02:00:00,-50.0,-97.3037078857422,-80.52537994384767,-12.71417236328125,38.378820800781234,114.10264739990234,2026-03-12
2026-03-12 03:00:00,-50.0,-85.83988113403319,-70.88705291748047,-10.16302490234375,31.926867675781246,94.07923278808595,2026-03-12
2026-03-12 04:00:00,-50.0,-109.84115524291991,-87.94477157592773,-17.195526123046875,9.678883361816403,102.29358520507812,2026-03-12
2026-03-12 05:00:00,-50.0,-109.72339630126953,-85.88272247314453,-20.80990600585937,28.190884399414042,145.66595764160155,2026-03-12
2026-03-12 06:00:00,-51.0,-104.92555465698241,-90.29057350158692,-28.969482421875,18.14064254760742,82.2748207092285,2026-03-12
2026-03-12 07:00:00,-51.74625015258789,-109.40236129760741,-84.12389755249023,-24.59716796875,23.56541366577148,108.76994857788085,2026-03-12
2026-03-12 08:00:00,-50.0,-82.86999835968018,-64.18569889068604,-35.372100830078125,50.47664775848388,148.68704509735107,2026-03-12
2026-03-12 09:00:00,-50.0,-72.61992378234862,-56.16189155578613,-34.908355712890625,61.89897346496582,217.13082008361815,2026-03-12
2026-03-12 10:00:00,-50.0,-87.39833145141601,-73.74359436035155,-24.13705444335937,14.488363647460947,122.20188903808594,2026-03-12
2026-03-12 11:00:00,-50.0,-27.87008438110351,-9.663793182373047,6.019134521484375,91.81764297485351,191.61367874145506,2026-03-12
2026-03-12 12:00:00,-50.0,-50.97257308959961,-32.28007583618164,-21.128936767578125,79.32878036499022,190.57024765014648,2026-03-12
2026-03-12 13:00:00,-50.0,-68.395023727417,-51.51613807678223,-36.152862548828125,35.157124710082996,93.20732917785645,2026-03-12
2026-03-12 14:00:00,-50.0,-69.2698959350586,-51.998339080810545,-38.006195068359375,55.76466140747068,144.05842056274412,2026-03-12
2026-03-12 15:00:00,-50.0,-94.88706283569337,-80.27608489990234,-36.51235961914063,29.23374862670898,122.2498908996582,2026-03-12
2026-03-12 16:00:00,-50.0,-111.3915916442871,-91.56484146118163,-30.898101806640625,12.197303771972656,147.58023681640623,2026-03-12
2026-03-12 17:00:00,-50.99625015258789,-47.838634109497065,-33.269793319702146,-8.710723876953125,37.586568069457996,123.64671669006347,2026-03-12
2026-03-12 18:00:00,70.0,-66.63608093261718,-43.10284004211425,22.89852905273437,58.2555679321289,137.79846191406247,2026-03-12
2026-03-12 19:00:00,106.75,-63.421010589599604,-39.05726470947265,34.42315673828125,69.75971984863278,170.71880493164062,2026-03-12
2026-03-12 20:00:00,150.0,-90.96572723388671,-65.62975883483887,7.642425537109375,55.828121185302734,169.64870223999023,2026-03-12
2026-03-12 21:00:00,154.63400268554688,-60.82845153808593,-36.58265495300293,27.41925048828125,65.75749511718749,140.60131225585937,2026-03-12
2026-03-12 22:00:00,50.80350112915039,-73.68107147216796,-44.041418457031256,25.30865478515625,69.63518600463865,140.99013290405273,2026-03-12
2026-03-12 23:00:00,83.10150146484375,-81.34135284423827,-59.45682258605956,15.591033935546877,50.524853515625,173.65967712402343,2026-03-12
2026-03-13 00:00:00,250.24549865722656,-21.782604598999022,3.0839378356933604,17.970703125,48.98954391479492,110.99730224609374,2026-03-13
2026-03-13 01:00:00,280.0,-35.557993698120114,-9.144879150390622,21.609619140625,39.07249145507812,84.45638732910156,2026-03-13
2026-03-13 02:00:00,279.3475036621094,-38.43134956359863,-12.168740463256835,17.91143798828125,38.343814849853516,104.95964126586914,2026-03-13
2026-03-13 03:00:00,238.29299926757807,11.689392471313482,30.801432037353514,63.17942810058594,88.43829727172852,160.52732772827147,2026-03-13
2026-03-13 04:00:00,40.0,9.67467842102051,27.26910247802735,63.971282958984375,91.24303131103517,136.6086517333984,2026-03-13
2026-03-13 05:00:00,-50.0,-34.51913414001464,-18.6095043182373,23.07550048828125,50.14861145019531,98.1419235229492,2026-03-13
2026-03-13 06:00:00,-50.0,-25.310490036010734,1.5082038879394588,38.82334899902344,74.66239624023437,160.91512603759767,2026-03-13
2026-03-13 07:00:00,-50.0,0.2884815216064496,24.75970115661621,39.32945251464844,84.06392364501953,146.12853775024413,2026-03-13
2026-03-13 08:00:00,34.138999938964844,-38.69338665008544,-10.771679496765133,15.200408935546877,59.07827968597412,175.61717128753662,2026-03-13
2026-03-13 09:00:00,251.42349243164065,-10.423471069335932,7.748469543457034,33.961181640625,89.37792396545407,206.730708694458,2026-03-13
2026-03-13 10:00:00,-10.558250427246094,61.41147155761719,76.6035255432129,93.15354919433594,137.26897010803222,226.19891471862792,2026-03-13
2026-03-13 11:00:00,95.39350128173828,147.99074897766113,158.54288902282715,172.13339233398438,217.7171859741211,282.36526107788086,2026-03-13
2026-03-13 12:00:00,-49.1150016784668,88.80450286865235,105.75816192626954,118.95262145996094,160.8220630645752,199.66855430603027,2026-03-13
2026-03-13 13:00:00,-50.0,124.25946044921875,137.85359268188478,150.41140747070312,166.51394958496093,285.70146522521975,2026-03-13
2026-03-13 14:00:00,185.0,97.64211196899416,106.9580635070801,118.98846435546876,161.1478324890137,258.1935970306397,2026-03-13
2026-03-13 15:00:00,234.01649475097656,23.615601348876954,39.649661254882815,51.0472412109375,103.20855522155762,182.60621757507326,2026-03-13
2026-03-13 16:00:00,217.0034942626953,150.48557243347167,163.68939933776855,179.61917114257812,225.99562377929686,326.7054107666015,2026-03-13
2026-03-13 17:00:00,432.5,234.47797660827638,259.08665199279784,306.53350830078125,330.47607498168946,441.8134376525879,2026-03-13
2026-03-13 18:00:00,342.25,247.33594703674316,264.59650497436525,317.28741455078125,337.0196899414062,395.92803421020506,2026-03-13
2026-03-13 19:00:00,482.25,256.01644706726074,274.82323799133303,313.06072998046875,333.7740905761719,438.07666473388673,2026-03-13
2026-03-13 20:00:00,450.0,232.68782844543458,265.126912689209,305.51629638671875,348.5474655151367,446.0747817993164,2026-03-13
2026-03-13 21:00:00,457.5,253.45249671936034,269.16831703186034,316.1236267089844,355.99856338500973,444.3759239196777,2026-03-13
2026-03-13 22:00:00,500.0,264.06278800964355,297.34868202209475,337.05157470703125,363.9023040771484,447.10536193847656,2026-03-13
2026-03-13 23:00:00,550.0,281.16412887573244,302.2006717681885,321.6147155761719,359.5670955657959,425.7053730010986,2026-03-13
2026-03-14 00:00:00,577.5,538.1099990844726,564.2322845458984,602.9697265625,634.305044555664,707.1628509521485,2026-03-14
2026-03-14 01:00:00,500.0,689.3522094726562,713.7119445800781,748.6224365234375,783.4653167724609,837.2260772705077,2026-03-14
2026-03-14 02:00:00,500.0,625.3899002075195,668.0130493164063,698.63232421875,737.9922637939453,857.0576110839844,2026-03-14
2026-03-14 03:00:00,485.0,900.9961280822754,965.2208129882813,1012.17626953125,1057.0096908569335,1170.7114547729493,2026-03-14
2026-03-14 04:00:00,497.5,590.2980335235595,669.620962524414,696.457763671875,745.7025970458984,846.2544204711915,2026-03-14
2026-03-14 05:00:00,500.0,487.2324867248535,522.6946922302246,575.023681640625,626.0531860351563,737.7526931762695,2026-03-14
2026-03-14 06:00:00,608.3914794921875,519.1486003875732,554.3883949279785,631.2894287109375,694.489518737793,784.3155746459961,2026-03-14
2026-03-14 07:00:00,487.5,461.4879825592041,502.362349319458,559.858642578125,613.1601936340332,731.2286903381348,2026-03-14
2026-03-14 08:00:00,437.5,309.68273735046387,371.174951171875,412.2526550292969,468.7068069458008,580.6984970092774,2026-03-14
2026-03-14 09:00:00,165.0,199.0169994354248,220.55038681030274,313.3222351074219,374.6614334106445,516.3251296997071,2026-03-14
2026-03-14 10:00:00,278.04376220703125,181.77771034240718,200.23606338500971,277.0663452148437,325.2356399536132,412.837612915039,2026-03-14
2026-03-14 11:00:00,287.5,294.2566089630127,318.2147701263428,390.939208984375,445.33988800048826,544.1512069702148,2026-03-14
2026-03-14 12:00:00,302.5,263.7541553497315,283.5191925048828,348.0065002441406,387.0184158325195,468.20747833251954,2026-03-14
2026-03-14 13:00:00,290.0,207.18011894226075,217.91090660095216,280.6736755371094,340.21570587158203,397.728125,2026-03-14
2026-03-14 14:00:00,287.5,279.115535736084,301.4149673461914,323.5894775390625,393.85020179748534,591.2790943145751,2026-03-14
2026-03-14 15:00:00,185.0,237.87496604919428,260.1900695800781,335.0336303710937,425.4386314392089,545.6223487854004,2026-03-14
2026-03-14 16:00:00,420.0,274.4146244049072,297.0614097595215,387.3540344238281,428.23201141357424,554.6488861083984,2026-03-14
2026-03-14 17:00:00,339.5,633.4693637847901,651.2362377166749,723.037109375,790.6870368957519,929.3454627990723,2026-03-14
2026-03-14 18:00:00,377.5,605.2861270904541,634.9693645477295,722.4571533203125,781.0868957519531,861.5901107788086,2026-03-14
2026-03-14 19:00:00,290.0,518.9194156646729,539.9122913360595,602.4775390625,658.5917366027832,779.9430320739746,2026-03-14
2026-03-14 20:00:00,292.5,609.289059829712,634.0102638244629,715.9788208007812,766.7328903198243,948.7069458007812,2026-03-14
2026-03-14 21:00:00,285.0,831.2228153228759,855.9691413879394,920.8103637695312,1001.4019332885742,1159.8408920288086,2026-03-14
2026-03-14 22:00:00,290.0,685.8144519805908,767.5373291015625,806.7030639648438,857.0285202026367,997.5903701782227,2026-03-14
2026-03-14 23:00:00,290.0,513.7938152313233,567.0917533874511,623.4969482421875,684.0828369140625,806.8736099243164,2026-03-14
2026-03-15 00:00:00,292.5,271.8481140136719,287.97633361816406,299.0927429199219,313.462385559082,336.0785400390625,2026-03-15
2026-03-15 01:00:00,290.0,238.55832862854004,276.8815475463867,295.9551696777344,312.6866180419922,343.84068756103517,2026-03-15
2026-03-15 02:00:00,280.0,245.40594635009768,296.3703330993652,314.9632873535156,342.7273834228515,406.4163818359375,2026-03-15
2026-03-15 03:00:00,282.5,229.5674057006836,285.7259941101074,308.3344421386719,322.4695159912109,358.0477828979492,2026-03-15
2026-03-15 04:00:00,295.0,229.313916015625,280.9613517761231,307.1653747558594,323.0235534667969,350.9882095336914,2026-03-15
2026-03-15 05:00:00,352.5,195.95443725585938,266.97779846191406,291.048095703125,314.0562271118164,383.21265106201173,2026-03-15
2026-03-15 06:00:00,500.0,218.1312057495117,254.74597702026367,293.9566955566406,323.03904876708987,397.57451171875005,2026-03-15
2026-03-15 07:00:00,395.0,181.5513832092285,235.93680419921876,287.1434020996094,301.689614868164,347.83567504882814,2026-03-15
2026-03-15 08:00:00,177.5,210.76677780151368,244.1728401184082,274.21392822265625,322.37770080566406,376.18880157470704,2026-03-15
2026-03-15 09:00:00,75.0,238.6298526763916,270.092484664917,288.26104736328125,343.91759757995607,403.2379833221436,2026-03-15
2026-03-15 10:00:00,261.1467590332031,185.36744422912597,206.20467147827148,221.0081024169922,273.79339866638185,349.69146690368655,2026-03-15
2026-03-15 11:00:00,440.0,210.639302444458,225.25937004089351,238.17953491210935,266.2378566741943,354.1478420257568,2026-03-15
2026-03-15 12:00:00,285.0,288.3128486633301,306.9765228271484,317.9616394042969,338.2203994750977,398.7701591491699,2026-03-15
2026-03-15 13:00:00,337.5,147.50464820861816,168.45919456481934,180.3823699951172,199.1965175628662,261.36347846984864,2026-03-15
2026-03-15 14:00:00,285.0,161.8375564575195,175.32137374877928,191.74261474609372,226.1248035430908,324.408812713623,2026-03-15
2026-03-15 15:00:00,404.6694946289063,120.23766059875489,141.61624336242676,156.83465576171875,194.57772789001464,262.6641513824463,2026-03-15
2026-03-15 16:00:00,571.25,208.10374641418457,242.55735206604004,268.1726379394531,325.4043056488037,386.8817928314209,2026-03-15
2026-03-15 17:00:00,392.5,231.52816848754884,264.21299934387207,321.152099609375,349.79905166625974,407.3902976989746,2026-03-15
2026-03-15 18:00:00,365.0,600.1910514831543,651.9527755737305,704.4863891601562,726.9852325439454,795.693603515625,2026-03-15
2026-03-15 19:00:00,310.0,568.2928535461426,605.2067771911621,655.552490234375,689.8218994140625,740.3926803588868,2026-03-15
2026-03-15 20:00:00,259.8905029296875,464.8897415161133,524.5502685546875,569.15185546875,586.4304565429687,664.7473785400391,2026-03-15
2026-03-15 21:00:00,287.5,404.03899765014654,447.7948749542237,485.4265747070313,526.9803855895997,578.3970710754395,2026-03-15
2026-03-15 22:00:00,290.0,275.588941192627,340.8225730895996,393.067138671875,424.16333770751953,487.57629241943357,2026-03-15
2026-03-15 23:00:00,312.5,290.42547836303714,345.1103454589844,385.2177734375,426.0189743041993,489.6751388549805,2026-03-15
2026-03-16 00:00:00,410.0,325.26814422607424,360.93109130859375,376.767822265625,395.3241027832031,427.8293914794922,2026-03-16
2026-03-16 01:00:00,300.0,345.3280303955078,366.0778778076172,376.34381103515625,398.4543518066406,438.62451019287107,2026-03-16
2026-03-16 02:00:00,110.0,291.21260528564454,348.10416107177736,367.00628662109375,384.47895355224614,421.10950622558596,2026-03-16
2026-03-16 03:00:00,52.5,200.85415916442872,262.5188842773438,285.45379638671875,309.9578552246094,361.2290954589844,2026-03-16
2026-03-16 04:00:00,150.0,190.67466049194337,256.1240570068359,278.0412902832031,297.0745910644531,373.38702392578125,2026-03-16
2026-03-16 05:00:00,222.5,185.66808853149413,228.0507781982422,242.5275421142578,265.44676361083987,299.85543365478514,2026-03-16
2026-03-16 06:00:00,188.25,157.73620109558107,215.9976547241211,243.2362060546875,263.11645812988286,329.34466552734375,2026-03-16
2026-03-16 07:00:00,-50.0,13.094097900390636,74.7854965209961,117.42893981933594,141.66563873291017,199.21859283447264,2026-03-16
2026-03-16 08:00:00,-50.67850112915039,-95.29692459106445,-35.97016220092773,2.82171630859375,29.722486877441405,81.04765624999999,2026-03-16
2026-03-16 09:00:00,-50.0,-95.49889755249023,-68.87804260253907,-14.92218017578125,5.257918548583952,54.41743087768553,2026-03-16
2026-03-16 10:00:00,-50.0,-91.10826263427734,-44.24770812988281,-11.217803955078123,41.29484252929685,100.83762054443359,2026-03-16
2026-03-16 11:00:00,-50.0,-30.189842224121094,-2.1648429870605455,25.5369873046875,80.1247787475586,132.7449951171875,2026-03-16
2026-03-16 12:00:00,-50.0,-72.17254180908202,-44.07920455932617,-0.54248046875,42.699652099609374,103.34045257568359,2026-03-16
2026-03-16 13:00:00,-50.0,-104.16753463745117,-74.43806381225585,-14.2474365234375,9.824313354492187,44.636837768554685,2026-03-16
2026-03-16 14:00:00,-50.0,-67.81223335266114,-36.115732192993164,-7.91552734375,44.06367835998536,111.0644428253174,2026-03-16
2026-03-16 15:00:00,-50.0,-103.54984741210937,-62.891002273559565,-18.9149169921875,33.42435302734375,83.8820098876953,2026-03-16
2026-03-16 16:00:00,-50.0,-124.95870895385741,-75.86831970214843,-16.131988525390625,11.173608398437498,57.39365692138671,2026-03-16
2026-03-16 17:00:00,6.25,-82.33434906005859,-38.42750701904298,23.82879638671875,43.792078399658195,120.33272476196288,2026-03-16
2026-03-16 18:00:00,82.5,120.5629150390625,159.20581550598143,218.1742706298828,254.32851867675782,316.91620483398435,2026-03-16
2026-03-16 19:00:00,126.25,92.55158309936525,129.67649421691897,206.8099365234375,234.85157165527343,290.2534484863281,2026-03-16
2026-03-16 20:00:00,-15.75,56.09511337280274,92.95953788757323,152.4019317626953,183.40629959106445,228.25433273315429,2026-03-16
2026-03-16 21:00:00,-31.5,15.485478210449244,88.97959289550784,132.1121368408203,157.47343292236332,206.67385406494142,2026-03-16
2026-03-16 22:00:00,-49.5,27.23809509277345,69.92124290466309,129.44834899902344,161.23367462158203,210.82381896972657,2026-03-16
2026-03-16 23:00:00,-52.25,27.104084777832043,77.99839248657227,119.57980346679688,146.1965301513672,197.58812561035154,2026-03-16
2026-03-17 00:00:00,-14.49625015258789,25.538459014892577,29.641383361816406,31.160552978515625,32.98721694946289,37.58092422485352,2026-03-17
2026-03-17 01:00:00,94.5,67.0006492614746,70.1003517150879,71.80677795410156,73.69741134643554,143.57016143798828,2026-03-17
2026-03-17 02:00:00,196.5,232.5071876525879,236.36277389526367,238.6829071044922,241.74164199829102,356.51201248168945,2026-03-17
2026-03-17 03:00:00,198.6719970703125,241.97405090332032,246.03668594360352,248.53887939453125,251.67392044067384,370.1117767333984,2026-03-17
2026-03-17 04:00:00,240.46925354003903,166.06242828369142,169.3438865661621,172.73826599121094,175.64892807006837,353.06089782714844,2026-03-17
2026-03-17 05:00:00,282.5,198.83624343872071,201.89051895141603,204.362548828125,207.2115966796875,314.3068649291992,2026-03-17
2026-03-17 06:00:00,455.0,241.17889099121095,246.45285415649414,248.50857543945312,260.0868911743164,388.9237251281738,2026-03-17
2026-03-17 07:00:00,612.9307250976562,42.11243515014648,46.216165924072264,48.71385192871094,52.200479125976564,158.25183563232417,2026-03-17
2026-03-17 08:00:00,445.0050048828125,-11.405388641357423,-7.700775146484375,-5.13409423828125,-2.6225708007812503,85.17606353759766,2026-03-17
2026-03-17 09:00:00,285.0,-28.59353332519531,-22.31531219482422,-20.567138671875,-17.351246643066407,82.76797943115234,2026-03-17
2026-03-17 10:00:00,380.01025390625,-23.009594726562497,-20.258455657958983,-18.840484619140625,-16.184584045410155,102.21793365478514,2026-03-17
2026-03-17 11:00:00,483.2309875488281,-16.825623321533204,-13.947474670410156,-11.6297607421875,-7.884970092773438,116.99217376708984,2026-03-17
2026-03-17 12:00:00,115.25,-43.09805526733398,-40.743560791015625,-36.92333984375,-33.685631561279294,47.20812377929687,2026-03-17
2026-03-17 13:00:00,-49.50149917602539,-30.260442352294923,-26.994557189941407,-24.442840576171875,-18.045866394042967,100.45402603149414,2026-03-17
2026-03-17 14:00:00,-50.0,-16.720426177978517,-11.615219879150391,-9.17327880859375,-5.7807258605957035,73.3578384399414,2026-03-17
2026-03-17 15:00:00,-50.0,-42.955023193359374,-38.72228012084961,-35.717132568359375,16.628658294677734,93.6080223083496,2026-03-17
2026-03-17 16:00:00,-50.0,-22.547569274902347,-17.863381958007814,-15.300994873046877,-11.0055534362793,93.1289794921875,2026-03-17
2026-03-17 17:00:00,-54.75,-16.860009002685544,-11.676306915283206,-7.730865478515625,3.7571998596191403,124.5184471130371,2026-03-17
2026-03-17 18:00:00,239.0,1.4969802856445318,6.101400756835938,8.732574462890625,75.90370864868164,119.68220596313476,2026-03-17
2026-03-17 19:00:00,252.5,32.81663436889649,36.946293640136716,39.676300048828125,52.29733123779297,180.6666618347168,2026-03-17
2026-03-17 20:00:00,199.0,2.2676712036132844,8.877323150634767,13.212615966796877,19.572051239013675,106.8203872680664,2026-03-17
2026-03-17 21:00:00,164.0,17.551212310791016,20.907673645019532,25.81866455078125,97.63958206176757,165.61507644653318,2026-03-17
2026-03-17 22:00:00,121.5,23.149154663085938,29.191135406494137,32.858428955078125,45.35584182739258,220.79126968383787,2026-03-17
2026-03-17 23:00:00,211.0570068359375,51.02770309448242,61.00078582763672,65.46929931640625,142.8166076660156,194.81985397338866,2026-03-17
2026-03-18 00:00:00,335.0,156.60574378967289,193.2455116271973,223.48614501953125,242.72467880249022,283.89938888549807,2026-03-18
2026-03-18 01:00:00,297.5,206.0163631439209,259.3109580993652,279.368896484375,298.8434410095215,336.1894706726074,2026-03-18
2026-03-18 02:00:00,295.0,211.57200546264647,258.69774627685547,278.96368408203125,294.6409454345703,320.34759521484375,2026-03-18
2026-03-18 03:00:00,282.5,226.37334518432618,286.8900894165039,301.5306701660156,329.71092529296874,375.69615936279297,2026-03-18
2026-03-18 04:00:00,242.5,227.83139343261718,292.0289749145508,309.9779357910156,329.4839630126953,366.7199020385742,2026-03-18
2026-03-18 05:00:00,247.7010040283203,197.60607948303223,253.48595123291014,276.1015930175781,299.2600830078125,357.5825927734375,2026-03-18
2026-03-18 06:00:00,168.88299560546875,194.74862785339354,244.0235366821289,264.1887512207031,291.9745727539063,375.85825500488284,2026-03-18
2026-03-18 07:00:00,-47.81949996948242,132.0833885192871,189.59835510253907,231.6547088623047,250.79438323974608,304.6421951293945,2026-03-18
2026-03-18 08:00:00,-49.837249755859375,-66.26007614135742,-25.57033309936523,23.4586181640625,58.97802658081054,114.17575454711914,2026-03-18
2026-03-18 09:00:00,-50.0,-89.20636749267578,-59.68914718627929,-14.200592041015623,19.92121429443359,84.38383789062499,2026-03-18
2026-03-18 10:00:00,-50.0,-50.210622787475586,-26.01597557067871,-0.9207763671875,45.410759353637694,104.51497993469239,2026-03-18
2026-03-18 11:00:00,-50.0,-54.18042488098144,-35.57220191955567,-14.987274169921877,37.28141746520997,94.01395759582519,2026-03-18
2026-03-18 12:00:00,-50.0,-72.7665054321289,-52.5956298828125,-39.797943115234375,-0.6908905029296974,63.15036239624021,2026-03-18
2026-03-18 13:00:00,-50.0,-61.12923965454101,-50.20012435913086,-35.977203369140625,-16.481948089599612,61.57253799438476,2026-03-18
2026-03-18 14:00:00,-50.0,-58.00375823974609,-43.96721267700195,-31.34799194335937,35.85325241088867,86.98929061889648,2026-03-18
2026-03-18 15:00:00,-50.0,-53.932532501220706,-39.40730285644531,-26.31829833984375,-2.0817623138427734,149.63005447387695,2026-03-18
2026-03-18 16:00:00,-11.0,8.24821586608887,24.07386512756348,44.886627197265625,113.88228645324706,175.05663185119627,2026-03-18
2026-03-18 17:00:00,266.0,160.95810050964354,187.0033214569092,209.05300903320312,271.4430377960205,365.3531925201416,2026-03-18
2026-03-18 18:00:00,231.0,257.21048126220705,280.01300582885744,348.95428466796875,377.72553329467775,432.12318954467776,2026-03-18
2026-03-18 19:00:00,193.75,269.6639823913574,287.292797088623,350.5267944335937,378.557160949707,415.84901580810543,2026-03-18
2026-03-18 20:00:00,208.6267547607422,178.3097969055176,199.90153274536132,261.8033447265625,288.8730697631836,347.4005294799805,2026-03-18
2026-03-18 21:00:00,217.0554962158203,215.93759956359864,233.98356132507325,262.2901611328125,326.1904834747314,376.37964820861816,2026-03-18
2026-03-18 22:00:00,221.0,174.96047897338872,193.28872222900395,264.1279296875,286.87772674560546,331.2283706665039,2026-03-18
2026-03-18 23:00:00,134.25,120.29602279663087,150.48218231201173,211.06964111328125,242.41752014160156,301.9441375732422,2026-03-18
2026-03-19 00:00:00,270.6885070800781,189.3900527954101,220.3980735778808,260.4823608398437,276.19406890869135,307.8816246032714,2026-03-19
2026-03-19 01:00:00,280.0,198.47649688720702,242.26703186035155,289.8177490234375,309.0746276855469,341.76383514404296,2026-03-19
2026-03-19 02:00:00,282.5,199.77673187255854,240.8969894409179,279.3656616210937,291.5298973083496,316.8744667053222,2026-03-19
2026-03-19 03:00:00,285.0,180.05354995727538,244.09051895141602,260.61151123046875,293.01744384765624,330.7466064453125,2026-03-19
2026-03-19 04:00:00,203.69200134277344,156.29132766723632,218.64489364624023,235.35787963867188,251.90050659179687,290.62303771972654,2026-03-19
2026-03-19 05:00:00,119.0,121.96249694824219,184.46284866333008,203.8021697998047,225.64130249023438,266.70616760253904,2026-03-19
2026-03-19 06:00:00,-1.8227499723434448,149.78758239746094,187.09368591308595,244.4529266357422,272.8848190307617,320.90567779541016,2026-03-19
2026-03-19 07:00:00,209.04299926757807,161.4244209289551,180.666618347168,240.46702575683597,268.18124618530277,317.02134933471683,2026-03-19
2026-03-19 08:00:00,75.33625030517578,115.08749504089356,131.6261058807373,162.63926696777344,229.67359428405763,323.8262432098388,2026-03-19
2026-03-19 09:00:00,-50.0,-17.465680313110347,-1.3811252593994112,15.88397216796875,76.55347023010253,125.15602989196776,2026-03-19
2026-03-19 10:00:00,-50.0,34.64140777587892,48.14467010498048,57.91671752929688,72.16858978271485,154.12462844848633,2026-03-19
2026-03-19 11:00:00,-50.0,103.1437873840332,111.6657928466797,117.77955627441406,128.2789047241211,219.42765579223632,2026-03-19
2026-03-19 12:00:00,-50.0,64.19517059326172,69.72304611206054,76.10678100585938,87.58594360351563,173.45836029052734,2026-03-19
2026-03-19 13:00:00,-50.0,9.154761505126956,18.24044876098633,27.85015869140625,80.99525756835936,127.30996780395508,2026-03-19
2026-03-19 14:00:00,-50.0,-48.345279693603516,-34.287681579589844,-20.75204467773437,45.66488265991211,114.54635772705078,2026-03-19
2026-03-19 15:00:00,-50.0,-53.88045043945313,-34.886669921875,-22.79534912109375,54.75364074707031,147.8357391357422,2026-03-19
2026-03-19 16:00:00,-47.13874816894531,44.72879409790039,58.13526916503906,72.97373962402344,133.49161071777343,187.96702575683594,2026-03-19
2026-03-19 17:00:00,460.552001953125,261.8241279602051,282.7882926940918,350.9928283691406,375.202653503418,509.4305587768555,2026-03-19
2026-03-19 18:00:00,329.9880065917969,419.9781631469727,447.0556293487549,503.423095703125,536.2022598266601,608.8549026489258,2026-03-19
2026-03-19 19:00:00,333.2720031738281,531.9601844787597,567.4057567596435,631.34521484375,652.91396484375,714.6766174316406,2026-03-19
2026-03-19 20:00:00,500.0,519.5327079772949,546.4776638031005,609.483642578125,632.5548461914062,737.59697265625,2026-03-19
2026-03-19 21:00:00,500.0,574.9342430114746,597.2584762573242,664.3510131835938,680.7307792663574,746.1910064697265,2026-03-19
2026-03-19 22:00:00,430.0,543.3735443115235,575.4531944274902,628.9417724609375,662.4330917358399,724.7931838989258,2026-03-19
2026-03-19 23:00:00,447.5,513.4318008422852,540.0663997650147,600.8538818359375,620.4582077026367,684.1006256103516,2026-03-19
2026-03-20 00:00:00,420.0,305.28345184326173,332.1615783691406,358.656005859375,380.0605651855469,427.78183898925784,2026-03-20
2026-03-20 01:00:00,442.5,243.27624092102053,315.47252349853517,341.32305908203125,363.80543212890626,401.87083740234374,2026-03-20
2026-03-20 02:00:00,475.0,248.31556777954103,312.7048706054687,330.2363586425781,354.8618408203125,398.92522583007815,2026-03-20
2026-03-20 03:00:00,305.0,234.56870803833007,285.81884765625,311.4384460449219,331.0018524169922,368.2942840576172,2026-03-20
2026-03-20 04:00:00,352.5,227.4258575439453,254.56954956054688,274.46405029296875,300.3058380126953,333.8107543945313,2026-03-20
2026-03-20 05:00:00,205.0,184.06222534179688,242.53055419921873,267.94366455078125,296.9298553466797,358.30585021972655,2026-03-20
2026-03-20 06:00:00,117.5,145.5725334167481,207.2297950744629,252.41966247558597,288.3625091552735,333.0224151611328,2026-03-20
2026-03-20 07:00:00,87.5,136.30603637695313,183.3524429321289,240.33029174804688,274.0815368652344,324.5797607421875,2026-03-20
2026-03-20 08:00:00,-50.0,85.1130599975586,127.79196472167969,173.95220947265625,230.59034423828126,314.0346252441406,2026-03-20
2026-03-20 09:00:00,102.5,53.82752418518065,72.70403633117675,98.5021514892578,161.59396400451658,215.87984199523925,2026-03-20
2026-03-20 10:00:00,-50.0,117.37820587158203,138.024072265625,169.27105712890625,219.4607131958008,280.0412879943848,2026-03-20
2026-03-20 11:00:00,-50.0,204.60144691467283,219.4313884735107,239.42042541503903,305.4020290374756,390.9422298431396,2026-03-20
2026-03-20 12:00:00,-50.0,111.06459350585938,132.27142868041992,147.88609313964844,174.49404525756836,267.9807403564453,2026-03-20
2026-03-20 13:00:00,-50.0,-43.65393943786621,-23.46345329284668,-4.21771240234375,20.79403228759766,113.8964702606201,2026-03-20
2026-03-20 14:00:00,-50.0,-74.0416088104248,-55.884328079223636,-30.0213623046875,27.697232437133785,95.97733192443847,2026-03-20
2026-03-20 15:00:00,-50.0,-77.22905273437499,-56.00819854736328,-33.4464111328125,-20.787165451049805,74.95264663696288,2026-03-20
2026-03-20 16:00:00,-50.0,-82.02889213562011,-58.32823219299316,-34.30828857421875,26.507001876831062,96.71905479431152,2026-03-20
2026-03-20 17:00:00,-15.494500160217283,-92.107373046875,-59.32647590637207,-20.209930419921875,28.778667449951172,88.10881576538085,2026-03-20
2026-03-20 18:00:00,127.5,41.50001678466798,93.35943069458008,144.52674865722656,171.79846496582033,253.87556915283204,2026-03-20
2026-03-20 19:00:00,228.5,81.05781860351563,126.83435096740723,179.32008361816406,207.97655258178713,272.78952865600587,2026-03-20
2026-03-20 20:00:00,61.5,-61.74146194458005,-7.160680007934545,65.82432556152344,90.00948791503907,141.67473449707035,2026-03-20
2026-03-20 21:00:00,168.5,-55.020417785644526,-13.158848190307616,44.48042297363281,73.24688110351562,137.96018066406248,2026-03-20
2026-03-20 22:00:00,128.5,-71.62605514526366,-36.7437213897705,27.257965087890625,55.90952606201172,122.03033447265625,2026-03-20
2026-03-20 23:00:00,131.0,-99.55979766845702,-48.692614746093746,10.888092041015623,51.77804260253906,93.65800781249999,2026-03-20
2026-03-21 00:00:00,139.5,-57.4263931274414,-43.39570083618164,-26.557830810546875,-12.441940307617179,23.69029922485351,2026-03-21
2026-03-21 01:00:00,78.5,-79.37557334899901,-56.507332992553714,-32.67669677734375,-18.57506027221681,21.91665420532226,2026-03-21
2026-03-21 02:00:00,-11.026249885559082,-82.10481109619141,-59.22462387084961,-38.05245971679688,-11.36632156372071,34.02027664184569,2026-03-21
2026-03-21 03:00:00,-50.0,-98.69649276733398,-76.63966217041013,-40.1805419921875,-22.201844787597647,2.3797645568847727,2026-03-21
2026-03-21 04:00:00,-44.0,-100.39498367309571,-73.84500350952149,-41.70782470703125,-28.192214965820305,26.74466323852539,2026-03-21
2026-03-21 05:00:00,-49.5,-111.02754898071288,-70.50311279296875,-39.62176513671875,-19.78384246826172,16.67455139160156,2026-03-21
2026-03-21 06:00:00,-45.5,-83.76893730163573,-59.06275901794433,-38.1744384765625,-6.2533100128173835,33.61037406921386,2026-03-21
2026-03-21 07:00:00,-40.12125015258789,-69.10183181762696,-50.38875732421875,-35.293212890625,-2.9374710083007827,56.379000091552726,2026-03-21
2026-03-21 08:00:00,-50.0,-65.86834793090821,-48.50421218872071,-38.07394409179688,-23.91701660156251,36.8197540283203,2026-03-21
2026-03-21 09:00:00,-50.0,-73.58036651611329,-57.007816314697266,-45.48309326171875,-39.19952621459961,17.70624084472656,2026-03-21
2026-03-21 10:00:00,-50.0,-34.92185516357422,-23.547154235839844,-14.558441162109377,-4.774201202392581,60.70429077148438,2026-03-21
2026-03-21 11:00:00,-50.0,-38.69069595336914,-31.744058990478514,-23.521392822265625,-16.730081176757814,37.53862686157226,2026-03-21
2026-03-21 12:00:00,-50.0,-71.97961044311523,-57.31426010131836,-48.37445068359375,-39.65710296630859,37.861568450927734,2026-03-21
2026-03-21 13:00:00,-50.0,-69.7412727355957,-54.227165985107426,-45.51715087890625,-39.743534088134766,-8.482078933715826,2026-03-21
2026-03-21 14:00:00,-50.0,-63.83259963989258,-56.033163452148436,-46.147308349609375,-35.530985260009764,34.313539886474615,2026-03-21
2026-03-21 15:00:00,-50.0,-69.67052993774415,-52.07251434326172,-44.04660034179688,-30.01064758300782,40.66658554077147,2026-03-21
2026-03-21 16:00:00,-49.0,-79.24678192138673,-54.077378082275395,-40.16452026367188,-16.979148483276376,36.04574203491209,2026-03-21
2026-03-21 17:00:00,-14.5,-66.27948455810547,-43.9280517578125,-29.264068603515625,7.940323638916013,73.47583694458007,2026-03-21
2026-03-21 18:00:00,95.0,-73.64477005004882,-35.77335052490234,7.00604248046875,31.157393646240234,93.35820846557617,2026-03-21
2026-03-21 19:00:00,-48.5,-51.70469131469726,-9.708082580566408,30.82162475585937,61.990076446533195,97.16713790893554,2026-03-21
2026-03-21 20:00:00,64.0,-66.03516464233398,-17.570405197143558,17.27618408203125,48.141686248779294,116.06633834838867,2026-03-21
2026-03-21 21:00:00,18.87874984741211,-67.62866744995115,-3.235717010498025,19.8072509765625,45.175244140625,157.19536743164065,2026-03-21
2026-03-21 22:00:00,-48.24250030517578,-89.56059265136719,-37.744165039062494,-13.12701416015625,4.406246948242185,43.99269104003908,2026-03-21
2026-03-21 23:00:00,81.6624984741211,-104.28238220214841,-49.777145385742166,-29.17822265625,-2.9478973388671683,49.242840576171915,2026-03-21
2026-03-22 00:00:00,260.0,85.93469161987305,99.70053939819336,108.85507202148438,119.21307411193848,173.87492599487302,2026-03-22
2026-03-22 01:00:00,234.96749877929688,117.57962684631349,141.00649147033693,154.86520385742188,161.81813468933106,212.68479957580567,2026-03-22
2026-03-22 02:00:00,162.1219940185547,118.74700088500977,141.65047302246094,150.1775360107422,179.06038131713868,242.39966278076173,2026-03-22
2026-03-22 03:00:00,235.2140045166016,194.55085258483888,221.9698513031006,233.0953369140625,257.8076061248779,319.03167762756345,2026-03-22
2026-03-22 04:00:00,244.36700439453125,221.58446006774903,237.96047172546386,256.4773254394531,279.79099922180177,336.690832901001,2026-03-22
2026-03-22 05:00:00,275.0,253.03717536926268,268.3126705169678,279.0892028808594,290.8526550292969,357.01289024353025,2026-03-22
2026-03-22 06:00:00,280.0,262.5594116210938,283.6202621459961,291.0643310546875,306.56226387023924,370.59216995239257,2026-03-22
2026-03-22 07:00:00,272.5,222.6722854614258,238.7257049560547,252.6273956298828,269.6478199005127,369.9348335266113,2026-03-22
2026-03-22 08:00:00,247.5,145.37359085083008,160.0010498046875,170.67340087890625,182.5794864654541,240.63940277099607,2026-03-22
2026-03-22 09:00:00,145.0,-29.37103576660156,-13.927931976318357,-9.602081298828123,-4.00070343017578,9.302217864990235,2026-03-22
2026-03-22 10:00:00,62.5,-12.239584350585936,-4.898684692382812,3.391021728515625,11.84993896484375,27.46112937927246,2026-03-22
2026-03-22 11:00:00,112.5,110.0949333190918,121.10780487060546,126.57630920410156,132.17089385986327,197.42624053955078,2026-03-22
2026-03-22 12:00:00,237.5,144.6170227050781,155.33812255859374,163.84356689453125,173.36256713867186,238.65079040527343,2026-03-22
2026-03-22 13:00:00,237.5,71.64826202392578,86.6672492980957,92.65194702148438,99.43925323486329,117.60597343444825,2026-03-22
2026-03-22 14:00:00,262.5,-9.238531494140624,0.9567298889160138,6.741668701171875,11.922470855712891,23.473015594482423,2026-03-22
2026-03-22 15:00:00,265.0,54.49733428955078,65.9735595703125,71.05259704589844,77.0252197265625,91.66094589233398,2026-03-22
2026-03-22 16:00:00,477.5,283.1733009338379,291.417414855957,299.45721435546875,307.71115493774414,320.75719718933107,2026-03-22
2026-03-22 17:00:00,887.25,483.94330291748054,498.00056991577156,510.2164916992188,524.9322490692139,594.5246803283692,2026-03-22
2026-03-22 18:00:00,497.5,925.2426681518555,941.4085548400878,950.1886596679688,959.1847854614258,1038.2363250732421,2026-03-22
2026-03-22 19:00:00,477.5,511.13911628723145,527.2086109161377,540.9444580078125,591.9528057098389,670.8619388580322,2026-03-22
2026-03-22 20:00:00,365.0,469.92561874389656,494.33445510864266,505.0359497070313,551.0863067626954,606.9891883850098,2026-03-22
2026-03-22 21:00:00,576.75,582.1811508178711,598.0410705566406,606.0789794921875,653.7875427246094,701.0723739624024,2026-03-22
2026-03-22 22:00:00,472.5,649.9636543273925,667.1493614196777,678.77978515625,697.9836078643799,770.5027496337891,2026-03-22
2026-03-22 23:00:00,455.0,451.2041530609131,474.52475357055664,497.0286865234375,538.2729602813721,600.9091762542724,2026-03-22
2026-03-23 00:00:00,397.5,342.2756607055664,362.600163269043,379.9454040527344,388.741162109375,432.40006256103516,2026-03-23
2026-03-23 01:00:00,322.5,281.3294937133789,327.36416015625,346.0718994140625,359.8456405639648,409.9287414550781,2026-03-23
2026-03-23 02:00:00,397.5,266.3559097290039,305.41766357421875,327.2373352050781,362.35253143310547,412.87644348144534,2026-03-23
2026-03-23 03:00:00,295.0,253.74432678222655,291.8601043701172,321.8902282714844,346.7149459838867,412.36407470703125,2026-03-23
2026-03-23 04:00:00,200.0,224.16367263793944,268.8465057373047,294.6630859375,333.3673950195313,383.27705535888674,2026-03-23
2026-03-23 05:00:00,42.5,171.39768905639647,243.4599578857422,264.5655517578125,291.87568817138674,335.19727783203126,2026-03-23
2026-03-23 06:00:00,128.00924682617188,170.9822967529297,231.67351226806642,266.9399108886719,286.4236999511719,357.04199981689453,2026-03-23
2026-03-23 07:00:00,124.67575073242188,117.93824081420902,152.16382522583012,208.3355407714844,233.44579238891603,297.2220024108887,2026-03-23
2026-03-23 08:00:00,-50.0,-23.204030609130854,6.012963867187501,34.534759521484375,82.35060424804685,170.93145141601562,2026-03-23
2026-03-23 09:00:00,-50.0,-46.009369659423825,-29.66936416625976,-15.950347900390623,-2.5061923980712884,69.83804550170898,2026-03-23
2026-03-23 10:00:00,-50.0,-31.154357147216796,-10.396376037597655,-1.80224609375,11.668614959716797,71.22540130615234,2026-03-23
2026-03-23 11:00:00,-50.0,17.851702117919924,29.634786224365236,38.0875244140625,48.27827835083008,62.63569641113281,2026-03-23
2026-03-23 12:00:00,-50.0,-40.80885772705078,-27.058187866210936,-17.726043701171875,-7.6371612548828125,53.33222351074218,2026-03-23
2026-03-23 13:00:00,-50.0,-43.86934051513671,-31.569646453857423,-25.50958251953125,-15.381548309326174,7.416677093505861,2026-03-23
2026-03-23 14:00:00,-50.0,-53.438195800781244,-39.54755477905273,-27.782623291015625,-14.378033447265626,49.38487319946289,2026-03-23
2026-03-23 15:00:00,-50.0,-61.70419769287109,-43.18153610229492,-32.60650634765625,-17.581601715087892,85.39861373901367,2026-03-23
2026-03-23 16:00:00,-50.0,-98.2175193786621,-71.6791976928711,-12.414642333984377,19.806591796874997,150.77953338623047,2026-03-23
2026-03-23 17:00:00,-9.0,70.27428932189942,97.35659942626953,125.8658447265625,170.83286323547364,222.0848934173584,2026-03-23
2026-03-23 18:00:00,-18.25,126.65407943725586,185.05019302368163,236.83761596679688,272.69349670410156,380.7135925292969,2026-03-23
2026-03-23 19:00:00,73.75,160.52176895141602,240.4011993408203,260.677978515625,294.8913543701172,368.97765350341797,2026-03-23
2026-03-23 20:00:00,-19.25,133.81424865722659,213.79690704345703,248.48883056640625,284.56292724609375,341.85668182373047,2026-03-23
2026-03-23 21:00:00,68.92424774169922,134.4111408233643,195.02287521362308,217.27903747558597,251.57100524902347,323.84024810791016,2026-03-23
2026-03-23 22:00:00,78.32424926757812,111.37939338684085,180.70354080200198,214.4055938720703,244.2695510864258,298.0164794921875,2026-03-23
2026-03-23 23:00:00,148.26425170898438,74.31092529296879,121.50588531494144,185.34349060058597,216.3356552124024,330.95217437744145,2026-03-23
2026-03-24 00:00:00,225.8267517089844,177.98968811035155,204.40217781066895,223.10467529296875,247.73154602050784,292.1942672729492,2026-03-24
2026-03-24 01:00:00,230.0,138.13474922180174,173.47721099853513,195.66009521484372,218.2087608337402,262.088109588623,2026-03-24
2026-03-24 02:00:00,187.5,74.13138847351075,123.47825622558594,134.5150909423828,159.34776611328124,193.20921936035157,2026-03-24
2026-03-24 03:00:00,148.60850524902344,26.692710113525393,74.83830871582032,98.26686096191406,116.40590896606446,169.22480545043945,2026-03-24
2026-03-24 04:00:00,87.5,-53.12833404541015,-14.160275268554685,6.29962158203125,17.51055908203125,71.20328063964845,2026-03-24
2026-03-24 05:00:00,-50.0,-98.86733093261718,-57.03337478637694,-29.510528564453125,-3.5324493408203033,47.121121215820324,2026-03-24
2026-03-24 06:00:00,-48.5,-92.9428955078125,-60.60880699157715,-23.72467041015625,10.856040954589844,88.74338836669924,2026-03-24
2026-03-24 07:00:00,-41.9739990234375,-86.82139053344726,-51.52412872314453,-20.72674560546875,13.440653228759764,50.91526260375976,2026-03-24
2026-03-24 08:00:00,-50.0,-70.21338119506837,-53.95112380981445,-37.75128173828125,-5.364799499511719,53.5291893005371,2026-03-24
2026-03-24 09:00:00,-50.0,-75.48709564208984,-55.52357864379883,-39.6072998046875,-31.118010711669925,34.19865646362305,2026-03-24
2026-03-24 10:00:00,-50.0,-53.78327560424805,-37.33605270385742,-21.46197509765625,-6.723378753662111,74.88599243164062,2026-03-24
2026-03-24 11:00:00,-50.0,-34.06141967773438,-19.45996932983399,-10.823333740234377,7.4612503051757795,101.4212272644043,2026-03-24
2026-03-24 12:00:00,-50.0,-76.01563110351563,-57.33230895996094,-45.400970458984375,-29.24921226501465,65.44755325317382,2026-03-24
2026-03-24 13:00:00,-50.0,-56.66188735961914,-47.2143440246582,-36.81103515625,-23.18595962524414,43.947229766845695,2026-03-24
2026-03-24 14:00:00,-50.0,-68.38724365234376,-48.819062805175776,-30.910369873046875,23.693715667724604,60.934845733642575,2026-03-24
2026-03-24 15:00:00,-50.0,-56.571355438232416,-42.36293411254883,-28.40557861328125,30.306253814697264,91.24330673217773,2026-03-24
2026-03-24 16:00:00,-50.0,-55.89648284912109,-43.43129501342773,-25.387725830078125,11.511057281494146,76.30529327392577,2026-03-24
2026-03-24 17:00:00,-51.25,-59.44944343566894,-41.699541854858396,-20.478759765625,29.12221794128417,85.57977714538573,2026-03-24
2026-03-24 18:00:00,7.5,151.62468948364258,172.95974655151366,186.48434448242188,201.7162338256836,279.51657791137694,2026-03-24
2026-03-24 19:00:00,162.0,221.16534118652345,238.23452224731446,254.20925903320312,319.470987701416,403.38675079345705,2026-03-24
2026-03-24 20:00:00,215.0,211.6069549560547,224.83515625,243.1812744140625,270.25444412231445,325.9199157714844,2026-03-24
2026-03-24 21:00:00,242.5,205.38563804626466,227.56265296936036,243.35809326171875,303.5700107574463,349.86717185974123,2026-03-24
2026-03-24 22:00:00,292.5,187.95412673950193,215.76712646484376,242.62625122070312,284.9221778869629,329.98544692993164,2026-03-24
2026-03-24 23:00:00,347.5,173.57228622436526,203.45943756103514,258.8838195800781,276.3453887939453,338.45936584472656,2026-03-24
2026-03-25 00:00:00,500.0,242.00341186523437,256.09895477294924,278.9827575683594,306.7325622558594,349.16655883789065,2026-03-25
2026-03-25 01:00:00,405.0,215.9621894836426,240.21798095703124,254.18328857421875,280.57786865234374,335.8496383666992,2026-03-25
2026-03-25 02:00:00,297.5,182.99730072021487,237.21314239501953,258.3992614746094,280.23655700683594,330.6491394042969,2026-03-25
2026-03-25 03:00:00,450.0,175.93525466918948,227.66021423339845,249.3967437744141,284.5430862426758,334.97374114990237,2026-03-25
2026-03-25 04:00:00,230.0,161.7160217285156,217.1692268371582,245.6548614501953,271.74293518066406,343.48650512695315,2026-03-25
2026-03-25 05:00:00,157.5,172.0815139770508,222.31496810913086,258.27667236328125,281.99587478637693,351.3440254211426,2026-03-25
2026-03-25 06:00:00,107.5,213.18946914672847,246.0848468780517,266.3427124023437,312.8158775329589,375.81096420288077,2026-03-25
2026-03-25 07:00:00,55.76475143432617,213.6655117034912,234.40492362976073,251.49490356445312,292.74331626892086,362.27151908874515,2026-03-25
2026-03-25 08:00:00,-44.95375061035156,7.141500091552729,32.1840705871582,51.61578369140625,65.22837295532227,130.24721221923826,2026-03-25
2026-03-25 09:00:00,-50.0,-47.02062072753906,-32.19486083984375,-15.59002685546875,3.7890495300292955,71.49279403686523,2026-03-25
2026-03-25 10:00:00,-50.0,-28.433225250244135,-11.867169189453127,-0.0089111328125,15.116492462158202,125.28114471435546,2026-03-25
2026-03-25 11:00:00,-50.0,1.2109519958496122,21.963368225097657,38.067138671875,67.93259925842284,141.9608917236328,2026-03-25
2026-03-25 12:00:00,-50.0,25.971116638183595,39.64396362304687,51.06645202636719,70.20973930358886,148.23679885864257,2026-03-25
2026-03-25 13:00:00,-50.0,-25.91327667236328,-4.058533477783202,7.278350830078125,33.016798400878905,106.25427169799804,2026-03-25
2026-03-25 14:00:00,-50.0,-7.730656433105466,9.967051696777345,24.39129638671875,47.51247711181641,107.30173339843749,2026-03-25
2026-03-25 15:00:00,-50.0,65.4614814758301,86.10806350708009,105.92425537109376,132.3850238800049,206.31310577392577,2026-03-25
2026-03-25 16:00:00,-5.0,182.44767990112308,200.49894485473635,211.5074157714844,239.6321502685547,333.58291473388675,2026-03-25
2026-03-25 17:00:00,348.25,302.53099327087403,323.93603858947756,341.0182800292969,385.04570960998535,428.89490547180174,2026-03-25
2026-03-25 18:00:00,271.0,419.15874633789065,447.8137680053711,493.77825927734375,512.9829711914062,551.5195541381836,2026-03-25
2026-03-25 19:00:00,311.6090087890625,298.5671867370605,329.27881889343263,370.590576171875,398.0245765686035,453.28862380981445,2026-03-25
2026-03-25 20:00:00,412.5,286.38085098266606,332.0322509765626,369.2418823242188,397.6204223632813,451.6152923583985,2026-03-25
2026-03-25 21:00:00,407.5,321.69783630371103,352.7022121429444,385.3609008789063,421.56133956909184,489.2259269714356,2026-03-25
2026-03-25 22:00:00,480.0,309.74659996032716,356.0586853027344,387.34228515625,413.4555236816406,476.27398681640625,2026-03-25
2026-03-25 23:00:00,515.0,262.58520622253417,319.3355651855469,340.5909729003906,378.8247772216797,448.14208068847654,2026-03-25
2026-03-26 00:00:00,775.0,345.91920928955074,359.63212127685546,382.52545166015625,397.0624252319336,451.8820297241211,2026-03-26
2026-03-26 01:00:00,1000.0,746.8787963867187,769.354344177246,790.2235107421875,809.8429931640625,867.1503341674804,2026-03-26
2026-03-26 02:00:00,825.0,379.332511138916,420.94747161865234,448.9476318359375,487.8906539916992,530.459211730957,2026-03-26
2026-03-26 03:00:00,615.0,243.05593872070312,268.7325958251953,298.2732238769531,323.71918945312495,374.7947296142578,2026-03-26
2026-03-26 04:00:00,462.5,217.4213912963867,244.5706802368164,270.4237365722656,302.60393371582035,358.625146484375,2026-03-26
2026-03-26 05:00:00,312.5,190.85866775512696,240.0465118408203,264.986083984375,299.01988830566404,375.41298522949216,2026-03-26
2026-03-26 06:00:00,84.0,180.24138946533202,218.2279998779297,261.72265625,300.98170166015626,399.31117248535156,2026-03-26
2026-03-26 07:00:00,50.81449890136719,211.3708084106445,227.31228408813473,247.41351318359372,299.69170303344725,383.67970275878906,2026-03-26
2026-03-26 08:00:00,222.91900634765625,142.89229507446294,166.20566711425784,188.99136352539065,225.19716415405276,291.0260353088379,2026-03-26
2026-03-26 09:00:00,207.5,126.40879287719727,138.58909301757814,146.6784210205078,158.94484329223633,225.28607330322262,2026-03-26
2026-03-26 10:00:00,238.8000030517578,24.288830566406258,38.04142303466798,48.62814331054688,58.414946746826175,119.68108596801758,2026-03-26
2026-03-26 11:00:00,179.87550354003906,70.94760055541991,89.0552406311035,93.81681823730467,105.29471511840819,179.11038589477536,2026-03-26
2026-03-26 12:00:00,152.5,81.51325759887695,90.37837371826171,99.15568542480467,107.32798995971679,192.3062660217285,2026-03-26
2026-03-26 13:00:00,-50.0,-19.76171875,-9.70859146118164,1.71380615234375,17.823611450195312,101.60078659057616,2026-03-26
2026-03-26 14:00:00,97.75,-62.356947326660155,-52.67348937988281,-43.94854736328125,-34.094180297851565,35.818688201904294,2026-03-26
2026-03-26 15:00:00,277.5,-5.585160827636717,10.106477355957033,20.557098388671875,36.37460861206055,130.75541763305665,2026-03-26
2026-03-26 16:00:00,410.0,195.9070899963379,215.3145408630371,236.96563720703125,273.0060668945313,376.7080451965332,2026-03-26
2026-03-26 17:00:00,487.5,209.21798553466797,250.0432270050049,303.2063903808594,322.99834671020506,409.7913505554199,2026-03-26
2026-03-26 18:00:00,475.0,269.5648826599121,331.5844383239746,362.06158447265625,399.6523834228516,496.6999877929687,2026-03-26
2026-03-26 19:00:00,412.5,241.71877441406247,290.40675659179686,329.8170471191406,389.4829895019531,440.16144714355465,2026-03-26
2026-03-26 20:00:00,450.0,252.87086486816406,313.8629898071289,341.9586181640625,383.13995056152345,449.14667358398435,2026-03-26
2026-03-26 21:00:00,440.0,392.6228622436524,420.6538696289063,440.5481567382813,495.09522094726566,593.7204956054688,2026-03-26
2026-03-26 22:00:00,500.0,301.56713562011714,356.9624542236328,384.04791259765625,426.97593383789064,498.2003997802734,2026-03-26
2026-03-26 23:00:00,714.8690185546875,295.87011032104493,331.84270935058595,352.1401672363281,394.618180847168,446.1475524902344,2026-03-26
2026-03-27 00:00:00,665.833251953125,561.9407623291015,586.9033203125,608.4476318359375,637.9102661132813,698.5839538574219,2026-03-27
2026-03-27 01:00:00,490.7634887695313,771.8018280029297,804.6134841918945,829.0103149414062,866.8446655273438,922.6346954345703,2026-03-27
2026-03-27 02:00:00,715.4044799804688,885.9044494628907,914.5197479248048,949.3934326171876,986.4995422363282,1083.7817047119142,2026-03-27
2026-03-27 03:00:00,589.4012451171875,726.0265609741211,769.0588943481446,799.4423828125,825.5236419677734,924.2116149902344,2026-03-27
2026-03-27 04:00:00,638.6827392578125,644.9003372192383,683.7090759277344,713.0546875,751.9374572753907,826.0577545166016,2026-03-27
2026-03-27 05:00:00,532.8252563476562,452.5871864318848,495.8002075195312,524.7218627929688,543.6865158081055,602.9227874755859,2026-03-27
2026-03-27 06:00:00,500.0,449.8118923187256,515.0824890136719,549.0919189453125,565.9303604125977,624.789907836914,2026-03-27
2026-03-27 07:00:00,450.0,299.8699867248535,363.16090927124026,398.1543884277344,433.9347640991211,512.9402572631836,2026-03-27
2026-03-27 08:00:00,295.0,243.36206130981446,279.2766056060791,327.5157470703125,365.0698776245117,459.421484375,2026-03-27
2026-03-27 09:00:00,210.0,240.2168212890625,287.8472759246826,300.9576721191406,335.1317947387695,412.62145080566404,2026-03-27
2026-03-27 10:00:00,300.0,247.56376113891602,272.2742332458496,289.9586486816406,327.08287887573243,427.935285949707,2026-03-27
2026-03-27 11:00:00,297.5,278.59241714477537,297.7494697570801,311.41571044921875,327.537313079834,429.40682754516604,2026-03-27
2026-03-27 12:00:00,297.5,280.4276947021484,298.8820236206055,314.66973876953125,342.55882568359374,399.3177803039551,2026-03-27
2026-03-27 13:00:00,277.5,295.2888984680176,317.0844360351563,337.353759765625,360.2472557067871,424.7396156311035,2026-03-27
2026-03-27 14:00:00,280.0,365.6837562561035,384.2378204345703,403.9849853515625,427.0481754302979,516.0168418884277,2026-03-27
2026-03-27 15:00:00,42.5,437.6164775848389,462.513463973999,483.3944091796875,508.026078414917,586.4382549285889,2026-03-27
2026-03-27 16:00:00,455.0,492.24422187805175,505.40934562683105,531.46728515625,587.9894306182862,694.7760349273682,2026-03-27
2026-03-27 17:00:00,415.0,744.9453231811524,778.9126747131347,840.3027954101562,878.2018844604493,978.5903396606445,2026-03-27
2026-03-27 18:00:00,371.7007446289063,873.1101211547851,913.8518466949463,970.3982543945312,1007.9327209472656,1185.6543319702148,2026-03-27
2026-03-27 19:00:00,500.0,384.56345291137694,437.51256866455077,479.2896423339844,521.3749847412109,587.6953491210937,2026-03-27
2026-03-27 20:00:00,500.0,304.42199325561523,344.66691436767576,394.619384765625,439.9354553222656,556.8025146484375,2026-03-27
2026-03-27 21:00:00,985.0,354.7950241088867,400.1959083557129,446.5570068359375,481.0354995727539,566.0930831909179,2026-03-27
2026-03-27 22:00:00,500.0,387.71489830017094,449.84199981689454,473.2694091796875,504.08716125488286,602.8340942382813,2026-03-27
2026-03-27 23:00:00,500.0,414.66772613525393,496.7449264526367,529.912841796875,565.0690322875977,642.7637451171875,2026-03-27
2026-03-28 00:00:00,400.0,581.7290466308593,602.8926818847656,628.242431640625,651.50341796875,695.7914489746094,2026-03-28
2026-03-28 01:00:00,302.5,591.4152862548829,621.6764221191406,638.7459716796875,659.5738342285156,718.5456726074219,2026-03-28
2026-03-28 02:00:00,355.0,516.1574172973633,553.2526000976562,579.0109252929688,606.6260192871093,710.8352508544922,2026-03-28
2026-03-28 03:00:00,412.5,514.1414932250976,586.7680847167969,614.9988403320312,639.3770217895508,703.4483413696289,2026-03-28
2026-03-28 04:00:00,455.0,388.87875366210943,471.32930297851567,503.7286987304688,531.6237030029297,604.2189453125001,2026-03-28
2026-03-28 05:00:00,355.0,332.8368202209473,403.1939392089843,445.36761474609375,487.517300415039,558.6680450439453,2026-03-28
2026-03-28 06:00:00,470.2862548828125,349.44450073242194,401.6561950683594,431.0181274414063,463.5154052734376,529.9079742431641,2026-03-28
2026-03-28 07:00:00,302.5,305.0113174438477,334.22214355468753,364.0602416992188,412.5820251464844,491.27771148681643,2026-03-28
2026-03-28 08:00:00,302.5,295.9934299468994,319.96681175231936,352.9006042480469,394.91319465637207,443.30277214050295,2026-03-28
2026-03-28 09:00:00,305.0,291.1673164367676,334.2693016052246,350.0509338378906,382.85769805908205,446.38391036987304,2026-03-28
2026-03-28 10:00:00,297.5,319.315608215332,350.7163856506348,372.0101013183594,403.8433639526367,468.5952545166016,2026-03-28
2026-03-28 11:00:00,345.0,357.357133102417,392.79431800842286,422.4437255859375,456.43334465026857,525.3524868011475,2026-03-28
2026-03-28 12:00:00,373.78424072265625,312.20437736511235,337.02512168884283,361.2966918945313,393.87139472961434,469.02429771423346,2026-03-28
2026-03-28 13:00:00,453.5327453613281,283.3247016906738,304.5376571655273,325.5099182128906,347.18587493896484,410.07079620361327,2026-03-28
2026-03-28 14:00:00,448.5012512207031,333.56177749633787,355.8630729675293,379.6927185058594,398.9667964935303,437.3726661682129,2026-03-28
2026-03-28 15:00:00,398.2539978027344,328.0966220855713,350.7714641571045,374.2275390625,401.7179920196533,459.3948101043701,2026-03-28
2026-03-28 16:00:00,276.7244873046875,249.70441436767578,288.9705921173096,306.925537109375,342.45837173461916,423.8173767089844,2026-03-28
2026-03-28 17:00:00,200.78775024414065,184.70548400878909,220.88740158081055,253.53912353515625,279.0533416748047,349.27958984375,2026-03-28
2026-03-28 18:00:00,281.3104858398437,185.87554397583008,230.94993209838867,272.3102111816406,319.8276565551758,395.76693267822264,2026-03-28
2026-03-28 19:00:00,222.99349975585935,194.78732757568358,232.23519134521484,267.73907470703125,289.9267974853515,348.01312561035155,2026-03-28
2026-03-28 20:00:00,260.0,182.8260581970215,234.79662017822267,271.0792236328125,321.0196029663086,399.296630859375,2026-03-28
2026-03-28 21:00:00,225.0,192.159228515625,249.43133239746095,279.7872314453125,315.65662384033203,393.80763549804686,2026-03-28
2026-03-28 22:00:00,210.9750061035156,180.75093154907225,225.9713363647461,270.82720947265625,303.5613311767578,393.9717742919922,2026-03-28
2026-03-28 23:00:00,115.69650268554688,83.30805664062501,147.92236328125,185.59478759765625,216.10507202148438,319.39886474609375,2026-03-28
2026-03-29 00:00:00,179.2480010986328,221.30599555969238,249.95427742004395,268.2076110839844,302.8297626495361,353.7627040863037,2026-03-29
2026-03-29 01:00:00,250.2845001220703,238.12447662353514,274.76035385131837,298.6360778808594,334.84066619873045,401.29678802490236,2026-03-29
2026-03-29 02:00:00,267.5,206.49845504760742,249.73926849365236,304.5867614746094,334.93660430908204,379.88042602539065,2026-03-29
2026-03-29 03:00:00,166.354248046875,201.52257080078124,249.96589050292968,289.4500732421875,320.39571075439454,412.80176696777346,2026-03-29
2026-03-29 04:00:00,285.0,165.11136932373046,211.46084136962892,277.0596618652344,313.53822174072263,387.1655838012695,2026-03-29
2026-03-29 05:00:00,292.5,194.436678314209,233.35275993347167,280.00665283203125,306.74483489990234,364.30450744628905,2026-03-29
2026-03-29 06:00:00,292.5,188.65283432006837,229.8856071472168,275.32958984375,304.777596282959,352.7450065612793,2026-03-29
2026-03-29 07:00:00,277.5,94.59033737182618,135.63170928955077,173.0392303466797,200.75830001831054,301.67647628784175,2026-03-29
2026-03-29 08:00:00,253.4302520751953,57.755619049072266,98.51304321289062,133.12249755859375,168.7678367614746,218.58628005981447,2026-03-29
2026-03-29 09:00:00,275.0,35.18665084838868,85.23848266601563,110.36134338378906,151.45636138916015,222.10242156982423,2026-03-29
2026-03-29 10:00:00,280.0,83.10306701660157,124.95875129699706,150.4010772705078,192.47067565917968,233.39073638916017,2026-03-29
2026-03-29 11:00:00,287.5,114.26903076171875,153.57774085998534,189.79571533203125,229.38498458862304,277.55405502319337,2026-03-29
2026-03-29 12:00:00,295.25,139.54375762939452,180.5550193786621,229.49859619140625,261.0032104492188,304.6873611450195,2026-03-29
2026-03-29 13:00:00,273.6507568359375,87.1387748718262,127.26612319946292,185.28016662597656,219.61371612548828,274.4961364746094,2026-03-29
2026-03-29 14:00:00,287.5,43.8360092163086,83.89408493041992,121.99789428710938,152.98822174072265,206.9814682006836,2026-03-29
2026-03-29 15:00:00,305.0,-112.01579818725585,-74.01887512207031,-19.96786499023437,15.238185119628906,70.49567413330078,2026-03-29
2026-03-29 16:00:00,447.5,-116.12683639526367,-55.11558151245117,-13.2801513671875,18.056811523437517,77.93936767578124,2026-03-29
2026-03-29 17:00:00,405.0,-51.11156768798827,-7.027074050903316,46.7962646484375,84.91523590087891,186.53409576416016,2026-03-29
2026-03-29 18:00:00,412.5,221.180574798584,293.59145507812497,315.03485107421875,349.5833480834961,417.5986618041992,2026-03-29
2026-03-29 19:00:00,284.9027404785156,248.81724548339844,311.62557220458984,349.0783386230469,379.7870468139649,476.64268951416017,2026-03-29
2026-03-29 20:00:00,256.4339904785156,277.46711044311525,309.33531646728517,344.5688171386719,372.70242767333986,417.8339599609375,2026-03-29
2026-03-29 21:00:00,249.04649353027344,424.6309776306153,465.74647941589365,509.6121215820313,529.6123336791993,599.5403747558594,2026-03-29
2026-03-29 22:00:00,282.5,316.5988479614258,351.73656272888184,387.72802734375,417.7170181274414,473.381608581543,2026-03-29
2026-03-29 23:00:00,297.5,360.1056739807129,400.9623847961426,438.8858642578125,461.9696022033691,498.72524185180663,2026-03-29
2026-03-30 00:00:00,300.0,391.85412673950196,404.25783386230466,417.1435546875,424.7634033203125,439.3600738525391,2026-03-30
2026-03-30 01:00:00,312.5,420.2037239074707,441.4340789794922,455.86138916015625,467.0834457397461,493.328532409668,2026-03-30
2026-03-30 02:00:00,447.7777404785156,357.9924041748048,397.1000122070313,412.9539184570313,421.8888412475587,453.498226928711,2026-03-30
2026-03-30 03:00:00,682.9337768554688,371.1311889648438,404.9548202514648,423.0321044921875,438.1793243408203,471.79265441894535,2026-03-30
2026-03-30 04:00:00,682.509521484375,310.51418609619145,354.46607055664066,379.44573974609375,395.0279495239258,423.6683807373047,2026-03-30
2026-03-30 05:00:00,612.0905151367188,283.61129913330075,335.04191284179683,349.2841186523437,365.3382324218749,396.75199279785147,2026-03-30
2026-03-30 06:00:00,630.75,277.61943130493165,316.826838684082,350.8493957519531,368.7396957397461,402.39832458496096,2026-03-30
2026-03-30 07:00:00,312.5,252.83994064331057,291.4121398925781,328.7055969238281,344.17005767822263,393.66856842041017,2026-03-30
2026-03-30 08:00:00,257.5,212.99951553344727,254.97552833557128,289.8294982910156,311.5428070068359,348.20104522705077,2026-03-30
2026-03-30 09:00:00,290.0,74.07585983276368,113.47366142272949,145.92886352539062,171.48567810058594,217.8015739440918,2026-03-30
2026-03-30 10:00:00,300.0,85.58892059326172,121.67477188110351,160.0378875732422,185.31958770751953,225.47141189575197,2026-03-30
2026-03-30 11:00:00,387.0,31.620249938964847,57.84431076049805,88.99372863769531,118.98887710571289,159.71828994750976,2026-03-30
2026-03-30 12:00:00,402.5,6.378157043457037,44.525177001953125,72.29617309570312,108.83601074218748,139.52250213623046,2026-03-30
2026-03-30 13:00:00,450.0,64.6196647644043,104.80292358398438,129.09408569335938,172.25751953125,217.64625396728513,2026-03-30
2026-03-30 14:00:00,645.13623046875,110.71584396362306,154.3582820892334,187.1292724609375,207.45135040283202,241.2480224609375,2026-03-30
2026-03-30 15:00:00,302.5,58.902807617187506,96.33179512023926,132.7847442626953,166.6491828918457,245.44312515258787,2026-03-30
2026-03-30 16:00:00,302.5,61.378394317626956,113.44887313842774,153.77684020996094,180.58846054077148,239.71007003784177,2026-03-30
2026-03-30 17:00:00,455.0,131.38212203979492,176.81483612060546,210.967041015625,241.9353012084961,294.6777633666992,2026-03-30
2026-03-30 18:00:00,297.5,228.5198661804199,276.60050735473635,304.4800720214844,331.52895278930663,379.84965286254885,2026-03-30
2026-03-30 19:00:00,297.5,222.3021499633789,262.76593322753905,305.2514343261719,328.1572509765625,379.9149642944336,2026-03-30
2026-03-30 20:00:00,295.0,197.619832611084,258.0802764892578,293.66314697265625,331.4458541870117,383.0498977661133,2026-03-30
2026-03-30 21:00:00,295.0,170.13110809326173,234.0674873352051,266.2648010253906,288.0520660400391,348.92066345214846,2026-03-30
2026-03-30 22:00:00,280.0,204.760230255127,251.55912780761722,287.72369384765625,307.86236572265625,344.7516052246094,2026-03-30
2026-03-30 23:00:00,215.0,174.64459152221679,225.82403793334962,253.43829345703125,268.32093048095703,321.7698440551758,2026-03-30
2026-03-31 00:00:00,262.5,254.0491539001465,273.7373588562012,298.28631591796875,309.57416839599614,342.94577331542973,2026-03-31
2026-03-31 01:00:00,277.5,240.6457191467285,265.62415466308596,282.6725769042969,293.35906982421875,319.38414611816404,2026-03-31
2026-03-31 02:00:00,250.0,200.35488739013672,231.12601623535156,250.9185333251953,266.0579025268555,316.29646759033204,2026-03-31
2026-03-31 03:00:00,118.91999816894533,157.43240051269535,194.8544586181641,211.0279235839844,231.28806152343753,267.25583801269534,2026-03-31
2026-03-31 04:00:00,74.80774688720703,123.6353630065918,167.4748336791992,187.64244079589844,205.11314239501957,233.4258544921875,2026-03-31
2026-03-31 05:00:00,-47.83000183105469,-28.691802597045893,15.932302856445315,38.10357666015625,50.08142089843748,79.707177734375,2026-03-31
2026-03-31 06:00:00,-50.0,-66.80807800292968,-23.805790710449227,1.941436767578125,20.600160217285154,74.45087738037108,2026-03-31
2026-03-31 07:00:00,-43.2822494506836,-72.52100982666015,-38.53813858032226,-5.60223388671875,11.689627838134765,42.07004013061523,2026-03-31
2026-03-31 08:00:00,-50.0,-100.54828491210937,-67.71182441711424,-22.45611572265625,-7.149682617187491,44.240054321289065,2026-03-31
2026-03-31 09:00:00,-50.0,-87.42703399658203,-49.669312667846675,-17.127288818359375,15.937318420410158,51.297059631347665,2026-03-31
2026-03-31 10:00:00,-50.0,-87.31594619750976,-48.90568389892578,-3.57373046875,41.34792785644531,90.76182250976562,2026-03-31
2026-03-31 11:00:00,-50.0,-34.673658752441405,-10.7304084777832,20.141876220703125,66.95790634155273,104.25171585083007,2026-03-31
2026-03-31 12:00:00,-50.0,-35.71153450012207,7.728984451293947,34.1483154296875,80.56103858947753,138.19456062316894,2026-03-31
2026-03-31 13:00:00,-50.0,-58.95797691345214,-25.69793663024902,4.719146728515625,42.26987266540527,109.53514518737792,2026-03-31
2026-03-31 14:00:00,-50.0,-92.50413551330566,-46.11097221374512,-11.54638671875,34.89169349670408,70.45310554504394,2026-03-31
2026-03-31 15:00:00,-50.0,-111.5828887939453,-57.16954727172851,-16.358642578125,19.384509277343746,75.54034729003905,2026-03-31
2026-03-31 16:00:00,-50.03799819946289,-87.26609268188476,-16.75327987670898,23.911773681640625,41.265997314453124,101.82520446777343,2026-03-31
2026-03-31 17:00:00,197.5,165.68314819335936,206.56200103759764,252.19808959960935,270.8004699707031,321.676496887207,2026-03-31
2026-03-31 18:00:00,207.5,283.232487487793,345.9872802734375,369.132568359375,388.58590545654295,469.4094802856445,2026-03-31
2026-03-31 19:00:00,211.75,252.25819244384766,314.95338973999026,349.6298522949219,369.60539093017576,427.19587860107424,2026-03-31
2026-03-31 20:00:00,231.4564971923828,271.9738327026368,331.5180953979493,371.8595581054688,393.3619461059571,451.30471954345705,2026-03-31
2026-03-31 21:00:00,290.0,400.75600814819336,433.93067398071287,490.907470703125,511.2856781005859,565.4296356201172,2026-03-31
2026-03-31 22:00:00,300.0,559.7648345947266,620.704125213623,651.79443359375,681.9899551391602,738.9209671020508,2026-03-31
2026-03-31 23:00:00,347.5,696.3758010864258,739.9554153442383,778.8108520507812,805.5203018188477,861.2087326049805,2026-03-31
2026-04-01 00:00:00,412.5,281.9766441345215,296.3278564453125,306.6640930175781,330.73631286621094,364.6380874633789,2026-04-01
2026-04-01 01:00:00,567.8695068359375,270.9674583435059,288.85883178710935,308.963623046875,325.9073913574219,365.2894088745117,2026-04-01
2026-04-01 02:00:00,500.0,270.4141548156738,301.303465270996,326.2450561523437,349.46744079589837,378.128465270996,2026-04-01
2026-04-01 03:00:00,500.0,222.21027221679682,261.2418624877929,282.5492553710937,297.2578964233398,343.98911285400385,2026-04-01
2026-04-01 04:00:00,452.5,220.53175354003906,268.81064224243164,286.4493103027344,311.1831848144531,380.26746826171876,2026-04-01
2026-04-01 05:00:00,500.0,294.43788185119627,337.23377990722656,366.35498046875,383.7753204345703,434.13050231933596,2026-04-01
2026-04-01 06:00:00,457.5,231.70569229125977,267.6722724914551,299.249267578125,328.2948989868164,366.42586517333984,2026-04-01
2026-04-01 07:00:00,372.5,200.5157707214356,222.8402843475342,253.7877349853516,282.7671752929688,330.91973266601565,2026-04-01
2026-04-01 08:00:00,160.0,-41.553331756591795,-12.246687698364255,21.602020263671875,52.747267150878905,104.45962829589843,2026-04-01
2026-04-01 09:00:00,260.0,-46.23368835449218,-14.81393585205078,13.97906494140625,45.488058471679686,104.64585037231444,2026-04-01
2026-04-01 10:00:00,268.3697509765625,109.02194290161134,129.028328704834,150.87612915039062,190.13112640380857,234.3636047363281,2026-04-01
2026-04-01 11:00:00,156.2364959716797,128.9923942565918,177.56043243408203,200.86398315429688,238.49827041625977,273.08812484741213,2026-04-01
2026-04-01 12:00:00,237.5,22.89868850708008,57.15180892944336,88.64210510253906,115.85689620971681,202.49181900024413,2026-04-01
2026-04-01 13:00:00,117.03900146484376,-47.76468734741211,-27.062339019775386,6.29119873046875,46.82808914184571,104.52780227661134,2026-04-01
2026-04-01 14:00:00,62.5,-64.64161376953125,-32.64245681762695,-16.6453857421875,22.584206390380864,81.40984649658202,2026-04-01
2026-04-01 15:00:00,-50.0,-101.68883743286132,-72.82625694274901,-31.239166259765625,8.473160552978513,69.30895614624023,2026-04-01
2026-04-01 16:00:00,32.5,-85.75755233764649,-47.97622833251954,-19.3173828125,1.8820930480956903,98.31640701293945,2026-04-01
2026-04-01 17:00:00,295.0,31.26450576782227,76.29031066894532,108.74185180664062,140.89960784912108,228.34657592773436,2026-04-01
2026-04-01 18:00:00,302.5,168.21078796386718,217.41643753051756,245.72608947753903,276.8140960693359,326.2526321411133,2026-04-01
2026-04-01 19:00:00,370.0,211.36849174499514,252.55478286743167,280.270263671875,308.94458618164066,357.43345031738284,2026-04-01
2026-04-01 20:00:00,450.0,164.22953605651855,195.9730369567871,222.2116241455078,240.51232604980467,343.2585815429687,2026-04-01
2026-04-01 21:00:00,450.0,133.58162841796874,185.72250671386718,199.5301818847656,223.55837402343752,275.08890991210933,2026-04-01
2026-04-01 22:00:00,327.854736328125,120.21683158874512,168.7061309814453,188.20703125,213.1530975341797,285.6144515991211,2026-04-01
2026-04-01 23:00:00,273.468994140625,142.16180572509765,178.0138252258301,206.1238250732422,227.5035827636719,284.9130035400391,2026-04-01
2026-04-02 00:00:00,287.5,170.84035949707032,196.53685150146484,208.038818359375,218.07700805664064,236.83368835449218,2026-04-02
2026-04-02 01:00:00,350.0,262.84264984130857,292.4096817016602,305.72216796875,320.6062469482422,352.1529449462891,2026-04-02
2026-04-02 02:00:00,285.0,232.1303680419922,273.2614242553711,285.6171569824219,301.44737243652344,337.20837249755857,2026-04-02
2026-04-02 03:00:00,280.0,211.86144256591797,259.39827423095704,282.31854248046875,297.61177368164067,357.4479949951172,2026-04-02
2026-04-02 04:00:00,127.75,194.04748764038087,248.65606994628905,271.4075012207031,283.9008819580078,334.6277252197266,2026-04-02
2026-04-02 05:00:00,10.0,126.9647804260254,170.94635314941405,215.36471557617188,241.46662139892578,280.39412384033204,2026-04-02
2026-04-02 06:00:00,-50.0,165.01866683959963,223.9807159423828,251.72772216796875,268.16396484375,316.56397247314453,2026-04-02
2026-04-02 07:00:00,-47.21749877929688,87.19222335815431,116.63255004882812,146.0428466796875,183.8091262817383,229.8457046508789,2026-04-02
2026-04-02 08:00:00,-50.0,-41.92530899047851,-9.937992095947266,16.193634033203125,53.35435104370117,101.82977828979492,2026-04-02
2026-04-02 09:00:00,-50.0,-42.3639533996582,-15.64315490722656,4.455718994140625,25.75631866455078,96.82656478881836,2026-04-02
2026-04-02 10:00:00,-50.0,-24.145195770263662,-8.046263885498046,8.54144287109375,22.21590805053711,88.91680450439452,2026-04-02
2026-04-02 11:00:00,-50.0,-39.29366760253907,-22.596083831787112,-9.053680419921877,1.8367637634277312,36.71559944152832,2026-04-02
2026-04-02 12:00:00,-50.0,-38.63279571533203,-25.31829071044922,-12.852691650390623,1.6342407226562514,34.27326011657715,2026-04-02
2026-04-02 13:00:00,-50.0,-45.06709671020508,-32.22135543823242,-18.25155639648437,-6.692477416992185,32.884524536132815,2026-04-02
2026-04-02 14:00:00,-50.0,-51.9799301147461,-35.5943962097168,-20.57391357421875,-9.165214538574219,22.93798217773437,2026-04-02
2026-04-02 15:00:00,-50.0,-65.28824157714843,-45.11179046630859,-28.92269897460937,-11.164167022705076,47.0334587097168,2026-04-02
2026-04-02 16:00:00,-51.0359992980957,-52.296514129638666,-38.53554229736328,-18.058074951171875,0.21122436523437216,52.38498458862304,2026-04-02
2026-04-02 17:00:00,1.5,-33.01982116699219,-17.071413421630858,13.19720458984375,31.61900939941406,99.32271118164061,2026-04-02
2026-04-02 18:00:00,186.5,-9.481781768798818,23.768827056884767,38.33999633789063,74.73949966430663,158.84984130859377,2026-04-02
2026-04-02 19:00:00,165.88475036621094,-55.64066848754881,-9.335197448730447,38.68272399902344,68.70528564453127,129.0845687866211,2026-04-02
2026-04-02 20:00:00,-30.572250366210938,-59.87158889770507,-21.67242622375487,13.011077880859377,51.11008071899415,101.97903671264649,2026-04-02
2026-04-02 21:00:00,-27.17374992370605,-73.08852005004883,-20.623575592041014,11.271942138671877,27.941744232177733,89.84113693237305,2026-04-02
2026-04-02 22:00:00,-54.85599899291992,-95.63184967041015,-50.866750335693354,1.795928955078125,36.62073135375975,99.35953445434569,2026-04-02
2026-04-02 23:00:00,-50.946998596191406,-78.28091278076171,-35.53371276855468,-4.9898681640625,12.310169982910164,64.84410400390628,2026-04-02
2026-04-03 00:00:00,-50.946998596191406,-26.69001235961914,-19.418123626708983,-15.8026123046875,-11.150836944580078,41.16570625305175,2026-04-03
2026-04-03 01:00:00,-50.0,-35.72237701416016,-25.923904418945312,-21.93609619140625,-17.455817413330077,-0.7749656677246115,2026-04-03
2026-04-03 02:00:00,-50.0,-35.03419570922851,-29.24351577758789,-23.82666015625,-17.58091506958008,82.83690795898437,2026-04-03
2026-04-03 03:00:00,-50.0,-40.690222930908206,-32.3437141418457,-26.466949462890625,-16.361206817626954,76.73351135253905,2026-04-03
2026-04-03 04:00:00,-50.0,-30.209683990478517,-21.15894012451172,-15.103271484375,-10.25245819091797,69.82256546020507,2026-04-03
2026-04-03 05:00:00,-50.0,-37.974806213378905,-26.388324737548828,-20.80157470703125,-12.5279541015625,81.37846755981445,2026-04-03
2026-04-03 06:00:00,-50.0,-36.15364074707031,-30.74742889404297,-24.325225830078125,-9.117545318603517,85.12193069458007,2026-04-03
2026-04-03 07:00:00,-50.0,-45.425191497802736,-36.022701263427734,-29.788726806640625,-21.5163932800293,74.94312286376953,2026-04-03
2026-04-03 08:00:00,-50.0,-46.83738327026367,-35.12545700073242,-26.83636474609375,-19.32625961303711,65.23861846923828,2026-04-03
2026-04-03 09:00:00,-50.0,-45.021726226806635,-32.695868682861324,-27.93588256835937,-19.916446685791012,70.2180435180664,2026-04-03
2026-04-03 10:00:00,-50.0,-32.146154022216805,-22.8569694519043,-15.467742919921877,-3.9087867736816424,100.03367767333984,2026-04-03
2026-04-03 11:00:00,-50.0,-33.707907104492186,-23.549714660644533,-17.949554443359375,-13.406806945800781,75.91439361572264,2026-04-03
2026-04-03 12:00:00,-50.0,-40.7875617980957,-34.05164260864258,-27.296417236328125,-19.050925445556643,79.34494476318359,2026-04-03
2026-04-03 13:00:00,-50.0,-44.507788848876956,-34.54530181884766,-27.603759765625,-18.530574798583984,74.51619567871093,2026-04-03
2026-04-03 14:00:00,-50.0,-40.992713165283206,-33.28198928833008,-28.475006103515625,-16.583919525146484,81.67758178710938,2026-04-03
2026-04-03 15:00:00,-50.0,-43.60554504394531,-33.31288223266601,-23.808349609375,15.959500503540035,128.57732772827148,2026-04-03
2026-04-03 16:00:00,-50.0,-56.85035247802735,-40.76125793457031,-27.01702880859375,49.7942512512207,97.48444290161132,2026-04-03
2026-04-03 17:00:00,294.0,119.85669174194337,134.70193405151366,145.7776641845703,229.470751953125,280.08177947998047,2026-04-03
2026-04-03 18:00:00,371.75,268.9491539001465,287.6343826293945,303.7752380371094,379.26427154541017,430.69429779052734,2026-04-03
2026-04-03 19:00:00,423.25,319.41845474243166,345.5361152648926,360.8529357910156,452.1338287353516,516.6556900024414,2026-04-03
2026-04-03 20:00:00,525.0,692.7063751220703,709.8069213867187,728.5989990234375,808.3288291931152,869.16049118042,2026-04-03
2026-04-03 21:00:00,500.0,564.033780670166,590.6757202148438,615.9349365234375,681.5455917358398,734.0444808959961,2026-04-03
2026-04-03 22:00:00,367.0,321.1991386413574,338.3410957336426,354.379150390625,432.2416374206543,509.71546936035156,2026-04-03
2026-04-03 23:00:00,212.5,263.65516967773436,279.30645446777345,290.1953125,361.57187805175784,444.29525070190425,2026-04-03
2026-04-04 00:00:00,277.5,236.5087715148926,268.7910751342773,302.33526611328125,324.1471458435059,348.90306625366213,2026-04-04
2026-04-04 01:00:00,89.72474670410156,162.51112594604493,212.75309829711915,240.8914031982422,255.69433746337887,301.9901687622071,2026-04-04
2026-04-04 02:00:00,-48.99599838256836,58.65253982543946,128.00939559936523,161.50653076171875,176.63599853515626,213.7671340942383,2026-04-04
2026-04-04 03:00:00,-50.0,-66.83044052124023,-30.32476119995117,26.9110107421875,44.599031066894526,89.0795684814453,2026-04-04
2026-04-04 04:00:00,94.60749816894533,-71.59992980957031,-42.6019416809082,-0.077117919921875,33.01588516235351,54.4401138305664,2026-04-04
2026-04-04 05:00:00,-48.75,-79.30815391540527,-56.57976188659668,-15.48260498046875,28.364067459106444,121.36394767761229,2026-04-04
2026-04-04 06:00:00,-51.25,-81.31862182617186,-55.235829925537104,-27.65911865234375,21.100528717041016,58.79581069946289,2026-04-04
2026-04-04 07:00:00,-50.0,-82.86897277832031,-50.96472854614258,-31.25091552734375,25.903754425048817,73.72646713256833,2026-04-04
2026-04-04 08:00:00,-50.0,-62.808242034912105,-42.18990631103516,-27.63201904296875,-10.608019256591799,71.38341674804687,2026-04-04
2026-04-04 09:00:00,-50.0,-57.66168212890625,-37.70478744506836,-28.215240478515625,-15.791351318359375,55.421392059326166,2026-04-04
2026-04-04 10:00:00,-50.0,-57.85426635742187,-33.85789337158203,-23.275787353515625,-11.539582824707033,86.24559249877929,2026-04-04
2026-04-04 11:00:00,-50.0,-44.23733215332031,-29.706809997558594,-21.865936279296875,-7.842469787597658,71.94711074829101,2026-04-04
2026-04-04 12:00:00,-50.0,-60.78794860839844,-41.29990844726562,-27.07086181640625,-10.87412796020508,59.825861358642555,2026-04-04
2026-04-04 13:00:00,-50.0,-50.691741180419925,-33.98292617797851,-25.6285400390625,-11.574381256103516,73.0601593017578,2026-04-04
2026-04-04 14:00:00,-50.0,-50.06976547241211,-36.29433135986328,-21.88653564453125,-5.706736755371093,84.21462707519531,2026-04-04
2026-04-04 15:00:00,-50.0,-60.76484832763671,-47.00223693847656,-23.07647705078125,41.30651321411132,120.84219741821289,2026-04-04
2026-04-04 16:00:00,-50.0,-66.77389221191406,-47.25595016479492,-24.20443725585937,32.943840026855455,102.42898178100587,2026-04-04
2026-04-04 17:00:00,-52.140750885009766,-63.88437194824218,-39.279248046875,-9.3072509765625,48.617166900634764,115.96830520629882,2026-04-04
2026-04-04 18:00:00,90.5,-57.42237701416015,-12.812020874023432,46.22749328613281,76.75682754516602,145.98289260864257,2026-04-04
2026-04-04 19:00:00,181.5,84.60359191894531,120.1914852142334,180.2286376953125,215.95770111083982,305.8520736694336,2026-04-04
2026-04-04 20:00:00,133.0,128.33861618041993,172.01056900024415,215.77381896972656,251.4113983154297,310.41119995117185,2026-04-04
2026-04-04 21:00:00,115.75,104.89913406372071,133.51952209472657,193.53390502929688,222.14358520507812,277.66261291503906,2026-04-04
2026-04-04 22:00:00,25.75,124.463533782959,163.51243019104007,211.824951171875,239.70221405029298,289.9969192504883,2026-04-04
2026-04-04 23:00:00,36.97724914550781,168.65471992492675,183.5238452911377,205.55877685546875,261.99617271423335,314.32980308532717,2026-04-04
2026-04-05 00:00:00,-4.130000114440918,235.79911117553712,251.99591445922852,259.7995910644531,265.36872787475585,279.63451232910154,2026-04-05
2026-04-05 01:00:00,16.727249145507812,233.1241867065429,250.2169570922851,257.1010131835937,266.271434020996,296.00954322814937,2026-04-05
2026-04-05 02:00:00,193.2144927978516,231.36307754516602,240.52114562988282,247.8462371826172,259.12389450073243,329.5339599609375,2026-04-05
2026-04-05 03:00:00,52.64400100708008,234.83254852294922,243.34888229370117,254.3576202392578,259.85718002319334,288.1635368347168,2026-04-05
2026-04-05 04:00:00,283.229736328125,275.1199554443359,287.7062675476074,296.233154296875,305.0771911621094,338.6327548980713,2026-04-05
2026-04-05 05:00:00,267.5,208.01181411743164,220.92523651123048,225.04400634765625,232.18232192993165,269.47999534606936,2026-04-05
2026-04-05 06:00:00,-45.69649887084961,108.38062438964845,119.40125045776368,125.95797729492188,131.93388977050782,175.78415908813477,2026-04-05
2026-04-05 07:00:00,27.054750442504883,-7.984867095947266,4.549176788330079,10.77227783203125,18.61082305908203,97.53860015869141,2026-04-05
2026-04-05 08:00:00,-50.0,-31.609508514404297,-23.110729217529297,-16.3489990234375,-7.9318183898925785,30.224029541015625,2026-04-05
2026-04-05 09:00:00,-50.0,-38.31457672119141,-28.837692260742188,-24.68817138671875,-20.850326538085938,20.98634796142578,2026-04-05
2026-04-05 10:00:00,-50.0,-34.65590133666992,-27.252164459228517,-20.100860595703125,-15.272173309326174,-1.2132453918457031,2026-04-05
2026-04-05 11:00:00,-50.0,-44.67867584228516,-31.892909240722656,-26.41058349609375,-19.172618103027343,3.184999084472654,2026-04-05
2026-04-05 12:00:00,-50.0,-45.04753265380859,-33.16611251831054,-27.412811279296875,-20.727990722656248,-1.2967742919921896,2026-04-05
2026-04-05 13:00:00,-50.0,-42.039955139160156,-32.5643310546875,-23.130523681640625,-15.203575897216798,23.048231506347655,2026-04-05
2026-04-05 14:00:00,-50.0,-36.5906478881836,-28.89049301147461,-22.2159423828125,-8.765647888183594,75.38448638916014,2026-04-05
2026-04-05 15:00:00,-50.0,-37.8062156677246,-29.337920379638668,-21.13534545898437,-5.909923553466797,88.17710037231444,2026-04-05
2026-04-05 16:00:00,-50.0,-37.04446334838867,-29.679792785644526,-20.83700561523437,-9.553425598144528,67.08301467895507,2026-04-05
2026-04-05 17:00:00,-0.3597500026226043,-36.13868103027344,-21.442403411865236,-10.856414794921877,4.485324859619135,99.08947143554687,2026-04-05
2026-04-05 18:00:00,101.3582534790039,97.30709762573242,121.93141021728516,130.3806610107422,197.67225723266603,249.87737197875975,2026-04-05
2026-04-05 19:00:00,171.5,214.54643707275392,232.5268112182617,250.55474853515625,312.4360527038574,370.36340789794923,2026-04-05
2026-04-05 20:00:00,138.0,231.55254211425782,256.28076095581054,266.57452392578125,308.37605209350585,401.2360305786133,2026-04-05
2026-04-05 21:00:00,307.5,354.93775177001953,378.00373764038085,389.0205078125,406.30368576049807,497.09678649902344,2026-04-05
2026-04-05 22:00:00,295.0,490.3767852783203,514.200358581543,525.6170043945312,601.9541320800781,639.3504272460938,2026-04-05
2026-04-05 23:00:00,355.0,428.3373863220215,451.0026260375977,459.7752380371094,477.5738109588623,555.4879386901855,2026-04-05
2026-04-06 00:00:00,397.5,348.70525588989256,367.38505859375,386.6064758300781,404.37318420410156,443.0919982910156,2026-04-06
2026-04-06 01:00:00,465.0,519.7435531616211,556.2107696533203,571.7369995117188,598.49619140625,661.641390991211,2026-04-06
2026-04-06 02:00:00,440.0,180.1090114593506,233.47222747802735,253.41525268554688,274.3753692626953,309.3301239013672,2026-04-06
2026-04-06 03:00:00,257.5,155.7054988861084,207.36712722778321,232.4783935546875,264.93532867431645,340.1942367553711,2026-04-06
2026-04-06 04:00:00,285.0,153.34230842590333,194.55632247924805,225.63650512695312,254.21412048339843,309.19501037597655,2026-04-06
2026-04-06 05:00:00,277.9945068359375,135.68982658386233,173.5232292175293,202.7069091796875,236.05596618652345,279.749462890625,2026-04-06
2026-04-06 06:00:00,-45.64925003051758,94.30422286987306,123.32283363342285,151.38284301757812,184.35020904541017,218.7469482421875,2026-04-06
2026-04-06 07:00:00,74.36849975585938,15.08639755249024,45.489469909667974,62.662017822265625,79.49712142944335,146.87363815307617,2026-04-06
2026-04-06 08:00:00,-50.0,-37.6022705078125,-22.70465850830078,-10.29364013671875,7.474029541015625,50.36893386840819,2026-04-06
2026-04-06 09:00:00,-50.0,-43.339406585693354,-29.55132064819336,-17.644927978515625,-10.224336242675783,6.165932083129881,2026-04-06
2026-04-06 10:00:00,-50.0,-45.07123794555664,-31.162348175048827,-20.3179931640625,-13.705548095703126,-6.113956451416017,2026-04-06
2026-04-06 11:00:00,-50.0,-39.50216217041016,-29.65478057861328,-22.17742919921875,-16.00531997680664,-3.0382461547851562,2026-04-06
2026-04-06 12:00:00,-50.0,-48.03983078002929,-39.850137329101564,-29.53857421875,-22.207079315185545,-12.544551086425784,2026-04-06
2026-04-06 13:00:00,-50.0,-41.28809432983398,-31.627328491210935,-27.28717041015625,-19.07361526489258,-8.963359832763672,2026-04-06
2026-04-06 14:00:00,-50.0,-50.125844573974604,-36.375692749023436,-26.80429077148437,-20.219499206542967,-0.25315170288085653,2026-04-06
2026-04-06 15:00:00,-50.0,-53.83050765991211,-38.284026336669925,-26.683349609375,-18.172473907470703,3.604182052612302,2026-04-06
2026-04-06 16:00:00,-50.0,1.0304405212402372,17.457828521728516,29.652740478515625,44.316253662109375,69.11908569335938,2026-04-06
2026-04-06 17:00:00,69.8324966430664,132.9370964050293,155.9604377746582,178.38223266601562,206.4720558166504,270.72356643676756,2026-04-06
2026-04-06 18:00:00,225.6647491455078,259.6320377349854,284.1783725738525,310.5039978027344,351.9232662200928,436.7061679840088,2026-04-06
2026-04-06 19:00:00,204.0,262.32717208862306,299.50554771423344,352.799560546875,393.1900604248047,492.0880996704102,2026-04-06
2026-04-06 20:00:00,162.92825317382812,275.69917755126954,319.31403427124025,343.7436828613281,377.01847381591796,452.0323989868164,2026-04-06
2026-04-06 21:00:00,245.8789978027344,272.02805519104004,306.8739608764648,331.77154541015625,355.3479034423828,423.248063659668,2026-04-06
2026-04-06 22:00:00,392.5,224.30452194213868,288.3890380859375,313.6454772949219,360.70550231933595,444.00385742187495,2026-04-06
2026-04-06 23:00:00,455.0,217.53615341186526,273.41853790283204,299.88922119140625,337.06220550537114,410.57666778564453,2026-04-06
2026-04-07 00:00:00,396.5,244.5407455444336,263.1392166137695,275.5048828125,291.287663269043,335.9012878417969,2026-04-07
2026-04-07 01:00:00,392.5,292.3745422363281,309.9976104736328,327.21453857421875,361.2517395019531,398.3680389404297,2026-04-07
2026-04-07 02:00:00,917.0,275.3611694335938,313.3924270629883,333.620361328125,348.80250854492186,393.9195037841797,2026-04-07
2026-04-07 03:00:00,677.5,202.50676574707032,274.3891372680664,290.23297119140625,317.58608856201175,351.5841751098633,2026-04-07
2026-04-07 04:00:00,500.0,144.8979545593262,218.08103942871094,243.5690460205078,268.8002243041992,322.7174957275391,2026-04-07
2026-04-07 05:00:00,417.5,147.12173843383792,196.43781776428224,237.926513671875,259.2793815612793,300.65886001586915,2026-04-07
2026-04-07 06:00:00,285.0,145.70525550842288,184.60383872985844,212.8503570556641,253.50577888488772,306.36226768493657,2026-04-07
2026-04-07 07:00:00,115.0,-25.848657226562498,2.709384918212887,26.04623413085937,74.99907684326172,127.03875656127931,2026-04-07
2026-04-07 08:00:00,282.5,-53.09424896240234,-34.61006088256836,-20.584869384765625,-2.5070350646972663,58.843474578857425,2026-04-07
2026-04-07 09:00:00,132.5,-43.48869323730469,-31.224594116210938,-23.7220458984375,-6.716663360595703,72.4159515380859,2026-04-07
2026-04-07 10:00:00,0.0,-45.65910491943359,-27.07342987060547,-19.07464599609375,-7.635302734375001,63.9369041442871,2026-04-07
2026-04-07 11:00:00,0.0,18.830488586425783,32.09544372558594,43.001007080078125,55.549128723144534,140.39556732177732,2026-04-07
2026-04-07 12:00:00,0.0,-5.147840881347655,7.310852813720704,19.371246337890625,27.075347900390625,95.92628021240233,2026-04-07
2026-04-07 13:00:00,0.0,-35.35622024536133,-21.28105697631836,-11.118896484375,-1.5420951843261719,35.845735168457026,2026-04-07
2026-04-07 14:00:00,0.0,-40.14968719482422,-27.07079238891602,-16.840667724609375,-6.141394805908204,13.091218948364254,2026-04-07
2026-04-07 15:00:00,-50.0,-41.51278305053711,-28.869588470458986,-19.192779541015625,-8.920154571533203,17.602190780639646,2026-04-07
2026-04-07 16:00:00,-11.5,-47.60010528564453,-28.2841064453125,-10.3729248046875,4.5904483795166,79.19651107788086,2026-04-07
2026-04-07 17:00:00,202.5,-10.257608795166014,7.736031341552735,25.540802001953125,48.49135131835938,124.51567077636719,2026-04-07
2026-04-07 18:00:00,129.75,37.955245971679695,72.15392456054687,99.8472900390625,151.86622161865233,195.18767242431642,2026-04-07
2026-04-07 19:00:00,-9.0,65.44889450073242,99.13980178833009,145.62490844726562,166.29442291259767,220.17228088378906,2026-04-07
2026-04-07 20:00:00,-55.75,-51.80870132446289,0.8507575988769531,35.98162841796875,60.38141784667968,107.13959350585937,2026-04-07
2026-04-07 21:00:00,88.0,-90.5912269592285,-23.373624420166013,4.9620361328125,25.851678466796873,68.62901000976562,2026-04-07
2026-04-07 22:00:00,-33.324501037597656,-93.67121810913083,-26.245626831054665,-6.950531005859375,14.852755737304705,64.79481201171876,2026-04-07
2026-04-07 23:00:00,-51.75775146484375,-96.47038345336914,-37.10535583496093,-13.12811279296875,18.537658691406246,74.4252716064453,2026-04-07
2026-04-08 00:00:00,-53.74274826049805,-40.814352416992186,-18.32421951293945,-4.713958740234375,22.562313079833984,93.88793487548827,2026-04-08
2026-04-08 01:00:00,-52.598751068115234,-53.62773551940918,-36.997731399536136,-16.528533935546875,48.82912483215331,120.92710609436034,2026-04-08
2026-04-08 02:00:00,-51.31475067138672,-110.52847976684569,-62.96345520019531,-9.55224609375,22.708972930908203,79.53283157348635,2026-04-08
2026-04-08 03:00:00,-50.0,-98.65912170410155,-56.11076736450195,-6.88275146484375,28.314401245117182,93.26181030273438,2026-04-08
2026-04-08 04:00:00,-50.56499862670898,-102.2647132873535,-64.65536918640137,-15.340667724609377,20.268836212158213,90.03864669799805,2026-04-08
2026-04-08 05:00:00,-48.83174896240234,-61.88542022705078,-40.97178802490234,-6.73577880859375,44.69075469970703,89.544384765625,2026-04-08
2026-04-08 06:00:00,-46.853248596191406,-46.254409027099605,-20.08838424682617,0.079345703125,69.73368759155272,131.1775825500488,2026-04-08
2026-04-08 07:00:00,-48.067501068115234,-34.7984878540039,-20.01541519165039,-10.106964111328123,21.053751754760746,107.13371124267577,2026-04-08
2026-04-08 08:00:00,-50.0,-47.23994522094726,-33.61949996948242,-24.5638427734375,-15.248719024658204,64.11148452758788,2026-04-08
2026-04-08 09:00:00,-50.0,-40.71428298950195,-32.49936065673828,-23.4908447265625,-13.466957092285156,96.19632186889648,2026-04-08
2026-04-08 10:00:00,-50.54850006103516,-35.4427848815918,-27.758203125,-20.00018310546875,-7.774840545654298,20.953472518920897,2026-04-08
2026-04-08 11:00:00,-41.979000091552734,23.857532501220703,36.2231559753418,41.47761535644531,46.39581069946289,62.02099075317383,2026-04-08
2026-04-08 12:00:00,-52.53350067138672,4.046524810791016,15.63795166015625,24.438751220703125,31.38903045654297,103.2471611022949,2026-04-08
2026-04-08 13:00:00,-51.747501373291016,3.0260414123535178,15.987523651123045,22.2601318359375,28.970309448242187,74.97847595214841,2026-04-08
2026-04-08 14:00:00,30.75,9.506678009033205,21.528213500976562,28.563140869140625,40.37666625976563,112.02019653320312,2026-04-08
2026-04-08 15:00:00,149.2657470703125,-2.547222900390622,11.91868362426758,21.165191650390625,33.7407585144043,144.83416366577148,2026-04-08
2026-04-08 16:00:00,179.72850036621094,97.52460632324218,111.56517868041992,127.46571350097656,152.77256507873534,249.2417770385742,2026-04-08
2026-04-08 17:00:00,150.9147491455078,215.1694580078125,238.61282501220703,260.9705810546875,323.84691467285154,381.4005950927734,2026-04-08
2026-04-08 18:00:00,199.0,240.3911979675293,255.9165466308594,300.1885986328125,359.32383193969724,436.6901313781738,2026-04-08
2026-04-08 19:00:00,209.0,214.3032974243164,251.3349781036377,305.01739501953125,325.96387176513673,377.9585250854492,2026-04-08
2026-04-08 20:00:00,70.5,208.49138793945315,252.633145904541,307.69549560546875,340.56384201049804,419.3269157409668,2026-04-08
2026-04-08 21:00:00,208.9960021972656,203.7493995666504,241.13225250244142,301.60552978515625,333.3405204772949,450.2648735046387,2026-04-08
2026-04-08 22:00:00,185.34649658203125,186.62180557250977,211.1278003692627,262.94879150390625,299.53674240112304,357.15143356323244,2026-04-08
2026-04-08 23:00:00,257.2304992675781,142.5842193603515,183.67933883666987,234.88430786132807,259.7223342895507,327.0791763305663,2026-04-08
2026-04-09 00:00:00,282.5,138.75281448364262,180.47012710571292,192.9810943603516,218.57980041503907,266.0151931762696,2026-04-09
2026-04-09 01:00:00,280.0,78.39171600341797,126.9171630859375,149.55654907226562,171.32302856445312,206.43543701171876,2026-04-09
2026-04-09 02:00:00,247.5,133.74480781555178,175.01227569580078,211.00439453125,232.536572265625,298.35123748779296,2026-04-09
2026-04-09 03:00:00,55.89125061035156,137.80464782714844,203.44441986083984,233.66807556152344,256.8618133544922,314.3273422241211,2026-04-09
2026-04-09 04:00:00,198.19924926757807,162.6858833312988,215.55153656005857,241.49407958984372,271.17955474853517,321.72315216064453,2026-04-09
2026-04-09 05:00:00,197.9982452392578,77.11067657470704,132.43800430297853,170.20098876953125,196.68486328125,256.4009643554688,2026-04-09
2026-04-09 06:00:00,57.98949813842773,58.138300323486334,103.96072959899902,136.3021240234375,181.0625343322754,213.94504928588867,2026-04-09
2026-04-09 07:00:00,0.0,-46.93454513549804,-16.45504913330078,1.8255615234375,32.75342559814453,111.52413635253906,2026-04-09
2026-04-09 08:00:00,-50.0,-58.7340591430664,-35.18863372802734,-15.483306884765623,2.4283393859863285,79.46457519531249,2026-04-09
2026-04-09 09:00:00,-50.0,-67.42510833740235,-41.97330017089844,-20.94012451171875,10.541957855224606,93.6701675415039,2026-04-09
2026-04-09 10:00:00,-37.5,-49.62363891601562,-30.777883148193357,-6.031463623046875,21.536724090576165,71.90958862304687,2026-04-09
2026-04-09 11:00:00,19.03274917602539,-53.13810348510742,-32.90858840942383,-17.029052734375,2.160844421386713,64.35313034057617,2026-04-09
2026-04-09 12:00:00,273.5,-54.36476135253906,-36.591313171386716,-22.59185791015625,2.9391109466552763,62.17271499633789,2026-04-09
2026-04-09 13:00:00,170.0,-48.234893798828125,-26.3989013671875,-8.162841796875,7.825654983520506,102.10360717773438,2026-04-09
2026-04-09 14:00:00,140.0,-57.49781494140625,-33.07137069702148,-15.81414794921875,9.98663749694824,79.10835571289061,2026-04-09
2026-04-09 15:00:00,17.5,-83.51870422363281,-49.75788879394531,-27.728759765625,5.55955352783203,65.11949615478515,2026-04-09
2026-04-09 16:00:00,-50.0,-69.88169746398925,-47.82145957946777,-19.184539794921875,17.87578773498536,69.14140434265138,2026-04-09
2026-04-09 17:00:00,155.75,-7.081508636474609,32.04928283691405,72.62191772460938,106.85143814086913,175.28363723754882,2026-04-09
2026-04-09 18:00:00,250.0,168.85828018188477,200.0568099975586,246.19732666015625,280.024584197998,352.30618515014646,2026-04-09
2026-04-09 19:00:00,267.8659973144531,199.96749954223634,235.2380210876465,276.1914978027344,309.0005905151367,343.10313873291017,2026-04-09
2026-04-09 20:00:00,350.0,129.12671051025393,161.62691764831544,203.0650329589844,228.3165107727051,292.3123893737793,2026-04-09
2026-04-09 21:00:00,256.5385131835937,33.68248443603517,75.03166580200197,108.57595825195312,134.08585052490236,175.0354232788086,2026-04-09
2026-04-09 22:00:00,324.07000732421875,-10.385090637207028,28.452476501464844,75.67134094238281,111.61326904296874,170.33213500976564,2026-04-09
2026-04-09 23:00:00,282.5,54.089383697509774,98.76117782592775,145.48377990722656,176.33373565673827,256.9599868774414,2026-04-09
2026-04-10 00:00:00,267.5,145.30028533935547,177.74539375305176,223.2662353515625,242.94307022094728,282.55368576049807,2026-04-10
2026-04-10 01:00:00,230.0,123.64594955444339,177.3052444458008,203.3965759277344,230.96695861816409,280.48205718994143,2026-04-10
2026-04-10 02:00:00,156.6719970703125,9.449805450439456,78.86892700195312,106.55831909179688,132.60345458984375,192.6011535644531,2026-04-10
2026-04-10 03:00:00,200.0,-45.306935882568354,-6.836997985839844,30.12091064453125,51.280278778076166,113.79484176635742,2026-04-10
2026-04-10 04:00:00,262.5,-61.20246810913085,-29.924855041503903,28.65399169921875,59.43293914794921,103.53289642333984,2026-04-10
2026-04-10 05:00:00,262.5,-68.95830764770507,-23.136906433105466,34.63006591796875,50.904473114013655,134.3161979675293,2026-04-10
2026-04-10 06:00:00,99.9187469482422,-60.61484374999999,-22.534815979003902,15.97705078125,59.01000900268554,92.65305404663086,2026-04-10
2026-04-10 07:00:00,8.789250373840332,-41.09482116699218,-16.279711151123045,-1.8524169921875,14.995917892456053,78.41642684936521,2026-04-10
2026-04-10 08:00:00,-47.37749862670898,-60.96685104370117,-35.726016998291016,-22.046051025390625,-10.049637603759766,28.56427154541015,2026-04-10
2026-04-10 09:00:00,-50.0,-60.057861328125,-37.80674591064453,-18.76708984375,-3.382310485839845,35.82835464477539,2026-04-10
2026-04-10 10:00:00,-50.0,-47.72476806640625,-30.78839111328125,-19.925018310546875,-2.5442733764648438,67.36132125854493,2026-04-10
2026-04-10 11:00:00,-50.0,-53.29263916015625,-38.367758178710936,-24.5877685546875,-7.03310241699219,16.59794044494629,2026-04-10
2026-04-10 12:00:00,-50.0,-46.90369567871093,-32.75647735595703,-21.251434326171875,-10.410550689697267,24.2066047668457,2026-04-10
2026-04-10 13:00:00,-50.0,-51.46817550659179,-35.60787658691406,-21.07666015625,-9.57584686279297,9.168686294555663,2026-04-10
2026-04-10 14:00:00,-50.0,-61.26105041503906,-40.79966354370117,-21.13531494140625,-8.598985290527345,36.527676391601545,2026-04-10
2026-04-10 15:00:00,-50.0,-65.48713607788085,-43.21354217529297,-20.111053466796875,7.989333343505859,59.67864990234375,2026-04-10
2026-04-10 16:00:00,-50.0,-74.70084075927734,-47.34318923950195,-18.135284423828125,7.25346221923828,88.97413635253906,2026-04-10
2026-04-10 17:00:00,19.098249435424805,-76.69809341430664,-39.29156837463378,-5.020111083984375,33.0123908996582,84.20984573364257,2026-04-10
2026-04-10 18:00:00,136.75625610351562,89.7254753112793,123.69960403442383,179.4618682861328,208.88819732666016,257.2173782348633,2026-04-10
2026-04-10 19:00:00,175.25799560546875,230.13066635131838,268.67741775512695,309.2537536621094,339.7063385009766,445.98795928955076,2026-04-10
2026-04-10 20:00:00,286.49725341796875,334.59532546997076,370.34340133667,419.2418823242188,439.6125274658204,509.31702270507816,2026-04-10
2026-04-10 21:00:00,432.0,340.45682983398444,381.2860206604005,421.5083618164063,459.7616806030274,532.1885559082032,2026-04-10
2026-04-10 22:00:00,1300.0,168.7779800415039,215.04334869384766,255.35671997070312,282.9576187133789,346.95393524169924,2026-04-10
2026-04-10 23:00:00,1050.0,148.3652671813965,202.12322921752929,239.41574096679688,278.04332733154297,357.52022247314454,2026-04-10
2026-04-11 00:00:00,1050.0,139.29135894775385,165.28745727539058,231.90042114257807,301.84355468749993,417.2830993652343,2026-04-11
2026-04-11 01:00:00,487.5,40.91617889404297,89.2963623046875,155.9708709716797,219.76900939941407,333.0319061279297,2026-04-11
2026-04-11 02:00:00,450.0,3.2971107482910043,77.50581054687498,122.68682861328124,168.40814208984375,317.45994873046874,2026-04-11
2026-04-11 03:00:00,317.5,46.34153747558595,124.357421875,165.1483154296875,235.20189208984374,346.947509765625,2026-04-11
2026-04-11 04:00:00,275.0,5.475682830810541,55.7231719970703,90.81402587890624,130.72304077148436,264.5344024658203,2026-04-11
2026-04-11 05:00:00,280.0,-30.211880874633778,22.288436889648438,60.0115966796875,105.03225860595703,270.72118835449226,2026-04-11
2026-04-11 06:00:00,77.5,-75.58809738159178,-35.83039703369139,2.93841552734375,39.87369079589845,134.07785491943358,2026-04-11
2026-04-11 07:00:00,53.78575134277344,-91.63207931518555,-55.440698242187494,-24.53021240234375,22.401366424560543,75.62355117797851,2026-04-11
2026-04-11 08:00:00,-49.05974960327149,-73.79094238281249,-50.792749786376945,-28.01156616210937,15.289195251464843,62.909767150878906,2026-04-11
2026-04-11 09:00:00,-50.0,-6.04610977172851,14.407095336914063,30.04278564453125,73.38348388671875,209.93801651000976,2026-04-11
2026-04-11 10:00:00,-50.0,-54.40452003479004,-25.251174545288084,-5.946014404296875,14.991329956054685,78.05533409118652,2026-04-11
2026-04-11 11:00:00,-50.0,-76.48071746826172,-47.036102294921875,-30.2186279296875,2.359388732910155,113.38080291748048,2026-04-11
2026-04-11 12:00:00,-50.0,-89.57246627807618,-54.604696655273436,-31.4090576171875,-4.707474517822266,70.00822219848632,2026-04-11
2026-04-11 13:00:00,-50.0,-72.79077377319337,-52.352928161621094,-30.945281982421875,-15.745318603515626,66.20889358520508,2026-04-11
2026-04-11 14:00:00,-50.0,-71.86526565551758,-49.84190979003906,-33.77294921875,-0.7588104248046861,90.97839202880859,2026-04-11
2026-04-11 15:00:00,-50.0,-74.35338973999023,-55.04403991699219,-33.494964599609375,-7.776218414306641,71.32642517089843,2026-04-11
2026-04-11 16:00:00,-50.0,-75.76155319213868,-51.935160064697264,-33.691436767578125,-8.722267150878906,95.57620544433593,2026-04-11
2026-04-11 17:00:00,-48.42974853515625,-81.23061599731446,-55.39115943908691,-28.70050048828125,5.532688903808598,100.43672485351561,2026-04-11
2026-04-11 18:00:00,13.344499588012695,-96.31062469482421,-56.39538803100586,-10.5703125,47.32220611572265,198.92735290527344,2026-04-11
2026-04-11 19:00:00,-45.5,-84.58865509033203,-38.302223205566406,-8.735992431640625,39.28174743652345,189.04092407226562,2026-04-11
2026-04-11 20:00:00,15.64150047302246,-94.29268493652343,-40.25220642089843,-5.246246337890625,46.99212951660156,220.10321044921872,2026-04-11
2026-04-11 21:00:00,133.8767547607422,-102.27510452270506,-44.87210845947265,15.0621337890625,55.38590850830078,132.76850738525388,2026-04-11
2026-04-11 22:00:00,191.604248046875,-98.97104415893554,-29.62531280517578,12.20245361328125,60.46673583984375,178.70346069335932,2026-04-11
2026-04-11 23:00:00,213.71499633789065,-88.76130447387695,-29.17676849365234,8.286529541015625,69.9945053100586,168.7666030883789,2026-04-11
2026-04-12 00:00:00,340.0,93.45492553710939,115.4305793762207,143.40586853027344,173.3549011230469,203.72085113525392,2026-04-12
2026-04-12 01:00:00,285.0,36.10031890869142,63.41998023986818,101.79949951171876,117.62413406372072,148.32482070922853,2026-04-12
2026-04-12 02:00:00,-27.868000030517575,-69.22999954223633,-24.58022994995118,6.329193115234375,30.952309417724578,81.62837448120116,2026-04-12
2026-04-12 03:00:00,-39.30950164794922,-82.71443786621093,-56.62955245971679,-3.93109130859375,23.384225463867185,80.65341339111328,2026-04-12
2026-04-12 04:00:00,37.119998931884766,-70.93394088745117,-41.33657455444336,3.362152099609375,32.7997444152832,64.2309471130371,2026-04-12
2026-04-12 05:00:00,95.385498046875,2.604389190673828,23.82465057373047,46.46870422363281,97.20280532836912,136.74306411743163,2026-04-12
2026-04-12 06:00:00,138.0332489013672,20.859117126464845,34.64756622314454,51.919769287109375,73.99284591674805,130.8026268005371,2026-04-12
2026-04-12 07:00:00,8.397000312805176,-0.5835388183593722,23.579743194580075,34.96807861328125,46.5778450012207,109.4171257019043,2026-04-12
2026-04-12 08:00:00,-49.385501861572266,-41.067542266845706,-29.77852020263672,-17.10113525390625,-9.391677093505862,50.85478591918945,2026-04-12
2026-04-12 09:00:00,37.5,-45.47161026000977,-29.106797790527338,-22.61166381835937,-15.726400756835934,0.4107963562011747,2026-04-12
2026-04-12 10:00:00,117.2125015258789,-40.32632675170898,-26.427984619140624,-19.18048095703125,-8.550544738769531,59.073571777343744,2026-04-12
2026-04-12 11:00:00,25.0,-39.56587448120117,-27.754666900634767,-16.580841064453125,-8.873770141601563,59.100346374511716,2026-04-12
2026-04-12 12:00:00,21.294750213623047,-47.69233856201171,-29.985295104980466,-19.36962890625,-6.645476531982423,53.69245986938476,2026-04-12
2026-04-12 13:00:00,0.0,-46.799748229980466,-32.50986175537109,-21.370819091796875,-13.541844177246094,48.87061233520507,2026-04-12
2026-04-12 14:00:00,60.0,-47.034551239013666,-30.809288024902344,-21.750762939453125,-14.728097534179689,51.013663482666004,2026-04-12
2026-04-12 15:00:00,231.57974243164065,-54.63201522827148,-36.59067306518555,-24.8223876953125,-8.888282012939454,103.03958282470703,2026-04-12
2026-04-12 16:00:00,227.5,-0.7312088012695312,17.615245819091797,32.19061279296875,48.179972076416014,118.92468872070312,2026-04-12
2026-04-12 17:00:00,280.0,265.00170440673827,291.07288589477537,305.515625,320.82190055847167,391.92492446899416,2026-04-12
2026-04-12 18:00:00,282.5,472.8351749420166,492.2756572723389,510.3851318359375,551.1702014923096,612.6801540374756,2026-04-12
2026-04-12 19:00:00,215.7387542724609,363.5889152526855,386.652481842041,409.6816711425781,450.8301803588867,533.9433563232421,2026-04-12
2026-04-12 20:00:00,29.75,281.7690299987793,308.1189895629883,349.75323486328125,386.9802764892578,461.7340942382813,2026-04-12
2026-04-12 21:00:00,88.75,339.4918930053711,363.94226303100584,414.95123291015625,442.42054519653317,524.851782989502,2026-04-12
2026-04-12 22:00:00,71.5,264.5852706909179,328.6064529418945,343.8515014648437,372.895018005371,456.47494964599605,2026-04-12
2026-04-12 23:00:00,153.65725708007812,163.97149353027345,222.50849151611328,237.4601287841797,261.37496185302734,323.61034088134767,2026-04-12
2026-04-13 00:00:00,185.60874938964844,69.10839309692383,122.29348754882812,152.2320098876953,171.7535888671875,280.7354370117188,2026-04-13
2026-04-13 01:00:00,113.09925079345705,32.44831619262696,73.87303466796875,116.71475219726562,134.4932846069336,162.74882049560546,2026-04-13
2026-04-13 02:00:00,172.5,109.47687225341798,169.1770263671875,194.78692626953125,229.54075775146484,312.22193450927733,2026-04-13
2026-04-13 03:00:00,150.0,117.06145782470705,162.25557899475098,203.80821228027344,235.58495025634767,287.04381561279297,2026-04-13
2026-04-13 04:00:00,208.989501953125,53.66690444946289,109.71348495483399,151.07968139648438,189.34223403930665,252.01372451782225,2026-04-13
2026-04-13 05:00:00,150.10174560546875,31.85647087097169,63.015432357788086,99.15408325195312,150.96604347229004,199.5802936553955,2026-04-13
2026-04-13 06:00:00,128.50050354003906,94.71200828552247,116.43607292175292,134.1719207763672,162.48908958435058,215.87958259582518,2026-04-13
2026-04-13 07:00:00,18.436250686645508,-25.053090667724604,-11.923647308349608,10.121337890625,36.54332313537597,112.68406448364257,2026-04-13
2026-04-13 08:00:00,85.34124755859375,-45.75314178466797,-29.9233642578125,-20.089141845703125,5.559049987792967,83.4478820800781,2026-04-13
2026-04-13 09:00:00,-45.47299957275391,-47.19251556396485,-29.54547882080078,-21.269561767578125,-5.8116378784179705,83.07343521118163,2026-04-13
2026-04-13 10:00:00,-14.018250465393066,-45.841311645507815,-31.505859375,-17.92071533203125,-4.887199401855469,70.29195251464844,2026-04-13
2026-04-13 11:00:00,8.366000175476074,-29.571498107910156,-20.007081604003908,-9.90289306640625,3.547203826904296,93.20352020263671,2026-04-13
2026-04-13 12:00:00,210.0,-34.699911499023436,-18.324220275878908,-7.317047119140625,3.202729034423827,89.15919570922851,2026-04-13
2026-04-13 13:00:00,217.5,-33.16582641601562,-19.07011260986328,-6.41949462890625,10.649480819702148,83.08035888671874,2026-04-13
2026-04-13 14:00:00,182.5,-43.9466567993164,-28.84554214477539,-13.16632080078125,-2.037831115722657,60.96400070190428,2026-04-13
2026-04-13 15:00:00,245.0,-56.72292098999023,-37.150061798095706,-16.62213134765625,6.11048240661621,88.07301788330078,2026-04-13
2026-04-13 16:00:00,282.5,-25.67855453491211,-4.901662445068359,9.953369140625,70.41898269653319,189.52931900024413,2026-04-13
2026-04-13 17:00:00,300.0,216.94687690734864,247.82099876403808,272.484375,309.9863254547119,406.34445610046384,2026-04-13
2026-04-13 18:00:00,287.5,290.6964828491211,326.16148681640624,351.1282958984375,398.11255950927733,467.22592239379884,2026-04-13
2026-04-13 19:00:00,285.0,274.9121452331543,309.45523223876955,339.02020263671875,379.9948226928711,440.44280700683595,2026-04-13
2026-04-13 20:00:00,280.0,227.11675758361815,251.82299995422363,277.3106994628906,325.1500560760498,356.90100440979006,2026-04-13
2026-04-13 21:00:00,280.0,267.2258041381836,289.56130599975586,301.3786926269531,352.292626953125,419.39865951538087,2026-04-13
2026-04-13 22:00:00,285.0,210.57057113647454,251.57396621704095,273.0619506835937,310.3650314331054,349.2764533996581,2026-04-13
2026-04-13 23:00:00,280.0,209.3094924926758,253.64714546203612,285.1062927246094,321.387956237793,401.437158203125,2026-04-13
2026-04-14 00:00:00,452.5,269.8374305725098,312.4097587585449,326.05633544921875,341.10506439208984,394.9808288574219,2026-04-14
2026-04-14 01:00:00,447.5,267.67641105651853,301.7980812072754,314.8072814941406,341.3612991333008,390.31211242675784,2026-04-14
2026-04-14 02:00:00,500.0,181.2996196746826,232.09021072387694,248.55519104003903,276.8175842285156,326.4333526611328,2026-04-14
2026-04-14 03:00:00,397.5,157.19894866943363,210.49067306518558,234.42593383789065,263.2408096313477,329.2023300170899,2026-04-14
2026-04-14 04:00:00,603.4404907226562,158.5098236083984,201.6520179748535,231.58937072753903,253.5229568481445,293.47584991455074,2026-04-14
2026-04-14 05:00:00,912.75,134.49283676147462,171.10290298461913,209.0864105224609,231.1517807006836,278.9243560791015,2026-04-14
2026-04-14 06:00:00,447.5,51.561429595947274,78.26397933959962,123.05032348632812,142.65902862548828,190.29854354858398,2026-04-14
2026-04-14 07:00:00,417.5,-43.97794494628906,-19.84207077026367,0.041839599609375,43.2806770324707,95.10085372924804,2026-04-14
2026-04-14 08:00:00,604.0,-51.33036804199219,-36.399324035644526,-18.0396728515625,7.977371215820305,66.90885620117187,2026-04-14
2026-04-14 09:00:00,218.25,-45.27648849487305,-27.715616607666014,-15.434326171875,-3.1408004760742188,63.752981567382804,2026-04-14
2026-04-14 10:00:00,115.0,-44.42014694213867,-27.77233200073242,-12.1798095703125,4.840932464599607,71.79204559326172,2026-04-14
2026-04-14 11:00:00,-50.0,-33.11299133300781,-18.211106872558595,-5.17291259765625,11.286946105957032,84.94137954711914,2026-04-14
2026-04-14 12:00:00,-50.0,-43.34446640014649,-25.27137985229492,-13.384490966796877,5.870171356201167,61.2262580871582,2026-04-14
2026-04-14 13:00:00,-50.0,-39.34202423095703,-25.634735870361325,-7.98358154296875,8.67860221862793,96.53262634277343,2026-04-14
2026-04-14 14:00:00,-50.0,-29.66736602783203,-15.5020751953125,-5.90228271484375,19.01364936828613,101.54435272216796,2026-04-14
2026-04-14 15:00:00,-50.0,-44.095777893066405,-26.47954559326172,-12.590576171875,14.3991096496582,113.3661651611328,2026-04-14
2026-04-14 16:00:00,-25.5,-51.85330162048339,-28.973424148559566,-10.002471923828123,24.595876693725586,101.59625053405762,2026-04-14
2026-04-14 17:00:00,149.0072479248047,-19.725914764404287,10.063327789306648,56.23648071289063,84.4400634765625,162.6995635986328,2026-04-14
2026-04-14 18:00:00,224.6957550048828,186.23793334960936,210.64189910888672,259.05780029296875,299.04444046020507,380.99109573364257,2026-04-14
2026-04-14 19:00:00,289.6762390136719,254.524405670166,287.7868198394775,309.2613220214844,349.5460517883301,419.05150375366213,2026-04-14
2026-04-14 20:00:00,241.6374969482422,333.53071517944335,368.80648918151854,415.4737548828125,450.2315277099609,524.7603149414062,2026-04-14
2026-04-14 21:00:00,240.38525390625,394.36486129760743,433.3082866668701,469.9250793457031,501.93273849487304,611.8174964904786,2026-04-14
2026-04-14 22:00:00,260.0,231.93872833251953,274.71071395874026,319.68359375,350.97903900146486,433.61706390380857,2026-04-14
2026-04-14 23:00:00,255.0,179.77571334838868,207.8752456665039,259.66363525390625,285.9891670227051,370.89670181274414,2026-04-14
2026-04-15 00:00:00,225.0,156.0329757690429,184.030834197998,200.31838989257807,213.99116210937495,244.53279571533199,2026-04-15
2026-04-15 01:00:00,215.0,167.92940368652347,199.20966033935548,221.37466430664065,232.69328918457035,287.829867553711,2026-04-15
2026-04-15 02:00:00,197.5,170.41067199707032,207.7626510620117,228.73922729492188,246.8790283203125,288.6328598022461,2026-04-15
2026-04-15 03:00:00,115.01074981689452,174.71906204223632,218.53448944091795,236.04122924804688,256.29258728027344,297.84811248779295,2026-04-15
2026-04-15 04:00:00,132.5,183.0099182128906,210.24569244384762,225.14877319335935,245.33019104003904,303.55691223144527,2026-04-15
2026-04-15 05:00:00,13.166749954223633,-39.86148681640625,0.7537445068359183,19.3701171875,44.509832763671874,101.18751983642578,2026-04-15
2026-04-15 06:00:00,-49.51499938964844,-60.76419448852539,-17.839163970947276,14.785919189453123,41.24568634033202,85.58656768798829,2026-04-15
2026-04-15 07:00:00,-52.01224899291992,-81.9864891052246,-51.635198974609374,-1.417205810546875,19.12545394897461,88.12812271118163,2026-04-15
2026-04-15 08:00:00,-49.76974868774414,-58.23276863098144,-27.752161788940427,-12.907867431640623,27.414243698120117,83.35214881896972,2026-04-15
2026-04-15 09:00:00,-50.0,-46.33378944396972,-21.861677932739255,-3.6734619140625,18.55675315856934,92.135884475708,2026-04-15
2026-04-15 10:00:00,-50.0,-48.85548858642578,-23.664583587646483,-10.2625732421875,1.9760406494140614,60.393495178222636,2026-04-15
2026-04-15 11:00:00,-50.0,-23.439943695068358,-4.161072540283202,6.061553955078125,18.053128814697267,65.19202880859375,2026-04-15
2026-04-15 12:00:00,-50.0,-17.761384582519533,-1.3838348388671893,14.985992431640623,25.38817443847656,100.26880950927732,2026-04-15
2026-04-15 13:00:00,-50.0,-50.01330642700196,-26.773233795166014,-11.73663330078125,12.418015670776366,87.30219955444335,2026-04-15
2026-04-15 14:00:00,-50.0,-46.19473533630371,-29.547641372680662,-11.60040283203125,27.908744430541987,90.30184135437011,2026-04-15
2026-04-15 15:00:00,-50.80974960327149,-68.38983688354492,-45.673701477050784,-26.28045654296875,4.6328010559082,78.41933898925781,2026-04-15
2026-04-15 16:00:00,-53.73550033569336,-74.57193603515626,-48.72448196411132,-22.13995361328125,25.136690521240233,107.98639984130858,2026-04-15
2026-04-15 17:00:00,-51.780250549316406,-101.42199478149413,-61.88001899719238,-10.8564453125,18.692001342773434,112.50246887207031,2026-04-15
2026-04-15 18:00:00,-32.40224838256836,-103.47141952514647,-61.789058303833,-6.28790283203125,29.675718688964842,118.67882385253905,2026-04-15
2026-04-15 19:00:00,-30.43824958801269,-47.68621139526367,18.61358108520507,40.10374450683594,61.60253295898437,103.607275390625,2026-04-15
2026-04-15 20:00:00,11.18274974822998,-60.046377563476554,-12.407888031005854,36.92387390136719,84.08117218017577,195.7553970336914,2026-04-15
2026-04-15 21:00:00,-22.902999877929688,-35.10916061401366,9.116903686523443,48.03131103515625,68.41798858642578,138.97665557861328,2026-04-15
2026-04-15 22:00:00,110.2614974975586,-83.45757369995117,-34.15398330688476,-2.009552001953125,26.518385314941423,135.1017623901367,2026-04-15
2026-04-15 23:00:00,302.1397399902344,-15.035160827636716,42.73359527587891,62.66978454589844,85.36971130371094,138.81527099609374,2026-04-15
2026-04-16 00:00:00,360.0,129.68923950195312,166.39636001586913,178.79177856445312,201.67276153564453,281.1169723510742,2026-04-16
2026-04-16 01:00:00,295.0,178.0992218017578,219.22534866333007,237.50791931152344,261.1185317993164,293.18983459472656,2026-04-16
2026-04-16 02:00:00,437.5,252.95061874389648,286.5092292785645,303.3942565917969,321.4495162963867,363.62500762939453,2026-04-16
2026-04-16 03:00:00,559.5,216.6586536407471,262.1344047546387,287.460693359375,303.5777297973633,373.9996673583984,2026-04-16
2026-04-16 04:00:00,335.0,205.49797668457032,234.77334632873536,274.4435119628906,295.93778228759766,374.36216201782224,2026-04-16
2026-04-16 05:00:00,332.5,255.00195541381837,274.6799491882324,312.0765380859375,334.12056732177734,366.84748992919924,2026-04-16
2026-04-16 06:00:00,300.0,327.26022109985354,342.59430236816405,356.2208251953125,393.3545669555664,446.16990127563474,2026-04-16
2026-04-16 07:00:00,255.833251953125,221.58350219726566,236.0210662841797,247.1086578369141,263.2497615814209,358.2906204223633,2026-04-16
2026-04-16 08:00:00,310.0,47.10719146728516,56.80303421020508,63.51432800292969,72.23845291137695,142.69981994628904,2026-04-16
2026-04-16 09:00:00,265.0,5.2520118713378885,21.010033416748044,28.72763061523437,36.507146453857416,107.29112701416015,2026-04-16
2026-04-16 10:00:00,265.0,27.50701446533204,35.743261718750006,41.87838745117188,50.23306198120118,129.11211700439452,2026-04-16
2026-04-16 11:00:00,277.5,16.83479537963867,25.07078628540039,30.59527587890625,35.35026321411133,48.60137023925781,2026-04-16
2026-04-16 12:00:00,165.0,-9.726012420654296,-2.2938583374023427,6.760650634765625,13.126889801025392,88.65752639770507,2026-04-16
2026-04-16 13:00:00,40.0,-9.580513000488281,-1.3265350341796873,3.669189453125,7.631918334960938,99.27833633422851,2026-04-16
2026-04-16 14:00:00,-50.0,-28.412454986572264,-19.3506721496582,-12.787109375,-7.924119567871095,6.291303253173826,2026-04-16
2026-04-16 15:00:00,-50.0,-35.86101455688477,-27.735247802734378,-23.07403564453125,-15.190901947021487,54.24936294555664,2026-04-16
2026-04-16 16:00:00,-50.0,-35.03628311157226,-24.056597900390624,-16.518310546875,-4.111804962158203,51.9932975769043,2026-04-16
2026-04-16 17:00:00,-49.33324813842773,3.494441223144534,17.24590148925781,25.23388671875,44.57727470397949,111.23239440917968,2026-04-16
2026-04-16 18:00:00,-44.22124862670898,41.934625244140626,54.05797348022461,67.68327331542969,117.54060668945311,156.99378204345703,2026-04-16
2026-04-16 19:00:00,-49.75,62.5651252746582,90.22439384460449,137.58599853515625,158.69301300048826,208.6258460998535,2026-04-16
2026-04-16 20:00:00,5.803999900817871,-26.56214141845703,36.12212371826172,51.90037536621094,69.18802337646484,117.77929840087893,2026-04-16
2026-04-16 21:00:00,-51.760250091552734,-28.246955108642574,-9.051749420166011,34.25213623046875,57.188629150390625,108.62084503173827,2026-04-16
2026-04-16 22:00:00,-51.16875076293945,-7.236767578124997,37.47409286499024,56.39453125,81.79286422729493,140.73728408813474,2026-04-16
2026-04-16 23:00:00,73.0,6.918117523193359,61.93560104370117,85.22567749023438,106.22192840576172,170.93535614013672,2026-04-16
2026-04-17 00:00:00,116.19100189208984,-56.42533416748046,-31.21494140625,17.45086669921875,36.40961837768553,93.58818740844725,2026-04-17
2026-04-17 01:00:00,239.75,-79.086669921875,-49.34297714233398,-3.331451416015625,26.686202239990234,80.68141403198244,2026-04-17
2026-04-17 02:00:00,397.5,-60.780306243896476,-20.62209205627441,19.12811279296875,43.232093048095706,122.17998275756835,2026-04-17
2026-04-17 03:00:00,-37.5,-87.16746978759765,-48.27187461853027,7.190032958984375,28.32192916870117,89.25556411743163,2026-04-17
2026-04-17 04:00:00,-50.0,-98.54549179077148,-50.82710189819337,0.157440185546875,20.047348022460927,68.86975250244141,2026-04-17
2026-04-17 05:00:00,17.5,-65.48514137268066,-40.095278549194326,0.23931884765625,46.77915306091308,102.18718223571777,2026-04-17
2026-04-17 06:00:00,20.795499801635746,-38.72030563354492,-8.955426788330076,8.92242431640625,77.41068878173827,144.882470703125,2026-04-17
2026-04-17 07:00:00,45.0,-57.494931793212885,-32.1475212097168,8.614837646484375,54.618683624267575,131.43954467773438,2026-04-17
2026-04-17 08:00:00,-50.0,-45.18885192871093,-28.39404296875,-17.497772216796875,12.565652847290036,77.43752746582031,2026-04-17
2026-04-17 09:00:00,-50.0,-64.45651473999024,-40.67367935180664,-25.15228271484375,-2.8885208129882827,74.09310760498046,2026-04-17
2026-04-17 10:00:00,-50.0,-45.307593536376956,-29.81445388793945,-20.17950439453125,-2.31947212219238,89.4686393737793,2026-04-17
2026-04-17 11:00:00,-50.0,-40.05653839111328,-28.750778961181638,-15.450592041015623,-3.7204330444335927,77.97156219482422,2026-04-17
2026-04-17 12:00:00,-50.0,-47.985511779785156,-38.233299255371094,-24.889068603515625,-19.414299774169923,-0.4660343170166037,2026-04-17
2026-04-17 13:00:00,-50.0,-54.72325210571289,-45.54363479614258,-35.68707275390625,-28.085189819335938,-1.824361801147461,2026-04-17
2026-04-17 14:00:00,-50.0,-58.93390808105468,-44.83353729248047,-38.02471923828125,-30.090182495117187,44.956058502197266,2026-04-17
2026-04-17 15:00:00,-50.0,-48.49771423339844,-39.295249938964844,-33.0311279296875,-24.141151428222656,42.03525772094727,2026-04-17
2026-04-17 16:00:00,-49.16450119018555,-52.52853240966797,-38.73566131591797,-29.394683837890625,-15.376392364501955,90.51622619628905,2026-04-17
2026-04-17 17:00:00,289.3160095214844,139.61166763305664,148.02896575927736,159.37310791015625,172.87241287231444,248.87243270874023,2026-04-17
2026-04-17 18:00:00,182.5,193.21589508056638,205.87775497436522,217.5814514160156,233.66780090332028,299.47025222778313,2026-04-17
2026-04-17 19:00:00,158.87750244140625,203.82233734130858,220.08145446777343,228.79229736328125,240.1030075073242,326.95954818725585,2026-04-17
2026-04-17 20:00:00,16.036500930786133,197.68483734130857,216.67378463745115,225.76596069335935,241.36702003479002,314.5282272338867,2026-04-17
2026-04-17 21:00:00,-8.5,104.6611717224121,120.40496063232422,132.8013458251953,145.01347312927246,211.74755859375,2026-04-17
2026-04-17 22:00:00,-50.30149841308594,33.10243148803711,50.54048080444336,62.1767578125,83.19534301757812,154.1772346496582,2026-04-17
2026-04-17 23:00:00,-52.20600128173828,16.666861724853526,39.58003234863281,57.01722717285156,111.05444793701172,170.2865219116211,2026-04-17
