epoch,n_days,net,pf_net,realization,mae,label
0,81,12140579.0,22640733.0,0.5362272944078268,115.6427993774414,MSE-baseline
2,81,11483704.0,22640733.0,0.507214320313746,144.56317138671875,SPO-ep2
4,81,11456735.0,22640733.0,0.5060231486321578,186.17819213867188,SPO-ep4
6,81,11581004.0,22640733.0,0.5115118843546276,234.04591369628906,SPO-ep6
8,81,11627302.0,22640733.0,0.5135567828126413,269.85931396484375,SPO-ep8
10,81,11425362.0,22640733.0,0.5046374602801067,287.48040771484375,SPO-ep10
12,81,11477089.0,22640733.0,0.5069221477944199,328.5404357910156,SPO-ep12
