ts,actual,p10,p30,p50,p70,p90,date
2026-01-27 00:00:00,485.0,813.0091857910155,890.0995483398436,935.0958251953124,976.6015869140624,1042.782177734375,2026-01-27
2026-01-27 01:00:00,382.5,778.5405212402344,878.1846069335937,934.9097290039062,984.5646118164062,1061.1982910156248,2026-01-27
2026-01-27 02:00:00,392.5,717.4419738769532,831.1479675292969,893.86474609375,949.4710815429687,1034.863134765625,2026-01-27
2026-01-27 03:00:00,375.0,594.6542083740235,715.9045776367187,783.7274169921875,843.8066345214844,935.4372497558594,2026-01-27
2026-01-27 04:00:00,350.0,620.4755493164063,738.575341796875,808.1514282226562,871.6828369140625,967.5376342773437,2026-01-27
2026-01-27 05:00:00,360.0,720.133999633789,836.79912109375,908.0324096679688,973.3207824707031,1072.077947998047,2026-01-27
2026-01-27 06:00:00,397.5,771.4339385986328,889.1888793945312,963.28369140625,1031.9012512207032,1135.5816589355468,2026-01-27
2026-01-27 07:00:00,395.0,655.5554809570312,777.3496276855469,854.62353515625,926.4419799804688,1036.2201293945313,2026-01-27
2026-01-27 08:00:00,392.5,458.14952697753904,578.2059997558595,658.6528930664062,732.410009765625,846.068408203125,2026-01-27
2026-01-27 09:00:00,315.03125,291.466667175293,409.133627319336,490.8717651367188,566.2549591064453,682.6721710205079,2026-01-27
2026-01-27 10:00:00,299.7330017089844,222.589616394043,339.37643890380855,424.1376953125,501.14055786132815,622.7918548583984,2026-01-27
2026-01-27 11:00:00,552.5872802734375,348.63478698730466,465.56537780761715,551.8389892578125,633.2739318847657,759.1161499023438,2026-01-27
2026-01-27 12:00:00,324.2122497558594,239.84454345703125,353.6198791503906,440.65277099609375,524.0696228027343,654.1386932373047,2026-01-27
2026-01-27 13:00:00,281.8592529296875,138.83540802001954,251.9480209350586,339.3945617675781,423.35340728759763,555.3302383422852,2026-01-27
2026-01-27 14:00:00,268.1832580566406,279.6610717773438,391.8047119140625,480.3189086914063,564.5675445556641,699.3246795654297,2026-01-27
2026-01-27 15:00:00,270.23223876953125,307.64930114746096,423.005436706543,514.866455078125,604.3675689697266,744.7299377441407,2026-01-27
2026-01-27 16:00:00,725.718994140625,483.0711273193359,622.0982452392578,727.9775390625,828.5813049316406,982.5492614746094,2026-01-27
2026-01-27 17:00:00,736.25,559.4245559692383,711.8368560791016,827.0770263671875,935.3063232421875,1094.8279663085937,2026-01-27
2026-01-27 18:00:00,452.5,453.6069747924805,596.6169128417969,709.3302001953125,813.8152404785156,968.8361450195312,2026-01-27
2026-01-27 19:00:00,720.083251953125,478.890315246582,611.6679656982421,717.815185546875,815.7356323242187,961.9795349121093,2026-01-27
2026-01-27 20:00:00,337.5,553.5803802490234,682.2120666503906,784.9521484375,877.6523529052735,1017.4355682373047,2026-01-27
2026-01-27 21:00:00,887.5,643.7354522705078,772.1033996582031,873.45458984375,962.2307312011719,1095.7522705078125,2026-01-27
2026-01-27 22:00:00,773.5,505.5722396850586,633.0342224121093,732.9008178710938,816.7837524414062,944.8497436523437,2026-01-27
2026-01-27 23:00:00,846.0,484.5996459960937,611.337435913086,710.49072265625,791.4000671386718,912.4535827636719,2026-01-27
2026-01-28 00:00:00,808.0,399.82008666992186,474.45472412109376,522.0842895507812,567.2355712890625,638.271728515625,2026-01-28
2026-01-28 01:00:00,649.0,555.4951751708984,642.769482421875,698.4005126953125,749.82470703125,828.64716796875,2026-01-28
2026-01-28 02:00:00,763.75,613.921728515625,708.3528991699219,766.5768432617188,821.2627197265625,904.2056274414062,2026-01-28
2026-01-28 03:00:00,924.5,381.5970062255859,480.6853088378906,541.4130859375,597.5992797851562,682.537939453125,2026-01-28
2026-01-28 04:00:00,1030.0,230.97715454101564,326.30404663085943,385.64404296875,442.250390625,526.7064331054687,2026-01-28
2026-01-28 05:00:00,1055.0,223.03533020019532,316.03080444335944,374.2353515625,428.966943359375,512.1597900390625,2026-01-28
2026-01-28 06:00:00,1091.75,230.39508056640625,324.4954986572266,383.2306213378906,438.7799835205078,524.1241851806641,2026-01-28
2026-01-28 07:00:00,971.0,217.99886932373047,317.3235992431641,378.396484375,436.7405059814453,524.7755462646485,2026-01-28
2026-01-28 08:00:00,808.75,220.75807952880865,320.9533874511719,384.2747192382813,443.5526794433594,534.7655334472656,2026-01-28
2026-01-28 09:00:00,662.875,194.70044403076173,294.0261993408203,358.4783020019531,418.29668579101565,510.7672882080078,2026-01-28
2026-01-28 10:00:00,396.9392395019531,148.6346511840821,249.51436462402347,316.6246643066406,377.309033203125,472.13032226562507,2026-01-28
2026-01-28 11:00:00,677.5,203.65518188476562,308.4899444580078,378.7333679199219,443.46802978515626,542.5998260498047,2026-01-28
2026-01-28 12:00:00,872.0,162.42078552246096,268.2041946411133,341.42303466796875,408.71111145019535,511.80226135253906,2026-01-28
2026-01-28 13:00:00,462.5,134.2493835449219,243.37412414550784,319.36114501953125,389.49741516113284,496.17820129394534,2026-01-28
2026-01-28 14:00:00,292.5,144.26056518554688,255.8514343261719,335.9988708496094,409.94521484375,522.2545623779297,2026-01-28
2026-01-28 15:00:00,378.75,104.35251770019534,223.29013977050784,309.1202697753906,388.90317993164064,507.6622344970703,2026-01-28
2026-01-28 16:00:00,887.3295288085938,262.52519073486326,401.5386688232422,497.94049072265625,584.6834747314454,711.0497955322265,2026-01-28
2026-01-28 17:00:00,579.25,444.36401672363286,584.9495361328125,682.982177734375,769.7328735351563,896.7449340820312,2026-01-28
2026-01-28 18:00:00,362.5,155.46411743164063,292.3974304199219,388.684814453125,471.39248046875,595.2147216796875,2026-01-28
2026-01-28 19:00:00,497.5,166.36248016357425,300.8358917236328,395.61669921875,477.0226318359375,596.4580383300781,2026-01-28
2026-01-28 20:00:00,808.75,179.57280120849617,312.0228607177735,405.6095581054688,484.91211547851566,602.1530151367188,2026-01-28
2026-01-28 21:00:00,925.5,178.07426147460941,308.92329101562507,401.2389526367188,479.4013610839844,594.2866394042969,2026-01-28
2026-01-28 22:00:00,1068.0,177.08640441894534,305.3844970703125,394.5179443359375,469.053076171875,580.6447143554688,2026-01-28
2026-01-28 23:00:00,1034.25,160.2777801513672,285.9937896728516,373.6506958007813,446.62851562500003,554.9843200683595,2026-01-28
2026-01-29 00:00:00,1021.75,437.94681396484367,539.1165527343749,603.23388671875,664.0718505859373,761.7996093749999,2026-01-29
2026-01-29 01:00:00,1019.25,462.5568725585938,583.7243347167969,659.994384765625,730.4769165039063,841.12587890625,2026-01-29
2026-01-29 02:00:00,1045.25,486.1852905273438,619.6111267089843,701.946533203125,779.1759643554688,899.3857543945312,2026-01-29
2026-01-29 03:00:00,874.5,470.28289184570315,613.2401184082031,702.2938842773438,784.9035400390624,912.9303955078125,2026-01-29
2026-01-29 04:00:00,905.25,441.49965515136716,581.8012268066407,671.6741943359375,757.5848388671874,889.1444213867187,2026-01-29
2026-01-29 05:00:00,558.7935180664062,402.4233032226563,541.1681823730469,631.0985717773438,715.9581909179688,848.0449096679688,2026-01-29
2026-01-29 06:00:00,764.0,406.7274505615235,546.0301208496094,637.3768310546875,723.5629638671875,857.9378417968751,2026-01-29
2026-01-29 07:00:00,470.0,347.6463806152344,490.6075378417969,583.6046142578125,671.4403869628907,809.1957641601563,2026-01-29
2026-01-29 08:00:00,345.0,173.92736206054695,312.84916381835944,405.5183715820313,492.3997192382813,630.4949707031251,2026-01-29
2026-01-29 09:00:00,474.5032348632813,233.39767761230476,366.27522888183603,458.7688598632813,545.9614349365235,683.8068328857422,2026-01-29
2026-01-29 10:00:00,672.2529907226562,330.43275451660156,462.395849609375,557.8803100585938,645.2887084960937,786.2790222167969,2026-01-29
2026-01-29 11:00:00,943.1799926757812,475.52327728271484,610.1670104980469,707.6030883789062,799.5396331787109,944.9586517333985,2026-01-29
2026-01-29 12:00:00,855.0,438.6351837158203,571.663916015625,670.355712890625,764.71728515625,914.4012451171875,2026-01-29
2026-01-29 13:00:00,692.5,336.3331481933594,468.4287963867188,567.59765625,662.6346618652344,814.1998291015625,2026-01-29
2026-01-29 14:00:00,372.5,302.05945129394536,433.37729797363284,535.2626953125,633.2385772705078,791.3269805908203,2026-01-29
2026-01-29 15:00:00,564.4657592773438,367.12236938476565,505.0102996826172,615.422119140625,723.3940643310547,891.3334808349609,2026-01-29
2026-01-29 16:00:00,915.75,363.60776367187503,530.2110321044922,657.140869140625,777.530615234375,960.1261108398437,2026-01-29
2026-01-29 17:00:00,633.75,114.80641632080079,285.34738769531253,416.9317932128906,540.5982177734375,725.6728088378907,2026-01-29
2026-01-29 18:00:00,437.5,136.73799285888674,296.6246215820313,425.17724609375,544.9188171386719,727.4382202148438,2026-01-29
2026-01-29 19:00:00,395.0,135.92354888916026,290.7913391113282,415.0725708007813,530.5632568359375,707.0211914062502,2026-01-29
2026-01-29 20:00:00,836.5,111.67372589111329,265.4384521484375,389.36767578125,500.9974670410156,673.4741943359375,2026-01-29
2026-01-29 21:00:00,1248.5,115.43892822265627,273.0636413574219,397.9452819824219,508.0164367675781,677.9587829589843,2026-01-29
2026-01-29 22:00:00,1184.5,117.93962402343755,276.95421142578124,401.735107421875,507.16205444335935,672.9822875976563,2026-01-29
2026-01-29 23:00:00,814.5,119.6458129882813,275.8490142822266,399.9500122070313,503.93273925781256,665.8367065429688,2026-01-29
2026-01-30 00:00:00,954.5,361.3611694335938,454.5801147460937,515.7379150390625,575.6467895507811,669.55078125,2026-01-30
2026-01-30 01:00:00,805.0,312.3420288085938,424.2832824707031,497.3165588378906,566.9003356933592,674.9769348144531,2026-01-30
2026-01-30 02:00:00,445.0,330.2842895507813,454.4026123046875,534.529541015625,612.1650695800782,728.7641174316407,2026-01-30
2026-01-30 03:00:00,458.082763671875,353.5599792480469,488.2295288085937,576.261962890625,660.9834106445312,787.5284912109375,2026-01-30
2026-01-30 04:00:00,527.75,346.66724853515626,482.4709228515625,573.8858642578125,663.54482421875,794.2976806640625,2026-01-30
2026-01-30 05:00:00,393.75,278.19063110351567,414.30469970703126,507.74359130859375,598.09990234375,730.5414916992188,2026-01-30
2026-01-30 06:00:00,350.0,285.2503631591797,421.08648681640625,515.571533203125,607.5851745605469,743.2594360351563,2026-01-30
2026-01-30 07:00:00,350.0,231.16280517578127,368.0871246337891,463.0565185546875,556.4859252929688,693.6042358398438,2026-01-30
2026-01-30 08:00:00,487.5,183.9981399536133,317.0191284179688,411.397705078125,503.148974609375,639.6530334472657,2026-01-30
2026-01-30 09:00:00,410.1545104980469,166.3304885864258,295.37725524902345,389.6075134277344,482.558447265625,618.6251342773437,2026-01-30
2026-01-30 10:00:00,416.8030090332031,150.4829818725586,280.0079650878906,376.6450500488281,469.6125183105469,609.2946899414062,2026-01-30
2026-01-30 11:00:00,418.6889953613281,176.36214904785157,311.67457580566406,411.739990234375,509.3952880859375,654.6253356933594,2026-01-30
2026-01-30 12:00:00,337.5,152.82364807128903,292.5031494140625,395.4804382324219,495.6912231445312,645.3580932617188,2026-01-30
2026-01-30 13:00:00,195.0,113.55520019531252,239.8888259887695,336.4850769042969,434.07526245117185,581.8633605957032,2026-01-30
2026-01-30 14:00:00,220.0,112.85132446289063,237.12074279785156,335.818115234375,437.27671508789064,591.309848022461,2026-01-30
2026-01-30 15:00:00,140.0,100.1402526855469,237.05124206542968,349.6922607421875,466.28199462890626,634.5101440429687,2026-01-30
2026-01-30 16:00:00,280.0,340.61045379638676,516.9888244628906,648.946044921875,778.3978088378906,958.5179260253906,2026-01-30
2026-01-30 17:00:00,562.5,280.6494873046875,439.34282836914065,565.51171875,688.6610046386719,865.6137756347656,2026-01-30
2026-01-30 18:00:00,342.5,269.45848541259767,414.22820739746095,531.6363525390625,645.2292114257813,813.4102783203125,2026-01-30
2026-01-30 19:00:00,342.5,182.84962463378912,327.6901947021485,443.7633666992188,552.8003295898438,711.206475830078,2026-01-30
2026-01-30 20:00:00,330.0,135.11804046630863,287.3220581054687,406.8245849609375,515.1564636230469,673.6188354492188,2026-01-30
2026-01-30 21:00:00,345.0,262.62005004882815,422.26990966796876,545.30029296875,654.5995849609375,812.5127319335937,2026-01-30
2026-01-30 22:00:00,350.0,261.0166870117188,419.9770141601563,539.7780151367188,643.0377563476562,792.7553833007812,2026-01-30
2026-01-30 23:00:00,537.5,172.96586608886724,326.6492980957032,443.2536010742188,543.2435424804688,685.6086059570313,2026-01-30
2026-01-31 00:00:00,345.0,305.17963256835935,367.8263214111328,410.190185546875,454.1203979492187,531.0569946289063,2026-01-31
2026-01-31 01:00:00,372.5,310.84515075683595,382.3756530761719,432.6648254394531,485.29889526367185,577.2032043457032,2026-01-31
2026-01-31 02:00:00,340.0,306.6924011230468,381.54301147460933,435.0145263671875,493.1129028320312,593.6960754394531,2026-01-31
2026-01-31 03:00:00,352.5,269.9505249023438,347.72093505859374,404.9266662597656,467.2989776611328,576.2665130615235,2026-01-31
2026-01-31 04:00:00,460.0,262.673046875,339.98224487304685,398.0971984863281,463.0085052490234,575.481723022461,2026-01-31
2026-01-31 05:00:00,397.5,239.39830169677734,314.70549926757803,372.0845642089844,436.39635925292964,550.1283081054687,2026-01-31
2026-01-31 06:00:00,117.5,217.801008605957,292.34935302734374,349.6868896484375,415.44856567382806,531.7411499023438,2026-01-31
2026-01-31 07:00:00,230.0,232.52149047851563,310.0341857910156,369.9674987792969,438.8579620361328,559.5943756103516,2026-01-31
2026-01-31 08:00:00,100.0,200.05350494384766,277.2812805175781,338.278564453125,408.1582092285156,531.6332916259765,2026-01-31
2026-01-31 09:00:00,-10.0,118.07924957275392,195.0772415161133,256.4320983886719,328.17237854003906,453.2602294921875,2026-01-31
2026-01-31 10:00:00,-25.0,-62.77277984619138,15.021791076660158,78.532958984375,152.20936889648436,282.3096069335937,2026-01-31
2026-01-31 11:00:00,-50.0,-45.84172973632812,36.367895507812506,103.35653686523438,180.64413757324218,317.0436279296875,2026-01-31
2026-01-31 12:00:00,-50.0,-138.50914001464844,-54.82112579345703,15.073333740234377,95.31175231933594,237.68046875,2026-01-31
2026-01-31 13:00:00,-50.0,-186.73571472167967,-101.0055923461914,-30.467742919921875,53.34458923339844,201.92854003906248,2026-01-31
2026-01-31 14:00:00,-50.0,-200.7086959838867,-112.84932861328123,-38.51953125,50.7949722290039,209.25324249267575,2026-01-31
2026-01-31 15:00:00,-50.0,-236.39891357421874,-140.0382141113281,-56.61614990234375,43.23925170898437,213.87241210937498,2026-01-31
2026-01-31 16:00:00,-50.0,-194.6272003173828,-71.5906005859375,27.30499267578125,140.71661376953125,327.7173156738281,2026-01-31
2026-01-31 17:00:00,405.0,-45.94738311767577,73.89223022460938,176.12948608398438,294.34999694824216,485.430386352539,2026-01-31
2026-01-31 18:00:00,282.5,48.11640319824221,161.53424072265625,259.0307312011719,374.3787811279297,560.4844451904296,2026-01-31
2026-01-31 19:00:00,212.5,-14.223321533203148,92.85533752441405,183.67416381835935,292.0433410644531,473.89055786132803,2026-01-31
2026-01-31 20:00:00,222.2400054931641,-84.00756683349609,23.06135101318361,111.75944519042967,215.06238098144533,395.232827758789,2026-01-31
2026-01-31 21:00:00,265.0,-73.23134765625,35.81035766601563,123.9415283203125,226.25479125976562,404.8517761230469,2026-01-31
2026-01-31 22:00:00,280.0,-110.70064849853514,0.08068542480469887,86.97544860839844,185.61717224121094,359.61220397949216,2026-01-31
2026-01-31 23:00:00,318.0692443847656,-149.10674438476562,-36.989657592773426,49.572174072265625,147.29198608398437,316.7821350097656,2026-01-31
2026-02-01 00:00:00,327.5,73.57101135253909,125.04786376953126,158.5818328857422,193.182080078125,253.7008056640625,2026-02-01
2026-02-01 01:00:00,320.0,20.456373596191412,80.4591033935547,121.07980346679688,163.5384094238281,238.9393768310547,2026-02-01
2026-02-01 02:00:00,311.25,26.286013793945315,89.99366149902343,134.5941162109375,182.3726837158203,269.4508422851562,2026-02-01
2026-02-01 03:00:00,362.5,41.49110717773438,110.89705352783204,160.49830627441406,213.86933288574218,311.14126281738277,2026-02-01
2026-02-01 04:00:00,205.0,53.934178161621105,122.83226776123047,174.02548217773438,231.30100402832034,336.9512298583984,2026-02-01
2026-02-01 05:00:00,231.0,10.419006347656236,78.01964569091795,129.48223876953125,187.94504547119138,299.1253952026367,2026-02-01
2026-02-01 06:00:00,25.0,-7.3331359863281165,59.18486175537109,111.1021728515625,172.0265899658203,288.4342956542969,2026-02-01
2026-02-01 07:00:00,122.25,-99.2724136352539,-30.22405090332031,25.32586669921875,90.70371551513672,215.603108215332,2026-02-01
2026-02-01 08:00:00,68.32849884033203,-145.98766937255857,-79.74753112792968,-23.779296875,44.015995788574216,174.9768783569336,2026-02-01
2026-02-01 09:00:00,-50.0,-148.40233306884767,-85.2106704711914,-29.8236083984375,40.86423645019532,175.80971221923832,2026-02-01
2026-02-01 10:00:00,-50.0,-156.3981994628906,-95.85232238769531,-39.143157958984375,35.55645294189452,177.40270080566404,2026-02-01
2026-02-01 11:00:00,-50.0,-148.5950500488281,-88.072607421875,-29.438934326171875,52.61874084472656,201.62938232421874,2026-02-01
2026-02-01 12:00:00,-50.0,-163.8957061767578,-108.56349182128906,-53.1719970703125,28.772084045410153,182.5491149902344,2026-02-01
2026-02-01 13:00:00,-50.0,-145.3583984375,-95.13521423339844,-47.168701171875,31.838180541992173,187.9637298583984,2026-02-01
2026-02-01 14:00:00,-50.0,-142.59071960449216,-93.20527954101563,-43.86929321289063,38.85958557128905,200.87613220214843,2026-02-01
2026-02-01 15:00:00,-50.0,-160.9802703857422,-103.39006042480469,-43.276641845703125,50.306455993652335,220.3961700439453,2026-02-01
2026-02-01 16:00:00,-50.0,-165.17257385253907,-80.90047149658204,-2.53564453125,105.39037170410154,291.55243225097655,2026-02-01
2026-02-01 17:00:00,215.2567443847656,-0.19785156249997726,100.33878326416016,192.17987060546875,310.4242218017578,504.1317901611328,2026-02-01
2026-02-01 18:00:00,415.0,77.99433288574221,171.28238525390626,260.3570861816406,373.6546325683594,556.9087493896484,2026-02-01
2026-02-01 19:00:00,310.0,133.93226470947266,219.89769287109374,300.3067321777344,401.3596939086914,573.5639236450195,2026-02-01
2026-02-01 20:00:00,295.0,160.24294738769532,245.3923782348633,320.1120910644531,410.3120513916016,570.7812194824219,2026-02-01
2026-02-01 21:00:00,400.0,198.79814758300788,287.66586914062503,360.6492004394531,447.36789550781253,601.573486328125,2026-02-01
2026-02-01 22:00:00,307.5,207.09874267578127,298.1206390380859,370.4832458496094,453.4746032714844,601.4565856933593,2026-02-01
2026-02-01 23:00:00,562.5,204.20618133544923,296.282958984375,367.4989013671875,449.2456481933594,592.7413116455078,2026-02-01
2026-02-02 00:00:00,495.0,297.9906768798828,359.77533264160155,399.033203125,436.3782928466797,496.58192443847656,2026-02-02
2026-02-02 01:00:00,480.0,302.27223205566406,373.5001159667969,420.9948425292969,467.0014923095703,540.7983856201172,2026-02-02
2026-02-02 02:00:00,502.5,252.2331039428711,328.31667175292966,381.3163146972656,434.0878936767578,520.7264373779296,2026-02-02
2026-02-02 03:00:00,600.0,254.15194244384762,335.4948455810547,394.51861572265625,453.99498901367184,551.6308044433594,2026-02-02
2026-02-02 04:00:00,507.5,269.31547698974606,348.3003875732422,409.683837890625,474.7395111083984,582.6182312011719,2026-02-02
2026-02-02 05:00:00,430.0,234.22882232666018,309.596240234375,371.024658203125,438.9443756103516,556.0520599365234,2026-02-02
2026-02-02 06:00:00,112.5,243.15448760986328,316.460026550293,379.2023010253906,452.92034606933595,580.2229125976562,2026-02-02
2026-02-02 07:00:00,255.0,277.2446334838867,349.9077545166015,415.2640380859375,496.10836639404295,633.9234085083008,2026-02-02
2026-02-02 08:00:00,272.5,258.0138397216797,323.4275238037109,387.9040222167969,471.2004760742187,615.9664489746094,2026-02-02
2026-02-02 09:00:00,-23.221250534057617,257.7693099975586,315.68995208740233,378.7691955566406,465.6968460083008,616.3564224243164,2026-02-02
2026-02-02 10:00:00,-50.0,-19.023730468749974,35.674194335937514,100.66462707519533,193.24589691162112,354.44560241699224,2026-02-02
2026-02-02 11:00:00,277.5,-91.4331069946289,-36.880552673339835,30.174835205078125,132.81916046142578,302.7700088500976,2026-02-02
2026-02-02 12:00:00,12.5,-109.11998291015624,-59.839859008789055,1.32159423828125,100.86109008789062,271.18620605468755,2026-02-02
2026-02-02 13:00:00,-50.0,-112.07406616210938,-67.23296508789062,-16.23956298828125,74.67543640136718,242.33549804687505,2026-02-02
2026-02-02 14:00:00,-50.0,-124.36012573242186,-81.468505859375,-30.989166259765625,58.085385131835935,226.33504638671872,2026-02-02
2026-02-02 15:00:00,-50.0,-123.38503112792968,-71.85669555664063,-12.2967529296875,84.05894775390624,256.2697357177734,2026-02-02
2026-02-02 16:00:00,20.0,98.43323669433596,181.53333892822266,261.1426696777344,371.83623657226565,559.3660827636718,2026-02-02
2026-02-02 17:00:00,458.75,192.68067321777352,305.7743591308594,405.7532348632813,529.543539428711,723.4407196044922,2026-02-02
2026-02-02 18:00:00,197.5,215.5398468017578,321.07050781249995,419.8944091796875,538.2169677734374,720.4888244628905,2026-02-02
2026-02-02 19:00:00,35.0,214.0134155273438,310.909603881836,399.7230224609375,503.8784637451172,671.360107421875,2026-02-02
2026-02-02 20:00:00,10.006750106811523,132.27483215332032,226.34418945312495,307.2051696777344,397.800439453125,550.2340057373046,2026-02-02
2026-02-02 21:00:00,123.63400268554688,87.31213378906247,183.5268646240234,260.8460388183594,345.96465454101565,489.94855346679685,2026-02-02
2026-02-02 22:00:00,-36.65975189208984,-60.989361572265594,38.59651184082033,115.5693817138672,195.95370483398438,332.62080078125,2026-02-02
2026-02-02 23:00:00,-50.0,26.220268249511747,126.58884582519535,202.85806274414065,282.25155944824223,413.8601470947266,2026-02-02
2026-02-03 00:00:00,191.19325256347656,97.94143981933594,122.418603515625,143.32452392578125,171.07308959960938,229.82810058593748,2026-02-03
2026-02-03 01:00:00,245.0,51.22835083007813,77.1007080078125,101.89999389648438,137.62652587890625,214.8212860107422,2026-02-03
2026-02-03 02:00:00,170.0,9.833856201171876,38.17652893066406,65.94090270996094,107.0914306640625,195.9243957519531,2026-02-03
2026-02-03 03:00:00,165.0,1.5032257080078182,34.2138916015625,66.91009521484375,113.5879913330078,212.64523315429688,2026-02-03
2026-02-03 04:00:00,197.5,-16.011032104492188,17.931704711914065,53.69245910644531,104.61403045654296,209.60793151855466,2026-02-03
2026-02-03 05:00:00,225.0,-31.46805419921874,1.2658966064453168,38.45570373535156,90.0856704711914,200.56088256835932,2026-02-03
2026-02-03 06:00:00,186.9812469482422,-33.1878173828125,-0.8801727294921875,37.22590637207031,91.63383789062499,207.12597656249997,2026-02-03
2026-02-03 07:00:00,42.65549850463867,-16.71343994140625,15.80282897949219,56.00929260253906,113.29365844726561,233.78978881835937,2026-02-03
2026-02-03 08:00:00,-48.74325180053711,-72.64265136718748,-43.42835388183594,-5.37249755859375,50.79588012695312,170.88723754882812,2026-02-03
2026-02-03 09:00:00,-50.0,-89.6757354736328,-62.589379882812494,-27.38079833984375,27.300282287597653,146.14724273681637,2026-02-03
2026-02-03 10:00:00,-50.0,-89.69426879882812,-63.41378479003906,-27.415802001953125,27.932092285156244,148.34149169921875,2026-02-03
2026-02-03 11:00:00,-50.0,-1.9283569335937472,28.368923950195317,68.0701904296875,130.53230895996094,257.90505065917966,2026-02-03
2026-02-03 12:00:00,-50.0,-119.66713256835936,-90.1829864501953,-49.55096435546875,13.681051635742186,141.49973144531248,2026-02-03
2026-02-03 13:00:00,-50.0,-96.93003845214844,-70.30412597656252,-33.365325927734375,29.088461303710936,155.34681701660156,2026-02-03
2026-02-03 14:00:00,-50.0,-88.37620239257812,-62.64801940917968,-25.87240600585937,37.577355957031244,164.86851501464838,2026-02-03
2026-02-03 15:00:00,-50.0,-102.91002502441405,-70.48995056152344,-28.222686767578125,39.99467163085937,173.8256866455078,2026-02-03
2026-02-03 16:00:00,-50.0,-92.88311309814452,-36.110694885253906,23.71054077148437,107.21838531494136,257.84132537841793,2026-02-03
2026-02-03 17:00:00,-22.77775001525879,-3.6668365478515454,75.82115631103517,155.6558380126953,256.9958129882813,420.69921264648434,2026-02-03
2026-02-03 18:00:00,27.833499908447266,-29.407559204101545,49.559118652343756,134.61236572265625,239.085400390625,398.742138671875,2026-02-03
2026-02-03 19:00:00,60.0,-109.71464538574219,-33.46640624999999,48.7147216796875,149.46804504394527,303.85342102050777,2026-02-03
2026-02-03 20:00:00,151.2532501220703,-108.15000915527344,-30.198948669433577,50.12309265136719,147.04320678710937,297.59206237792966,2026-02-03
2026-02-03 21:00:00,184.65550231933597,-130.90159301757814,-49.53486022949221,31.943084716796875,129.05503234863278,279.49367980957027,2026-02-03
2026-02-03 22:00:00,125.0,-150.30457763671873,-65.46264648437497,16.353271484375,113.55019836425782,258.8832122802734,2026-02-03
2026-02-03 23:00:00,125.0,-172.43328857421875,-87.06209564208984,-5.18310546875,93.44097290039066,238.65534057617185,2026-02-03
2026-02-04 00:00:00,155.0,-20.53956146240234,8.465364074707022,27.85162353515625,51.336369323730466,99.41077270507812,2026-02-04
2026-02-04 01:00:00,205.0,-10.952412414550778,24.491741943359365,48.73204040527344,79.22483978271484,141.8748291015625,2026-02-04
2026-02-04 02:00:00,257.5,61.20115661621094,99.40377197265624,126.96340942382812,162.13529052734378,236.26250915527345,2026-02-04
2026-02-04 03:00:00,102.5,0.16224517822266193,42.74774322509766,75.32106018066406,115.4581283569336,199.17883758544923,2026-02-04
2026-02-04 04:00:00,-50.0,-54.53397216796874,-9.571180725097655,26.06121826171875,71.39060821533201,164.20221710205078,2026-02-04
2026-02-04 05:00:00,-50.0,-117.8517074584961,-73.31932373046874,-36.061370849609375,12.01287231445312,113.57786712646484,2026-02-04
2026-02-04 06:00:00,-50.0,-118.21154327392578,-73.09589385986328,-33.62396240234375,18.558818054199207,127.68413543701172,2026-02-04
2026-02-04 07:00:00,-50.0,-125.38912048339843,-79.90058135986327,-37.536407470703125,19.419427490234384,135.15607910156248,2026-02-04
2026-02-04 08:00:00,-50.0,-121.36949005126952,-81.80848846435546,-42.354736328125,13.978547668457026,132.77511444091795,2026-02-04
2026-02-04 09:00:00,-50.0,-107.05934753417968,-73.32183837890625,-37.93218994140625,18.86733703613281,140.3831329345703,2026-02-04
2026-02-04 10:00:00,-50.0,-112.9255584716797,-80.62278442382814,-43.73794555664063,15.842398071289054,143.58310546874998,2026-02-04
2026-02-04 11:00:00,-50.0,-99.80487365722655,-65.37793884277343,-25.051483154296875,43.030128479003906,177.6275695800781,2026-02-04
2026-02-04 12:00:00,-50.0,-115.61305541992188,-84.30386352539062,-46.87518310546875,19.920086669921886,155.67101745605467,2026-02-04
2026-02-04 13:00:00,-50.0,-104.02234497070313,-77.08016357421874,-46.4918212890625,15.952534484863278,152.79355163574218,2026-02-04
2026-02-04 14:00:00,-50.0,-100.95030517578124,-74.14789733886718,-42.145263671875,23.146142578124994,165.21926879882812,2026-02-04
2026-02-04 15:00:00,-50.0,-108.00452880859375,-73.97027587890625,-33.386810302734375,40.218356323242176,188.92274780273436,2026-02-04
2026-02-04 16:00:00,-50.0,-147.16559753417968,-93.7609893798828,-37.1640625,50.05083618164062,214.86199951171872,2026-02-04
2026-02-04 17:00:00,27.0,-115.79071350097655,-41.26102905273436,32.374237060546875,135.1739196777344,311.1614135742187,2026-02-04
2026-02-04 18:00:00,131.333251953125,112.03854675292973,181.59791717529302,255.60716247558597,358.23601074218755,529.325405883789,2026-02-04
2026-02-04 19:00:00,25.10650062561035,112.52444763183598,175.87353973388673,242.63150024414065,335.8151336669922,499.8647521972656,2026-02-04
2026-02-04 20:00:00,55.09149932861328,115.09187927246099,176.61423797607426,237.3398895263672,320.74360351562507,475.90289306640625,2026-02-04
2026-02-04 21:00:00,83.56575012207031,141.15261383056645,203.642546081543,261.296875,340.2408874511719,489.6166534423828,2026-02-04
2026-02-04 22:00:00,24.95249938964844,171.73476867675782,236.3771560668945,293.0062866210937,366.0255493164062,507.48132629394524,2026-02-04
2026-02-04 23:00:00,194.1000061035156,145.6236083984375,212.0329788208008,267.423095703125,338.66421356201175,475.21789703369143,2026-02-04
2026-02-05 00:00:00,365.0,317.024267578125,363.88655242919924,395.8963317871094,429.94580535888673,489.7577377319336,2026-02-05
2026-02-05 01:00:00,232.5,277.12597503662107,329.4569885253906,366.767578125,408.5567855834961,481.20628814697267,2026-02-05
2026-02-05 02:00:00,330.0,261.0031799316406,314.249739074707,355.0595703125,402.1748275756836,485.8107604980469,2026-02-05
2026-02-05 03:00:00,287.5,283.2212158203125,336.6744445800781,380.2339782714844,430.9837112426758,522.0404388427735,2026-02-05
2026-02-05 04:00:00,292.5,286.8921325683594,337.67399444580076,381.2893371582031,434.6435089111328,532.0079162597656,2026-02-05
2026-02-05 05:00:00,325.0,281.30616607666013,326.50369720458986,368.1282653808594,422.47030487060545,525.2276901245117,2026-02-05
2026-02-05 06:00:00,327.5,330.7535888671875,370.73271484375,410.6486511230469,467.0489807128906,574.3097534179688,2026-02-05
2026-02-05 07:00:00,476.0,381.1410369873047,416.43897705078126,453.98681640625,511.87044830322264,620.5641296386718,2026-02-05
2026-02-05 08:00:00,558.5,310.8096923828125,337.6981475830078,367.7344665527344,419.88954010009763,526.5429931640624,2026-02-05
2026-02-05 09:00:00,394.47650146484375,224.34646301269532,243.08633117675782,265.24658203125,311.4576477050781,415.42467346191404,2026-02-05
2026-02-05 10:00:00,189.4620056152344,-8.733453369140623,8.181454467773435,28.33578491210937,71.9382354736328,175.52120971679688,2026-02-05
2026-02-05 11:00:00,142.1875,60.27289123535158,80.17153625488282,102.2827606201172,151.09900207519533,257.8692108154297,2026-02-05
2026-02-05 12:00:00,-50.0,-61.75669250488281,-42.610470581054685,-21.724822998046875,25.68888702392578,131.44384155273434,2026-02-05
2026-02-05 13:00:00,-50.0,-62.60217895507812,-45.251245117187494,-28.995086669921875,13.461767578125006,119.00063171386716,2026-02-05
2026-02-05 14:00:00,-50.0,-54.50697021484375,-37.333578491210936,-20.2578125,22.546520996093747,130.22655029296874,2026-02-05
2026-02-05 15:00:00,-50.0,-65.65791320800781,-43.21006164550781,-19.74188232421875,28.674200439453124,142.16021575927732,2026-02-05
2026-02-05 16:00:00,700.0,49.012530517578114,86.70894470214843,124.5517120361328,186.97013397216796,317.2602294921875,2026-02-05
2026-02-05 17:00:00,665.25,325.51125183105466,387.39930114746096,444.854736328125,525.4857513427735,669.644906616211,2026-02-05
2026-02-05 18:00:00,627.0,559.7034332275391,619.2184616088867,680.1743774414062,764.2785827636719,908.3506011962891,2026-02-05
2026-02-05 19:00:00,712.75,447.33294372558595,503.47919006347655,560.493408203125,639.5955657958984,781.5483581542969,2026-02-05
2026-02-05 20:00:00,412.1292419433594,506.14748229980466,563.9950546264648,618.2303466796875,692.4693328857422,831.8000091552735,2026-02-05
2026-02-05 21:00:00,534.2857666015625,552.9114044189453,615.5734100341797,670.033935546875,742.6802124023437,880.4594940185547,2026-02-05
2026-02-05 22:00:00,500.0,264.8946472167969,334.5916549682617,391.26177978515625,460.7655548095703,594.2276214599609,2026-02-05
2026-02-05 23:00:00,487.5,286.28508453369136,360.7190338134765,419.06591796875,488.51686401367186,621.3066375732421,2026-02-05
2026-02-06 00:00:00,477.5,278.5545196533203,343.00811767578125,384.91412353515625,425.35651245117185,490.29189453124997,2026-02-06
2026-02-06 01:00:00,430.0,279.5572113037109,356.6782073974609,408.122802734375,458.20787963867184,535.6188049316406,2026-02-06
2026-02-06 02:00:00,500.0,274.757778930664,358.8719604492187,416.2781982421875,473.2577880859375,562.1218566894531,2026-02-06
2026-02-06 03:00:00,590.6875,270.5762588500977,362.07591247558594,426.3442993164063,490.4058776855469,588.5437927246094,2026-02-06
2026-02-06 04:00:00,793.5,224.5958190917969,315.70305786132815,383.26702880859375,453.8727142333984,562.304653930664,2026-02-06
2026-02-06 05:00:00,751.9614868164062,211.47927551269532,302.92784118652344,373.03326416015625,447.35344848632815,563.5248870849609,2026-02-06
2026-02-06 06:00:00,425.0,210.0996322631836,302.4031707763672,376.2100830078125,457.73637084960944,584.1620361328125,2026-02-06
2026-02-06 07:00:00,537.5,229.54221496582034,322.8527084350586,401.03070068359375,491.36212463378905,628.371957397461,2026-02-06
2026-02-06 08:00:00,436.5352478027344,200.76473693847657,284.99062194824216,363.44921875,456.81500854492185,601.3750915527344,2026-02-06
2026-02-06 09:00:00,367.35101318359375,197.01663818359378,269.5425704956055,345.2939758300781,442.1944366455078,592.7275482177735,2026-02-06
2026-02-06 10:00:00,195.0,181.53186340332033,248.43081512451172,323.8216247558594,424.3037109375,583.4065032958983,2026-02-06
2026-02-06 11:00:00,393.7027587890625,192.3256057739258,255.71318206787112,330.7976989746094,439.8588333129883,604.1511276245117,2026-02-06
2026-02-06 12:00:00,380.8664855957031,213.78048248291014,267.088639831543,332.62548828125,437.18628997802733,601.1945724487305,2026-02-06
2026-02-06 13:00:00,233.6202545166016,113.6844711303711,158.98184967041016,210.8847198486328,303.2394744873047,463.9581863403321,2026-02-06
2026-02-06 14:00:00,186.2875061035156,98.52000885009767,141.5376449584961,193.0596466064453,282.3085250854492,442.40186614990233,2026-02-06
2026-02-06 15:00:00,-37.5,137.51260223388675,191.10002899169925,254.5852203369141,353.7036117553711,519.4653549194336,2026-02-06
2026-02-06 16:00:00,-50.0,126.88413848876951,216.0417251586914,303.352294921875,419.2301620483398,603.7783218383788,2026-02-06
2026-02-06 17:00:00,135.93374633789062,113.05690002441403,229.44292297363276,337.461181640625,468.4792297363281,660.7236938476562,2026-02-06
2026-02-06 18:00:00,64.0,117.92769012451174,228.3012176513672,338.0039367675781,466.5154174804687,653.2483642578125,2026-02-06
2026-02-06 19:00:00,60.98199844360352,120.28744354248047,218.9470153808594,318.3376159667969,433.45790100097656,607.6809539794922,2026-02-06
2026-02-06 20:00:00,60.0,92.8916152954101,187.31857757568355,278.1112670898437,380.72452087402337,542.3154022216796,2026-02-06
2026-02-06 21:00:00,91.0,96.34021453857423,190.54623718261723,276.834716796875,373.3976318359375,527.4084411621094,2026-02-06
2026-02-06 22:00:00,170.0,53.34979400634768,146.17117614746093,228.6647491455078,317.0754028320313,462.5508178710937,2026-02-06
2026-02-06 23:00:00,107.5,93.36812438964844,185.13772277832032,265.6185607910156,350.5702087402344,488.98004150390625,2026-02-06
2026-02-07 00:00:00,20.0,17.813737487792977,61.74525299072266,93.23556518554688,128.4545928955078,199.24296875,2026-02-07
2026-02-07 01:00:00,-50.0,-46.42523803710936,3.0168869018554716,40.29409790039063,83.61065673828125,170.4447296142578,2026-02-07
2026-02-07 02:00:00,97.5,-56.52867431640624,-4.213896179199203,37.29142761230469,86.12937316894534,185.03323364257815,2026-02-07
2026-02-07 03:00:00,-50.0,-97.17299346923828,-42.20975952148437,3.6337890625,57.84582824707031,166.772785949707,2026-02-07
2026-02-07 04:00:00,120.0,-102.88278503417968,-48.28416290283203,-1.00823974609375,57.107995605468744,174.5786254882813,2026-02-07
2026-02-07 05:00:00,0.0,-110.39881896972656,-58.90809173583984,-11.6708984375,47.77352752685547,172.36067810058591,2026-02-07
2026-02-07 06:00:00,50.0,-108.87891235351562,-61.63213806152343,-14.461456298828123,47.32624359130862,177.25768737792967,2026-02-07
2026-02-07 07:00:00,140.0,-121.12781829833983,-76.00381622314453,-28.31158447265625,36.056340026855466,170.2450241088867,2026-02-07
2026-02-07 08:00:00,-50.0,-117.05433959960936,-79.08897399902344,-36.28778076171875,24.953460693359368,158.64476623535154,2026-02-07
2026-02-07 09:00:00,-50.0,-103.6508087158203,-73.17733154296874,-37.171722412109375,20.715145874023435,152.39677124023436,2026-02-07
2026-02-07 10:00:00,-50.0,-99.27073669433592,-74.31623229980468,-40.427093505859375,15.469844055175777,149.3409454345703,2026-02-07
2026-02-07 11:00:00,-50.0,-85.92381286621094,-60.869781494140625,-26.549530029296875,34.026435852050774,171.60180358886717,2026-02-07
2026-02-07 12:00:00,-50.0,-91.80567626953126,-69.00081787109374,-36.541351318359375,23.257838439941402,161.19333190917968,2026-02-07
2026-02-07 13:00:00,-50.0,-81.86891479492186,-62.64542541503906,-34.90350341796875,22.28305511474609,160.48886718749998,2026-02-07
2026-02-07 14:00:00,-50.0,-76.69385986328125,-59.67030334472656,-32.60992431640625,25.007949829101555,165.51849822998045,2026-02-07
2026-02-07 15:00:00,-50.0,-85.81537475585938,-64.67716064453126,-33.529083251953125,27.753643798828122,173.6409454345703,2026-02-07
2026-02-07 16:00:00,-50.0,-109.31347198486327,-76.24415435791016,-33.91680908203125,37.42021484374999,195.0927047729492,2026-02-07
2026-02-07 17:00:00,289.8699951171875,98.0833618164062,143.26237182617183,198.04788208007807,283.5224365234375,452.32967529296866,2026-02-07
2026-02-07 18:00:00,310.0,202.8308319091797,249.6695327758789,308.9145202636719,397.54634857177734,563.6049743652344,2026-02-07
2026-02-07 19:00:00,302.5,191.9908615112305,241.42703704833986,302.1561279296875,391.1739303588867,557.978645324707,2026-02-07
2026-02-07 20:00:00,305.0,152.94698486328127,206.94638366699218,267.728271484375,355.0544036865234,520.582485961914,2026-02-07
2026-02-07 21:00:00,330.0,166.64037017822264,224.48014526367186,286.2376708984375,373.59295196533196,538.1143997192382,2026-02-07
2026-02-07 22:00:00,325.0,153.63299255371095,213.8650680541992,276.2819519042969,361.9663055419922,522.0478332519531,2026-02-07
2026-02-07 23:00:00,265.0,159.55025939941413,221.47683563232428,283.8306579589844,370.1588500976563,528.9540252685547,2026-02-07
2026-02-08 00:00:00,175.0,218.88967590332032,260.27622528076176,287.41424560546875,316.7004379272461,371.10789947509767,2026-02-08
2026-02-08 01:00:00,287.5,198.4349334716797,246.6735809326172,279.9283447265625,316.3911605834961,385.6482223510742,2026-02-08
2026-02-08 02:00:00,330.0,197.78101959228513,251.45068054199217,289.7698059082031,332.7517456054687,414.5973358154297,2026-02-08
2026-02-08 03:00:00,270.0,172.37804718017577,233.5148483276367,278.34393310546875,328.0600830078125,424.3377258300781,2026-02-08
2026-02-08 04:00:00,135.0,134.98396759033204,198.47554626464844,247.54676818847656,303.45232543945315,409.5054016113281,2026-02-08
2026-02-08 05:00:00,210.0,85.67994537353516,148.8501708984375,199.92633056640625,258.5614135742187,373.13518676757815,2026-02-08
2026-02-08 06:00:00,245.0,39.04778900146488,102.28617095947268,155.37091064453125,218.3058837890625,339.4474334716797,2026-02-08
2026-02-08 07:00:00,180.0,71.60382995605472,136.93693542480472,194.2291412353516,261.68397216796876,392.5082427978516,2026-02-08
2026-02-08 08:00:00,-50.0,-21.36444396972655,40.74389343261719,98.88307189941406,168.1995422363281,301.93171386718745,2026-02-08
2026-02-08 09:00:00,-50.0,-122.42340545654297,-63.26669769287109,-6.115814208984375,63.971343994140625,199.27314300537108,2026-02-08
2026-02-08 10:00:00,-50.0,-147.0754409790039,-89.76526947021483,-31.0086669921875,41.10772857666015,181.17717742919925,2026-02-08
2026-02-08 11:00:00,-50.0,-141.04790496826172,-83.25874786376953,-22.347564697265625,54.9367248535156,200.94731903076172,2026-02-08
2026-02-08 12:00:00,-50.0,-138.12303771972654,-82.71295776367187,-22.11117553710937,55.36537475585939,203.55393066406248,2026-02-08
2026-02-08 13:00:00,-50.0,-135.7591354370117,-82.79830780029297,-25.401885986328125,52.75681610107421,202.4225540161133,2026-02-08
2026-02-08 14:00:00,-50.0,-138.76785278320312,-85.59855041503906,-27.826568603515625,51.045495605468744,202.57646179199216,2026-02-08
2026-02-08 15:00:00,-50.0,-147.7794021606445,-89.7093521118164,-28.44842529296875,54.39795684814453,211.48040924072265,2026-02-08
2026-02-08 16:00:00,-49.47174835205078,-153.68350830078123,-74.97447052001952,-0.366119384765625,94.06146240234371,264.89850463867185,2026-02-08
2026-02-08 17:00:00,288.0,6.535833740234409,103.68670349121098,191.8321228027344,299.7044982910156,479.23381958007815,2026-02-08
2026-02-08 18:00:00,-29.5,68.80681915283196,163.5331954956054,253.8070373535156,362.27742919921866,539.3571350097656,2026-02-08
2026-02-08 19:00:00,24.0,-44.75901947021487,46.68829650878902,136.22950744628906,243.53642272949213,415.49011535644524,2026-02-08
2026-02-08 20:00:00,42.0,-161.29215393066406,-68.47033386230468,20.54803466796875,126.55977478027343,293.75903015136714,2026-02-08
2026-02-08 21:00:00,24.75,-150.70995635986327,-54.17982177734375,35.399200439453125,141.39662780761716,306.2996917724609,2026-02-08
2026-02-08 22:00:00,12.25,-181.0415069580078,-82.65326843261718,6.266876220703125,110.67071838378905,270.4801544189453,2026-02-08
2026-02-08 23:00:00,-37.5,-203.57093353271483,-105.29846801757812,-17.82952880859375,87.38048400878905,244.5064727783203,2026-02-08
2026-02-09 00:00:00,32.04425048828125,-56.67292175292968,-31.261904907226562,-11.76190185546875,14.656732177734373,73.87549743652343,2026-02-09
2026-02-09 01:00:00,20.0575008392334,-65.46926574707031,-38.87114562988281,-18.124267578125,13.725401306152342,88.82293853759765,2026-02-09
2026-02-09 02:00:00,-50.0,-57.706112670898435,-29.431393432617185,-6.6400146484375,29.62235870361328,118.15559997558593,2026-02-09
2026-02-09 03:00:00,-50.0,-64.0720001220703,-34.15037536621094,-8.936981201171875,31.283015441894527,129.73798980712888,2026-02-09
2026-02-09 04:00:00,-50.0,-64.85591430664061,-34.34413452148438,-8.628662109375,33.741696166992185,140.53183593749998,2026-02-09
2026-02-09 05:00:00,-50.0,-79.21089477539061,-50.99470825195313,-24.83917236328125,19.14354858398437,133.79255981445314,2026-02-09
2026-02-09 06:00:00,-50.0,-81.80058288574219,-54.926333618164065,-28.415008544921875,18.278097534179686,137.23155975341797,2026-02-09
2026-02-09 07:00:00,5.791749954223633,-50.3587158203125,-25.29143981933594,1.27978515625,48.84544525146484,170.43293304443358,2026-02-09
2026-02-09 08:00:00,54.10699844360352,-30.58062744140625,-12.893536376953122,6.807037353515625,48.23427124023437,166.34331359863282,2026-02-09
2026-02-09 09:00:00,-50.0,-46.930548095703124,-35.980657958984374,-23.72412109375,12.387402343749997,127.84931335449218,2026-02-09
2026-02-09 10:00:00,-50.0,-51.055563354492186,-43.10776062011719,-31.258453369140625,4.11431884765625,120.57870941162108,2026-02-09
2026-02-09 11:00:00,0.0,-52.4989776611328,-40.43512878417969,-25.328155517578125,17.420336914062496,138.87359466552732,2026-02-09
2026-02-09 12:00:00,35.0,-59.17219848632813,-46.377630615234374,-30.3656005859375,12.84346313476562,134.1400177001953,2026-02-09
2026-02-09 13:00:00,-37.5,-52.51915893554688,-40.60956726074219,-27.27886962890625,13.027975463867186,136.0236877441406,2026-02-09
2026-02-09 14:00:00,-50.0,-49.15457458496094,-39.24195251464844,-26.515594482421875,14.767977905273433,140.81612854003905,2026-02-09
2026-02-09 15:00:00,-50.0,-57.71434936523437,-45.06795043945313,-27.194793701171875,20.349301147460935,156.1941192626953,2026-02-09
2026-02-09 16:00:00,222.5,-85.30731811523438,-57.313897705078126,-24.277862548828125,39.68845062255858,198.17653198242186,2026-02-09
2026-02-09 17:00:00,207.5,-107.48190917968749,-55.81516723632812,-1.317535400390625,86.75290222167968,264.3645935058594,2026-02-09
2026-02-09 18:00:00,-49.605751037597656,-118.4056915283203,-67.31808166503906,-5.63043212890625,91.00438842773437,273.1864593505859,2026-02-09
2026-02-09 19:00:00,-49.25,-89.76214904785155,-40.64579925537109,21.61947631835937,120.16737670898436,310.4539428710937,2026-02-09
2026-02-09 20:00:00,-48.01300048828125,-95.23131256103515,-44.122511291503905,17.362548828125,116.63690643310547,309.8268447875976,2026-02-09
2026-02-09 21:00:00,-50.0,-90.61029357910155,-35.06221313476562,28.6708984375,130.44106750488277,326.61188049316405,2026-02-09
2026-02-09 22:00:00,-49.260501861572266,-123.28180541992187,-63.08094024658203,3.147064208984375,106.04945678710936,300.332568359375,2026-02-09
2026-02-09 23:00:00,-50.0,-138.29696655273438,-76.60806732177736,-9.44403076171875,92.63405456542968,286.09243164062497,2026-02-09
2026-02-10 00:00:00,245.09625244140625,-1.6647155761718757,14.50810852050781,25.90829467773437,45.78799133300781,96.39723510742186,2026-02-10
2026-02-10 01:00:00,257.5,116.67063598632812,132.6794189453125,143.5690460205078,168.29745178222657,236.11808013916016,2026-02-10
2026-02-10 02:00:00,102.5,139.52676696777343,156.00816955566407,167.4239501953125,196.56061706542968,281.73119659423827,2026-02-10
2026-02-10 03:00:00,200.0,161.93939208984378,179.99491882324222,193.96597290039065,228.8448913574219,328.47079772949223,2026-02-10
2026-02-10 04:00:00,110.03150177001952,113.73206787109376,132.83157043457032,149.03953552246094,189.2270294189453,302.28830871582034,2026-02-10
2026-02-10 05:00:00,182.8757476806641,107.32890319824219,125.77277526855468,145.7152557373047,191.7724380493164,317.0328109741211,2026-02-10
2026-02-10 06:00:00,141.6165008544922,158.02764587402342,176.72948913574217,199.62738037109372,253.1210052490234,389.0819915771484,2026-02-10
2026-02-10 07:00:00,216.15475463867188,189.08296813964844,208.05869750976564,234.03884887695312,292.4648162841797,435.81748046875,2026-02-10
2026-02-10 08:00:00,152.1540069580078,211.215625,223.33634033203126,244.46652221679688,297.80022888183595,440.72650146484375,2026-02-10
2026-02-10 09:00:00,1.0577499866485596,166.0771911621094,172.14081726074218,185.55796813964844,232.15293579101564,372.6253952026367,2026-02-10
2026-02-10 10:00:00,-50.0,-35.80736389160156,-31.397137451171872,-18.252655029296875,25.24272766113281,165.50751342773435,2026-02-10
2026-02-10 11:00:00,-50.0,-46.86471252441406,-39.550473022460935,-24.242095947265625,25.853897094726562,169.75574340820307,2026-02-10
2026-02-10 12:00:00,-50.0,-53.002038574218744,-46.30860900878906,-30.62152099609375,20.57866821289062,167.509016418457,2026-02-10
2026-02-10 13:00:00,-50.0,-51.08782043457031,-45.91273803710938,-31.75,19.627560424804685,172.9112823486328,2026-02-10
2026-02-10 14:00:00,-50.0,-52.16314086914062,-47.81187438964843,-31.668487548828125,25.951116943359374,186.73119201660154,2026-02-10
2026-02-10 15:00:00,262.9327392578125,-56.05254516601562,-47.71727294921875,-21.3026123046875,47.85372619628906,222.66076049804687,2026-02-10
2026-02-10 16:00:00,563.4555053710938,144.99026184082032,168.52895812988282,212.31427001953125,301.03917388916017,502.58287353515624,2026-02-10
2026-02-10 17:00:00,602.1957397460938,263.08179473876953,304.2492416381836,367.34228515625,481.63391571044923,701.165818786621,2026-02-10
2026-02-10 18:00:00,405.0,284.0432861328125,320.0559875488281,386.7218017578125,507.47483520507814,730.4126373291015,2026-02-10
2026-02-10 19:00:00,355.0,247.7919662475586,276.19723052978514,337.1617126464844,452.4805603027344,677.4110916137695,2026-02-10
2026-02-10 20:00:00,187.5,219.12808380126955,247.09768524169922,302.8187255859375,414.6910110473633,636.4602310180665,2026-02-10
2026-02-10 21:00:00,247.89149475097656,204.66138916015626,235.56459045410156,289.913818359375,402.63243560791017,623.3393402099609,2026-02-10
2026-02-10 22:00:00,215.7227478027344,160.5662887573242,195.10986175537107,250.5317230224609,361.76528625488277,578.9992141723633,2026-02-10
2026-02-10 23:00:00,82.5,60.16968383789063,97.92834777832032,155.34193420410156,264.7638031005859,478.0870727539062,2026-02-10
2026-02-11 00:00:00,250.0,157.95895538330075,210.91975097656248,249.3539123535156,291.82123413085935,368.115754699707,2026-02-11
2026-02-11 01:00:00,-25.0,-9.789137268066398,48.113816833496095,92.73878479003906,144.96849822998047,239.37702484130858,2026-02-11
2026-02-11 02:00:00,115.0,-88.99925994873047,-28.709014892578125,19.179718017578125,76.77108154296872,183.70220184326172,2026-02-11
2026-02-11 03:00:00,75.0,-114.54569244384764,-52.17093505859375,-1.04931640625,60.63742523193359,177.8576675415039,2026-02-11
2026-02-11 04:00:00,-49.00650024414063,-109.46835174560546,-50.82382659912109,0.30865478515625,66.2129135131836,193.51832122802733,2026-02-11
2026-02-11 05:00:00,-50.0,-115.4404327392578,-59.70545349121093,-7.424652099609375,61.77417602539062,199.3361602783203,2026-02-11
2026-02-11 06:00:00,-50.0,-128.87092437744138,-73.00093536376953,-18.524932861328125,57.95103912353515,203.0788040161133,2026-02-11
2026-02-11 07:00:00,-50.0,-131.3137176513672,-76.70337829589843,-20.209930419921875,62.06198730468749,213.34406127929685,2026-02-11
2026-02-11 08:00:00,-50.0,-112.3570327758789,-68.74815216064454,-19.981353759765625,56.63419952392577,206.28825225830076,2026-02-11
2026-02-11 09:00:00,-50.0,-100.80134887695311,-69.95796203613281,-32.62445068359375,35.587609863281244,181.13005981445312,2026-02-11
2026-02-11 10:00:00,-50.0,-98.5321075439453,-74.31817016601562,-41.00762939453125,23.15492858886718,168.18594360351562,2026-02-11
2026-02-11 11:00:00,-50.0,-94.17710876464844,-68.75120239257812,-34.48602294921875,36.39193572998046,183.85315856933593,2026-02-11
2026-02-11 12:00:00,-50.0,-84.4095458984375,-63.499353027343744,-32.980010986328125,36.074493408203125,184.32884521484374,2026-02-11
2026-02-11 13:00:00,-50.0,-72.09203796386718,-56.37185974121094,-33.7830810546875,29.962174987792963,178.58132019042966,2026-02-11
2026-02-11 14:00:00,-50.0,-70.83710937499998,-55.41348266601562,-30.1087646484375,38.09879913330077,191.95760498046874,2026-02-11
2026-02-11 15:00:00,-50.0,-92.56688537597655,-64.79956359863282,-23.88897705078125,58.81131896972656,225.53449401855468,2026-02-11
2026-02-11 16:00:00,-50.0,-152.34932861328124,-91.07716522216796,-24.90814208984375,78.5608428955078,268.29508666992183,2026-02-11
2026-02-11 17:00:00,-7.0,20.0019500732422,112.85734100341797,203.0804901123047,326.61072998046876,528.4262329101562,2026-02-11
2026-02-11 18:00:00,22.75,93.32264099121096,177.1522979736328,268.2055969238281,390.4942596435547,586.7396697998047,2026-02-11
2026-02-11 19:00:00,129.5,110.06103973388673,184.2308120727539,266.2164001464844,376.7788345336914,564.896336364746,2026-02-11
2026-02-11 20:00:00,54.75,86.07430419921874,156.8143371582031,230.7696533203125,330.82966308593745,508.9612274169922,2026-02-11
2026-02-11 21:00:00,129.5,72.58271789550781,144.80957794189453,216.7603302001953,314.8558624267578,490.1251556396484,2026-02-11
2026-02-11 22:00:00,233.09625244140625,48.11835327148441,120.87947387695316,192.0245361328125,287.4074401855469,457.86889038085934,2026-02-11
2026-02-11 23:00:00,240.0,-10.059115600585926,61.681858825683605,131.3311004638672,225.7562255859375,392.2471923828125,2026-02-11
2026-02-12 00:00:00,260.0,193.1197036743164,243.54930114746094,277.8961486816406,314.44117736816406,380.9465606689453,2026-02-12
2026-02-12 01:00:00,260.0,173.0666320800781,228.70018310546874,268.1181640625,311.9177139282226,393.2233291625976,2026-02-12
2026-02-12 02:00:00,262.5,168.0798568725586,225.30040283203124,267.8167724609375,316.7819519042969,411.80445251464846,2026-02-12
2026-02-12 03:00:00,305.0,167.59476928710941,226.93256530761724,274.1492614746094,328.6734466552735,435.73213195800787,2026-02-12
2026-02-12 04:00:00,260.0,139.01777038574215,195.6926803588867,244.18783569335935,304.6527923583984,423.6805419921875,2026-02-12
2026-02-12 05:00:00,2.5,59.865025329589855,112.4939682006836,161.83895874023438,226.61602478027345,356.35565643310554,2026-02-12
2026-02-12 06:00:00,198.156005859375,-25.666528320312494,25.47581176757813,76.95390319824219,149.35094604492187,289.61015625,2026-02-12
2026-02-12 07:00:00,214.062255859375,-62.41776428222656,-13.071844482421874,40.88775634765625,119.81641998291013,267.4338012695313,2026-02-12
2026-02-12 08:00:00,24.97450065612793,-71.39053649902343,-32.227536010742185,15.18731689453125,89.65917358398437,236.4700958251953,2026-02-12
2026-02-12 09:00:00,-37.445499420166016,-72.82461547851562,-44.91700744628906,-7.608917236328125,59.7283462524414,203.40688171386716,2026-02-12
2026-02-12 10:00:00,-50.0,-87.39632263183594,-65.34856567382812,-31.550323486328125,31.793449401855455,175.82123718261718,2026-02-12
2026-02-12 11:00:00,-50.0,-14.54241943359375,7.504376220703129,41.23829650878906,109.6025634765625,255.87908630371092,2026-02-12
2026-02-12 12:00:00,-50.0,-68.1940948486328,-49.74112243652344,-19.487548828125,47.783470153808594,196.91951904296874,2026-02-12
2026-02-12 13:00:00,-50.0,-55.99013977050781,-41.25113220214844,-17.12725830078125,48.196896362304685,200.5782745361328,2026-02-12
2026-02-12 14:00:00,-50.0,-63.58877258300781,-49.54288635253906,-23.010498046875,48.543727111816395,208.70648498535155,2026-02-12
2026-02-12 15:00:00,-50.0,-87.89236755371093,-65.14332885742188,-24.82244873046875,60.68638153076171,233.17172851562498,2026-02-12
2026-02-12 16:00:00,342.25,-140.38063201904296,-92.1908187866211,-30.08050537109375,74.99428405761718,271.82545928955074,2026-02-12
2026-02-12 17:00:00,429.4557495117188,-136.8326232910156,-60.81900634765624,23.8944091796875,150.91851806640625,363.96386413574214,2026-02-12
2026-02-12 18:00:00,113.5,102.26298522949219,170.75211486816403,256.6971740722656,384.17864990234375,591.5613189697265,2026-02-12
2026-02-12 19:00:00,88.25,64.59446105957034,126.18083190917972,205.1832275390625,322.71595764160156,523.8211639404296,2026-02-12
2026-02-12 20:00:00,-49.5,107.05784912109374,169.31957855224607,242.8871154785156,350.62706604003904,541.6100006103516,2026-02-12
2026-02-12 21:00:00,25.25,112.70880737304688,179.2860855102539,249.6779022216797,353.0791046142578,536.5194366455078,2026-02-12
2026-02-12 22:00:00,14.25,91.97048645019532,162.0284637451172,231.82977294921875,328.92545318603516,504.7308120727539,2026-02-12
2026-02-12 23:00:00,162.78924560546875,88.83604431152347,160.60343322753909,229.80279541015625,324.52470703125005,493.2537811279297,2026-02-12
2026-02-13 00:00:00,100.38574981689452,-59.68226776123046,-5.416918945312496,33.980682373046875,77.23546142578124,154.756787109375,2026-02-13
2026-02-13 01:00:00,262.5,-45.17153320312495,13.540026855468795,58.01542663574219,109.02458343505864,200.56446228027346,2026-02-13
2026-02-13 02:00:00,165.0,-43.24910583496093,18.473641967773453,67.03669738769531,123.52644958496089,227.2430236816406,2026-02-13
2026-02-13 03:00:00,65.0,-61.760589599609354,3.4766845703125213,56.39474487304688,117.50159606933593,231.67894897460937,2026-02-13
2026-02-13 04:00:00,62.91849899291992,-98.64504699707031,-38.25319213867187,13.84686279296875,77.81139221191407,202.50013122558596,2026-02-13
2026-02-13 05:00:00,-48.5,-98.23519439697264,-43.39643859863281,7.639923095703125,73.71092529296877,205.64083404541014,2026-02-13
2026-02-13 06:00:00,-52.089500427246094,-112.03937835693358,-59.49811706542968,-7.452301025390625,66.54044189453124,208.75262603759765,2026-02-13
2026-02-13 07:00:00,-17.344499588012695,-120.7015411376953,-70.29173583984374,-16.81103515625,64.53880004882812,213.6377746582031,2026-02-13
2026-02-13 08:00:00,-50.0,-109.11281280517578,-71.18624114990234,-27.30673217773437,46.893150329589844,193.41630096435546,2026-02-13
2026-02-13 09:00:00,-50.0,-82.90495605468749,-59.740805053710936,-30.096954345703125,31.444662475585936,170.966552734375,2026-02-13
2026-02-13 10:00:00,-50.0,-78.77906188964843,-63.39694213867188,-40.52603149414063,12.199127197265618,146.88704833984374,2026-02-13
2026-02-13 11:00:00,-50.0,-78.42180786132812,-62.14851684570313,-40.286376953125,15.767488098144526,149.52928924560547,2026-02-13
2026-02-13 12:00:00,-50.0,-69.12960815429688,-56.35050659179688,-38.02438354492188,15.711383056640614,150.3211502075195,2026-02-13
2026-02-13 13:00:00,-50.0,-55.962365722656244,-46.97377014160156,-35.005859375,13.635147094726562,149.35262451171874,2026-02-13
2026-02-13 14:00:00,-50.0,-52.810498046875,-44.901467895507814,-30.55157470703125,26.33919067382812,172.49055175781248,2026-02-13
2026-02-13 15:00:00,-50.0,-74.88001708984375,-57.44600524902343,-24.99472045898437,52.75089874267577,218.63052978515623,2026-02-13
2026-02-13 16:00:00,-50.0,-129.12188568115232,-73.02100219726563,-11.39019775390625,93.57317657470702,292.74428253173824,2026-02-13
2026-02-13 17:00:00,-48.69525146484375,-136.64265136718748,-51.13269958496093,35.3690185546875,164.58299865722657,383.3539337158203,2026-02-13
2026-02-13 18:00:00,-26.132999420166016,73.50190429687501,138.959423828125,220.89727783203125,347.3664154052734,558.5337799072265,2026-02-13
2026-02-13 19:00:00,11.484999656677246,62.72094116210938,114.11171417236329,183.88699340820312,294.3127838134766,494.0324523925781,2026-02-13
2026-02-13 20:00:00,8.925000190734863,30.728160095214847,81.39845733642578,144.76429748535156,244.5145004272461,434.49919586181636,2026-02-13
2026-02-13 21:00:00,181.10174560546875,55.87831420898438,113.77623748779297,176.6868896484375,274.27968139648436,459.26752014160155,2026-02-13
2026-02-13 22:00:00,13.243000030517578,-28.683764648437503,34.998045349121085,99.69146728515624,193.06123046874998,370.61193237304684,2026-02-13
2026-02-13 23:00:00,32.07500076293945,-111.96097412109376,-43.81214599609375,21.7763671875,113.81404113769527,285.39252624511715,2026-02-13
2026-02-14 00:00:00,-49.49325180053711,-22.32648468017578,10.086647033691406,33.48162841796875,62.63735046386718,126.29869537353515,2026-02-14
2026-02-14 01:00:00,-50.0,-5.175109863281243,31.36519775390625,58.17555236816406,94.11771545410157,173.84127044677734,2026-02-14
2026-02-14 02:00:00,-50.0,19.24591674804688,55.99620513916015,84.10804748535156,123.97132568359375,216.697998046875,2026-02-14
2026-02-14 03:00:00,-50.0,75.9481430053711,111.6838607788086,140.85787963867188,184.02213592529296,286.3550735473633,2026-02-14
2026-02-14 04:00:00,-37.5,9.488005065917974,40.62766571044922,67.43649291992188,111.90588989257813,224.00467987060546,2026-02-14
2026-02-14 05:00:00,45.0,51.824114990234364,77.67886962890624,103.6173858642578,150.37919311523436,269.3677215576172,2026-02-14
2026-02-14 06:00:00,-12.5,39.72723083496094,64.00134582519532,90.91970825195312,142.64034729003907,269.8444549560547,2026-02-14
2026-02-14 07:00:00,-50.0,-15.551483154296875,7.319577026367188,34.976348876953125,89.13367919921875,219.96561889648436,2026-02-14
2026-02-14 08:00:00,-50.0,-46.78059692382812,-31.26387329101562,-11.838531494140623,33.59864196777343,158.05395507812497,2026-02-14
2026-02-14 09:00:00,-50.0,-38.54068603515625,-29.579562377929687,-20.38580322265625,13.560394287109375,130.27254486083984,2026-02-14
2026-02-14 10:00:00,-50.0,-39.00062255859375,-32.98591613769531,-26.697174072265625,-0.067352294921875,110.631982421875,2026-02-14
2026-02-14 11:00:00,-50.0,-41.175970458984374,-33.40617980957031,-27.0498046875,1.3639831542968714,113.03846435546873,2026-02-14
2026-02-14 12:00:00,-50.0,-33.99079895019531,-25.710919189453126,-18.50537109375,10.350488281249998,125.889794921875,2026-02-14
2026-02-14 13:00:00,-50.0,-32.15494995117187,-23.159048461914065,-14.894378662109377,17.451333618164064,139.97017517089841,2026-02-14
2026-02-14 14:00:00,-50.0,-38.277252197265625,-30.18021240234375,-19.6358642578125,22.399703979492188,157.97100982666018,2026-02-14
2026-02-14 15:00:00,-50.0,-51.73576354980469,-41.5302001953125,-20.651580810546875,37.14046020507812,192.82457885742187,2026-02-14
2026-02-14 16:00:00,-50.0,-86.78024597167969,-60.43665771484375,-21.316680908203125,59.480255126953125,249.73900756835934,2026-02-14
2026-02-14 17:00:00,-50.0,-127.83255310058593,-76.68777770996093,-13.784912109375,96.08120727539062,311.91006164550777,2026-02-14
2026-02-14 18:00:00,-46.479251861572266,-105.7436294555664,-63.431419372558594,1.755706787109375,117.64904022216795,337.430989074707,2026-02-14
2026-02-14 19:00:00,-12.49625015258789,-77.2883560180664,-44.83019256591796,13.234100341796877,121.83517608642576,342.6536239624023,2026-02-14
2026-02-14 20:00:00,-50.0,-69.5259536743164,-36.63003387451172,16.80389404296875,119.36541900634765,336.5516128540039,2026-02-14
2026-02-14 21:00:00,-50.0,-58.137176513671875,-20.005654907226557,31.0233154296875,131.59539031982422,345.4160919189453,2026-02-14
2026-02-14 22:00:00,-50.0,-84.96182098388671,-42.61072082519531,8.81695556640625,102.89427032470705,311.4052108764648,2026-02-14
2026-02-14 23:00:00,-50.0,-87.14108123779296,-41.463977050781246,10.83367919921875,100.69571990966796,302.47292022705074,2026-02-14
2026-02-15 00:00:00,212.5,130.4188201904297,141.85747985839845,151.0942840576172,167.13637084960936,211.08858642578124,2026-02-15
2026-02-15 01:00:00,195.0,148.65025024414064,161.64120178222657,171.1362762451172,191.24155883789064,248.77717742919918,2026-02-15
2026-02-15 02:00:00,272.5,210.08133850097656,223.7514404296875,233.4977569580078,256.9121887207031,327.1402847290039,2026-02-15
2026-02-15 03:00:00,290.0,264.16876525878905,279.5423614501953,290.2732238769531,316.98376312255857,395.101823425293,2026-02-15
2026-02-15 04:00:00,292.5,273.6274291992187,289.1007659912109,299.5516967773437,326.4438369750976,412.01701049804683,2026-02-15
2026-02-15 05:00:00,280.0,271.4682983398437,285.86341552734376,296.0920715332031,323.20067596435547,410.88172149658203,2026-02-15
2026-02-15 06:00:00,142.5,266.4221527099609,281.4889434814453,291.68621826171875,319.394548034668,409.59183807373046,2026-02-15
2026-02-15 07:00:00,175.0,259.0178527832031,275.22483520507814,286.79034423828125,313.5482650756836,403.77455444335936,2026-02-15
2026-02-15 08:00:00,-50.0,141.4299072265625,154.47569580078124,162.1761016845703,182.9878143310547,268.29536895751954,2026-02-15
2026-02-15 09:00:00,-50.0,-20.461962890625003,-8.695797729492188,-6.06829833984375,8.660391235351561,88.66546936035155,2026-02-15
2026-02-15 10:00:00,-50.0,-29.211776733398438,-18.786181640625003,-16.17852783203125,-5.389004516601563,68.6561294555664,2026-02-15
2026-02-15 11:00:00,-50.0,-34.08835144042968,-23.36898193359375,-21.28094482421875,-9.744766235351559,65.88927459716797,2026-02-15
2026-02-15 12:00:00,-50.0,-30.909420776367185,-20.228567504882818,-17.835540771484375,-6.723767089843751,71.92086334228514,2026-02-15
2026-02-15 13:00:00,-50.0,-26.580279541015628,-15.718872070312502,-13.755462646484377,-2.4266265869140646,82.38950958251952,2026-02-15
2026-02-15 14:00:00,-50.0,-20.419900512695314,-12.63720703125,-11.640869140625,4.277636718749999,98.59678344726562,2026-02-15
2026-02-15 15:00:00,-50.0,-22.20942993164062,-16.153771972656244,-10.633880615234377,16.215780639648436,128.86736297607422,2026-02-15
2026-02-15 16:00:00,-25.0,-18.774539184570315,-6.0361755371093775,11.501251220703123,57.13581237792968,200.63224487304683,2026-02-15
2026-02-15 17:00:00,342.5,331.99078979492185,352.53135070800784,385.1860046386719,455.8418273925781,624.4499267578125,2026-02-15
2026-02-15 18:00:00,370.0,465.9866607666016,483.91510314941405,520.0861206054688,600.1801406860352,778.7211456298828,2026-02-15
2026-02-15 19:00:00,317.5,433.49377746582036,446.8439361572266,480.4215698242188,559.0051681518555,749.3219512939454,2026-02-15
2026-02-15 20:00:00,290.0,376.1202850341797,388.7417755126953,419.7039794921875,499.9354446411133,698.3802429199218,2026-02-15
2026-02-15 21:00:00,300.0,500.05958557128906,516.9457824707031,548.908447265625,633.9790725708008,838.2701568603516,2026-02-15
2026-02-15 22:00:00,322.5,671.9943466186523,695.1772964477539,732.255859375,819.2830688476563,1025.935350036621,2026-02-15
2026-02-15 23:00:00,435.0,345.61334533691405,374.6017150878906,418.2510986328125,504.90741577148435,712.1653076171874,2026-02-15
2026-02-16 00:00:00,340.0,312.45766906738277,390.210220336914,436.2366943359375,478.63027343749997,539.196124267578,2026-02-16
2026-02-16 01:00:00,340.0,262.97252502441415,360.2824798583985,416.8308715820313,470.09846191406257,544.89404296875,2026-02-16
2026-02-16 02:00:00,340.0,211.04176635742195,319.14436340332037,383.4928588867188,445.1147766113282,535.9475524902344,2026-02-16
2026-02-16 03:00:00,340.0,222.39187622070312,336.8961151123047,409.008056640625,478.9455932617188,586.8192504882812,2026-02-16
2026-02-16 04:00:00,340.0,206.77632904052734,312.03569946289065,387.2262268066406,465.9931884765625,591.662222290039,2026-02-16
2026-02-16 05:00:00,340.0,164.86745605468752,255.14466247558596,330.0751037597656,416.03193359375,554.4409332275391,2026-02-16
2026-02-16 06:00:00,340.0,183.73326416015627,259.8390167236328,332.4254150390625,428.77671508789064,581.9333099365234,2026-02-16
2026-02-16 07:00:00,332.5,205.4921081542969,266.67729492187505,333.3721618652344,435.31801452636716,595.938897705078,2026-02-16
2026-02-16 08:00:00,130.0,183.17474517822268,223.08473205566406,274.4302062988281,363.6769058227539,518.013575744629,2026-02-16
2026-02-16 09:00:00,-50.0,82.96412811279296,103.35120086669923,137.1832275390625,209.35799560546872,354.70214996337893,2026-02-16
2026-02-16 10:00:00,-50.0,-2.220437622070307,13.326663208007815,41.70567321777344,104.17813110351562,243.98956604003905,2026-02-16
2026-02-16 11:00:00,62.5,93.76032714843751,111.93518371582032,141.07362365722656,208.46131286621093,346.27494506835933,2026-02-16
2026-02-16 12:00:00,-25.0,51.10934753417969,66.10162658691405,90.13340759277344,153.53199615478516,289.47816772460936,2026-02-16
2026-02-16 13:00:00,-50.0,-3.6608520507812514,7.171566772460935,21.47177124023437,75.86564636230469,210.3051559448242,2026-02-16
2026-02-16 14:00:00,-50.0,35.59931640625,44.46856079101562,58.8775634765625,113.83964385986329,251.20113220214841,2026-02-16
2026-02-16 15:00:00,-50.0,78.35577087402345,95.33587646484376,123.64520263671876,193.4498550415039,342.4106048583984,2026-02-16
2026-02-16 16:00:00,110.0,117.2002502441406,167.31841735839842,222.62591552734372,318.04723968505857,498.74961853027344,2026-02-16
2026-02-16 17:00:00,257.5,119.37412414550784,217.3796142578125,308.643310546875,435.28208618164064,636.4998504638672,2026-02-16
2026-02-16 18:00:00,295.0,129.0149139404297,221.4608322143555,320.1406555175781,450.23621520996096,648.8201568603515,2026-02-16
2026-02-16 19:00:00,280.0,151.98582153320314,237.95704956054686,330.08160400390625,447.54962768554685,636.7932861328125,2026-02-16
2026-02-16 20:00:00,257.5,181.91241149902345,267.8027938842773,353.75341796875,460.9715515136719,638.4707275390624,2026-02-16
2026-02-16 21:00:00,265.0,249.67458190917972,344.2297714233399,427.42388916015625,530.53623046875,700.1103759765624,2026-02-16
2026-02-16 22:00:00,275.0,161.67006835937502,266.8463500976562,351.51123046875,446.5114715576172,608.1773345947265,2026-02-16
2026-02-16 23:00:00,315.0,123.9196533203125,237.7351501464844,323.6609191894531,414.3089965820313,566.3513549804687,2026-02-16
2026-02-17 00:00:00,215.0,175.640007019043,226.6065032958984,255.2496795654297,282.91721801757814,328.2027618408203,2026-02-17
2026-02-17 01:00:00,242.5,138.68475036621095,202.35159606933593,236.992431640625,270.6945220947266,326.5086700439453,2026-02-17
2026-02-17 02:00:00,265.0,159.16988220214844,229.28679809570312,268.9565124511719,307.51043090820315,375.2963348388672,2026-02-17
2026-02-17 03:00:00,-12.5,136.36153869628907,211.93185577392578,257.73944091796875,302.4556579589844,383.1630859375,2026-02-17
2026-02-17 04:00:00,12.5,117.07062072753907,189.94370117187498,240.52438354492188,293.555258178711,388.6357147216797,2026-02-17
2026-02-17 05:00:00,-37.5,105.65121459960939,174.12708892822266,228.22000122070312,290.2849517822266,399.08876647949216,2026-02-17
2026-02-17 06:00:00,-50.0,65.34849548339847,128.54720764160157,184.2996826171875,257.671957397461,382.0439788818359,2026-02-17
2026-02-17 07:00:00,-50.0,-6.334318542480446,49.687396240234385,103.6897430419922,183.61752166748047,313.9734451293945,2026-02-17
2026-02-17 08:00:00,-50.0,-82.6376739501953,-45.47154693603515,-4.97418212890625,63.940399169921875,188.39669494628905,2026-02-17
2026-02-17 09:00:00,-50.0,-60.86062469482422,-41.05998992919921,-16.81329345703125,36.200769042968744,152.9767288208008,2026-02-17
2026-02-17 10:00:00,-50.0,-58.99356384277343,-43.907568359375,-25.14642333984375,19.117671203613277,130.01965942382813,2026-02-17
2026-02-17 11:00:00,-50.0,-57.967028808593746,-39.5384521484375,-19.26861572265625,29.272628784179688,137.58595428466793,2026-02-17
2026-02-17 12:00:00,-50.0,-50.849676513671874,-34.28092346191406,-16.9796142578125,28.348184204101557,133.8641159057617,2026-02-17
2026-02-17 13:00:00,-50.0,-50.29413757324218,-37.108297729492186,-27.6669921875,9.275856018066406,112.38291015624998,2026-02-17
2026-02-17 14:00:00,-50.0,-43.426409912109364,-32.178857421874994,-22.44696044921875,16.020205688476565,123.02210998535156,2026-02-17
2026-02-17 15:00:00,-50.0,-61.86264953613281,-43.58892822265625,-21.5699462890625,30.774525451660153,149.59343719482422,2026-02-17
2026-02-17 16:00:00,-50.0,-116.34422302246094,-70.48456726074218,-25.331085205078125,48.8955108642578,193.52967834472656,2026-02-17
2026-02-17 17:00:00,-50.0,-169.4125244140625,-88.61972198486328,-16.30487060546875,83.04055938720703,245.45598297119142,2026-02-17
2026-02-17 18:00:00,-50.0,-4.86284179687496,71.75311737060551,148.5019073486328,249.86931152343752,408.51035766601564,2026-02-17
2026-02-17 19:00:00,-50.0,-1.1353363037109432,72.9327194213867,145.1623992919922,236.3884124755859,390.396337890625,2026-02-17
2026-02-17 20:00:00,-50.0,-24.417718505859398,49.572589111328114,115.91017150878906,197.59584350585936,343.06134643554685,2026-02-17
2026-02-17 21:00:00,-50.0,-71.28733673095701,9.514576721191403,73.52908325195312,151.08643646240233,290.22835540771484,2026-02-17
2026-02-17 22:00:00,-50.0,-127.12106018066405,-36.96459350585937,28.77392578125,100.1898834228516,232.37499694824217,2026-02-17
2026-02-17 23:00:00,-50.0,-139.40856170654297,-43.2202880859375,23.7110595703125,92.56554870605468,218.03751525878906,2026-02-17
2026-02-18 00:00:00,-50.0,61.654168701171876,67.02693786621094,75.04258728027344,92.64999694824219,139.91939392089841,2026-02-18
2026-02-18 01:00:00,-50.0,94.2699981689453,101.7143768310547,113.22084045410156,141.62042236328125,210.15349960327148,2026-02-18
2026-02-18 02:00:00,-50.0,194.31876220703128,203.12300109863284,217.68814086914065,254.63864746093753,339.8851486206055,2026-02-18
2026-02-18 03:00:00,-50.0,229.1400207519531,238.83500366210936,253.8251037597656,296.03740234375,391.38003845214837,2026-02-18
2026-02-18 04:00:00,-50.0,210.34831848144532,218.7461395263672,231.8523406982422,273.31785583496094,376.0766830444336,2026-02-18
2026-02-18 05:00:00,12.5,220.3516052246094,227.4591857910156,239.57421875,279.8408599853516,381.92699890136714,2026-02-18
2026-02-18 06:00:00,0.0,217.6559051513672,226.95658264160156,237.73709106445312,276.7075531005859,377.0819625854492,2026-02-18
2026-02-18 07:00:00,-50.0,90.47110595703126,102.35100402832032,113.35171508789062,148.24754180908204,245.31368865966797,2026-02-18
2026-02-18 08:00:00,-50.0,-31.499957275390624,-22.830471801757813,-16.648712158203125,8.668481445312498,94.51699905395508,2026-02-18
2026-02-18 09:00:00,-50.0,-35.638092041015625,-28.00544738769531,-27.26278686523437,-11.30491027832031,66.11358795166015,2026-02-18
2026-02-18 10:00:00,-50.0,-40.11512145996094,-32.14223937988281,-30.831512451171875,-19.84415283203125,49.4551528930664,2026-02-18
2026-02-18 11:00:00,-50.0,-33.245751953124994,-24.630249023437496,-23.55892944335937,-11.848178100585935,56.89988403320312,2026-02-18
2026-02-18 12:00:00,-50.0,-23.84420471191406,-14.57144775390625,-12.87237548828125,-0.8736602783203136,70.53502349853515,2026-02-18
2026-02-18 13:00:00,-50.0,-35.41030578613281,-25.478948974609374,-23.138580322265625,-9.35239562988281,70.07807922363281,2026-02-18
2026-02-18 14:00:00,-50.0,-36.82301025390625,-30.675601196289062,-29.108612060546875,-9.423953247070312,80.49789123535156,2026-02-18
2026-02-18 15:00:00,-50.0,-31.38770751953125,-29.56746826171875,-24.763641357421875,5.011534118652342,112.74191436767578,2026-02-18
2026-02-18 16:00:00,-50.0,-37.330322265625,-31.863836669921874,-17.047454833984375,30.61529693603515,169.10121154785156,2026-02-18
2026-02-18 17:00:00,-50.0,-46.80344848632812,-33.18833312988281,-3.29010009765625,72.21005249023438,235.93224029541014,2026-02-18
2026-02-18 18:00:00,-50.0,111.43244018554688,123.0490478515625,158.29212951660156,245.8616958618164,422.9685317993164,2026-02-18
2026-02-18 19:00:00,-50.34600067138672,24.073391723632824,28.829495239257824,61.87319946289063,148.5374740600586,337.5934432983398,2026-02-18
2026-02-18 20:00:00,-50.0,-52.120103454589845,-49.58538055419922,-19.71783447265625,70.31750259399413,266.47268371582027,2026-02-18
2026-02-18 21:00:00,-50.0,-59.307560729980466,-53.427095031738276,-23.09857177734375,73.73518524169921,276.5758117675781,2026-02-18
2026-02-18 22:00:00,-50.0,-74.4154296875,-62.7497314453125,-27.753662109375,71.63030548095702,275.9553878784179,2026-02-18
2026-02-18 23:00:00,-50.0,-89.24688110351562,-70.98713073730468,-26.847076416015625,73.01735076904296,277.20251007080077,2026-02-18
2026-02-19 00:00:00,-50.0,-24.34964599609375,-18.488085937499996,-12.703643798828123,5.338424682617189,65.40909729003906,2026-02-19
2026-02-19 01:00:00,-50.0,-32.26417846679688,-24.458499145507815,-16.56805419921875,8.41473388671875,82.91124801635742,2026-02-19
2026-02-19 02:00:00,-50.0,-38.28501892089844,-27.99131469726563,-18.8358154296875,10.687380981445312,95.2731460571289,2026-02-19
2026-02-19 03:00:00,-50.0,-38.22736511230468,-26.031219482421875,-17.595458984375,13.137986755371092,101.86739807128906,2026-02-19
2026-02-19 04:00:00,-50.0,-38.2976577758789,-25.642094421386716,-17.438446044921875,11.287316894531248,103.90011749267578,2026-02-19
2026-02-19 05:00:00,-50.0,-42.04627227783203,-27.92619476318359,-18.96200561523437,7.625508117675778,96.44471588134765,2026-02-19
2026-02-19 06:00:00,-50.0,-41.9140121459961,-27.782206726074218,-20.789031982421875,0.6390045166015597,81.68857116699218,2026-02-19
2026-02-19 07:00:00,-50.0,-37.09900970458984,-24.12944183349609,-19.5947265625,-6.685186767578124,67.20303039550781,2026-02-19
2026-02-19 08:00:00,-50.0,-38.56527099609375,-26.879791259765625,-25.16204833984375,-19.220208740234376,45.22209930419922,2026-02-19
2026-02-19 09:00:00,-50.0,-34.0317138671875,-21.17404174804688,-20.68548583984375,-18.736602783203125,40.471171569824214,2026-02-19
2026-02-19 10:00:00,-50.0,-34.67302551269531,-21.74616088867188,-19.71575927734375,-18.56334838867188,37.18570861816406,2026-02-19
2026-02-19 11:00:00,-50.0,-37.16006469726562,-25.112515258789056,-23.561676025390625,-21.994302368164057,35.204849243164055,2026-02-19
2026-02-19 12:00:00,-50.0,-39.842413330078124,-27.66754455566407,-26.129608154296875,-24.7305908203125,36.964118957519524,2026-02-19
2026-02-19 13:00:00,-50.0,-38.227734375,-25.929605102539064,-24.88201904296875,-23.19046630859375,45.28284454345703,2026-02-19
2026-02-19 14:00:00,-50.0,-32.48465270996093,-24.241345214843744,-23.3387451171875,-22.05066223144531,51.29827423095702,2026-02-19
2026-02-19 15:00:00,-50.0,-26.742068481445312,-21.56326904296875,-19.71722412109375,-16.343154907226562,69.02660675048827,2026-02-19
2026-02-19 16:00:00,-50.0,-25.669293212890622,-18.26302490234375,-16.62017822265625,-2.8261108398437482,102.5849639892578,2026-02-19
2026-02-19 17:00:00,-50.0,-18.141336059570314,-9.755606079101561,-2.82244873046875,25.159371948242185,147.83004608154295,2026-02-19
2026-02-19 18:00:00,-50.08649826049805,-8.758721923828125,-2.0310913085937496,6.760223388671875,42.898268127441405,179.99667968749998,2026-02-19
2026-02-19 19:00:00,-51.21200180053711,-16.219647216796872,-13.373397827148438,-4.009552001953125,36.013580322265625,190.27052612304686,2026-02-19
2026-02-19 20:00:00,-50.0,-25.20657348632813,-24.29961547851563,-14.6025390625,33.60341339111328,202.82880859374998,2026-02-19
2026-02-19 21:00:00,-50.0,-34.75521240234375,-32.49508056640625,-20.20077514648437,37.954927062988276,219.32923583984373,2026-02-19
2026-02-19 22:00:00,-50.0,-37.04060974121094,-31.684695434570315,-14.950042724609377,50.72657928466796,240.4074279785156,2026-02-19
2026-02-19 23:00:00,-50.0,-39.8607666015625,-31.02213439941406,-7.885498046875,61.23703460693359,258.7861114501953,2026-02-19
2026-02-20 00:00:00,-50.0,-6.045828247070312,-0.4466400146484375,0.892669677734375,3.7167877197265624,24.568800354003905,2026-02-20
2026-02-20 01:00:00,-50.0,-12.515151977539066,-7.42086181640625,-6.740386962890625,-3.3236145019531254,24.751228332519528,2026-02-20
2026-02-20 02:00:00,-50.0,-15.460928344726558,-9.753689575195308,-8.545074462890625,-3.4225219726562504,31.56077270507813,2026-02-20
2026-02-20 03:00:00,-50.0,-10.490884399414062,-3.4404266357421873,-1.32391357421875,5.863679504394531,45.38034362792968,2026-02-20
2026-02-20 04:00:00,-50.0,-3.107638549804687,4.690670776367183,7.6588134765625,15.984440612792968,59.955476379394526,2026-02-20
2026-02-20 05:00:00,-50.0,-9.6827880859375,-0.7764801025390624,3.11083984375,11.740538024902342,56.69572448730469,2026-02-20
2026-02-20 06:00:00,-50.0,-12.056301879882806,-2.5739166259765573,0.7279052734375,7.314373779296875,51.137016296386726,2026-02-20
2026-02-20 07:00:00,-50.0,-28.603561401367188,-19.79654541015625,-16.2479248046875,-12.979449462890624,27.178575134277338,2026-02-20
2026-02-20 08:00:00,-50.0,-38.342004394531244,-29.496728515624994,-26.842803955078125,-26.762545776367183,8.162728881835939,2026-02-20
2026-02-20 09:00:00,-50.0,-29.924154663085936,-21.546990966796876,-21.203826904296875,-19.331484985351562,10.028150939941405,2026-02-20
2026-02-20 10:00:00,-50.0,-27.992166137695303,-19.708206176757805,-19.48080444335937,-17.214712524414054,8.847181701660162,2026-02-20
2026-02-20 11:00:00,-50.0,-30.045181274414062,-22.218780517578125,-22.068817138671875,-19.92517395019532,7.7821304321289055,2026-02-20
2026-02-20 12:00:00,-50.0,-32.94349060058594,-25.13390197753906,-24.8192138671875,-22.491000366210937,8.200767517089844,2026-02-20
2026-02-20 13:00:00,-50.0,-33.27612609863281,-26.072927856445308,-25.33505249023437,-23.673471069335935,12.524537658691404,2026-02-20
2026-02-20 14:00:00,-50.0,-33.08371276855469,-26.691128540039063,-25.812774658203125,-25.01252136230469,15.441221618652342,2026-02-20
2026-02-20 15:00:00,-50.0,-33.054437255859376,-24.897412109375,-23.888427734375,-23.773776245117194,25.824539184570312,2026-02-20
2026-02-20 16:00:00,-50.0,-30.542138671875,-21.935223388671876,-19.92327880859375,-17.039645385742187,42.97496185302734,2026-02-20
2026-02-20 17:00:00,-50.0,-18.374716186523433,-9.48442993164062,-7.0684814453125,-1.0673721313476516,67.36434631347656,2026-02-20
2026-02-20 18:00:00,-50.0,3.039926147460939,11.38291015625,13.14495849609375,20.499935913085938,95.19443054199218,2026-02-20
2026-02-20 19:00:00,-50.0,10.273648071289063,18.035000610351563,20.721588134765625,29.92743835449219,112.49088745117187,2026-02-20
2026-02-20 20:00:00,-50.0,5.868408203125,13.011172485351562,16.06036376953125,28.617051696777338,118.68912124633789,2026-02-20
2026-02-20 21:00:00,-50.0,-3.1058624267578168,3.9881744384765625,8.133209228515625,24.806712341308593,121.39610061645507,2026-02-20
2026-02-20 22:00:00,-50.0,11.433984374999996,18.310147094726563,23.316680908203125,42.796784973144526,143.74822769165038,2026-02-20
2026-02-20 23:00:00,-50.0,-11.261093139648441,-4.385058593749999,1.221649169921875,21.850863647460937,128.15951843261718,2026-02-20
2026-02-21 00:00:00,-50.0,-2.10772705078125,2.709515380859375,3.427886962890625,6.621583557128906,31.92898254394531,2026-02-21
2026-02-21 01:00:00,-50.0,-18.090559387207026,-13.228712463378901,-12.15667724609375,-7.413369750976558,25.821858215332036,2026-02-21
2026-02-21 02:00:00,-50.0,-27.542060852050774,-21.484373474121085,-19.46737670898437,-12.717337036132804,27.501773071289062,2026-02-21
2026-02-21 03:00:00,-50.0,-29.164596557617188,-22.058201599121094,-19.64459228515625,-11.297805786132812,32.19754486083984,2026-02-21
2026-02-21 04:00:00,-50.0,-29.50818634033203,-22.41612548828125,-19.702301025390625,-11.46627807617188,36.2922622680664,2026-02-21
2026-02-21 05:00:00,-50.0,-37.38585357666015,-29.398370361328126,-26.103790283203125,-18.269581604003907,29.778717041015625,2026-02-21
2026-02-21 06:00:00,-50.0,-44.132266235351565,-35.51815185546875,-32.78753662109375,-27.444674682617187,18.866932678222653,2026-02-21
2026-02-21 07:00:00,-50.0,-48.482659912109376,-40.52389831542969,-37.879180908203125,-36.213188171386726,6.793521118164058,2026-02-21
2026-02-21 08:00:00,-50.0,-42.50636291503906,-34.658076477050784,-34.331756591796875,-32.82664337158203,4.128359985351558,2026-02-21
2026-02-21 09:00:00,-50.0,-38.394290161132815,-32.423825073242185,-30.373321533203125,-29.11182403564453,4.161279296874994,2026-02-21
2026-02-21 10:00:00,-50.0,-37.83382873535156,-31.28724365234375,-29.932830810546875,-27.93934326171875,3.8438781738281236,2026-02-21
2026-02-21 11:00:00,-50.0,-40.694775390625,-34.672506713867186,-33.420440673828125,-31.64276580810547,2.7876296997070256,2026-02-21
2026-02-21 12:00:00,-50.0,-42.37181091308594,-36.81297607421875,-35.314239501953125,-33.60384521484375,5.192161560058594,2026-02-21
2026-02-21 13:00:00,-50.0,-40.161557006835935,-35.61149291992187,-33.518585205078125,-32.68496398925781,11.88379974365234,2026-02-21
2026-02-21 14:00:00,-50.0,-38.191629028320314,-34.359039306640625,-32.207000732421875,-32.038858032226564,16.458508300781247,2026-02-21
2026-02-21 15:00:00,-50.0,-37.49744567871094,-31.635736083984376,-30.739715576171875,-30.72815856933594,27.09131164550781,2026-02-21
2026-02-21 16:00:00,-50.0,-34.32912139892578,-27.229818725585936,-26.333648681640625,-24.624066162109376,44.81879425048828,2026-02-21
2026-02-21 17:00:00,41.75,-39.273258972167966,-31.949652099609374,-30.822021484375,-25.880749511718754,52.22695007324218,2026-02-21
2026-02-21 18:00:00,93.270751953125,-9.688987731933594,-2.9743667602539063,-2.34991455078125,4.561463928222656,89.92521743774414,2026-02-21
2026-02-21 19:00:00,163.95199584960938,-25.636715698242185,-19.475399780273438,-17.471466064453125,-8.170606994628912,86.34606628417968,2026-02-21
2026-02-21 20:00:00,243.29849243164065,-16.943095397949218,-11.665623474121094,-8.935638427734375,4.638792419433592,108.0214256286621,2026-02-21
2026-02-21 21:00:00,249.0865020751953,77.075244140625,82.1076904296875,86.07052612304688,104.63224334716797,215.58091888427734,2026-02-21
2026-02-21 22:00:00,285.0,155.0677047729492,160.06670837402345,165.25930786132812,187.91568756103516,304.45524139404296,2026-02-21
2026-02-21 23:00:00,285.0,151.92834014892577,156.9129455566406,163.26744079589844,187.9639419555664,310.47000885009766,2026-02-21
2026-02-22 00:00:00,-37.5,148.83135223388672,209.7314483642578,253.85821533203125,296.3521331787109,353.7535858154297,2026-02-22
2026-02-22 01:00:00,-50.0,108.17167358398439,176.82144775390626,233.87106323242188,293.64984130859375,373.5986511230469,2026-02-22
2026-02-22 02:00:00,-50.0,62.93103485107423,135.6630386352539,201.733154296875,274.05102844238286,372.25038146972656,2026-02-22
2026-02-22 03:00:00,-50.0,33.33747863769534,109.07624816894534,179.91867065429688,261.0488159179688,375.3984771728516,2026-02-22
2026-02-22 04:00:00,-50.0,7.933007812500023,77.16630401611329,149.99246215820312,238.59620971679686,369.3623107910156,2026-02-22
2026-02-22 05:00:00,-50.0,29.26457977294922,90.83836822509767,163.1834259033203,256.9300201416016,396.8171844482422,2026-02-22
2026-02-22 06:00:00,-50.0,83.83321228027344,137.65894622802733,203.74343872070312,300.17305297851556,447.194970703125,2026-02-22
2026-02-22 07:00:00,-50.0,77.48513946533204,121.9719467163086,177.53759765625,270.61155700683594,417.19462890625,2026-02-22
2026-02-22 08:00:00,-50.0,-79.11576232910156,-50.906166076660156,-11.31182861328125,63.63444213867187,196.1928833007812,2026-02-22
2026-02-22 09:00:00,-50.0,-65.29341430664061,-50.02226104736328,-27.011993408203125,26.86677780151367,144.61815643310547,2026-02-22
2026-02-22 10:00:00,-50.0,-50.48430023193359,-37.517103576660155,-18.99334716796875,23.151649475097656,131.98311767578124,2026-02-22
2026-02-22 11:00:00,-50.0,-51.143647766113276,-36.24242553710937,-16.70330810546875,28.341322326660155,134.72959442138668,2026-02-22
2026-02-22 12:00:00,-50.0,-54.982325744628895,-40.062646484375,-22.23764038085937,21.98350524902344,128.65759429931643,2026-02-22
2026-02-22 13:00:00,-50.0,-51.079342651367185,-37.26553649902343,-23.54232788085937,18.744364929199218,127.93749694824217,2026-02-22
2026-02-22 14:00:00,-50.0,-46.89739379882812,-36.72261352539063,-23.319091796875,21.933212280273438,136.8248352050781,2026-02-22
2026-02-22 15:00:00,-50.0,-54.31231689453125,-43.7011474609375,-22.81787109375,32.531454467773436,158.6859146118164,2026-02-22
2026-02-22 16:00:00,-50.0,-89.5283447265625,-61.735986328124994,-22.85693359375,54.004419708251945,211.57379913330075,2026-02-22
2026-02-22 17:00:00,127.5,87.14387664794923,143.9703308105469,210.19210815429688,316.82579040527344,496.2491546630859,2026-02-22
2026-02-22 18:00:00,125.7354965209961,216.3608413696289,271.2141448974609,345.9486083984375,460.7949645996094,646.1704864501953,2026-02-22
2026-02-22 19:00:00,97.70475006103516,359.6300735473633,411.26877746582034,483.15338134765625,592.4801773071289,776.1889907836915,2026-02-22
2026-02-22 20:00:00,152.04925537109375,308.876587677002,361.49422988891604,430.4839477539063,536.9984123229981,716.2186637878418,2026-02-22
2026-02-22 21:00:00,225.0,287.7360076904297,346.6939926147461,414.3470764160156,521.763655090332,698.4093643188476,2026-02-22
2026-02-22 22:00:00,220.0,183.58298950195314,249.20870513916014,319.1487731933594,423.4110366821289,598.4308181762694,2026-02-22
2026-02-22 23:00:00,252.5,166.11595153808594,233.05376129150392,307.5069580078125,411.3077423095703,581.333657836914,2026-02-22
2026-02-23 00:00:00,100.0,158.04943389892577,214.28962097167968,256.17877197265625,301.55198669433594,379.3323944091797,2026-02-23
2026-02-23 01:00:00,222.5,127.07052917480472,182.35082778930666,231.04710388183597,288.70982818603517,385.46009063720703,2026-02-23
2026-02-23 02:00:00,280.0,137.00235595703126,187.4869827270508,237.1150665283203,302.9894073486328,415.43502502441413,2026-02-23
2026-02-23 03:00:00,242.5,168.41987762451168,212.8745025634765,257.8124389648437,325.2874145507812,446.63409576416007,2026-02-23
2026-02-23 04:00:00,25.0,136.27134323120114,169.7670097351074,208.90219116210935,274.8173606872558,403.5116172790527,2026-02-23
2026-02-23 05:00:00,-37.5,50.1338088989258,76.25838012695314,111.20149230957033,175.16189880371095,302.1733825683594,2026-02-23
2026-02-23 06:00:00,122.5,53.74832305908203,75.74407348632812,104.85397338867188,164.60208053588866,286.3737808227538,2026-02-23
2026-02-23 07:00:00,150.0,69.19705810546876,86.48399047851562,107.87840270996094,159.2546813964844,274.4445861816406,2026-02-23
2026-02-23 08:00:00,-37.5,4.304325866699227,15.19174194335938,27.889068603515625,65.27798309326172,164.40093536376952,2026-02-23
2026-02-23 09:00:00,-50.0,-33.28324432373047,-25.742222595214844,-20.79718017578125,2.1698074340820312,87.56190338134765,2026-02-23
2026-02-23 10:00:00,-50.0,-31.83772735595703,-25.66931915283203,-22.95166015625,-8.385879516601564,66.41109008789061,2026-02-23
2026-02-23 11:00:00,-50.0,-37.27328948974609,-30.11103210449219,-27.755645751953125,-12.800622558593748,57.199767303466786,2026-02-23
2026-02-23 12:00:00,-50.0,-38.0965576171875,-30.001419067382816,-27.288726806640625,-12.96967010498047,56.62630996704101,2026-02-23
2026-02-23 13:00:00,-50.0,-33.710324096679685,-25.547637939453125,-23.925811767578125,-10.565708923339844,61.225279998779286,2026-02-23
2026-02-23 14:00:00,-50.0,-26.747012329101562,-23.2857421875,-22.831451416015625,-6.123715209960938,72.19562606811523,2026-02-23
2026-02-23 15:00:00,-50.0,-27.12952423095703,-26.50152587890625,-22.35894775390625,3.5936248779296847,96.05367965698241,2026-02-23
2026-02-23 16:00:00,-50.0,-44.8555908203125,-33.61033477783203,-15.63623046875,30.384144592285153,154.3268051147461,2026-02-23
2026-02-23 17:00:00,347.5,56.74518432617188,90.9781280517578,132.76153564453125,207.83110961914062,357.0604583740234,2026-02-23
2026-02-23 18:00:00,352.5,194.05850067138672,232.0456558227539,284.2324523925781,370.10384368896484,528.8551086425782,2026-02-23
2026-02-23 19:00:00,270.0,189.71802444458007,228.60200119018555,282.3096923828125,368.51404190063477,535.2957817077637,2026-02-23
2026-02-23 20:00:00,282.5,216.34968338012698,256.8535209655762,310.5423278808594,400.45800399780273,573.7172966003418,2026-02-23
2026-02-23 21:00:00,212.5,236.30036468505858,284.1968627929688,339.2835388183594,435.2906921386719,612.7552825927735,2026-02-23
2026-02-23 22:00:00,197.5,138.61147232055663,193.94297103881834,253.53273010253903,350.99446945190425,530.7303642272949,2026-02-23
2026-02-23 23:00:00,232.5,62.44730529785157,117.33879394531249,181.80877685546875,280.3814041137695,461.7001815795898,2026-02-23
2026-02-24 00:00:00,317.5,250.7580825805664,301.80867156982424,338.08172607421875,373.004704284668,421.622575378418,2026-02-24
2026-02-24 01:00:00,240.0,254.58083419799803,310.1625549316406,358.1023864746094,411.54848022460936,483.98854675292966,2026-02-24
2026-02-24 02:00:00,187.5,274.0857818603516,333.9398567199707,392.4125061035156,461.35794525146486,551.1739608764649,2026-02-24
2026-02-24 03:00:00,275.0,340.11004333496095,399.3926071166992,458.8631591796875,533.5506469726563,634.7470458984375,2026-02-24
2026-02-24 04:00:00,280.0,210.64169006347657,256.20823364257814,310.5244140625,383.61891479492186,494.40236358642574,2026-02-24
2026-02-24 05:00:00,175.0,171.79329910278315,207.06217575073237,256.0917358398437,328.1755592346191,439.82358322143546,2026-02-24
2026-02-24 06:00:00,-50.0,121.71183395385742,151.5185188293457,195.20700073242188,268.0449348449707,381.3817878723145,2026-02-24
2026-02-24 07:00:00,-50.0,50.64703979492188,73.44590606689454,109.02528381347656,176.38541564941406,284.13253326416014,2026-02-24
2026-02-24 08:00:00,-50.0,-47.15294647216797,-36.791780090332026,-15.723388671875,32.141546630859374,118.19426116943359,2026-02-24
2026-02-24 09:00:00,-50.0,-22.82933654785156,-22.030984497070314,-16.486846923828125,7.743913269042967,73.10875778198242,2026-02-24
2026-02-24 10:00:00,-50.0,-12.33529357910156,-12.32517852783203,-10.772491455078123,0.9180511474609379,50.77116546630859,2026-02-24
2026-02-24 11:00:00,-50.0,-8.303596496582035,-3.7744674682617188,-1.061187744140625,10.967990112304687,54.930982971191405,2026-02-24
2026-02-24 12:00:00,-50.0,-16.536695861816405,-9.849429321289062,-6.597381591796875,4.098329162597656,46.44402465820312,2026-02-24
2026-02-24 13:00:00,-50.0,-22.20855102539062,-14.561006164550777,-12.180145263671877,-2.1974761962890597,41.755273437499994,2026-02-24
2026-02-24 14:00:00,-50.0,-19.8469970703125,-16.219784545898438,-14.80950927734375,-0.6455429077148445,51.38582153320313,2026-02-24
2026-02-24 15:00:00,-50.0,-25.750115966796876,-24.220489501953125,-17.564422607421875,8.649806213378906,76.95417861938476,2026-02-24
2026-02-24 16:00:00,-50.0,-61.58063659667968,-41.12308959960938,-15.67327880859375,35.06821365356445,141.43041839599607,2026-02-24
2026-02-24 17:00:00,-51.0,-122.48719635009765,-60.747791290283196,-1.6358642578125,85.05547637939449,219.94125518798828,2026-02-24
2026-02-24 18:00:00,68.5,-35.76243286132811,25.311226654052746,95.101806640625,191.73897705078124,333.81150512695314,2026-02-24
2026-02-24 19:00:00,-53.99625015258789,-28.804605865478507,29.275794219970706,96.7242431640625,187.27659072875974,328.10241470336916,2026-02-24
2026-02-24 20:00:00,-50.0,-96.0867462158203,-37.56605834960938,27.086700439453125,114.71866607666016,253.33561706542966,2026-02-24
2026-02-24 21:00:00,-50.0,-120.79875946044922,-54.77048187255859,8.634002685546875,97.52427215576168,235.56220855712894,2026-02-24
2026-02-24 22:00:00,-50.0,-141.71450958251953,-68.82986145019531,-2.4664306640625,84.69202880859375,220.9002838134766,2026-02-24
2026-02-24 23:00:00,-50.0,-146.6268569946289,-74.87242431640624,-5.008331298828125,81.01491394042964,214.9115753173828,2026-02-24
2026-02-25 00:00:00,-50.0,-15.69102783203125,-11.45952911376953,-4.28466796875,16.526083374023436,72.2966094970703,2026-02-25
2026-02-25 01:00:00,-50.0,-17.948728942871092,-14.343209838867187,-8.055450439453125,17.253817749023437,82.67041778564453,2026-02-25
2026-02-25 02:00:00,-50.0,-20.077946472167962,-14.804544067382807,-8.540283203125,19.838919067382815,93.19508666992186,2026-02-25
2026-02-25 03:00:00,-50.0,-19.105029296875,-11.657510375976567,-7.140472412109375,22.12944183349609,99.21320877075195,2026-02-25
2026-02-25 04:00:00,-50.0,-14.748756408691406,-8.647383117675782,-5.481201171875,21.019859313964844,100.77910003662109,2026-02-25
2026-02-25 05:00:00,-50.0,-10.572540283203125,-3.20045166015625,-0.351531982421875,23.62779388427734,97.02978897094727,2026-02-25
2026-02-25 06:00:00,-36.28324890136719,57.534515380859375,65.91383666992188,66.61669921875,85.18390655517578,149.38138656616212,2026-02-25
2026-02-25 07:00:00,-50.0,28.547427368164065,36.1091812133789,36.8743896484375,47.29255065917969,104.98490447998046,2026-02-25
2026-02-25 08:00:00,47.5,-14.42901611328125,-8.266023254394531,-6.606781005859375,-2.7425430297851565,44.67032318115234,2026-02-25
2026-02-25 09:00:00,-50.0,-30.196466064453126,-22.650595092773436,-21.305816650390625,-20.10943145751953,18.958613586425777,2026-02-25
2026-02-25 10:00:00,-50.0,-24.683404541015623,-15.700790405273436,-15.115142822265623,-14.273724365234374,17.946388244628906,2026-02-25
2026-02-25 11:00:00,-50.0,-25.15550079345703,-15.587185668945313,-15.50457763671875,-15.036219787597656,17.118342590332027,2026-02-25
2026-02-25 12:00:00,-50.0,-28.55789794921875,-17.535247802734375,-17.2744140625,-17.045260620117187,17.055001831054682,2026-02-25
2026-02-25 13:00:00,-50.0,-29.17672424316406,-17.016574096679687,-16.435882568359375,-16.179043579101563,22.030557250976557,2026-02-25
2026-02-25 14:00:00,-50.0,-23.304284667968744,-15.832049560546869,-15.338409423828123,-14.432273864746087,27.28457946777344,2026-02-25
2026-02-25 15:00:00,-50.0,-17.738575744628907,-15.305067443847658,-12.537078857421877,-11.196380615234377,43.32007141113281,2026-02-25
2026-02-25 16:00:00,145.80799865722656,45.613916015625,52.27520599365234,55.47264099121094,72.06264953613281,150.98777770996094,2026-02-25
2026-02-25 17:00:00,312.5,265.67883758544923,277.5637451171875,292.67449951171875,333.20720825195315,438.32590789794926,2026-02-25
2026-02-25 18:00:00,302.5,308.2023986816406,319.25450744628904,339.7552490234375,393.1377632141113,516.3638305664062,2026-02-25
2026-02-25 19:00:00,280.0,300.7262924194336,307.20420837402344,327.7529296875,384.46180572509763,523.5904586791992,2026-02-25
2026-02-25 20:00:00,277.5,263.7890228271484,268.42124633789064,289.066162109375,353.4277687072754,507.77977142333987,2026-02-25
2026-02-25 21:00:00,285.0,335.7807907104492,342.6649536132812,364.9956970214844,438.6582908630371,605.6023254394531,2026-02-25
2026-02-25 22:00:00,297.5,330.4312942504883,341.18177795410156,367.831787109375,446.8003555297852,619.1051696777344,2026-02-25
2026-02-25 23:00:00,372.5,304.0620147705078,317.51615447998046,349.1737976074219,427.46336517333987,603.9011657714843,2026-02-25
2026-02-26 00:00:00,400.0,420.94176330566404,486.56140136718744,529.1873168945312,567.6940246582031,616.9011962890625,2026-02-26
2026-02-26 01:00:00,329.4742431640625,533.7701599121094,610.0232696533203,667.9340209960938,727.5490356445313,802.78681640625,2026-02-26
2026-02-26 02:00:00,441.5527648925781,512.1865600585937,601.7064727783203,674.5534057617188,752.5910583496094,848.937744140625,2026-02-26
2026-02-26 03:00:00,482.3464965820313,289.99104995727544,380.57567596435547,456.9751281738281,542.5777282714844,653.0049499511719,2026-02-26
2026-02-26 04:00:00,326.69073486328125,284.06932678222654,353.48139877319335,424.69927978515625,510.1582824707031,631.4346923828125,2026-02-26
2026-02-26 05:00:00,251.13499450683597,260.77374572753905,313.59536056518556,378.5013427734375,462.7764358520508,585.5795883178711,2026-02-26
2026-02-26 06:00:00,385.7554931640625,247.70379791259762,290.72052612304685,348.1952514648437,432.8241577148437,556.9886337280273,2026-02-26
2026-02-26 07:00:00,286.8955078125,246.8006446838379,280.3084342956543,326.1521911621094,404.9450172424316,524.882886505127,2026-02-26
2026-02-26 08:00:00,281.75,245.92964630126954,262.3271484375,290.7913513183594,349.69513473510744,451.6283996582031,2026-02-26
2026-02-26 09:00:00,209.73374938964844,259.1459579467773,263.20882263183586,274.8290405273437,310.6354675292968,394.3145416259765,2026-02-26
2026-02-26 10:00:00,390.0,237.52621307373045,238.89835662841793,244.49740600585935,265.73200683593745,335.1794013977051,2026-02-26
2026-02-26 11:00:00,375.0,217.0952896118164,221.60757446289062,227.3602294921875,249.43509521484376,313.06310958862304,2026-02-26
2026-02-26 12:00:00,247.5,182.62294921874994,188.60553741455072,193.88528442382807,214.81886901855464,277.5277061462402,2026-02-26
2026-02-26 13:00:00,197.5,185.0472869873047,191.66129150390626,195.0448455810547,215.02383422851562,279.1785629272461,2026-02-26
2026-02-26 14:00:00,257.5,198.7509521484375,202.32569885253906,206.5988006591797,231.74105834960938,302.94763870239257,2026-02-26
2026-02-26 15:00:00,-13.023500442504885,161.4216064453125,167.3637451171875,180.53369140625,219.30178833007812,304.4713851928711,2026-02-26
2026-02-26 16:00:00,193.9057464599609,144.2922119140625,174.5677032470703,209.20870971679688,272.54906463623047,392.7436233520508,2026-02-26
2026-02-26 17:00:00,39.938751220703125,113.99070739746097,190.5375328063965,260.0132751464844,355.8279006958008,501.2301284790039,2026-02-26
2026-02-26 18:00:00,70.9384994506836,157.03648681640627,232.2978088378906,311.8568420410156,414.0998229980469,562.5363098144531,2026-02-26
2026-02-26 19:00:00,-29.25,142.53022918701174,215.6093276977539,293.63250732421875,389.5503555297852,533.8569534301757,2026-02-26
2026-02-26 20:00:00,20.75,93.9537078857422,169.28116760253909,246.51329040527344,340.9647552490234,482.9946655273437,2026-02-26
2026-02-26 21:00:00,129.6792449951172,89.18411407470705,173.83464965820315,251.31874084472656,348.17303771972655,489.43095703125,2026-02-26
2026-02-26 22:00:00,262.5,87.60299682617188,180.82052688598634,260.9476318359375,356.0149719238281,494.702685546875,2026-02-26
2026-02-26 23:00:00,147.5,68.60129852294924,162.19692001342776,245.332275390625,339.08412475585936,473.78477783203124,2026-02-26
2026-02-27 00:00:00,63.17300033569336,169.83646240234376,223.0117515563965,267.3486328125,315.21668701171876,397.63908081054683,2026-02-27
2026-02-27 01:00:00,-0.7917500138282776,177.6545623779297,236.92548370361328,295.3052978515625,364.0302139282227,478.5408401489258,2026-02-27
2026-02-27 02:00:00,117.5,175.23658294677736,237.51664657592772,306.1073913574219,390.98718719482423,528.2745376586914,2026-02-27
2026-02-27 03:00:00,162.5,173.43858795166017,235.91616744995116,307.8517150878906,403.3781311035156,558.2711608886718,2026-02-27
2026-02-27 04:00:00,152.5,152.03102951049806,205.98444595336915,276.9471435546875,376.74863204956057,545.8385154724122,2026-02-27
2026-02-27 05:00:00,175.0,160.2569564819336,206.48465270996093,273.5054016113281,374.2256454467773,547.5455001831056,2026-02-27
2026-02-27 06:00:00,197.5,212.42323684692383,251.9327766418457,311.0082702636719,410.4248207092285,586.1010444641113,2026-02-27
2026-02-27 07:00:00,209.8637542724609,211.19094467163086,242.49755172729493,290.5790100097656,384.3252998352051,557.5673957824706,2026-02-27
2026-02-27 08:00:00,461.75,178.16373748779296,198.7152572631836,233.946044921875,311.5936912536621,471.738980102539,2026-02-27
2026-02-27 09:00:00,311.25201416015625,96.38147430419923,109.83699188232421,133.14793395996094,193.8794708251953,341.498796081543,2026-02-27
2026-02-27 10:00:00,235.95425415039065,75.56325836181641,87.93344268798828,107.63778686523438,157.68162384033204,295.48376312255857,2026-02-27
2026-02-27 11:00:00,440.1784973144531,47.081340026855464,60.13197784423828,79.35411071777344,131.3517921447754,263.20606231689453,2026-02-27
2026-02-27 12:00:00,482.0870056152344,-8.14049835205078,4.581811523437501,20.8328857421875,71.41203002929687,200.41693725585935,2026-02-27
2026-02-27 13:00:00,357.2787475585937,-23.42299346923828,-12.623451232910156,-0.77532958984375,45.36874923706054,174.21127624511718,2026-02-27
2026-02-27 14:00:00,326.55926513671875,-29.509214782714842,-22.90526123046875,-12.371337890625,34.078435516357416,164.0558135986328,2026-02-27
2026-02-27 15:00:00,222.0,-39.29155731201172,-33.80290832519531,-18.09112548828125,35.49093933105468,171.45526885986328,2026-02-27
2026-02-27 16:00:00,458.75,-37.13970031738281,-23.977711486816403,4.716339111328125,75.06649398803711,234.65269927978514,2026-02-27
2026-02-27 17:00:00,518.75,50.109777069091805,81.07138290405274,129.95384216308594,225.4761085510254,404.07249526977535,2026-02-27
2026-02-27 18:00:00,62.084251403808594,134.2047576904297,163.78485260009765,219.1590118408203,322.30897216796876,504.91917572021487,2026-02-27
2026-02-27 19:00:00,51.73025131225586,221.71873168945314,249.04037170410157,302.2112121582031,401.5930435180664,584.7146072387695,2026-02-27
2026-02-27 20:00:00,-23.0314998626709,619.8905151367187,649.2742477416992,700.861083984375,799.5031814575195,980.9539138793946,2026-02-27
2026-02-27 21:00:00,156.42274475097656,240.54847412109376,277.33628540039064,329.8620910644531,431.50134124755857,613.0659561157227,2026-02-27
2026-02-27 22:00:00,185.0,97.24800262451173,141.4687957763672,198.9878692626953,299.3961700439453,479.01962432861325,2026-02-27
2026-02-27 23:00:00,137.5,14.315386962890628,60.20219955444336,123.49977111816406,223.8424041748047,400.9473175048828,2026-02-27
2026-02-28 00:00:00,132.5,-89.30056915283203,-37.93587951660156,4.085205078125,46.212652587890624,110.04458618164062,2026-02-28
2026-02-28 01:00:00,187.5,-72.27297668457031,-16.350521850585935,38.370025634765625,98.39196014404294,186.30953979492188,2026-02-28
2026-02-28 02:00:00,172.5,-29.66777801513669,30.15448303222658,95.43377685546876,169.49539184570312,274.85985412597654,2026-02-28
2026-02-28 03:00:00,157.5,1.275634765625,64.15404586791993,136.07273864746094,220.2025146484375,338.8925048828125,2026-02-28
2026-02-28 04:00:00,160.0,-34.275781249999994,23.317627716064464,97.086669921875,187.54368286132814,318.96520080566404,2026-02-28
2026-02-28 05:00:00,45.0,-0.39403076171873863,51.079991149902355,122.56874084472656,215.60728149414058,355.22337951660154,2026-02-28
2026-02-28 06:00:00,50.0,60.64781036376954,108.06777954101562,174.58230590820312,271.27323455810546,419.3002166748047,2026-02-28
2026-02-28 07:00:00,82.5,-3.89044189453125,37.14395523071288,96.62571716308594,193.4222183227539,343.70011444091796,2026-02-28
2026-02-28 08:00:00,107.96749877929688,-3.315037918090809,26.544048690795904,76.35092163085938,162.89817619323725,307.35702323913574,2026-02-28
2026-02-28 09:00:00,157.5,-54.747728729248045,-35.06058120727539,3.899749755859375,78.17545242309569,215.56425247192382,2026-02-28
2026-02-28 10:00:00,190.1454925537109,23.577746582031253,41.50846405029297,77.21415710449219,143.81307525634764,277.29217834472655,2026-02-28
2026-02-28 11:00:00,90.50675201416016,200.05016860961913,218.38153610229492,254.7419891357422,326.24853363037107,459.31274337768554,2026-02-28
2026-02-28 12:00:00,96.11824798583984,109.7696517944336,126.2834716796875,158.7779083251953,229.5538246154785,363.17041015625,2026-02-28
2026-02-28 13:00:00,334.3862609863281,-10.845640563964842,3.429388427734377,29.828369140625,95.70803985595703,230.54560394287108,2026-02-28
2026-02-28 14:00:00,391.3125,-46.44750823974609,-34.56523895263672,-7.56365966796875,60.139305114746094,196.9354293823242,2026-02-28
2026-02-28 15:00:00,205.0,-67.29511871337891,-51.050453186035156,-14.60150146484375,62.238644409179685,204.6721954345703,2026-02-28
2026-02-28 16:00:00,359.75,-68.31105346679686,-33.57634124755859,20.4266357421875,113.96454162597652,277.52235717773436,2026-02-28
2026-02-28 17:00:00,626.7877197265625,241.13544311523438,304.4517761230469,381.01568603515625,495.91687927246096,673.6895782470704,2026-02-28
2026-02-28 18:00:00,266.56024169921875,295.92855072021484,352.8697311401367,431.35247802734375,546.2813354492188,719.5210815429687,2026-02-28
2026-02-28 19:00:00,260.0,303.97928085327146,354.63806381225584,426.3389892578125,529.9388877868653,693.1747520446777,2026-02-28
2026-02-28 20:00:00,267.5,243.1313301086426,295.3350456237793,363.266357421875,460.74711990356445,615.3316566467286,2026-02-28
2026-02-28 21:00:00,242.5,226.29440155029297,284.27197952270507,351.677490234375,449.7356811523438,601.2361633300782,2026-02-28
2026-02-28 22:00:00,265.0,225.9826843261719,289.3499076843262,360.15252685546875,457.86982879638674,606.3555130004883,2026-02-28
2026-02-28 23:00:00,372.5,188.84600372314455,251.95550155639648,327.074951171875,426.3399627685547,571.494580078125,2026-02-28
2026-03-01 00:00:00,721.5,305.3268157958984,370.84850769042964,409.3148193359375,442.2951416015625,489.5309997558594,2026-03-01
2026-03-01 01:00:00,819.75,426.8721405029297,514.4792083740234,564.0397338867188,603.22802734375,654.5899719238281,2026-03-01
2026-03-01 02:00:00,719.3672485351562,570.1352722167968,673.4950317382812,731.0071411132812,775.1843231201171,830.4173309326171,2026-03-01
2026-03-01 03:00:00,655.2442626953125,418.3888412475586,531.1418090820313,597.9501953125,646.529721069336,706.4545318603516,2026-03-01
2026-03-01 04:00:00,674.8257446289062,233.24817276000977,346.6249145507812,419.1485290527344,472.6028686523438,534.9506774902344,2026-03-01
2026-03-01 05:00:00,331.3930053710937,128.883650970459,238.71641845703124,314.3922119140625,371.65216064453125,438.8496826171875,2026-03-01
2026-03-01 06:00:00,592.2852783203125,139.73165969848637,247.00945281982428,326.4017639160156,391.5179992675782,466.7891479492188,2026-03-01
2026-03-01 07:00:00,343.5,140.07589569091797,245.15542755126955,329.94708251953125,404.5332489013672,486.0907897949219,2026-03-01
2026-03-01 08:00:00,342.5,180.40830078125,277.4025314331054,363.4540710449219,440.33768920898433,523.9464599609374,2026-03-01
2026-03-01 09:00:00,203.6522521972656,45.681484985351545,133.6657043457031,218.4496154785156,294.5707702636719,378.5481262207031,2026-03-01
2026-03-01 10:00:00,278.94500732421875,134.06379547119144,218.2505981445313,302.5245056152344,374.63757934570316,458.04381408691404,2026-03-01
2026-03-01 11:00:00,290.0,229.19712982177737,310.8658081054688,393.7147216796875,466.8990509033203,549.696630859375,2026-03-01
2026-03-01 12:00:00,300.0,203.58294982910158,284.0609733581543,366.7398376464844,441.2583068847656,523.1518768310547,2026-03-01
2026-03-01 13:00:00,271.4472351074219,187.34299926757814,267.4012855529785,351.5928039550781,426.62770690917966,510.4201721191406,2026-03-01
2026-03-01 14:00:00,385.0,184.94593200683596,262.88023109436034,348.93218994140625,426.21808166503905,511.8116455078125,2026-03-01
2026-03-01 15:00:00,487.4750061035156,95.59644622802736,174.24491653442385,263.3428649902344,345.3349578857422,431.94549560546875,2026-03-01
2026-03-01 16:00:00,344.906005859375,-51.993792724609364,36.79836502075196,134.24166870117188,221.14489135742187,315.1608001708985,2026-03-01
2026-03-01 17:00:00,417.5,-28.955007171630882,76.65207214355466,184.87045288085935,278.80324096679686,373.41009521484375,2026-03-01
2026-03-01 18:00:00,380.0,22.011040496826183,125.51556701660157,235.29318237304688,324.66806640625003,414.6510925292969,2026-03-01
2026-03-01 19:00:00,302.5,17.34441833496095,117.14873733520508,223.24142456054688,303.2522918701172,384.5450256347656,2026-03-01
2026-03-01 20:00:00,282.5,-32.347445678710926,64.45232391357422,167.42124938964844,241.1735809326172,314.213671875,2026-03-01
2026-03-01 21:00:00,307.5,-28.51080322265625,67.88064727783204,168.27896118164062,239.7740020751953,307.30595092773433,2026-03-01
2026-03-01 22:00:00,210.0,-74.21338424682617,22.810427856445315,123.23049926757812,193.05746459960938,257.4203796386719,2026-03-01
2026-03-01 23:00:00,207.0072479248047,-163.50635452270507,-66.72337036132812,34.878997802734375,104.52493896484374,166.24565734863282,2026-03-01
2026-03-02 00:00:00,-49.45975112915039,-37.03955230712889,17.314984130859365,53.14956665039063,86.27137145996095,137.84800720214844,2026-03-02
2026-03-02 01:00:00,250.6467437744141,37.24978179931641,110.86219024658203,161.123046875,207.78442993164063,274.5849334716797,2026-03-02
2026-03-02 02:00:00,285.0,45.9715530395508,135.59608764648436,198.27099609375,256.49925537109374,334.31984558105466,2026-03-02
2026-03-02 03:00:00,232.5,21.82456970214841,119.96835937499998,192.77182006835935,259.41640014648436,345.1710784912109,2026-03-02
2026-03-02 04:00:00,13.006750106811523,-14.441020202636707,83.33611755371095,160.4332733154297,231.78138427734376,322.31207580566405,2026-03-02
2026-03-02 05:00:00,-50.0,-181.32822341918944,-85.64631652832031,-5.97698974609375,68.08003234863281,163.20989990234375,2026-03-02
2026-03-02 06:00:00,-50.0,-190.68583526611326,-95.01576843261718,-12.65423583984375,67.30128173828125,167.87481994628905,2026-03-02
2026-03-02 07:00:00,-49.27925109863281,-201.7414497375488,-106.95202789306639,-21.96591186523437,63.71162719726564,166.4657012939453,2026-03-02
2026-03-02 08:00:00,-17.75,-199.3990364074707,-112.36952514648436,-27.07244873046875,57.622189331054685,158.87919311523441,2026-03-02
2026-03-02 09:00:00,-19.17799949645996,-186.42920913696287,-106.93662338256836,-24.5030517578125,57.75803527832031,157.1217834472656,2026-03-02
2026-03-02 10:00:00,-50.0,-180.4385704040527,-103.28155212402343,-19.736846923828125,58.38367004394527,157.20584106445312,2026-03-02
2026-03-02 11:00:00,-51.0,-175.7704231262207,-100.54894714355468,-16.165557861328125,65.20556488037109,165.27454681396483,2026-03-02
2026-03-02 12:00:00,-50.81999969482422,-176.35323562622068,-101.8170570373535,-17.33245849609375,66.78561096191406,168.8069366455078,2026-03-02
2026-03-02 13:00:00,-50.0,-183.7204704284668,-108.80279846191405,-23.469940185546875,63.118380737304676,168.84531860351566,2026-03-02
2026-03-02 14:00:00,-50.0,-189.4639839172363,-115.06624908447264,-25.89495849609375,67.2391357421875,178.42106628417972,2026-03-02
2026-03-02 15:00:00,-50.0,-196.24917678833006,-119.43268966674805,-24.598663330078125,75.36148834228516,189.92801971435546,2026-03-02
2026-03-02 16:00:00,-50.0,-208.6729621887207,-125.48599815368652,-23.41876220703125,81.1029571533203,202.54659118652341,2026-03-02
2026-03-02 17:00:00,-51.14300155639648,-207.1771186828613,-116.93783569335935,-8.977020263671875,101.89383239746095,224.10499267578123,2026-03-02
2026-03-02 18:00:00,-4.5,-194.18635482788085,-105.03818359375002,4.931884765625,112.57798004150388,231.93336334228513,2026-03-02
2026-03-02 19:00:00,15.25,-183.60402145385737,-98.4666870117187,7.9468994140625,107.36824035644534,218.65200500488285,2026-03-02
2026-03-02 20:00:00,94.37774658203124,-167.76794815063477,-83.1090118408203,21.43560791015625,116.49079284667968,219.92333374023437,2026-03-02
2026-03-02 21:00:00,59.75,-196.08573837280272,-111.23358001708982,-8.339508056640625,86.04346923828126,185.08392028808592,2026-03-02
2026-03-02 22:00:00,130.0,-206.77834701538086,-123.8263229370117,-21.21273803710937,72.08296203613283,167.61168518066413,2026-03-02
2026-03-02 23:00:00,41.22150039672852,-203.7665184020996,-125.00165557861328,-21.645965576171875,73.2753204345703,167.5627227783203,2026-03-02
2026-03-03 00:00:00,209.72674560546875,-68.00661773681641,-33.04996185302734,-0.972869873046875,33.17091827392578,91.05100936889647,2026-03-03
2026-03-03 01:00:00,-49.49325180053711,-76.18684921264648,-39.69392852783203,2.89715576171875,53.769935607910156,136.43003845214844,2026-03-03
2026-03-03 02:00:00,160.9929962158203,-74.03270950317382,-37.39159317016601,13.4202880859375,77.10801544189454,176.40670471191405,2026-03-03
2026-03-03 03:00:00,224.1767425537109,-7.920748138427726,26.810663604736334,79.70875549316406,150.41567687988282,261.32358245849605,2026-03-03
2026-03-03 04:00:00,220.0,62.21934280395509,89.3073860168457,140.20643615722656,213.3540328979492,333.46754302978513,2026-03-03
2026-03-03 05:00:00,257.5,123.23216819763186,142.2888767242432,189.5455017089844,263.34385566711427,392.0105121612549,2026-03-03
2026-03-03 06:00:00,250.0,114.01895141601562,128.10381317138672,169.7764892578125,245.9629539489746,381.17068405151366,2026-03-03
2026-03-03 07:00:00,74.69249725341797,83.60620346069337,92.35112991333008,128.1228485107422,204.26922683715821,342.8694885253906,2026-03-03
2026-03-03 08:00:00,30.381999969482425,94.24694824218751,94.55166015625001,122.05853271484376,190.44134750366212,325.9541954040527,2026-03-03
2026-03-03 09:00:00,-35.18424987792969,-11.773196411132815,-5.206221008300778,8.05364990234375,68.12606620788574,199.9160331726074,2026-03-03
2026-03-03 10:00:00,-50.0,-24.95287170410156,-15.982113647460936,-7.435760498046875,46.22863731384277,175.37241287231444,2026-03-03
2026-03-03 11:00:00,-50.0,-28.551162719726562,-20.48837738037109,-11.3306884765625,46.3107723236084,175.59808120727538,2026-03-03
2026-03-03 12:00:00,-50.0,-30.56349334716797,-21.941976928710936,-14.551666259765623,44.460869979858394,176.62822341918945,2026-03-03
2026-03-03 13:00:00,-50.0,-23.406690979003905,-14.129138183593751,-9.606781005859377,50.23802795410156,187.76442794799803,2026-03-03
2026-03-03 14:00:00,-50.0,-30.548448181152338,-22.044680786132805,-13.135040283203123,54.55597496032715,198.88540115356443,2026-03-03
2026-03-03 15:00:00,-50.0,-43.26560821533203,-40.12538146972656,-14.816925048828123,62.88798828124999,216.03519973754882,2026-03-03
2026-03-03 16:00:00,196.25,-25.246638488769527,-16.694314575195307,25.602813720703125,117.45480117797851,288.3575752258301,2026-03-03
2026-03-03 17:00:00,337.2239990234375,228.84391937255862,251.5903305053711,309.812255859375,421.48619766235356,603.4362205505371,2026-03-03
2026-03-03 18:00:00,362.5,254.37634658813477,280.656494140625,347.95587158203125,466.15579986572266,649.7924942016601,2026-03-03
2026-03-03 19:00:00,292.5,209.33292922973635,238.3317024230957,305.98907470703125,421.2535766601562,604.985140991211,2026-03-03
2026-03-03 20:00:00,280.0,209.8816848754883,243.51594467163085,309.8014831542969,422.94977645874025,601.5637657165528,2026-03-03
2026-03-03 21:00:00,290.0,221.53438186645508,262.1615867614746,327.38409423828125,441.7249328613281,616.957974243164,2026-03-03
2026-03-03 22:00:00,340.0,240.02885971069333,286.48036346435543,353.6967163085937,465.79574127197253,635.670668029785,2026-03-03
2026-03-03 23:00:00,370.1025085449219,224.69230880737305,271.5907814025879,343.3053894042969,456.83850860595703,622.5216598510742,2026-03-03
2026-03-04 00:00:00,332.5,193.37496032714844,256.5946929931641,296.991943359375,332.7735900878906,376.83257446289065,2026-03-04
2026-03-04 01:00:00,297.5,240.5434631347656,324.23738403320306,378.9204406738281,428.4850036621093,486.95585327148433,2026-03-04
2026-03-04 02:00:00,315.0,240.57426834106445,338.32948303222656,404.2312316894531,465.0297393798828,537.3836303710938,2026-03-04
2026-03-04 03:00:00,310.0,218.52367095947272,322.49263000488287,395.7799682617188,465.23751525878913,551.1579864501954,2026-03-04
2026-03-04 04:00:00,297.5,190.58595619201662,284.79912719726565,362.0592346191406,441.3780914306641,542.1757202148438,2026-03-04
2026-03-04 05:00:00,292.5,190.54965209960938,271.8763626098633,350.8128662109375,438.2772552490234,552.4435852050781,2026-03-04
2026-03-04 06:00:00,295.0,202.28180084228518,270.89980392456056,346.8451843261719,442.7321212768555,569.4915084838867,2026-03-04
2026-03-04 07:00:00,335.0,181.22694473266603,236.7099609375,304.9653015136719,404.7774124145508,536.2905746459961,2026-03-04
2026-03-04 08:00:00,320.0,206.044197845459,244.6864013671875,302.4739990234375,392.95975494384766,521.8029815673829,2026-03-04
2026-03-04 09:00:00,439.27349853515625,259.6085891723633,284.4052261352539,330.9841613769531,409.55689163208007,532.2163612365723,2026-03-04
2026-03-04 10:00:00,391.4567565917969,242.6751510620117,263.4958465576172,306.7584228515625,376.13515625,494.14857559204097,2026-03-04
2026-03-04 11:00:00,461.0,256.8864067077637,276.81762924194334,317.9822082519531,391.03551177978517,506.09981689453116,2026-03-04
2026-03-04 12:00:00,487.0,233.06245040893555,250.43346481323243,286.8231201171875,357.68172988891604,472.33459167480464,2026-03-04
2026-03-04 13:00:00,453.635009765625,172.66198806762696,187.94673843383788,218.3758087158203,283.8728057861328,398.9051208496094,2026-03-04
2026-03-04 14:00:00,200.0,162.84877395629883,177.3089714050293,210.0182647705078,278.4575508117676,396.0642318725586,2026-03-04
2026-03-04 15:00:00,220.8654937744141,75.41782302856446,97.84609603881836,142.53302001953125,221.65937042236328,343.73609771728513,2026-03-04
2026-03-04 16:00:00,289.5222473144531,-26.008750915527344,18.81394653320313,82.12889099121094,175.6681266784668,316.1512565612793,2026-03-04
2026-03-04 17:00:00,403.6315002441406,-1.3853820800781023,69.43662338256837,153.51954650878906,264.21027221679685,413.2505218505859,2026-03-04
2026-03-04 18:00:00,262.5,145.16552200317386,216.4582458496094,308.3280334472656,419.83037719726565,566.380892944336,2026-03-04
2026-03-04 19:00:00,268.2092590332031,130.43321914672853,200.89341125488284,290.32330322265625,392.87931671142576,530.8419082641601,2026-03-04
2026-03-04 20:00:00,287.60400390625,90.06157760620118,162.72333946228028,249.66249084472656,346.39113464355466,474.4919250488281,2026-03-04
2026-03-04 21:00:00,279.0564880371094,24.432436370849672,103.8179435729981,188.41275024414065,283.23788452148443,404.2891998291017,2026-03-04
2026-03-04 22:00:00,357.2852478027344,-17.662398529052723,68.21359100341799,153.36526489257812,242.89654235839845,358.66444702148436,2026-03-04
2026-03-04 23:00:00,267.5,-71.18251724243163,18.793106842041027,106.69705200195312,194.50357971191406,303.6599578857422,2026-03-04
2026-03-05 00:00:00,297.5,196.43218383789065,252.74646606445313,293.6592102050781,332.66261291503906,383.6892547607422,2026-03-05
2026-03-05 01:00:00,297.5,161.38151702880862,231.51209411621093,287.2698669433594,344.2584503173828,416.4935028076172,2026-03-05
2026-03-05 02:00:00,217.5,142.34578018188478,221.68247985839844,287.2879333496094,357.67424926757815,445.95192260742186,2026-03-05
2026-03-05 03:00:00,207.5,139.413289642334,221.99156951904297,291.7810974121094,370.4151641845703,471.61222534179683,2026-03-05
2026-03-05 04:00:00,190.0,138.0554809570313,213.76148605346685,285.93603515625,371.6634979248047,485.25819396972656,2026-03-05
2026-03-05 05:00:00,-50.0,62.485857391357456,132.28482208251955,206.68179321289065,298.2790832519531,421.56959533691406,2026-03-05
2026-03-05 06:00:00,-50.0,125.25592727661135,189.68448333740236,262.0793151855469,359.0924728393555,489.84639739990234,2026-03-05
2026-03-05 07:00:00,187.5,95.78702926635741,153.65421752929686,221.33839416503903,321.44990844726556,457.6140716552734,2026-03-05
2026-03-05 08:00:00,15.0,144.42533187866212,192.8180603027344,257.6681213378906,354.0692596435547,491.864712524414,2026-03-05
2026-03-05 09:00:00,-50.0,37.0067253112793,79.0233024597168,140.5636749267578,233.96089935302732,372.1930618286133,2026-03-05
2026-03-05 10:00:00,-50.0,75.6527183532715,114.85033111572267,176.76065063476562,267.39210815429686,408.5684127807617,2026-03-05
2026-03-05 11:00:00,-50.0,95.05624923706056,130.81838150024413,191.21481323242188,289.4523300170898,432.0753005981445,2026-03-05
2026-03-05 12:00:00,-50.0,-0.8051162719726506,31.375048828125003,88.27828979492188,187.05346908569334,331.7919380187988,2026-03-05
2026-03-05 13:00:00,-50.0,-80.8660285949707,-50.111690521240234,1.89678955078125,95.75440368652342,241.46040344238278,2026-03-05
2026-03-05 14:00:00,-50.0,-88.70446281433105,-62.84786033630371,-11.91632080078125,81.97915000915526,226.8882076263428,2026-03-05
2026-03-05 15:00:00,-50.0,-110.39570732116698,-83.22861289978027,-26.970916748046875,71.4655605316162,216.77595176696775,2026-03-05
2026-03-05 16:00:00,-50.0,-125.82878799438475,-92.34678802490234,-27.634674072265625,76.82337493896483,232.77783355712893,2026-03-05
2026-03-05 17:00:00,-2.5472500324249268,-7.855621337890597,33.1230308532715,107.50701904296876,222.50915451049804,381.5391227722168,2026-03-05
2026-03-05 18:00:00,265.64599609375,161.74593963623047,205.44512939453125,285.4354248046875,400.24963607788084,557.2663352966308,2026-03-05
2026-03-05 19:00:00,300.0,162.2415885925293,207.9492515563965,287.6014404296875,396.1893783569336,548.5972671508789,2026-03-05
2026-03-05 20:00:00,300.0,165.16939849853514,212.35397109985354,289.46649169921875,396.81786727905273,543.4046562194824,2026-03-05
2026-03-05 21:00:00,300.0,376.79655227661135,425.9368438720703,500.2352600097656,610.1048721313476,754.2142318725586,2026-03-05
2026-03-05 22:00:00,300.0,273.52047653198247,325.04231262207037,399.9514770507813,507.4919357299805,648.8686721801758,2026-03-05
2026-03-05 23:00:00,307.5,183.23959274291988,233.25670547485345,311.3676147460937,419.00442810058587,557.6724029541015,2026-03-05
2026-03-06 00:00:00,359.5,402.09892578125,456.6197143554687,494.2301025390625,527.6113952636719,566.7079376220703,2026-03-06
2026-03-06 01:00:00,355.0,584.5417037963867,650.4886016845703,702.084228515625,753.0840393066406,814.113003540039,2026-03-06
2026-03-06 02:00:00,405.0,745.3002029418946,817.0773544311523,879.0709228515625,945.0187286376953,1024.4491607666016,2026-03-06
2026-03-06 03:00:00,402.5,641.9660705566406,714.8939025878906,781.6446533203125,858.1806213378907,955.7402374267579,2026-03-06
2026-03-06 04:00:00,295.0,372.0600418090821,433.896778869629,503.3482055664063,589.4795867919922,705.3368072509766,2026-03-06
2026-03-06 05:00:00,450.0,251.51008377075198,301.0984977722168,370.2117004394531,463.04148864746094,591.3818145751953,2026-03-06
2026-03-06 06:00:00,500.0,296.5638664245606,333.8298301696778,396.2267456054688,493.3600662231446,631.2695938110353,2026-03-06
2026-03-06 07:00:00,402.5,310.87667045593264,334.87794609069823,386.463134765625,483.4339176177979,624.6742237091064,2026-03-06
2026-03-06 08:00:00,285.0,260.24302673339844,270.6370590209961,311.4139709472656,397.35837326049807,534.012117767334,2026-03-06
2026-03-06 09:00:00,315.0,231.25411376953124,232.22525482177736,262.8941650390625,336.77121505737307,466.7954032897949,2026-03-06
2026-03-06 10:00:00,277.5,234.56429901123047,235.81802062988282,262.2996520996094,327.9583511352539,453.7373527526855,2026-03-06
2026-03-06 11:00:00,537.6307373046875,202.8637252807617,203.97376403808593,228.6517333984375,299.2649383544922,423.07144088745116,2026-03-06
2026-03-06 12:00:00,388.0,195.6362335205078,198.29803009033202,217.90017700195312,287.8336601257324,412.40001449584963,2026-03-06
2026-03-06 13:00:00,322.0037536621094,177.89568786621098,181.1204986572266,195.7608337402344,261.7127624511719,388.6377235412598,2026-03-06
2026-03-06 14:00:00,282.8125,100.91325531005857,105.11107635498045,120.95426940917967,190.59829330444336,320.36635818481443,2026-03-06
2026-03-06 15:00:00,271.5,154.70336303710937,156.25897674560548,186.139404296875,263.913045501709,396.585636138916,2026-03-06
2026-03-06 16:00:00,566.25,276.09423980712893,292.1976577758789,335.9325866699219,424.6196098327637,571.4477500915527,2026-03-06
2026-03-06 17:00:00,340.0,260.50663833618165,295.7780303955078,357.1398620605469,462.0820770263672,616.7531204223633,2026-03-06
2026-03-06 18:00:00,402.5,225.47223892211915,269.9010688781739,342.90692138671875,451.2121078491211,603.3363906860352,2026-03-06
2026-03-06 19:00:00,262.5,202.59228439331054,254.35055847167968,329.1621398925781,431.27672271728517,576.8475204467774,2026-03-06
2026-03-06 20:00:00,285.0,174.28343887329103,230.80668716430665,303.4645690917969,400.35726470947264,536.1570297241211,2026-03-06
2026-03-06 21:00:00,407.5,168.1905403137207,230.46976547241212,299.6260986328125,394.82483825683596,524.2539367675781,2026-03-06
2026-03-06 22:00:00,447.5,162.31379776000978,230.74465637207032,300.18267822265625,390.66813507080076,514.9718185424805,2026-03-06
2026-03-06 23:00:00,260.0,133.70262680053713,204.15268516540527,277.25933837890625,367.20242767333986,487.8592025756836,2026-03-06
2026-03-07 00:00:00,267.5,146.52611389160157,208.39396514892576,250.38619995117188,289.5229248046875,344.1210021972656,2026-03-07
2026-03-07 01:00:00,100.0,-9.502532958984375,72.43233032226559,129.7787322998047,184.7870086669922,255.78975524902341,2026-03-07
2026-03-07 02:00:00,195.0,46.779632568359375,144.3678955078125,214.88131713867188,282.9961364746094,367.5013763427734,2026-03-07
2026-03-07 03:00:00,230.0,-21.89075469970703,83.43863067626954,163.27989196777344,240.40084533691407,335.8498229980469,2026-03-07
2026-03-07 04:00:00,25.0,-109.38755798339844,-9.092498779296875,74.79032897949219,160.22647399902343,265.86794128417966,2026-03-07
2026-03-07 05:00:00,162.5,-135.16935577392576,-41.705683898925784,44.05009460449219,135.1356719970703,249.2418670654297,2026-03-07
2026-03-07 06:00:00,-25.0,-83.71996917724604,4.681851196289102,89.71798706054688,186.53310546875002,308.23453979492194,2026-03-07
2026-03-07 07:00:00,-50.0,-88.99143524169921,-8.32469444274902,73.21041870117188,174.04700164794923,298.12191619873045,2026-03-07
2026-03-07 08:00:00,-50.0,-115.92846069335937,-46.28920059204101,31.360870361328125,127.41733856201171,248.9326431274414,2026-03-07
2026-03-07 09:00:00,-50.0,-120.04069519042969,-60.44113082885741,12.015411376953123,102.07883453369143,220.96503753662108,2026-03-07
2026-03-07 10:00:00,-50.0,-121.69736251831054,-66.02829666137694,5.97808837890625,92.18175430297849,211.731502532959,2026-03-07
2026-03-07 11:00:00,-50.0,-102.2884666442871,-49.45524139404296,22.763458251953125,116.91290817260742,237.8657859802246,2026-03-07
2026-03-07 12:00:00,-50.0,-118.98335800170898,-68.71331558227538,2.470855712890625,99.1824577331543,221.20000076293945,2026-03-07
2026-03-07 13:00:00,-50.0,-125.56611099243163,-76.33429260253905,-8.56103515625,83.38953933715818,203.31794509887695,2026-03-07
2026-03-07 14:00:00,-50.0,-124.84823303222656,-80.57559356689453,-13.909576416015623,77.89930725097656,196.72552490234375,2026-03-07
2026-03-07 15:00:00,-50.0,-141.35542144775388,-94.34838562011718,-22.66830444335937,74.14021301269531,193.0689697265625,2026-03-07
2026-03-07 16:00:00,-50.0,-126.21379852294922,-61.33418273925781,24.375762939453125,127.34944152832031,254.73700866699218,2026-03-07
2026-03-07 17:00:00,25.25,-147.37716827392578,-59.49560012817382,41.679473876953125,154.1298126220703,282.75694885253904,2026-03-07
2026-03-07 18:00:00,185.75,-33.142486572265625,54.81288299560548,161.65567016601562,270.75517120361326,392.67945709228513,2026-03-07
2026-03-07 19:00:00,169.0,-17.686898803710932,68.13330841064453,171.7115936279297,270.5200073242188,380.3626281738281,2026-03-07
2026-03-07 20:00:00,91.5,-50.289894104003906,36.67193603515625,137.03353881835938,228.21851501464843,325.5633117675781,2026-03-07
2026-03-07 21:00:00,144.0,47.06543121337893,136.34636917114256,233.50320434570312,321.5350830078125,412.3548278808594,2026-03-07
2026-03-07 22:00:00,160.97674560546875,83.79528427124023,173.263623046875,269.1803283691406,352.9696319580078,439.77159729003904,2026-03-07
2026-03-07 23:00:00,280.0,97.59769897460939,184.38309249877932,280.0152893066406,363.29884033203126,447.26609191894534,2026-03-07
2026-03-08 00:00:00,295.0,194.68410186767574,242.8589721679687,279.0863647460937,315.95830078124993,365.4766571044921,2026-03-08
2026-03-08 01:00:00,300.0,201.82929534912108,259.70101776123045,307.8698425292969,361.60413513183596,433.5195007324219,2026-03-08
2026-03-08 02:00:00,290.0,193.4239589691162,259.2110961914062,318.49285888671875,386.7537322998047,478.16290588378905,2026-03-08
2026-03-08 03:00:00,292.5,214.85330657958983,282.93994903564453,346.5366516113281,423.8435104370117,530.8976455688477,2026-03-08
2026-03-08 04:00:00,285.0,198.35776596069337,256.95819931030275,320.8474426269531,404.3882064819336,527.1170181274414,2026-03-08
2026-03-08 05:00:00,282.5,194.27886428833008,244.08293075561522,307.2604675292969,395.5530517578125,526.9036254882812,2026-03-08
2026-03-08 06:00:00,280.0,170.68240509033205,211.8898048400879,269.642822265625,360.6125465393066,498.6838508605957,2026-03-08
2026-03-08 07:00:00,287.5,208.27566528320312,239.83990707397462,287.8504638671875,375.98455581665036,514.4308326721191,2026-03-08
2026-03-08 08:00:00,185.0,154.87014846801756,173.54215927124022,210.2069396972656,286.04352722167965,416.7933715820312,2026-03-08
2026-03-08 09:00:00,110.0,-19.313424682617182,-9.395964050292967,17.030242919921875,80.52517547607422,203.35566635131835,2026-03-08
2026-03-08 10:00:00,-50.0,-36.94676666259765,-28.379980468749995,-3.936676025390625,52.57348251342773,171.87230911254883,2026-03-08
2026-03-08 11:00:00,-50.0,-4.890085601806639,4.696141815185545,29.350799560546875,91.11307830810546,209.97222595214842,2026-03-08
2026-03-08 12:00:00,-50.0,-65.1195297241211,-55.92816314697265,-33.665191650390625,28.04829025268554,148.69805831909179,2026-03-08
2026-03-08 13:00:00,-50.0,-58.26517791748047,-49.44374237060546,-30.69647216796875,28.679172515869134,152.96902389526366,2026-03-08
2026-03-08 14:00:00,-50.0,-55.89183654785157,-47.506063842773436,-26.46075439453125,38.113332366943354,169.10883255004882,2026-03-08
2026-03-08 15:00:00,-50.0,-71.02803955078124,-56.53145141601562,-24.146453857421875,51.560517883300776,191.18942794799804,2026-03-08
2026-03-08 16:00:00,-50.0,-39.74156417846679,-6.769770812988277,41.80705261230469,132.61394805908205,292.8020416259766,2026-03-08
2026-03-08 17:00:00,273.5852355957031,178.23843307495116,231.6257751464844,298.0597229003906,407.70008544921876,580.5639190673828,2026-03-08
2026-03-08 18:00:00,362.8580017089844,208.4315330505371,260.6084548950195,332.9229431152344,445.2737762451172,617.5584350585937,2026-03-08
2026-03-08 19:00:00,271.6932373046875,202.01675796508783,251.58408737182612,320.6698608398437,424.56609191894523,588.522378540039,2026-03-08
2026-03-08 20:00:00,290.0,210.79392471313477,260.11793212890626,325.0146484375,422.5628036499023,576.699137878418,2026-03-08
2026-03-08 21:00:00,295.0,232.87508010864258,287.69523468017576,349.46405029296875,444.7245269775391,592.3487976074218,2026-03-08
2026-03-08 22:00:00,300.0,251.06439819335938,311.44776153564453,374.43798828125,464.5663528442383,606.6472763061523,2026-03-08
2026-03-08 23:00:00,305.0,262.870809173584,324.4432678222656,388.8388671875,477.142431640625,613.913540649414,2026-03-08
2026-03-09 00:00:00,292.5,307.6542938232422,356.52577819824216,386.136474609375,413.48735961914065,449.5506896972656,2026-03-09
2026-03-09 01:00:00,462.5,298.0424285888672,364.3366455078125,404.8945617675781,444.6046936035156,494.44611206054685,2026-03-09
2026-03-09 02:00:00,425.0,218.62511596679687,297.3560501098633,348.71270751953125,399.09266967773436,463.2847930908203,2026-03-09
2026-03-09 03:00:00,500.0,199.7996063232422,283.45830078125,340.0562744140625,397.38898315429685,473.8649444580078,2026-03-09
2026-03-09 04:00:00,340.0,180.71736068725588,255.31048583984378,313.6015930175781,376.5348358154297,465.1660552978516,2026-03-09
2026-03-09 05:00:00,175.0,152.35728073120117,215.34084777832032,273.8084716796875,342.9110626220703,441.6945037841797,2026-03-09
2026-03-09 06:00:00,37.5,137.73677673339844,189.7775566101074,246.0457763671875,321.6231216430664,429.69043884277346,2026-03-09
2026-03-09 07:00:00,-50.0,78.67000961303711,117.98836212158204,166.9591064453125,244.9244636535644,355.735181427002,2026-03-09
2026-03-09 08:00:00,-50.0,-63.15728759765625,-38.022859191894526,1.28680419921875,70.70263061523437,177.67603759765623,2026-03-09
2026-03-09 09:00:00,-50.0,-51.95102386474609,-38.35187683105468,-9.085968017578123,49.36199188232421,150.92693328857422,2026-03-09
2026-03-09 10:00:00,-50.0,-34.334643554687496,-25.573257446289062,-0.997528076171875,48.62445945739746,144.40575714111327,2026-03-09
2026-03-09 11:00:00,-50.0,-12.508403015136718,-4.756001281738278,17.64556884765625,70.44183197021485,162.7878814697265,2026-03-09
2026-03-09 12:00:00,-50.0,-32.79910125732422,-26.242625427246093,-7.0870361328125,44.476224136352535,136.45826263427733,2026-03-09
2026-03-09 13:00:00,-50.0,-33.4812728881836,-28.47199401855469,-13.753387451171877,33.03548049926758,125.1367233276367,2026-03-09
2026-03-09 14:00:00,-50.0,-31.49368438720703,-28.851882934570312,-13.00970458984375,36.51444091796875,131.40711212158203,2026-03-09
2026-03-09 15:00:00,-50.0,-45.6699462890625,-37.679856872558595,-12.377777099609377,46.74453735351562,147.47939300537104,2026-03-09
2026-03-09 16:00:00,-50.0,-24.541079711914065,-0.08497924804687074,41.62754821777344,115.52440109252929,235.70204620361326,2026-03-09
2026-03-09 17:00:00,-7.547249794006348,31.761196899414074,88.2757453918457,154.27236938476562,250.39402465820314,385.0400756835938,2026-03-09
2026-03-09 18:00:00,92.5,107.75400390625,169.57496490478516,247.48374938964844,348.6793045043945,483.4037124633789,2026-03-09
2026-03-09 19:00:00,-29.5,96.38037338256837,158.05547790527345,235.32769775390625,329.28802185058595,457.1328704833984,2026-03-09
2026-03-09 20:00:00,72.25,-56.79811477661133,7.745525360107422,81.86820983886719,170.1703643798828,288.86996765136723,2026-03-09
2026-03-09 21:00:00,43.25,-105.2546333312988,-34.02865600585937,37.91915893554688,123.63363342285157,236.66043395996095,2026-03-09
2026-03-09 22:00:00,66.5,-123.66760635375977,-45.79665985107421,26.361968994140625,106.49057464599609,214.087141418457,2026-03-09
2026-03-09 23:00:00,-28.0,-131.61469955444335,-50.34318389892577,22.294708251953125,100.26486663818359,202.24122467041013,2026-03-09
2026-03-10 00:00:00,267.5,-31.033488464355464,-10.647793579101558,12.068817138671877,45.99192733764648,114.62649154663086,2026-03-10
2026-03-10 01:00:00,126.29199981689452,-39.840974426269526,-19.255029296874994,9.773651123046877,57.62627639770508,148.93138351440427,2026-03-10
2026-03-10 02:00:00,166.26300048828125,-16.414104461669915,6.396932983398443,41.86442565917969,101.27128067016602,209.10092620849608,2026-03-10
2026-03-10 03:00:00,387.5,40.884707641601565,65.32160339355468,102.29283142089844,168.67360305786133,288.2801322937012,2026-03-10
2026-03-10 04:00:00,239.09750366210935,30.376440429687506,50.85463943481446,87.10038757324219,154.46051406860352,282.81034622192385,2026-03-10
2026-03-10 05:00:00,180.4900054931641,83.60346374511718,99.451025390625,132.1361846923828,197.13204345703122,323.04810562133787,2026-03-10
2026-03-10 06:00:00,292.5,230.3189727783203,241.96041412353514,267.313720703125,326.53256607055664,445.2110954284668,2026-03-10
2026-03-10 07:00:00,191.1947479248047,187.3081481933594,194.54607086181642,211.13946533203125,261.4849033355713,373.66966323852535,2026-03-10
2026-03-10 08:00:00,217.5,29.949366760253913,32.773335266113286,42.42750549316406,81.38669891357422,182.04987869262695,2026-03-10
2026-03-10 09:00:00,12.5,4.210836791992193,4.60195922851563,7.447418212890625,35.20768508911134,125.2928497314453,2026-03-10
2026-03-10 10:00:00,-50.0,16.802264404296874,16.930117797851562,18.259429931640625,39.03619384765625,119.65462646484374,2026-03-10
2026-03-10 11:00:00,-50.0,104.87191009521483,105.92607574462889,107.17375183105467,129.31820526123045,206.94827575683593,2026-03-10
2026-03-10 12:00:00,-50.0,49.14675750732422,51.69921112060547,53.7691650390625,77.2352508544922,154.87247772216796,2026-03-10
2026-03-10 13:00:00,-50.0,-9.635887145996094,-5.530319213867193,-2.005218505859375,23.152398681640623,104.43296661376952,2026-03-10
2026-03-10 14:00:00,-50.0,-33.82820281982422,-31.570581054687494,-27.19613647460937,2.8676223754882812,89.91226348876953,2026-03-10
2026-03-10 15:00:00,-50.0,-34.04241180419922,-33.247499084472665,-24.22979736328125,13.47335662841796,110.20276412963867,2026-03-10
2026-03-10 16:00:00,-50.0,-35.64501037597656,-28.79699249267578,-9.7169189453125,42.62485580444336,161.35591506958008,2026-03-10
2026-03-10 17:00:00,142.75,187.97919311523435,209.61590728759762,246.50440979003903,321.91201553344723,456.74834060668934,2026-03-10
2026-03-10 18:00:00,285.75,348.8135734558106,373.7208457946778,420.4817504882813,505.378337097168,648.1201461791993,2026-03-10
2026-03-10 19:00:00,220.3302459716797,512.163138961792,534.3286022186279,578.5225830078125,659.8865039825439,801.8312213897705,2026-03-10
2026-03-10 20:00:00,231.29049682617188,555.9793109893799,578.7493648529053,619.8428955078125,699.2337886810303,840.214521408081,2026-03-10
2026-03-10 21:00:00,300.0,980.6830055236817,1007.0071754455566,1047.32470703125,1129.27032623291,1271.3028213500977,2026-03-10
2026-03-10 22:00:00,337.5,1007.1893699645996,1038.5603897094727,1082.27587890625,1165.4734786987306,1307.4254806518554,2026-03-10
2026-03-10 23:00:00,350.0,895.2343818664551,928.1460563659668,976.708251953125,1061.5419158935547,1204.8584671020508,2026-03-10
2026-03-11 00:00:00,663.5,509.4899505615234,561.4487365722656,589.333251953125,613.5434509277344,647.7789367675781,2026-03-11
2026-03-11 01:00:00,417.43951416015625,867.7137786865235,939.742642211914,977.487548828125,1010.372445678711,1054.2850341796875,2026-03-11
2026-03-11 02:00:00,970.2349853515624,506.4416107177734,592.9651611328125,641.2373046875,682.7435150146484,738.8669250488281,2026-03-11
2026-03-11 03:00:00,925.0,240.14878463745117,335.05357360839844,392.0201110839844,441.9644958496094,511.12660217285156,2026-03-11
2026-03-11 04:00:00,487.5,162.57201805114747,251.6415252685547,312.5380859375,369.18455200195314,450.76123352050786,2026-03-11
2026-03-11 05:00:00,460.896240234375,169.76785888671876,242.74794311523436,302.3960266113281,364.45042419433594,456.06219787597655,2026-03-11
2026-03-11 06:00:00,467.25,193.32782363891602,253.50174827575682,312.2475280761719,383.9621307373047,488.07717590332027,2026-03-11
2026-03-11 07:00:00,32.5,193.74221420288086,240.77056427001952,295.5927429199219,374.7989776611328,484.5155609130859,2026-03-11
2026-03-11 08:00:00,187.5,165.7944259643554,197.52545928955072,243.16458129882807,316.50639877319327,425.3112495422363,2026-03-11
2026-03-11 09:00:00,275.0,38.67911987304688,55.94653778076172,90.43299865722656,152.9915786743164,257.40538101196285,2026-03-11
2026-03-11 10:00:00,318.3080139160156,-15.090301513671879,-3.2161499023437514,25.50277709960937,79.17405357360839,178.3344139099121,2026-03-11
2026-03-11 11:00:00,403.0567626953125,118.27369689941406,128.28623046875,154.06153869628906,209.31530532836913,305.98157119750977,2026-03-11
2026-03-11 12:00:00,490.97650146484375,150.41183929443363,158.92702484130862,180.92747497558597,234.68900718688968,330.14663925170896,2026-03-11
2026-03-11 13:00:00,322.2852478027344,0.00944213867187571,7.526452636718751,25.13531494140625,73.61024551391601,167.67974166870115,2026-03-11
2026-03-11 14:00:00,368.2522583007813,3.620892333984372,9.415908813476559,27.316131591796875,75.68211975097657,169.67965164184568,2026-03-11
2026-03-11 15:00:00,195.0,-42.61280212402343,-31.67288818359375,-7.4566650390625,46.32832832336425,142.27043075561522,2026-03-11
2026-03-11 16:00:00,375.0,83.90697555541993,108.59038162231445,145.856201171875,210.0958450317383,319.8306182861328,2026-03-11
2026-03-11 17:00:00,452.5,98.25892791748048,153.00412216186524,212.62744140625,295.34922256469724,416.30380935668944,2026-03-11
2026-03-11 18:00:00,59.25,111.84458084106447,175.76148834228516,247.2551727294922,334.8693542480469,454.43885192871096,2026-03-11
2026-03-11 19:00:00,106.5,100.64992904663089,162.95316810607915,232.3726501464844,311.2859329223633,420.58155059814453,2026-03-11
2026-03-11 20:00:00,124.0,-19.395095062255848,49.206341552734386,116.4146728515625,188.05612030029295,285.34646453857425,2026-03-11
2026-03-11 21:00:00,121.25,-58.50966567993163,18.044775390625006,83.83146667480469,149.77886657714845,240.28949890136718,2026-03-11
2026-03-11 22:00:00,-31.99625015258789,-75.04169616699215,10.229916381835963,75.68226623535156,134.6705322265625,219.83680725097656,2026-03-11
2026-03-11 23:00:00,-50.99625015258789,-113.72763519287108,-22.345858764648433,42.92843627929688,98.59625244140625,177.8685821533203,2026-03-11
2026-03-12 00:00:00,-49.25,-56.83788604736328,-36.07799835205078,-9.497833251953123,25.735699462890622,88.94872970581054,2026-03-12
2026-03-12 01:00:00,-51.0,-73.29240341186522,-54.93002853393554,-19.35516357421875,33.057015991210946,123.12376098632811,2026-03-12
2026-03-12 02:00:00,-50.0,-77.54711151123047,-57.339097595214845,-12.71417236328125,54.7421272277832,162.17840194702148,2026-03-12
2026-03-12 03:00:00,-50.0,-78.88167648315431,-57.47002487182617,-10.16302490234375,65.99192504882812,186.3090393066406,2026-03-12
2026-03-12 04:00:00,-50.0,-82.07782287597657,-64.98152770996094,-17.195526123046875,63.50437698364257,194.62238998413082,2026-03-12
2026-03-12 05:00:00,-50.0,-75.65018920898437,-65.25865631103515,-20.80990600585937,58.9322395324707,194.65574111938474,2026-03-12
2026-03-12 06:00:00,-51.0,-71.39599685668946,-64.94789199829101,-28.969482421875,47.81148452758788,183.78995056152343,2026-03-12
2026-03-12 07:00:00,-51.74625015258789,-52.2326042175293,-50.743010711669925,-24.59716796875,46.04935684204101,179.43981170654297,2026-03-12
2026-03-12 08:00:00,-50.0,-54.56198730468749,-50.19426116943359,-35.372100830078125,25.86855850219726,153.7209587097168,2026-03-12
2026-03-12 09:00:00,-50.0,-48.096919250488284,-39.860661315917966,-34.908355712890625,18.568051147460935,141.54802474975585,2026-03-12
2026-03-12 10:00:00,-50.0,-36.2160171508789,-26.90901641845703,-24.13705444335937,24.862470245361326,144.2457633972168,2026-03-12
2026-03-12 11:00:00,-50.0,-6.372956848144531,0.8299530029296927,6.019134521484375,59.84122619628906,178.3803611755371,2026-03-12
2026-03-12 12:00:00,-50.0,-31.90788574218749,-25.590379333496088,-21.128936767578125,32.40430984497071,148.61579208374025,2026-03-12
2026-03-12 13:00:00,-50.0,-43.83939361572266,-37.17680053710938,-36.152862548828125,13.867604064941403,131.85391464233396,2026-03-12
2026-03-12 14:00:00,-50.0,-47.25870056152343,-39.07704467773438,-38.006195068359375,16.819705963134766,137.9851387023926,2026-03-12
2026-03-12 15:00:00,-50.0,-54.62623748779298,-50.08874511718751,-36.51235961914063,25.889768218994128,152.04372634887693,2026-03-12
2026-03-12 16:00:00,-50.0,-65.97713699340821,-61.30232772827148,-30.898101806640625,43.56680679321289,183.62957458496092,2026-03-12
2026-03-12 17:00:00,-50.99625015258789,-69.52038269042968,-54.044140625,-8.710723876953125,84.6422004699707,234.18946304321287,2026-03-12
2026-03-12 18:00:00,70.0,-57.197360229492176,-34.29206695556641,22.89852905273437,125.0872978210449,278.7879051208496,2026-03-12
2026-03-12 19:00:00,106.75,-51.3009147644043,-24.705780029296868,34.42315673828125,134.71222381591792,288.3396652221679,2026-03-12
2026-03-12 20:00:00,150.0,-80.99232940673828,-50.11207656860351,7.642425537109375,107.57986373901366,256.9345878601074,2026-03-12
2026-03-12 21:00:00,154.63400268554688,-66.67819290161133,-30.258646392822264,27.41925048828125,129.27091674804683,278.2424011230469,2026-03-12
2026-03-12 22:00:00,50.80350112915039,-78.10325546264647,-35.56327514648437,25.30865478515625,126.85587615966796,273.1189620971679,2026-03-12
2026-03-12 23:00:00,83.10150146484375,-94.9117462158203,-51.328794097900385,15.591033935546877,119.99943161010742,266.4553977966309,2026-03-12
2026-03-13 00:00:00,250.24549865722656,-51.364865112304685,-14.08500518798828,17.970703125,54.46676940917968,129.02693786621091,2026-03-13
2026-03-13 01:00:00,280.0,-59.921533966064445,-21.029562377929686,21.609619140625,76.25119018554688,184.51112060546873,2026-03-13
2026-03-13 02:00:00,279.3475036621094,-74.25247116088866,-34.1497802734375,17.91143798828125,89.48121490478515,224.71135406494145,2026-03-13
2026-03-13 03:00:00,238.29299926757807,-30.82858200073241,8.82121734619141,63.17942810058594,145.99116058349608,300.37158050537107,2026-03-13
2026-03-13 04:00:00,40.0,-18.958022308349598,12.396163940429688,63.971282958984375,149.3551330566406,316.6837158203125,2026-03-13
2026-03-13 05:00:00,-50.0,-48.921714782714844,-24.05958099365234,23.07550048828125,107.70981674194336,278.10034408569334,2026-03-13
2026-03-13 06:00:00,-50.0,-21.305669403076166,-1.4089790344238224,38.82334899902344,121.79831085205078,293.86466827392576,2026-03-13
2026-03-13 07:00:00,-50.0,-5.931594085693355,8.049884796142582,39.32945251464844,117.90218811035156,288.9902801513672,2026-03-13
2026-03-13 08:00:00,34.138999938964844,-15.857220458984377,-8.8393081665039,15.200408935546877,84.0407615661621,248.17288131713866,2026-03-13
2026-03-13 09:00:00,251.42349243164065,13.223521423339847,15.988999938964845,33.961181640625,93.21385955810547,250.23640670776365,2026-03-13
2026-03-13 10:00:00,-10.558250427246094,73.1628646850586,76.46104431152344,93.15354919433594,146.70483627319337,297.87317733764644,2026-03-13
2026-03-13 11:00:00,95.39350128173828,151.2998046875,154.8921859741211,172.13339233398438,229.88999061584474,378.2437385559082,2026-03-13
2026-03-13 12:00:00,-49.1150016784668,101.15032348632812,104.32145080566406,118.95262145996094,176.67320556640624,323.27749557495116,2026-03-13
2026-03-13 13:00:00,-50.0,136.99400024414064,138.83199157714844,150.41140747070312,204.55083618164062,351.82526168823244,2026-03-13
2026-03-13 14:00:00,185.0,104.53674774169923,105.91252288818362,118.98846435546876,175.27568588256838,323.5793098449707,2026-03-13
2026-03-13 15:00:00,234.01649475097656,25.319485473632813,30.01352081298828,51.0472412109375,113.34887008666992,264.6750999450684,2026-03-13
2026-03-13 16:00:00,217.0034942626953,132.25128326416015,146.84837036132814,179.61917114257812,254.34492950439454,420.54932632446287,2026-03-13
2026-03-13 17:00:00,432.5,225.52808685302733,256.77629470825195,306.53350830078125,400.0715476989746,575.8437309265137,2026-03-13
2026-03-13 18:00:00,342.25,221.46078872680664,257.0132926940918,317.28741455078125,418.44364166259766,597.4533676147461,2026-03-13
2026-03-13 19:00:00,482.25,216.9079444885254,252.62327194213867,313.06072998046875,412.02280273437503,589.1073150634766,2026-03-13
2026-03-13 20:00:00,450.0,207.4055435180664,246.22779922485353,305.51629638671875,403.8797492980957,577.1846717834472,2026-03-13
2026-03-13 21:00:00,457.5,214.21196975708008,257.5967330932617,316.1236267089844,415.694418334961,587.001431274414,2026-03-13
2026-03-13 22:00:00,500.0,229.86441650390626,277.22187423706055,337.05157470703125,434.2278709411621,601.703148651123,2026-03-13
2026-03-13 23:00:00,550.0,215.56980514526367,260.2452842712402,321.6147155761719,417.0885803222656,580.5413787841796,2026-03-13
2026-03-14 00:00:00,577.5,480.6284912109375,557.9076538085938,602.9697265625,640.1585510253906,688.5975341796875,2026-03-14
2026-03-14 01:00:00,500.0,583.6203796386719,685.4416046142578,748.6224365234375,800.8352844238282,863.7806396484375,2026-03-14
2026-03-14 02:00:00,500.0,499.16009521484375,620.0254089355469,698.63232421875,765.3594909667969,841.5813903808594,2026-03-14
2026-03-14 03:00:00,485.0,793.5645744323731,922.7967712402344,1012.17626953125,1089.0492706298828,1176.4780487060548,2026-03-14
2026-03-14 04:00:00,497.5,480.9214286804199,602.7536376953125,696.457763671875,779.1183898925781,876.5407745361329,2026-03-14
2026-03-14 05:00:00,500.0,372.8311820983887,482.30085449218757,575.023681640625,661.2615112304688,767.0218811035156,2026-03-14
2026-03-14 06:00:00,608.3914794921875,440.7166343688965,539.3658828735352,631.2894287109375,726.1738220214844,844.3514587402344,2026-03-14
2026-03-14 07:00:00,487.5,383.74331130981443,471.51253509521484,559.858642578125,663.1924896240234,788.5786224365235,2026-03-14
2026-03-14 08:00:00,437.5,255.0529396057129,327.5459579467773,412.2526550292969,514.515737915039,643.6100036621094,2026-03-14
2026-03-14 09:00:00,165.0,179.32515487670898,235.57220993041994,313.3222351074219,412.2124130249024,540.5120864868164,2026-03-14
2026-03-14 10:00:00,278.04376220703125,155.60729293823238,204.0369407653808,277.0663452148437,369.29453887939445,496.53399047851553,2026-03-14
2026-03-14 11:00:00,287.5,280.60476913452146,322.69430923461914,390.939208984375,485.26972045898435,614.135986328125,2026-03-14
2026-03-14 12:00:00,302.5,245.2383857727051,283.55385818481443,348.0065002441406,441.6468276977539,568.6058242797851,2026-03-14
2026-03-14 13:00:00,290.0,183.94907455444337,220.517569732666,280.6736755371094,369.2670837402344,492.92745208740234,2026-03-14
2026-03-14 14:00:00,287.5,230.41598587036134,263.9260932922363,323.5894775390625,410.59173583984375,531.0064544677734,2026-03-14
2026-03-14 15:00:00,185.0,234.56675415039058,271.7463073730468,335.0336303710937,423.79439620971675,541.1723457336425,2026-03-14
2026-03-14 16:00:00,420.0,263.64906158447263,313.6815925598145,387.3540344238281,480.4483253479004,602.8606544494629,2026-03-14
2026-03-14 17:00:00,339.5,567.7245292663574,635.5211837768554,723.037109375,825.2419906616211,949.1328689575196,2026-03-14
2026-03-14 18:00:00,377.5,544.0843284606934,623.3758575439454,722.4571533203125,825.7413330078125,945.5370788574219,2026-03-14
2026-03-14 19:00:00,290.0,412.96447525024416,500.8510368347168,602.4775390625,700.6113525390625,812.2535125732422,2026-03-14
2026-03-14 20:00:00,292.5,519.7661430358887,613.6843299865723,715.9788208007812,810.3495361328125,912.9116485595703,2026-03-14
2026-03-14 21:00:00,285.0,721.2703895568848,820.7575424194335,920.8103637695312,1011.4700836181642,1105.890573120117,2026-03-14
2026-03-14 22:00:00,290.0,603.6851783752442,708.3772033691406,806.7030639648438,891.1404357910156,977.7892333984375,2026-03-14
2026-03-14 23:00:00,290.0,415.0071990966797,523.1228912353515,623.4969482421875,706.4247314453125,788.7684478759766,2026-03-14
2026-03-15 00:00:00,292.5,213.14614562988282,269.05644531250005,299.0927429199219,325.55986938476565,365.9190948486329,2026-03-15
2026-03-15 01:00:00,290.0,172.33708801269532,252.6926361083984,295.9551696777344,333.19122619628905,385.3031799316406,2026-03-15
2026-03-15 02:00:00,280.0,159.02235641479493,259.9027801513672,314.9632873535156,361.6821990966797,425.49488525390626,2026-03-15
2026-03-15 03:00:00,282.5,126.18470306396486,240.79843444824223,308.3344421386719,363.231591796875,437.3259765625,2026-03-15
2026-03-15 04:00:00,295.0,112.90864562988281,231.07290954589843,307.1653747558594,371.276513671875,455.3317138671875,2026-03-15
2026-03-15 05:00:00,352.5,93.82999572753909,209.42080688476565,291.048095703125,362.91355895996094,456.2922088623047,2026-03-15
2026-03-15 06:00:00,500.0,96.14845123291016,208.21082916259766,293.9566955566406,376.5200592041016,481.16029663085936,2026-03-15
2026-03-15 07:00:00,395.0,94.27256317138674,198.81979446411134,287.1434020996094,379.39540405273436,489.0125671386719,2026-03-15
2026-03-15 08:00:00,177.5,95.69926300048832,187.62239227294924,274.21392822265625,365.9212554931641,475.03102111816406,2026-03-15
2026-03-15 09:00:00,75.0,128.51182098388674,207.2735221862793,288.26104736328125,374.91555938720705,482.4564559936523,2026-03-15
2026-03-15 10:00:00,261.1467590332031,69.50606079101564,142.27372894287112,221.0081024169922,302.8498474121094,408.8555847167969,2026-03-15
2026-03-15 11:00:00,440.0,89.19883270263671,159.67819213867185,238.17953491210935,323.75240936279295,429.4979110717773,2026-03-15
2026-03-15 12:00:00,285.0,167.70876922607422,238.10767288208007,317.9616394042969,406.4118026733398,511.7925216674805,2026-03-15
2026-03-15 13:00:00,337.5,29.0830032348633,100.66106338500977,180.3823699951172,266.1234405517578,370.1377838134765,2026-03-15
2026-03-15 14:00:00,285.0,43.593600463867176,112.35611419677733,191.74261474609372,276.0012161254882,377.3000045776367,2026-03-15
2026-03-15 15:00:00,404.6694946289063,5.946577453613287,76.14877700805664,156.83465576171875,242.5515335083008,340.56971282958983,2026-03-15
2026-03-15 16:00:00,571.25,95.48818359375002,178.05035095214845,268.1726379394531,355.7937835693359,456.27473754882817,2026-03-15
2026-03-15 17:00:00,392.5,113.14403305053713,218.39896545410159,321.152099609375,414.02948303222655,510.1612854003906,2026-03-15
2026-03-15 18:00:00,365.0,487.78645477294924,597.5289611816406,704.4863891601562,791.4682678222656,879.4768615722656,2026-03-15
2026-03-15 19:00:00,310.0,448.2461647033691,555.0749649047851,655.552490234375,728.8393585205079,800.3119262695312,2026-03-15
2026-03-15 20:00:00,259.8905029296875,372.3201782226563,475.4254913330078,569.15185546875,630.4253967285156,687.1505615234375,2026-03-15
2026-03-15 21:00:00,287.5,296.43366165161143,396.919972229004,485.4265747070313,541.202996826172,590.0629028320313,2026-03-15
2026-03-15 22:00:00,290.0,205.18385314941406,306.2791976928711,393.067138671875,445.6820465087891,491.10650939941405,2026-03-15
2026-03-15 23:00:00,312.5,199.00291595458987,298.6371536254883,385.2177734375,438.96783142089845,483.7774658203125,2026-03-15
2026-03-16 00:00:00,410.0,293.58563537597655,345.22556762695314,376.767822265625,406.846630859375,454.5062957763672,2026-03-16
2026-03-16 01:00:00,300.0,260.85532531738284,331.4754943847656,376.34381103515625,420.50007934570317,487.1711059570313,2026-03-16
2026-03-16 02:00:00,110.0,224.50425872802734,310.4779327392578,367.00628662109375,422.39491882324216,506.65724792480466,2026-03-16
2026-03-16 03:00:00,52.5,129.22286682128907,222.64383544921876,285.45379638671875,347.9525512695312,441.27241210937495,2026-03-16
2026-03-16 04:00:00,150.0,120.95491790771484,213.15647277832028,278.0412902832031,343.14564819335936,443.6363861083984,2026-03-16
2026-03-16 05:00:00,222.5,82.11406021118165,173.81923522949216,242.5275421142578,311.6708923339844,415.80328369140625,2026-03-16
2026-03-16 06:00:00,188.25,75.40833816528323,171.9844177246094,243.2362060546875,316.3872528076172,426.84239501953124,2026-03-16
2026-03-16 07:00:00,-50.0,-47.04202346801756,47.05662689208987,117.42893981933594,192.6417266845703,306.25099182128906,2026-03-16
2026-03-16 08:00:00,-50.67850112915039,-151.50621643066407,-64.60767211914064,2.82171630859375,75.63760986328123,186.82236022949218,2026-03-16
2026-03-16 09:00:00,-50.0,-158.67149963378904,-79.17013397216796,-14.92218017578125,53.442909240722614,161.39278717041017,2026-03-16
2026-03-16 10:00:00,-50.0,-151.96577301025388,-74.35405807495117,-11.217803955078123,54.274803161621094,162.51663970947266,2026-03-16
2026-03-16 11:00:00,-50.0,-114.04392700195311,-37.31679306030273,25.5369873046875,92.71292266845703,201.16573333740237,2026-03-16
2026-03-16 12:00:00,-50.0,-137.6855285644531,-61.27760620117187,-0.54248046875,65.38410186767578,174.60093536376957,2026-03-16
2026-03-16 13:00:00,-50.0,-145.2285385131836,-71.51433334350585,-14.2474365234375,48.35020446777345,155.94903564453125,2026-03-16
2026-03-16 14:00:00,-50.0,-131.7077865600586,-63.196808624267575,-7.91552734375,53.33046722412111,161.022705078125,2026-03-16
2026-03-16 15:00:00,-50.0,-139.50540466308593,-74.08001937866212,-18.9149169921875,43.8420227050781,153.7596466064453,2026-03-16
2026-03-16 16:00:00,-50.0,-152.54645385742185,-78.99586791992186,-16.131988525390625,55.54986572265625,179.35726013183591,2026-03-16
2026-03-16 17:00:00,6.25,-153.49754791259764,-55.737863159179696,23.82879638671875,110.36437377929687,247.6986145019531,2026-03-16
2026-03-16 18:00:00,82.5,44.5093879699707,136.74420928955078,218.1742706298828,306.96384887695314,449.31923522949216,2026-03-16
2026-03-16 19:00:00,126.25,46.96013107299805,131.37547302246094,206.8099365234375,289.34486694335936,425.31903381347655,2026-03-16
2026-03-16 20:00:00,-15.75,-3.8463172912597656,78.56254882812503,152.4019317626953,233.75997009277347,370.42270812988284,2026-03-16
2026-03-16 21:00:00,-31.5,-23.02203063964842,60.50007324218748,132.1121368408203,213.34398803710937,350.34072570800777,2026-03-16
2026-03-16 22:00:00,-49.5,-22.74864044189451,59.283143615722665,129.44834899902344,207.8707794189453,343.9905303955078,2026-03-16
2026-03-16 23:00:00,-52.25,-31.012652587890614,49.11692504882811,119.57980346679688,201.03034057617185,337.0923706054688,2026-03-16
2026-03-17 00:00:00,-14.49625015258789,14.9002182006836,22.934602355957036,31.160552978515625,51.04168090820313,104.10755767822265,2026-03-17
2026-03-17 01:00:00,94.5,53.1230712890625,61.983087158203126,71.80677795410156,100.46506805419922,173.16504440307617,2026-03-17
2026-03-17 02:00:00,196.5,215.7019485473633,226.3121353149414,238.6829071044922,275.7621643066406,365.49529418945315,2026-03-17
2026-03-17 03:00:00,198.6719970703125,226.91996002197266,237.7225143432617,248.53887939453125,290.0142692565918,391.3425003051758,2026-03-17
2026-03-17 04:00:00,240.46925354003903,155.89336242675782,163.7182144165039,172.73826599121094,212.8070976257324,323.4944107055664,2026-03-17
2026-03-17 05:00:00,282.5,190.2164520263672,196.16956024169923,204.362548828125,242.3134895324707,353.65697784423827,2026-03-17
2026-03-17 06:00:00,455.0,239.08375091552733,243.27114715576172,248.50857543945312,283.28672790527344,389.1577438354492,2026-03-17
2026-03-17 07:00:00,612.9307250976562,43.981022644042966,46.81515960693359,48.71385192871094,78.08453216552735,182.04681549072265,2026-03-17
2026-03-17 08:00:00,445.0050048828125,-5.7094879150390625,-5.193064880371094,-5.13409423828125,19.491761779785154,120.78927917480468,2026-03-17
2026-03-17 09:00:00,285.0,-21.742225646972656,-21.358366394042974,-20.567138671875,0.5426849365234361,100.539013671875,2026-03-17
2026-03-17 10:00:00,380.01025390625,-20.173310852050783,-19.445977783203126,-18.840484619140625,2.1489410400390625,100.0823600769043,2026-03-17
2026-03-17 11:00:00,483.2309875488281,-15.216256713867187,-13.21867828369141,-11.6297607421875,13.795184326171874,113.76030273437499,2026-03-17
2026-03-17 12:00:00,115.25,-42.8249755859375,-40.15090637207031,-36.92333984375,-9.053233337402347,94.4488525390625,2026-03-17
2026-03-17 13:00:00,-49.50149917602539,-32.27942047119141,-28.46039581298828,-24.442840576171875,4.816136169433591,113.7944381713867,2026-03-17
2026-03-17 14:00:00,-50.0,-15.404182434082031,-13.143099975585937,-9.17327880859375,22.35899963378906,135.0628662109375,2026-03-17
2026-03-17 15:00:00,-50.0,-41.23238830566406,-41.142581176757815,-35.717132568359375,-1.3622955322265682,119.44848022460937,2026-03-17
2026-03-17 16:00:00,-50.0,-27.43137664794922,-25.4427490234375,-15.300994873046877,27.047392272949217,161.79336547851562,2026-03-17
2026-03-17 17:00:00,-54.75,-34.51488037109375,-27.041993713378904,-7.730865478515625,50.012656402587886,195.43012084960935,2026-03-17
2026-03-17 18:00:00,239.0,-30.187088012695312,-19.062326049804685,8.732574462890625,74.71789245605468,229.460595703125,2026-03-17
2026-03-17 19:00:00,252.5,1.0250869750976577,11.551715087890628,39.676300048828125,107.24874649047851,270.20032653808596,2026-03-17
2026-03-17 20:00:00,199.0,-20.621664428710936,-11.818963623046871,13.212615966796877,83.21384963989257,252.79977111816405,2026-03-17
2026-03-17 21:00:00,164.0,-3.6123428344726527,2.6478591918945327,25.81866455078125,100.87590713500975,277.4765151977539,2026-03-17
2026-03-17 22:00:00,121.5,2.6038513183593714,9.784085083007813,32.858428955078125,110.33840255737304,290.52672424316404,2026-03-17
2026-03-17 23:00:00,211.0570068359375,30.293530273437504,39.280181884765625,65.46929931640625,144.22496032714844,330.2693466186523,2026-03-17
2026-03-18 00:00:00,335.0,130.61546936035157,183.67173309326174,223.48614501953125,262.30254211425785,320.0389556884766,2026-03-18
2026-03-18 01:00:00,297.5,163.73962249755857,225.3901657104492,279.368896484375,337.4034317016601,421.04268646240234,2026-03-18
2026-03-18 02:00:00,295.0,140.3140808105469,210.78508758544922,278.96368408203125,355.31039276123045,460.31242218017576,2026-03-18
2026-03-18 03:00:00,282.5,154.21802215576173,226.83525695800782,301.5306701660156,389.6602066040039,509.7982406616211,2026-03-18
2026-03-18 04:00:00,242.5,172.11997680664064,234.87137832641602,309.9779357910156,403.4158767700195,536.8697189331054,2026-03-18
2026-03-18 05:00:00,247.7010040283203,153.9588134765625,203.95544509887696,276.1015930175781,372.11995086669924,515.0581008911133,2026-03-18
2026-03-18 06:00:00,168.88299560546875,158.6953353881836,197.7809829711914,264.1887512207031,364.6318084716797,517.3654083251953,2026-03-18
2026-03-18 07:00:00,-47.81949996948242,143.96854705810546,172.60724792480468,231.6547088623047,335.1656494140625,492.47007751464844,2026-03-18
2026-03-18 08:00:00,-49.837249755859375,-47.97006607055664,-30.199277496337885,23.4586181640625,123.47684860229492,283.17915267944335,2026-03-18
2026-03-18 09:00:00,-50.0,-72.94501266479492,-62.92332534790039,-14.200592041015623,82.47003707885742,241.228458404541,2026-03-18
2026-03-18 10:00:00,-50.0,-55.01054306030273,-47.672805023193355,-0.9207763671875,92.02106246948242,251.96845626831058,2026-03-18
2026-03-18 11:00:00,-50.0,-63.962590026855466,-58.770460510253905,-14.987274169921877,82.88926239013671,243.67731628417965,2026-03-18
2026-03-18 12:00:00,-50.0,-80.62505645751952,-78.37001953125,-39.797943115234375,56.17629089355468,215.51710205078126,2026-03-18
2026-03-18 13:00:00,-50.0,-69.77713317871093,-68.1319366455078,-35.977203369140625,52.47716827392577,209.43483276367186,2026-03-18
2026-03-18 14:00:00,-50.0,-64.25646209716797,-63.426205444335935,-31.34799194335937,54.37260284423827,207.1055511474609,2026-03-18
2026-03-18 15:00:00,-50.0,-69.11490936279296,-63.54767913818359,-26.31829833984375,59.823416900634754,209.4767913818359,2026-03-18
2026-03-18 16:00:00,-11.0,-17.238164520263666,-1.6418556213378892,44.886627197265625,136.48966903686522,292.0393440246582,2026-03-18
2026-03-18 17:00:00,266.0,122.22352371215821,149.8392478942871,209.05300903320312,312.90924453735346,470.7199378967285,2026-03-18
2026-03-18 18:00:00,231.0,243.30465698242188,279.22174072265625,348.95428466796875,457.82132110595705,615.3851516723632,2026-03-18
2026-03-18 19:00:00,193.75,240.72824401855462,280.70845413208,350.5267944335937,455.441355895996,609.3174118041991,2026-03-18
2026-03-18 20:00:00,208.6267547607422,149.84501724243165,194.19771194458008,261.8033447265625,363.126961517334,510.0653312683105,2026-03-18
2026-03-18 21:00:00,217.0554962158203,149.17640533447266,196.6783203125,262.2901611328125,363.54441986083987,507.059309387207,2026-03-18
2026-03-18 22:00:00,221.0,145.81483459472656,197.3835021972656,264.1279296875,364.72818145751955,506.21704864501953,2026-03-18
2026-03-18 23:00:00,134.25,88.86056365966797,141.17486114501952,211.06964111328125,313.66675567626953,454.7015029907227,2026-03-18
2026-03-19 00:00:00,270.6885070800781,193.7861907958984,232.22763671874995,260.4823608398437,289.1797546386718,334.50461578369135,2026-03-19
2026-03-19 01:00:00,280.0,204.55423812866212,249.33894805908204,289.8177490234375,336.5206497192383,408.3628387451172,2026-03-19
2026-03-19 02:00:00,282.5,175.05323944091793,225.67678527832027,279.3656616210937,342.9902099609374,436.5714920043945,2026-03-19
2026-03-19 03:00:00,285.0,145.68873138427733,199.64537353515624,260.61151123046875,336.3009658813477,447.86038970947266,2026-03-19
2026-03-19 04:00:00,203.69200134277344,122.40175094604493,171.3099090576172,235.35787963867188,319.2571403503418,447.29189987182616,2026-03-19
2026-03-19 05:00:00,119.0,101.64061660766602,140.96362075805663,203.8021697998047,293.1666023254395,433.0737083435058,2026-03-19
2026-03-19 06:00:00,-1.8227499723434448,159.9122573852539,188.5242446899414,244.4529266357422,337.0332458496094,486.1029754638672,2026-03-19
2026-03-19 07:00:00,209.04299926757807,177.54088058471683,194.32218856811528,240.46702575683597,332.7696830749512,484.39199447631836,2026-03-19
2026-03-19 08:00:00,75.33625030517578,118.37248077392579,124.22106323242187,162.63926696777344,248.52626342773436,399.4092147827148,2026-03-19
2026-03-19 09:00:00,-50.0,-17.14049530029297,-15.98159027099609,15.88397216796875,96.16302719116212,244.34862976074217,2026-03-19
2026-03-19 10:00:00,-50.0,27.353401184082042,31.00051269531251,57.91671752929688,133.72270889282225,281.0060531616211,2026-03-19
2026-03-19 11:00:00,-50.0,88.86651000976562,92.75137329101562,117.77955627441406,199.0845733642578,346.80103302001953,2026-03-19
2026-03-19 12:00:00,-50.0,49.81856384277344,54.176708984375,76.10678100585938,157.15751190185546,305.1198089599609,2026-03-19
2026-03-19 13:00:00,-50.0,6.454336547851565,10.68295135498047,27.85015869140625,103.387198638916,250.54932250976557,2026-03-19
2026-03-19 14:00:00,-50.0,-43.21742401123046,-38.74389038085937,-20.75204467773437,54.710841369628895,200.47238311767578,2026-03-19
2026-03-19 15:00:00,-50.0,-54.1099349975586,-52.08235321044921,-22.79534912109375,55.64499359130859,200.63043212890625,2026-03-19
2026-03-19 16:00:00,-47.13874816894531,14.69026947021485,31.33103485107422,72.97373962402344,158.44380798339841,311.09576110839845,2026-03-19
2026-03-19 17:00:00,460.552001953125,252.40703125,291.7663940429687,350.9928283691406,450.72840881347656,607.0994110107422,2026-03-19
2026-03-19 18:00:00,329.9880065917969,382.65323944091796,432.7045211791992,503.423095703125,606.5978897094726,759.3799606323242,2026-03-19
2026-03-19 19:00:00,333.2720031738281,510.52089538574216,563.1195625305176,631.34521484375,725.7573623657227,869.4181777954102,2026-03-19
2026-03-19 20:00:00,500.0,490.09118499755857,545.7681175231934,609.483642578125,695.1861114501953,826.7849578857422,2026-03-19
2026-03-19 21:00:00,500.0,544.8275085449219,603.8242233276367,664.3510131835938,746.5180953979492,872.105632019043,2026-03-19
2026-03-19 22:00:00,430.0,507.18633422851565,569.4465682983398,628.9417724609375,707.0689331054688,828.211102294922,2026-03-19
2026-03-19 23:00:00,447.5,478.90626831054686,540.6905502319336,600.8538818359375,680.4176467895508,801.0666885375977,2026-03-19
2026-03-20 00:00:00,420.0,260.8598663330078,325.11366271972656,358.656005859375,386.32008361816406,422.4000762939453,2026-03-20
2026-03-20 01:00:00,442.5,205.35797119140625,295.6003997802735,341.32305908203125,378.2259063720703,423.40692443847655,2026-03-20
2026-03-20 02:00:00,475.0,162.72925109863283,272.48403015136716,330.2363586425781,376.9591796875,436.3834716796875,2026-03-20
2026-03-20 03:00:00,305.0,122.45155181884766,242.35213317871094,311.4384460449219,367.6577301025391,440.73817443847656,2026-03-20
2026-03-20 04:00:00,352.5,81.30718078613279,197.9705932617187,274.46405029296875,341.9133056640625,429.4091613769531,2026-03-20
2026-03-20 05:00:00,205.0,79.62033157348634,186.27669525146484,267.94366455078125,346.5404327392578,450.1911682128906,2026-03-20
2026-03-20 06:00:00,117.5,72.33062744140628,168.3784332275391,252.41966247558597,344.1136383056641,465.4249328613281,2026-03-20
2026-03-20 07:00:00,87.5,73.18719787597658,157.30400695800785,240.33029174804688,343.81441192626954,474.499592590332,2026-03-20
2026-03-20 08:00:00,-50.0,25.722018432617205,94.55760192871094,173.95220947265625,276.9166915893555,413.3662338256836,2026-03-20
2026-03-20 09:00:00,102.5,-31.053593444824216,24.061814880371074,98.5021514892578,199.0074905395507,337.4297988891601,2026-03-20
2026-03-20 10:00:00,-50.0,46.745849609375014,96.74350128173828,169.27105712890625,265.872135925293,406.23685455322266,2026-03-20
2026-03-20 11:00:00,-50.0,123.63936691284178,169.5939140319824,239.42042541503903,341.0464576721191,482.4246788024902,2026-03-20
2026-03-20 12:00:00,-50.0,39.60293121337891,82.01803283691406,147.88609313964844,248.27048950195314,388.1467590332031,2026-03-20
2026-03-20 13:00:00,-50.0,-105.07447204589843,-63.75179595947265,-4.21771240234375,87.19382171630859,221.60924530029294,2026-03-20
2026-03-20 14:00:00,-50.0,-126.11807174682616,-87.54563217163086,-30.0213623046875,56.12886581420898,185.37790145874027,2026-03-20
2026-03-20 15:00:00,-50.0,-135.16077117919923,-93.28540954589843,-33.4464111328125,52.345501708984344,176.11870574951172,2026-03-20
2026-03-20 16:00:00,-50.0,-159.44361724853513,-104.28316650390623,-34.30828857421875,54.57542266845705,182.97246551513672,2026-03-20
2026-03-20 17:00:00,-15.494500160217283,-182.28555450439447,-105.26756744384761,-20.209930419921875,77.96556091308597,205.56828918457035,2026-03-20
2026-03-20 18:00:00,127.5,-30.96581268310547,51.104092407226574,144.52674865722656,242.71715087890624,366.28994445800777,2026-03-20
2026-03-20 19:00:00,228.5,2.4549194335937727,87.32659759521485,179.32008361816406,269.54060516357424,383.6884140014648,2026-03-20
2026-03-20 20:00:00,61.5,-109.96184997558592,-22.922421264648435,65.82432556152344,147.9833648681641,250.3210235595703,2026-03-20
2026-03-20 21:00:00,168.5,-129.2279426574707,-39.96736297607421,44.48042297363281,120.51845703125,214.2212371826172,2026-03-20
2026-03-20 22:00:00,128.5,-147.4399932861328,-54.80088500976562,27.257965087890625,95.75386657714843,183.8879211425781,2026-03-20
2026-03-20 23:00:00,131.0,-166.27284927368163,-70.04832916259765,10.888092041015623,76.29051818847655,159.41908569335936,2026-03-20
2026-03-21 00:00:00,139.5,-91.86330947875976,-53.422381591796864,-26.557830810546875,1.3398757934570114,48.88038177490233,2026-03-21
2026-03-21 01:00:00,78.5,-117.29910888671874,-69.89703063964845,-32.67669677734375,9.08024291992183,76.92279968261718,2026-03-21
2026-03-21 02:00:00,-11.026249885559082,-140.10724411010742,-86.03862609863282,-38.05245971679688,16.09726562499999,99.80567016601566,2026-03-21
2026-03-21 03:00:00,-50.0,-151.95881195068358,-94.89382629394531,-40.1805419921875,22.69263000488281,120.26087646484373,2026-03-21
2026-03-21 04:00:00,-44.0,-150.2364074707031,-98.29089813232422,-41.70782470703125,26.76411895751953,137.79690856933595,2026-03-21
2026-03-21 05:00:00,-49.5,-134.91935348510742,-93.65410995483398,-39.62176513671875,32.55982284545895,153.98458328247068,2026-03-21
2026-03-21 06:00:00,-45.5,-116.55973052978516,-86.61155242919921,-38.1744384765625,38.4039337158203,168.92992248535154,2026-03-21
2026-03-21 07:00:00,-40.12125015258789,-94.13391876220703,-75.82958526611327,-35.293212890625,43.951324462890625,178.59474792480466,2026-03-21
2026-03-21 08:00:00,-50.0,-75.70955047607421,-69.2861083984375,-38.07394409179688,34.53871917724609,168.38226318359375,2026-03-21
2026-03-21 09:00:00,-50.0,-68.88930053710938,-66.448486328125,-45.48309326171875,19.09929809570312,149.54730377197265,2026-03-21
2026-03-21 10:00:00,-50.0,-33.62736358642578,-27.643814086914062,-14.558441162109377,43.43521728515625,171.14130706787108,2026-03-21
2026-03-21 11:00:00,-50.0,-40.62222747802734,-34.875746154785155,-23.521392822265625,37.9047981262207,164.70856018066405,2026-03-21
2026-03-21 12:00:00,-50.0,-63.500244140625,-58.296076965332034,-48.37445068359375,11.992549133300777,137.66549224853514,2026-03-21
2026-03-21 13:00:00,-50.0,-58.15035858154297,-54.303829956054685,-45.51715087890625,10.381613159179686,135.5356018066406,2026-03-21
2026-03-21 14:00:00,-50.0,-60.4882080078125,-56.73837585449219,-46.147308349609375,11.684503936767577,137.50388031005858,2026-03-21
2026-03-21 15:00:00,-50.0,-66.46565551757813,-65.42264099121094,-44.04660034179688,19.074166107177724,147.27104949951172,2026-03-21
2026-03-21 16:00:00,-49.0,-87.17182312011718,-73.77986907958984,-40.16452026367188,32.05811004638671,171.08802642822263,2026-03-21
2026-03-21 17:00:00,-14.5,-124.00839462280273,-82.86444091796875,-29.264068603515625,59.41083145141599,206.1731758117676,2026-03-21
2026-03-21 18:00:00,95.0,-110.20382843017578,-58.01196899414062,7.00604248046875,99.53577575683593,243.0435089111328,2026-03-21
2026-03-21 19:00:00,-48.5,-86.35462188720702,-32.1156021118164,30.82162475585937,115.03281249999999,249.13497924804688,2026-03-21
2026-03-21 20:00:00,64.0,-100.43871307373045,-41.85935363769532,17.27618408203125,92.4850082397461,214.0795455932617,2026-03-21
2026-03-21 21:00:00,18.87874984741211,-97.24271240234374,-35.61673583984375,19.8072509765625,89.26930541992186,204.6129333496094,2026-03-21
2026-03-21 22:00:00,-48.24250030517578,-131.431916809082,-65.94444732666012,-13.12701416015625,49.5894012451172,158.79457092285156,2026-03-21
2026-03-21 23:00:00,81.6624984741211,-149.17217864990232,-82.12803802490232,-29.17822265625,32.942440795898456,140.24328918457036,2026-03-21
2026-03-22 00:00:00,260.0,51.34847412109375,81.40119934082031,108.85507202148438,140.02008972167968,194.66946868896486,2026-03-22
2026-03-22 01:00:00,234.96749877929688,91.10944290161133,120.20451736450195,154.86520385742188,199.69047012329102,276.87767868041993,2026-03-22
2026-03-22 02:00:00,162.1219940185547,81.61934204101563,109.07610931396485,150.1775360107422,207.27004699707032,302.10713348388674,2026-03-22
2026-03-22 03:00:00,235.2140045166016,164.21950683593752,189.62438201904297,233.0953369140625,297.79948272705076,406.04465179443355,2026-03-22
2026-03-22 04:00:00,244.36700439453125,192.26299057006838,213.09931259155275,256.4773254394531,326.85500564575193,447.75348434448244,2026-03-22
2026-03-22 05:00:00,275.0,223.15431518554686,237.76188049316406,279.0892028808594,351.9843185424805,481.7832626342773,2026-03-22
2026-03-22 06:00:00,280.0,246.27877197265624,256.2616653442383,291.0643310546875,364.9593521118164,501.51440277099607,2026-03-22
2026-03-22 07:00:00,272.5,221.08111419677735,225.29334411621093,252.6273956298828,325.15752029418945,463.2698669433593,2026-03-22
2026-03-22 08:00:00,247.5,149.71926574707032,152.6721664428711,170.67340087890625,235.84838256835937,371.5363800048828,2026-03-22
2026-03-22 09:00:00,145.0,-25.830287170410152,-18.74260559082031,-9.602081298828123,48.40461883544921,181.23587799072266,2026-03-22
2026-03-22 10:00:00,62.5,-11.448228454589843,-4.533784484863281,3.391021728515625,55.6130126953125,184.1188217163086,2026-03-22
2026-03-22 11:00:00,112.5,112.45402069091797,117.85672912597656,126.57630920410156,181.72987060546876,307.6247680664062,2026-03-22
2026-03-22 12:00:00,237.5,151.2516311645508,156.1857681274414,163.84356689453125,218.30890960693358,342.6014099121094,2026-03-22
2026-03-22 13:00:00,237.5,83.2893081665039,88.51085357666015,92.65194702148438,143.34994049072264,267.8689880371094,2026-03-22
2026-03-22 14:00:00,262.5,-4.484991455078124,0.37828674316406286,6.741668701171875,60.36942749023437,187.154833984375,2026-03-22
2026-03-22 15:00:00,265.0,52.3704818725586,53.92281646728516,71.05259704589844,130.72054748535157,261.88769378662107,2026-03-22
2026-03-22 16:00:00,477.5,259.39309844970705,268.5783126831055,299.45721435546875,371.02632369995115,516.3647583007812,2026-03-22
2026-03-22 17:00:00,887.25,432.1843505859376,460.7379440307618,510.2164916992188,601.875390625,757.0554229736329,2026-03-22
2026-03-22 18:00:00,497.5,848.813362121582,886.8123092651367,950.1886596679688,1051.366537475586,1211.2604293823242,2026-03-22
2026-03-22 19:00:00,477.5,435.4238426208496,476.8165229797363,540.9444580078125,639.2693946838378,796.7009712219239,2026-03-22
2026-03-22 20:00:00,365.0,396.31060943603524,442.377735900879,505.0359497070313,599.8916961669922,751.3093994140626,2026-03-22
2026-03-22 21:00:00,576.75,493.7815734863281,544.8990745544434,606.0789794921875,699.2241928100586,846.7935836791992,2026-03-22
2026-03-22 22:00:00,472.5,559.9467529296875,616.5739128112793,678.77978515625,768.7672653198242,912.2472488403321,2026-03-22
2026-03-22 23:00:00,455.0,373.9642837524414,431.8310234069824,497.0286865234375,587.8853134155273,728.6148147583008,2026-03-22
2026-03-23 00:00:00,397.5,273.9392822265625,341.5975463867188,379.9454040527344,413.654052734375,459.9530456542969,2026-03-23
2026-03-23 01:00:00,322.5,198.69581604003903,293.78468933105466,346.0718994140625,391.1945129394531,449.5486389160156,2026-03-23
2026-03-23 02:00:00,397.5,147.96645507812502,262.78493347167966,327.2373352050781,382.2241638183594,454.685400390625,2026-03-23
2026-03-23 03:00:00,295.0,120.84636383056642,245.90624084472657,321.8902282714844,387.2039794921875,473.9843688964844,2026-03-23
2026-03-23 04:00:00,200.0,88.58759231567385,211.05034179687496,294.6630859375,371.7185852050781,472.6079223632812,2026-03-23
2026-03-23 05:00:00,42.5,62.06132812500002,175.6738510131836,264.5655517578125,352.46882934570317,468.1928771972656,2026-03-23
2026-03-23 06:00:00,128.00924682617188,72.0767593383789,175.7976806640625,266.9399108886719,367.59063110351565,499.8965698242188,2026-03-23
2026-03-23 07:00:00,124.67575073242188,27.141775512695347,119.02290649414066,208.3355407714844,318.71140747070314,458.6919250488281,2026-03-23
2026-03-23 08:00:00,-50.0,-126.37471771240234,-50.03718948364258,34.534759521484375,142.6383285522461,285.99007415771484,2026-03-23
2026-03-23 09:00:00,-50.0,-156.8799072265625,-94.21508178710937,-15.950347900390623,87.93514862060546,232.475813293457,2026-03-23
2026-03-23 10:00:00,-50.0,-136.75480346679686,-78.71038818359375,-1.80224609375,98.07307586669921,244.07735748291017,2026-03-23
2026-03-23 11:00:00,-50.0,-93.65455627441406,-38.413719177246094,38.0875244140625,145.0035629272461,292.50211639404296,2026-03-23
2026-03-23 12:00:00,-50.0,-143.89548950195314,-91.30038452148438,-17.726043701171875,90.01622467041015,237.7159683227539,2026-03-23
2026-03-23 13:00:00,-50.0,-146.28578872680663,-94.15371170043946,-25.50958251953125,75.76155776977538,221.35316238403323,2026-03-23
2026-03-23 14:00:00,-50.0,-144.22959823608397,-95.22678909301759,-27.782623291015625,70.50073165893554,214.44001541137695,2026-03-23
2026-03-23 15:00:00,-50.0,-156.1916046142578,-103.97503967285157,-32.60650634765625,68.31077270507812,209.8862106323242,2026-03-23
2026-03-23 16:00:00,-50.0,-157.4120330810547,-93.76939086914062,-12.414642333984377,92.15588989257807,239.8252136230469,2026-03-23
2026-03-23 17:00:00,-9.0,-55.43440093994138,29.897709655761744,125.8658447265625,240.144027709961,388.62550354003906,2026-03-23
2026-03-23 18:00:00,-18.25,45.92717437744142,133.71088714599608,236.83761596679688,350.7451629638672,496.0478851318359,2026-03-23
2026-03-23 19:00:00,73.75,73.73369445800782,161.0710205078125,260.677978515625,364.1263061523438,497.6159301757813,2026-03-23
2026-03-23 20:00:00,-19.25,66.41473541259768,154.19974594116212,248.48883056640625,341.9266754150391,460.5488616943359,2026-03-23
2026-03-23 21:00:00,68.92424774169922,38.93747100830083,128.02494659423832,217.27903747558597,303.0585815429688,411.42111511230473,2026-03-23
2026-03-23 22:00:00,78.32424926757812,36.2790496826172,128.1758605957031,214.4055938720703,290.5170501708984,392.6229278564453,2026-03-23
2026-03-23 23:00:00,148.26425170898438,5.032586669921926,100.4745788574219,185.34349060058597,257.39886474609375,353.1919677734375,2026-03-23
2026-03-24 00:00:00,225.8267517089844,155.09268341064455,195.2668899536133,223.10467529296875,252.18620605468746,305.8180877685547,2026-03-24
2026-03-24 01:00:00,230.0,111.03165893554686,158.90106964111325,195.66009521484372,236.5155349731445,309.1544845581054,2026-03-24
2026-03-24 02:00:00,187.5,34.98105316162112,88.55686950683595,134.5150909423828,185.81507415771486,273.9482955932617,2026-03-24
2026-03-24 03:00:00,148.60850524902344,-10.406632995605463,45.903376770019534,98.26686096191406,157.95504150390622,259.2369964599609,2026-03-24
2026-03-24 04:00:00,87.5,-101.61331024169921,-48.99056777954101,6.29962158203125,72.84783630371093,188.716357421875,2026-03-24
2026-03-24 05:00:00,-50.0,-127.8783821105957,-84.21267776489258,-29.510528564453125,42.571158599853504,170.9450233459473,2026-03-24
2026-03-24 06:00:00,-48.5,-107.16597671508788,-74.15456161499023,-23.72467041015625,53.50779953002929,192.29048995971678,2026-03-24
2026-03-24 07:00:00,-41.9739990234375,-84.77483367919922,-63.694009399414064,-20.72674560546875,59.79989318847656,202.78619384765625,2026-03-24
2026-03-24 08:00:00,-50.0,-81.61439514160156,-71.99899749755859,-37.75128173828125,36.58215789794923,179.49244079589843,2026-03-24
2026-03-24 09:00:00,-50.0,-66.90682983398438,-65.84540100097657,-39.6072998046875,26.98830718994141,166.942431640625,2026-03-24
2026-03-24 10:00:00,-50.0,-43.7255126953125,-42.45662384033203,-21.46197509765625,37.259230041503905,172.20605163574217,2026-03-24
2026-03-24 11:00:00,-50.0,-30.532815551757814,-29.577920532226564,-10.823333740234377,48.46780166625976,180.2102081298828,2026-03-24
2026-03-24 12:00:00,-50.0,-62.123756408691406,-61.57155151367188,-45.400970458984375,11.316343688964842,140.0787353515625,2026-03-24
2026-03-24 13:00:00,-50.0,-50.0601821899414,-49.949461364746085,-36.81103515625,15.471154785156244,143.0238311767578,2026-03-24
2026-03-24 14:00:00,-50.0,-45.577685546875,-45.24911193847656,-30.910369873046875,21.870053100585935,149.0581283569336,2026-03-24
2026-03-24 15:00:00,-50.0,-52.5343017578125,-48.61344299316406,-28.40557861328125,28.4975341796875,158.47519531249998,2026-03-24
2026-03-24 16:00:00,-50.0,-69.7048843383789,-56.358421325683594,-25.387725830078125,41.772465515136716,184.0486083984375,2026-03-24
2026-03-24 17:00:00,-51.25,-98.96453475952148,-67.89465408325195,-20.478759765625,63.91272048950195,216.16699295043946,2026-03-24
2026-03-24 18:00:00,7.5,92.65760955810548,129.2638732910156,186.48434448242188,278.30369567871094,433.34194641113277,2026-03-24
2026-03-24 19:00:00,162.0,158.39754943847657,197.3811492919922,254.20925903320312,342.56304626464845,493.8775375366211,2026-03-24
2026-03-24 20:00:00,215.0,143.3519775390625,187.57134475708008,243.1812744140625,326.8972412109375,471.2472152709961,2026-03-24
2026-03-24 21:00:00,242.5,138.43021240234376,188.5885139465332,243.35809326171875,323.47775878906253,463.22348327636723,2026-03-24
2026-03-24 22:00:00,292.5,130.9240203857422,187.6758720397949,242.62625122070312,317.62639770507815,452.2454467773438,2026-03-24
2026-03-24 23:00:00,347.5,144.095654296875,203.47584915161133,258.8838195800781,333.05445709228513,464.4037490844727,2026-03-24
2026-03-25 00:00:00,500.0,185.93695373535152,243.13394775390626,278.9827575683594,312.383447265625,362.75734252929686,2026-03-25
2026-03-25 01:00:00,405.0,130.58369598388674,205.93417358398438,254.18328857421875,300.2746826171875,367.08067626953124,2026-03-25
2026-03-25 02:00:00,297.5,112.12832489013672,199.1582794189453,258.3992614746094,315.1585418701172,397.5704467773437,2026-03-25
2026-03-25 03:00:00,450.0,90.41248016357426,181.6609771728516,249.3967437744141,316.52979431152346,414.5652130126953,2026-03-25
2026-03-25 04:00:00,230.0,90.68773651123053,173.9669296264649,245.6548614501953,322.61521301269534,436.180258178711,2026-03-25
2026-03-25 05:00:00,157.5,116.40987396240234,186.01352310180664,258.27667236328125,343.54919281005857,471.819172668457,2026-03-25
2026-03-25 06:00:00,107.5,138.56682128906243,195.9585166931152,266.3427124023437,362.1765213012695,506.9140396118164,2026-03-25
2026-03-25 07:00:00,55.76475143432617,140.15464096069337,185.38872299194338,251.49490356445312,355.431909942627,508.1914436340332,2026-03-25
2026-03-25 08:00:00,-44.95375061035156,-39.09027099609375,-7.125779724121088,51.61578369140625,151.16119689941405,305.9303680419922,2026-03-25
2026-03-25 09:00:00,-50.0,-87.45614166259764,-66.31924133300781,-15.59002685546875,76.55357208251952,230.659016418457,2026-03-25
2026-03-25 10:00:00,-50.0,-64.4817886352539,-46.99354858398437,-0.0089111328125,85.5647216796875,238.8366729736328,2026-03-25
2026-03-25 11:00:00,-50.0,-22.6468276977539,-6.678227233886716,38.067138671875,127.10399627685547,279.74597320556643,2026-03-25
2026-03-25 12:00:00,-50.0,-4.1360931396484375,10.229522705078125,51.06645202636719,139.60933837890624,292.7052001953125,2026-03-25
2026-03-25 13:00:00,-50.0,-43.26475524902344,-28.807826232910152,7.278350830078125,91.2488067626953,244.2687576293945,2026-03-25
2026-03-25 14:00:00,-50.0,-25.567796325683588,-11.819059753417967,24.39129638671875,107.99406433105469,260.5303619384765,2026-03-25
2026-03-25 15:00:00,-50.0,45.72780151367189,64.19176483154298,105.92425537109376,192.7525390625,345.30353393554685,2026-03-25
2026-03-25 16:00:00,-5.0,131.60404357910159,160.34873352050784,211.5074157714844,303.7060974121094,463.60139923095704,2026-03-25
2026-03-25 17:00:00,348.25,227.02239990234375,274.7253982543945,341.0182800292969,445.18000183105465,608.3375946044922,2026-03-25
2026-03-25 18:00:00,271.0,358.8521911621094,416.5308090209961,493.77825927734375,601.7383270263672,763.1436340332032,2026-03-25
2026-03-25 19:00:00,311.6090087890625,232.77173156738283,294.13078079223635,370.590576171875,471.11327209472654,623.4056549072266,2026-03-25
2026-03-25 20:00:00,412.5,230.7797653198243,296.6759437561036,369.2418823242188,460.74885253906257,598.2562561035157,2026-03-25
2026-03-25 21:00:00,407.5,248.5935836791993,318.1205047607422,385.3609008789063,468.32114410400396,594.3575668334962,2026-03-25
2026-03-25 22:00:00,480.0,249.47425384521486,323.9611335754395,387.34228515625,459.086442565918,576.5300918579102,2026-03-25
2026-03-25 23:00:00,515.0,198.80819244384767,278.10561218261716,340.5909729003906,407.22100524902345,516.1230651855469,2026-03-25
2026-03-26 00:00:00,775.0,293.2177307128906,352.6794494628906,382.52545166015625,407.05262451171876,438.3060607910156,2026-03-26
2026-03-26 01:00:00,1000.0,663.3967041015625,750.3508117675782,790.2235107421875,821.4896789550781,860.7815795898438,2026-03-26
2026-03-26 02:00:00,825.0,298.1769073486328,400.5797424316407,448.9476318359375,487.22576293945315,539.9362670898438,2026-03-26
2026-03-26 03:00:00,615.0,133.35215148925784,241.49678955078124,298.2732238769531,346.1705017089844,415.33741455078126,2026-03-26
2026-03-26 04:00:00,462.5,106.43679504394532,207.3299346923828,270.4237365722656,330.9089660644531,416.5850952148437,2026-03-26
2026-03-26 05:00:00,312.5,111.61365509033209,197.97136993408205,264.986083984375,336.556640625,439.88081054687507,2026-03-26
2026-03-26 06:00:00,84.0,121.12031402587894,193.8206481933594,261.72265625,345.7725799560547,467.08167419433596,2026-03-26
2026-03-26 07:00:00,50.81449890136719,121.33123626708982,181.43210983276364,247.41351318359372,341.5913803100585,472.95263519287107,2026-03-26
2026-03-26 08:00:00,222.91900634765625,81.91925735473636,127.95462875366213,188.99136352539065,281.18389816284184,417.735359954834,2026-03-26
2026-03-26 09:00:00,207.5,56.22649230957032,91.17334289550782,146.6784210205078,235.17686309814457,373.7257431030273,2026-03-26
2026-03-26 10:00:00,238.8000030517578,-36.03579711914062,-4.660958862304675,48.62814331054688,132.0039260864258,271.50770111083983,2026-03-26
2026-03-26 11:00:00,179.87550354003906,14.242158508300776,43.07090911865233,93.81681823730467,180.6227355957031,318.2735229492188,2026-03-26
2026-03-26 12:00:00,152.5,26.722016906738276,52.738890075683585,99.15568542480467,184.68623046874998,321.58981781005855,2026-03-26
2026-03-26 13:00:00,-50.0,-64.38943176269531,-39.29058227539062,1.71380615234375,81.07470397949218,216.74094390869135,2026-03-26
2026-03-26 14:00:00,97.75,-108.57550048828125,-84.55716705322266,-43.94854736328125,32.80058441162109,166.72728118896484,2026-03-26
2026-03-26 15:00:00,277.5,-53.66453094482421,-24.93547821044922,20.557098388671875,100.21888427734375,232.8993682861328,2026-03-26
2026-03-26 16:00:00,410.0,139.15497665405275,180.6300193786621,236.96563720703125,322.42505111694334,462.67501144409175,2026-03-26
2026-03-26 17:00:00,487.5,168.22313537597657,230.89200363159182,303.2063903808594,401.1295822143555,544.5087997436524,2026-03-26
2026-03-26 18:00:00,475.0,206.11134490966796,278.25797882080076,362.06158447265625,463.32433471679684,605.5070281982422,2026-03-26
2026-03-26 19:00:00,412.5,165.8629608154297,244.1821578979492,329.8170471191406,425.80795440673825,561.3508804321289,2026-03-26
2026-03-26 20:00:00,450.0,174.49695892333986,258.3076995849609,341.9586181640625,431.3315155029297,555.8710815429688,2026-03-26
2026-03-26 21:00:00,440.0,270.2934402465821,360.2251541137696,440.5481567382813,523.2758392333985,637.8208160400391,2026-03-26
2026-03-26 22:00:00,500.0,207.19670867919922,305.688703918457,384.04791259765625,456.53204956054685,563.7923950195312,2026-03-26
2026-03-26 23:00:00,714.8690185546875,167.10050354003909,273.9325775146484,352.1401672363281,418.5797119140625,516.5372436523437,2026-03-26
2026-03-27 00:00:00,665.833251953125,483.8739715576172,563.0040283203125,608.4476318359375,648.4155639648437,701.1884887695312,2026-03-27
2026-03-27 01:00:00,490.7634887695313,654.5114318847657,766.5677856445312,829.0103149414062,884.3413330078125,957.0179443359375,2026-03-27
2026-03-27 02:00:00,715.4044799804688,743.6147094726564,874.6102844238283,949.3934326171876,1017.3288085937501,1109.7391052246094,2026-03-27
2026-03-27 03:00:00,589.4012451171875,581.3313293457031,716.6724456787109,799.4423828125,878.806591796875,989.4790100097656,2026-03-27
2026-03-27 04:00:00,638.6827392578125,507.5120498657227,629.0167694091797,713.0546875,801.3080932617188,928.3165649414062,2026-03-27
2026-03-27 05:00:00,532.8252563476562,338.50565948486326,440.8817596435547,524.7218627929688,619.7312042236329,759.8661071777344,2026-03-27
2026-03-27 06:00:00,500.0,377.31424102783205,466.4980072021484,549.0919189453125,652.5696838378906,806.0186645507813,2026-03-27
2026-03-27 07:00:00,450.0,240.83804016113282,318.8418228149414,398.1543884277344,508.20923309326173,668.5673812866211,2026-03-27
2026-03-27 08:00:00,295.0,187.9162796020508,253.24167861938477,327.5157470703125,433.7856719970703,596.8814422607422,2026-03-27
2026-03-27 09:00:00,210.0,176.48411560058594,232.36023559570313,300.9576721191406,403.02696685791017,566.5676712036133,2026-03-27
2026-03-27 10:00:00,300.0,170.51860656738282,222.92955780029297,289.9586486816406,387.13092346191405,552.3632553100585,2026-03-27
2026-03-27 11:00:00,297.5,196.67013092041014,245.99354553222656,311.41571044921875,412.8184051513672,576.2824829101562,2026-03-27
2026-03-27 12:00:00,297.5,211.76923141479494,256.0403541564941,314.66973876953125,413.77762527465825,577.1442588806152,2026-03-27
2026-03-27 13:00:00,277.5,245.58067932128907,287.17457122802733,337.353759765625,429.58933410644534,593.0094161987305,2026-03-27
2026-03-27 14:00:00,280.0,314.2757064819336,353.7222702026367,403.9849853515625,495.70997924804686,660.1732788085938,2026-03-27
2026-03-27 15:00:00,42.5,381.421378326416,426.0400764465332,483.3944091796875,581.370841217041,747.6177223205566,2026-03-27
2026-03-27 16:00:00,455.0,410.0886459350586,464.0875747680664,531.46728515625,636.3811096191406,812.2842224121093,2026-03-27
2026-03-27 17:00:00,415.0,691.4901504516602,760.0596450805664,840.3027954101562,957.8924026489258,1139.010139465332,2026-03-27
2026-03-27 18:00:00,371.7007446289063,806.5695541381835,880.4547698974609,970.3982543945312,1092.4164276123047,1275.6593933105469,2026-03-27
2026-03-27 19:00:00,500.0,309.83492279052734,388.0786361694336,479.2896423339844,596.9384552001953,774.657192993164,2026-03-27
2026-03-27 20:00:00,500.0,221.52644042968754,304.8613677978516,394.619384765625,506.96974792480466,675.0341979980469,2026-03-27
2026-03-27 21:00:00,985.0,270.84820556640625,359.9010314941406,446.5570068359375,553.2749633789062,712.3700439453125,2026-03-27
2026-03-27 22:00:00,500.0,291.21488189697266,388.0905197143555,473.2694091796875,569.060482788086,722.2063751220703,2026-03-27
2026-03-27 23:00:00,500.0,335.64138336181645,442.6297332763672,529.912841796875,621.4023162841797,767.7649291992187,2026-03-27
2026-03-28 00:00:00,400.0,508.5794738769531,582.8920104980468,628.242431640625,669.538330078125,727.7936340332031,2026-03-28
2026-03-28 01:00:00,302.5,479.4490173339844,579.829248046875,638.7459716796875,692.7016845703125,766.3069580078125,2026-03-28
2026-03-28 02:00:00,355.0,393.8179122924805,509.4311218261719,579.0109252929688,643.3171447753906,732.0123229980469,2026-03-28
2026-03-28 03:00:00,412.5,416.09533996582036,537.423959350586,614.9988403320312,688.6128295898437,792.0579528808594,2026-03-28
2026-03-28 04:00:00,455.0,310.08679809570316,422.63179321289067,503.7286987304688,586.9958435058594,704.6073364257812,2026-03-28
2026-03-28 05:00:00,355.0,264.0352722167969,362.5258361816406,445.36761474609375,536.4952758789062,666.3697998046875,2026-03-28
2026-03-28 06:00:00,470.2862548828125,263.1291687011719,349.65376586914067,431.0181274414063,530.6650115966797,673.2059722900391,2026-03-28
2026-03-28 07:00:00,302.5,212.06485900878914,286.89117507934577,364.0602416992188,469.1604629516602,615.928596496582,2026-03-28
2026-03-28 08:00:00,302.5,219.8094940185547,282.1247894287109,352.9006042480469,452.0145950317383,597.6984207153321,2026-03-28
2026-03-28 09:00:00,305.0,232.9922920227051,286.0010139465332,350.0509338378906,442.2228645324707,585.3480735778809,2026-03-28
2026-03-28 10:00:00,297.5,260.1195350646973,310.07480392456057,372.0101013183594,457.58830032348635,598.382625579834,2026-03-28
2026-03-28 11:00:00,345.0,314.99054260253905,361.99428863525395,422.4437255859375,509.70538635253905,646.4861190795898,2026-03-28
2026-03-28 12:00:00,373.78424072265625,263.51727371215827,306.8557395935059,361.2966918945313,445.19227828979496,579.4707695007324,2026-03-28
2026-03-28 13:00:00,453.5327453613281,237.53212890625002,278.8438888549805,325.5099182128906,403.09332275390625,535.2207901000977,2026-03-28
2026-03-28 14:00:00,448.5012512207031,293.285400390625,333.2803024291992,379.6927185058594,456.53857879638673,589.2497497558594,2026-03-28
2026-03-28 15:00:00,398.2539978027344,277.6158645629883,321.7041046142578,374.2275390625,456.32142333984376,591.1979843139649,2026-03-28
2026-03-28 16:00:00,276.7244873046875,189.26537551879883,243.92667465209962,306.925537109375,397.938402557373,544.4651100158692,2026-03-28
2026-03-28 17:00:00,200.78775024414065,102.71546325683593,175.97462463378903,253.53912353515625,357.43282318115234,509.99642181396484,2026-03-28
2026-03-28 18:00:00,281.3104858398437,108.24114227294922,185.6960311889648,272.3102111816406,379.9624053955078,534.3648712158204,2026-03-28
2026-03-28 19:00:00,222.99349975585935,99.85960083007814,180.8400817871094,267.73907470703125,371.08148803710935,519.5932556152344,2026-03-28
2026-03-28 20:00:00,260.0,99.77752990722661,185.92374725341801,271.0792236328125,368.72860412597663,508.80194091796875,2026-03-28
2026-03-28 21:00:00,225.0,106.80781707763674,197.75509490966797,279.7872314453125,371.9261413574219,504.4267333984375,2026-03-28
2026-03-28 22:00:00,210.9750061035156,95.0065658569336,191.44496002197263,270.82720947265625,352.2751831054687,478.9386962890625,2026-03-28
2026-03-28 23:00:00,115.69650268554688,4.587333679199219,106.61552734375,185.59478759765625,262.6470397949219,382.6316284179687,2026-03-28
2026-03-29 00:00:00,179.2480010986328,198.09710388183595,238.05939102172852,268.2076110839844,301.20934906005857,362.3945678710937,2026-03-29
2026-03-29 01:00:00,250.2845001220703,213.78992767333986,260.6038269042969,298.6360778808594,342.5526290893555,421.5491714477539,2026-03-29
2026-03-29 02:00:00,267.5,212.75842208862304,261.9400230407715,304.5867614746094,356.42204666137695,448.5819557189941,2026-03-29
2026-03-29 03:00:00,166.354248046875,195.27496185302735,243.55813903808593,289.4500732421875,346.79087829589844,447.7820281982422,2026-03-29
2026-03-29 04:00:00,285.0,186.4414276123047,231.9324447631836,277.0596618652344,336.8890899658203,444.35595550537107,2026-03-29
2026-03-29 05:00:00,292.5,195.46646423339843,235.5614486694336,280.00665283203125,340.7347930908203,452.5961090087891,2026-03-29
2026-03-29 06:00:00,292.5,199.28260498046876,233.68462066650392,275.32958984375,337.2108673095703,453.095068359375,2026-03-29
2026-03-29 07:00:00,277.5,108.1214080810547,136.4711944580078,173.0392303466797,232.21678771972657,345.7176177978515,2026-03-29
2026-03-29 08:00:00,253.4302520751953,82.99746246337891,103.94299926757813,133.12249755859375,184.9965393066406,293.1931838989258,2026-03-29
2026-03-29 09:00:00,275.0,69.82147827148438,86.34656677246093,110.36134338378906,158.00443115234376,263.30334320068357,2026-03-29
2026-03-29 10:00:00,280.0,113.53838043212892,128.15308074951173,150.4010772705078,193.87003479003906,297.1264221191406,2026-03-29
2026-03-29 11:00:00,287.5,153.78317413330078,167.90628509521486,189.79571533203125,234.8001953125,339.008935546875,2026-03-29
2026-03-29 12:00:00,295.25,193.09014739990235,206.52844696044923,229.49859619140625,277.14574279785154,384.59300842285154,2026-03-29
2026-03-29 13:00:00,273.6507568359375,146.93092041015626,161.99666442871094,185.28016662597656,236.18421020507813,347.242431640625,2026-03-29
2026-03-29 14:00:00,287.5,81.28449249267578,97.36730651855468,121.99789428710938,174.12645721435547,287.0979293823242,2026-03-29
2026-03-29 15:00:00,305.0,-64.2662139892578,-45.92760467529297,-19.96786499023437,31.70659942626953,146.59805145263672,2026-03-29
2026-03-29 16:00:00,447.5,-69.4404327392578,-45.07035827636719,-13.2801513671875,42.97928314208984,163.57803802490233,2026-03-29
2026-03-29 17:00:00,405.0,-27.82047119140624,4.475520324707034,46.7962646484375,113.77674560546875,240.6483917236328,2026-03-29
2026-03-29 18:00:00,412.5,223.60921783447264,262.9585723876953,315.03485107421875,390.39173736572263,523.0636337280273,2026-03-29
2026-03-29 19:00:00,284.9027404785156,250.1621467590332,294.50929794311526,349.0783386230469,426.6186393737793,560.3755485534668,2026-03-29
2026-03-29 20:00:00,256.4339904785156,241.72267150878906,290.4927917480469,344.5688171386719,420.0003005981445,550.8672317504883,2026-03-29
2026-03-29 21:00:00,249.04649353027344,408.44871139526373,456.7792701721192,509.6121215820313,583.0471000671387,712.5409156799317,2026-03-29
2026-03-29 22:00:00,282.5,287.5510055541992,336.84844360351565,387.72802734375,456.47721099853516,584.1153579711914,2026-03-29
2026-03-29 23:00:00,297.5,336.6288269042969,387.995866394043,438.8858642578125,508.07410736083983,635.1335174560547,2026-03-29
2026-03-30 00:00:00,300.0,344.96475982666016,389.6432403564453,417.1435546875,444.25926208496094,490.3868865966797,2026-03-30
2026-03-30 01:00:00,312.5,359.62010498046874,419.406103515625,455.86138916015625,491.7042602539062,550.8016021728516,2026-03-30
2026-03-30 02:00:00,447.7777404785156,300.4505264282227,369.7925674438477,412.9539184570313,456.1219665527344,525.5064331054688,2026-03-30
2026-03-30 03:00:00,682.9337768554688,297.992008972168,372.85509490966797,423.0321044921875,472.2981292724609,550.314697265625,2026-03-30
2026-03-30 04:00:00,682.509521484375,247.4398078918457,324.76088867187497,379.44573974609375,434.3127685546875,518.2557098388672,2026-03-30
2026-03-30 05:00:00,612.0905151367188,213.28668823242185,290.6149307250976,349.2841186523437,408.6802764892578,499.30598754882806,2026-03-30
2026-03-30 06:00:00,630.75,209.88865814208987,288.0104782104492,350.8493957519531,416.0445861816406,513.8158813476563,2026-03-30
2026-03-30 07:00:00,312.5,186.0585723876953,263.3599945068359,328.7055969238281,398.16247100830077,496.98487701416013,2026-03-30
2026-03-30 08:00:00,257.5,154.4818557739258,225.49276275634764,289.8294982910156,358.4468765258789,456.9286605834961,2026-03-30
2026-03-30 09:00:00,290.0,16.592755126953136,83.07141418457032,145.92886352539062,214.43756103515622,313.3783996582031,2026-03-30
2026-03-30 10:00:00,300.0,32.726599884033206,97.1414894104004,160.0378875732422,226.66430435180663,325.51361618041994,2026-03-30
2026-03-30 11:00:00,387.0,-37.03582077026367,25.861437225341803,88.99372863769531,156.81729965209962,256.0525321960449,2026-03-30
2026-03-30 12:00:00,402.5,-53.356774902343744,9.120500183105484,72.29617309570312,141.67881317138676,242.3172073364258,2026-03-30
2026-03-30 13:00:00,450.0,2.766751098632824,66.2377685546875,129.09408569335938,199.44475860595705,302.5856185913086,2026-03-30
2026-03-30 14:00:00,645.13623046875,58.38323364257812,122.29651489257812,187.1292724609375,259.4029800415039,364.84376983642574,2026-03-30
2026-03-30 15:00:00,302.5,-2.2202682495117188,64.64292297363282,132.7847442626953,207.92354278564454,315.609457397461,2026-03-30
2026-03-30 16:00:00,302.5,4.33478698730471,78.47102050781251,153.77684020996094,234.16483764648433,346.84595336914066,2026-03-30
2026-03-30 17:00:00,455.0,47.148605346679716,129.2276321411133,210.967041015625,297.5282318115235,411.53197326660154,2026-03-30
2026-03-30 18:00:00,297.5,138.37613677978516,220.78805236816407,304.4800720214844,391.33702392578124,505.42950439453125,2026-03-30
2026-03-30 19:00:00,297.5,145.96938018798832,225.29052276611333,305.2514343261719,387.1240371704102,496.2469192504883,2026-03-30
2026-03-30 20:00:00,295.0,138.43703613281252,216.7556884765625,293.66314697265625,370.3564483642578,474.13379821777346,2026-03-30
2026-03-30 21:00:00,295.0,113.34955749511721,190.9377471923828,266.2648010253906,341.21335754394534,441.67356872558594,2026-03-30
2026-03-30 22:00:00,280.0,133.75343017578126,212.81834259033204,287.72369384765625,359.9968139648438,457.5303039550781,2026-03-30
2026-03-30 23:00:00,215.0,99.91787185668946,179.17366180419918,253.43829345703125,326.5499267578125,422.7864685058594,2026-03-30
2026-03-31 00:00:00,262.5,219.14166870117185,266.5270629882812,298.28631591796875,331.8207122802734,392.41632080078125,2026-03-31
2026-03-31 01:00:00,277.5,178.749520111084,239.77393951416016,282.6725769042969,327.9223388671875,407.03904418945314,2026-03-31
2026-03-31 02:00:00,250.0,128.05263442993163,199.71908111572264,250.9185333251953,305.58302612304686,397.9599548339844,2026-03-31
2026-03-31 03:00:00,118.91999816894533,71.19293670654301,150.99059753417973,211.0279235839844,273.74980773925785,378.4145477294922,2026-03-31
2026-03-31 04:00:00,74.80774688720703,38.57227325439453,121.84224853515626,187.64244079589844,257.4493041992188,370.5010131835937,2026-03-31
2026-03-31 05:00:00,-47.83000183105469,-114.53885955810546,-31.673048400878898,38.10357666015625,113.5912750244141,234.37840270996094,2026-03-31
2026-03-31 06:00:00,-50.0,-153.64920043945312,-71.81883087158202,1.941436767578125,85.45297698974609,216.30108795166015,2026-03-31
2026-03-31 07:00:00,-43.2822494506836,-159.13512573242187,-81.00141754150391,-5.60223388671875,83.72673187255859,218.5920455932617,2026-03-31
2026-03-31 08:00:00,-50.0,-163.33595428466796,-94.9349868774414,-22.45611572265625,65.6381622314453,199.47347106933591,2026-03-31
2026-03-31 09:00:00,-50.0,-147.89126434326172,-86.3856216430664,-17.127288818359375,69.99725799560548,204.91442871093753,2026-03-31
2026-03-31 10:00:00,-50.0,-132.1663505554199,-73.22073440551759,-3.57373046875,83.42780685424803,221.95175704956057,2026-03-31
2026-03-31 11:00:00,-50.0,-110.76816940307617,-51.74359817504882,20.141876220703125,112.28462600708009,254.52616195678712,2026-03-31
2026-03-31 12:00:00,-50.0,-98.851700592041,-39.13515090942383,34.1483154296875,128.77795791625977,272.52071914672854,2026-03-31
2026-03-31 13:00:00,-50.0,-130.06966857910155,-67.91566925048826,4.719146728515625,98.73833465576172,242.16980438232423,2026-03-31
2026-03-31 14:00:00,-50.0,-144.93885498046873,-83.70738677978515,-11.54638671875,81.01136322021483,222.571516418457,2026-03-31
2026-03-31 15:00:00,-50.0,-149.98397064208984,-88.19361114501953,-16.358642578125,75.97447204589844,216.89537963867187,2026-03-31
2026-03-31 16:00:00,-50.03799819946289,-119.10054626464841,-52.26483764648437,23.911773681640625,118.44491729736328,261.74174041748046,2026-03-31
2026-03-31 17:00:00,197.5,92.72316589355466,168.7123123168945,252.19808959960935,353.5428070068359,498.0311126708984,2026-03-31
2026-03-31 18:00:00,207.5,203.27757873535157,282.59366912841796,369.132568359375,471.5044281005859,614.8327178955078,2026-03-31
2026-03-31 19:00:00,211.75,189.29204101562502,267.24091186523435,349.6298522949219,446.3045989990234,583.703482055664,2026-03-31
2026-03-31 20:00:00,231.4564971923828,216.81128845214852,293.6526519775391,371.8595581054688,462.0045318603516,591.2585235595703,2026-03-31
2026-03-31 21:00:00,290.0,340.8386474609375,416.19464721679685,490.907470703125,576.9659423828125,700.3477355957032,2026-03-31
2026-03-31 22:00:00,300.0,502.7093978881836,579.0160736083984,651.79443359375,733.2144226074219,850.6318176269531,2026-03-31
2026-03-31 23:00:00,347.5,628.3228630065918,706.8112869262695,778.8108520507812,860.2096923828125,975.0079406738281,2026-03-31
2026-04-01 00:00:00,412.5,226.56021423339843,277.3973083496094,306.6640930175781,333.4384307861328,376.48516235351565,2026-04-01
2026-04-01 01:00:00,567.8695068359375,204.27238311767576,269.99794616699216,308.963623046875,345.0071716308593,401.38784790039057,2026-04-01
2026-04-01 02:00:00,500.0,201.75246582031247,278.4677917480468,326.2450561523437,370.6477172851562,440.1823181152343,2026-04-01
2026-04-01 03:00:00,500.0,143.4940567016601,226.17639770507805,282.5492553710937,334.39894409179686,415.68990478515616,2026-04-01
2026-04-01 04:00:00,452.5,144.78670349121094,225.02668151855468,286.4493103027344,345.6941802978516,437.2250122070313,2026-04-01
2026-04-01 05:00:00,500.0,231.62982482910158,303.1321502685547,366.35498046875,432.63859100341796,536.8475448608399,2026-04-01
2026-04-01 06:00:00,457.5,172.60699920654298,235.13684692382813,299.249267578125,375.1245635986328,492.9793304443359,2026-04-01
2026-04-01 07:00:00,372.5,136.7327728271485,190.3006744384766,253.7877349853516,338.74732971191406,464.43419036865237,2026-04-01
2026-04-01 08:00:00,160.0,-80.70236129760741,-38.33467330932617,21.602020263671875,106.27702102661132,235.86318588256836,2026-04-01
2026-04-01 09:00:00,260.0,-75.43059692382812,-41.444515991210935,13.97906494140625,96.96422729492187,227.99467620849603,2026-04-01
2026-04-01 10:00:00,268.3697509765625,68.03058013916016,98.03924560546875,150.87612915039062,229.51748046875,360.4948974609375,2026-04-01
2026-04-01 11:00:00,156.2364959716797,123.38002014160156,150.81649322509764,200.86398315429688,280.62156829833987,412.19853973388666,2026-04-01
2026-04-01 12:00:00,237.5,16.675181579589847,41.96942138671875,88.64210510253906,167.46593322753904,298.96783752441405,2026-04-01
2026-04-01 13:00:00,117.03900146484376,-61.40177917480469,-36.062294006347656,6.29119873046875,82.05162963867187,212.8152847290039,2026-04-01
2026-04-01 14:00:00,62.5,-86.19892425537108,-59.92168731689453,-16.6453857421875,58.199392700195304,187.07488708496092,2026-04-01
2026-04-01 15:00:00,-50.0,-110.85858001708984,-79.06546783447266,-31.239166259765625,45.07835083007812,172.66416015624998,2026-04-01
2026-04-01 16:00:00,32.5,-119.32148742675781,-75.93915405273438,-19.3173828125,61.65601654052736,192.96478424072265,2026-04-01
2026-04-01 17:00:00,295.0,-22.210464477539062,38.88419952392579,108.74185180664062,199.07207946777345,331.4306121826172,2026-04-01
2026-04-01 18:00:00,302.5,97.57743835449219,167.54863128662106,245.72608947753903,337.44154510498043,465.9737899780273,2026-04-01
2026-04-01 19:00:00,370.0,130.28421936035159,203.47775573730468,280.270263671875,365.8441101074219,487.04058227539065,2026-04-01
2026-04-01 20:00:00,450.0,72.9564804077149,148.86308288574224,222.2116241455078,300.3274200439454,412.07384948730476,2026-04-01
2026-04-01 21:00:00,450.0,50.739620208740206,128.60478820800773,199.5301818847656,274.1880401611328,379.12153930664056,2026-04-01
2026-04-01 22:00:00,327.854736328125,35.080316925048834,117.86947479248047,188.20703125,259.5146179199219,359.5605285644531,2026-04-01
2026-04-01 23:00:00,273.468994140625,51.04506607055666,136.27751617431642,206.1238250732422,277.4496124267578,373.3452545166016,2026-04-01
2026-04-02 00:00:00,287.5,129.79012756347657,176.42999877929685,208.038818359375,240.09449462890626,293.75083618164064,2026-04-02
2026-04-02 01:00:00,350.0,203.9571472167969,263.11261596679685,305.72216796875,349.46806640625,420.9035919189453,2026-04-02
2026-04-02 02:00:00,285.0,165.17796783447267,234.51384582519532,285.6171569824219,338.2201446533203,422.94321594238284,2026-04-02
2026-04-02 03:00:00,280.0,148.77381439208986,223.7346435546875,282.31854248046875,342.23211669921875,437.358544921875,2026-04-02
2026-04-02 04:00:00,127.75,136.39731903076174,209.6091094970703,271.4075012207031,337.28211975097656,441.13665161132815,2026-04-02
2026-04-02 05:00:00,10.0,85.97998657226563,153.05831756591797,215.36471557617188,284.9780578613281,396.5212036132813,2026-04-02
2026-04-02 06:00:00,-50.0,126.15888824462891,188.2870071411133,251.72772216796875,327.46567993164064,448.42152709960936,2026-04-02
2026-04-02 07:00:00,-47.21749877929688,28.26516036987306,83.57659988403321,146.0428466796875,227.42825546264646,353.4619972229004,2026-04-02
2026-04-02 08:00:00,-50.0,-87.60575103759766,-42.098637390136716,16.193634033203125,96.25827026367188,223.23387603759764,2026-04-02
2026-04-02 09:00:00,-50.0,-86.89393920898436,-49.120887756347656,4.455718994140625,83.22715606689452,211.10352478027343,2026-04-02
2026-04-02 10:00:00,-50.0,-77.31465301513671,-43.781752014160155,8.54144287109375,86.88464050292968,219.17035980224608,2026-04-02
2026-04-02 11:00:00,-50.0,-93.76338958740234,-61.3841812133789,-9.053680419921877,75.00150909423827,210.97838897705077,2026-04-02
2026-04-02 12:00:00,-50.0,-93.67892608642578,-63.085446166992185,-12.852691650390623,72.34726104736328,209.84453887939452,2026-04-02
2026-04-02 13:00:00,-50.0,-94.81100158691406,-63.96666412353515,-18.25155639648437,62.98380889892577,199.53758850097654,2026-04-02
2026-04-02 14:00:00,-50.0,-95.21179809570312,-65.2929718017578,-20.57391357421875,56.84180755615233,189.0896514892578,2026-04-02
2026-04-02 15:00:00,-50.0,-109.88517150878906,-75.55957946777343,-28.92269897460937,47.44378051757812,177.01369934082027,2026-04-02
2026-04-02 16:00:00,-51.0359992980957,-120.01161804199218,-74.02393798828125,-18.058074951171875,62.73854064941406,197.09735412597658,2026-04-02
2026-04-02 17:00:00,1.5,-121.32518005371094,-57.182553100585935,13.19720458984375,104.15277099609375,241.89682617187498,2026-04-02
2026-04-02 18:00:00,186.5,-110.15730895996091,-39.12587814331055,38.33999633789063,131.6028625488281,266.87717895507814,2026-04-02
2026-04-02 19:00:00,165.88475036621094,-109.31677551269527,-36.849536132812474,38.68272399902344,127.23005371093751,256.3578369140625,2026-04-02
2026-04-02 20:00:00,-30.572250366210938,-132.81680450439453,-59.07318878173828,13.011077880859377,95.19028320312499,215.9378479003906,2026-04-02
2026-04-02 21:00:00,-27.17374992370605,-130.97223205566405,-58.07130584716796,11.271942138671877,89.69127502441405,205.16564025878904,2026-04-02
2026-04-02 22:00:00,-54.85599899291992,-138.6718307495117,-64.94725952148437,1.795928955078125,75.83989868164062,186.5469024658203,2026-04-02
2026-04-02 23:00:00,-50.946998596191406,-145.08716812133787,-70.72174377441407,-4.9898681640625,68.48614196777343,175.7051300048828,2026-04-02
2026-04-03 00:00:00,-50.946998596191406,-46.494807434082034,-34.065406799316406,-15.8026123046875,10.29398498535156,65.14493865966796,2026-04-03
2026-04-03 01:00:00,-50.0,-61.09838104248047,-48.17427215576171,-21.93609619140625,19.34984741210937,101.43605194091796,2026-04-03
2026-04-03 02:00:00,-50.0,-72.13824920654297,-57.99837951660156,-23.82666015625,29.647968292236328,129.66038818359377,2026-04-03
2026-04-03 03:00:00,-50.0,-81.4608383178711,-66.17758331298828,-26.466949462890625,37.37563858032226,152.46088409423828,2026-04-03
2026-04-03 04:00:00,-50.0,-73.04199676513672,-58.45873107910156,-15.103271484375,56.722810363769526,182.5817123413086,2026-04-03
2026-04-03 05:00:00,-50.0,-77.53354339599609,-64.74034271240234,-20.80157470703125,53.92719573974608,188.84004058837888,2026-04-03
2026-04-03 06:00:00,-50.0,-78.2522705078125,-65.15540466308593,-24.325225830078125,53.0333885192871,194.44205627441406,2026-04-03
2026-04-03 07:00:00,-50.0,-79.76409759521485,-67.38491973876953,-29.788726806640625,48.086785888671855,192.7291030883789,2026-04-03
2026-04-03 08:00:00,-50.0,-69.2337890625,-60.77508544921875,-26.83636474609375,45.98536071777343,188.5998077392578,2026-04-03
2026-04-03 09:00:00,-50.0,-65.92557983398437,-58.70973510742187,-27.93588256835937,40.38960647583008,181.09335021972655,2026-04-03
2026-04-03 10:00:00,-50.0,-54.44050140380859,-45.9314682006836,-15.467742919921877,48.08024291992187,185.15836029052733,2026-04-03
2026-04-03 11:00:00,-50.0,-60.927734375,-49.572409057617186,-17.949554443359375,49.166101837158195,186.5263671875,2026-04-03
2026-04-03 12:00:00,-50.0,-71.88995056152343,-59.09939880371094,-27.296417236328125,41.35135955810546,179.01901245117188,2026-04-03
2026-04-03 13:00:00,-50.0,-72.64004821777343,-58.31279907226562,-27.603759765625,41.07413787841796,179.00038146972656,2026-04-03
2026-04-03 14:00:00,-50.0,-76.0142837524414,-60.30923004150391,-28.475006103515625,41.6223258972168,179.7572311401367,2026-04-03
2026-04-03 15:00:00,-50.0,-79.33455505371094,-60.188717651367185,-23.808349609375,47.88349685668945,188.13980712890623,2026-04-03
2026-04-03 16:00:00,-50.0,-105.05971221923828,-74.3796615600586,-27.01702880859375,54.415478515625,205.0686569213867,2026-04-03
2026-04-03 17:00:00,294.0,29.003872680664074,80.00231628417968,145.7776641845703,246.52054138183593,405.78301696777345,2026-04-03
2026-04-03 18:00:00,371.75,168.36979980468752,226.0077651977539,303.7752380371094,413.9475433349609,576.6717590332031,2026-04-03
2026-04-03 19:00:00,423.25,223.33836517333987,282.76391754150393,360.8529357910156,469.6931625366211,629.6884292602539,2026-04-03
2026-04-03 20:00:00,525.0,589.8800430297852,652.4495391845703,728.5989990234375,833.4061935424804,987.5119155883789,2026-04-03
2026-04-03 21:00:00,500.0,474.5912368774415,540.6964347839355,615.9349365234375,718.6438720703125,869.3039611816406,2026-04-03
2026-04-03 22:00:00,367.0,208.88203124999998,278.9954811096191,354.379150390625,454.4916687011719,599.6042449951171,2026-04-03
2026-04-03 23:00:00,212.5,143.9213851928711,213.1080207824707,290.1953125,390.82344207763674,531.8425094604493,2026-04-03
2026-04-04 00:00:00,277.5,225.9831367492676,270.48103637695317,302.33526611328125,334.94649047851567,390.3580017089844,2026-04-04
2026-04-04 01:00:00,89.72474670410156,142.68519287109376,196.35035705566406,240.8914031982422,291.16232147216795,372.29056549072266,2026-04-04
2026-04-04 02:00:00,-48.99599838256836,48.27593383789063,106.43481369018555,161.50653076171875,226.3741195678711,325.36697540283205,2026-04-04
2026-04-04 03:00:00,-50.0,-90.06099090576171,-32.9313362121582,26.9110107421875,100.74051361083984,214.16240997314452,2026-04-04
2026-04-04 04:00:00,94.60749816894533,-105.17772369384765,-57.55871124267578,-0.077117919921875,76.21969909667968,199.94416503906248,2026-04-04
2026-04-04 05:00:00,-48.75,-100.70860900878905,-66.11958770751953,-15.48260498046875,58.908010864257804,186.42953033447264,2026-04-04
2026-04-04 06:00:00,-51.25,-96.53129577636719,-70.79114990234375,-27.65911865234375,44.113429260253895,172.37888031005858,2026-04-04
2026-04-04 07:00:00,-50.0,-84.6953109741211,-65.75009765625,-31.25091552734375,37.44441909790038,164.4729766845703,2026-04-04
2026-04-04 08:00:00,-50.0,-66.56809844970704,-54.90351104736328,-27.63201904296875,33.13731842041015,154.94865112304686,2026-04-04
2026-04-04 09:00:00,-50.0,-56.95696105957031,-50.03262634277344,-28.215240478515625,26.35912475585937,145.43274993896483,2026-04-04
2026-04-04 10:00:00,-50.0,-48.216865539550774,-43.25314178466796,-23.275787353515625,27.25511016845703,145.32696075439452,2026-04-04
2026-04-04 11:00:00,-50.0,-46.77278137207031,-41.48710632324219,-21.865936279296875,32.82978820800781,150.8313247680664,2026-04-04
2026-04-04 12:00:00,-50.0,-50.46648406982422,-45.20864410400391,-27.07086181640625,27.78517608642578,146.61264343261715,2026-04-04
2026-04-04 13:00:00,-50.0,-46.58662719726563,-41.11659545898438,-25.6285400390625,27.45831451416015,147.43585357666015,2026-04-04
2026-04-04 14:00:00,-50.0,-42.89188690185547,-38.272117614746094,-21.88653564453125,32.20008544921875,153.40998382568358,2026-04-04
2026-04-04 15:00:00,-50.0,-53.162174987792966,-44.37321014404297,-23.07647705078125,34.259115600585936,158.87010650634764,2026-04-04
2026-04-04 16:00:00,-50.0,-78.31454620361328,-57.42936859130859,-24.20443725585937,43.046453094482416,179.38135986328123,2026-04-04
2026-04-04 17:00:00,-52.140750885009766,-107.93462982177734,-63.070841979980464,-9.3072509765625,76.38381042480468,222.9489593505859,2026-04-04
2026-04-04 18:00:00,90.5,-78.24526214599608,-21.58245391845702,46.22749328613281,140.37901000976564,289.45358886718753,2026-04-04
2026-04-04 19:00:00,181.5,49.50337066650391,110.80227966308594,180.2286376953125,272.1146179199219,418.0718811035156,2026-04-04
2026-04-04 20:00:00,133.0,81.17253265380862,148.0837623596192,215.77381896972656,302.7977600097656,441.27308959960936,2026-04-04
2026-04-04 21:00:00,115.75,61.59920043945314,129.61856231689453,193.53390502929688,275.1546997070312,409.546240234375,2026-04-04
2026-04-04 22:00:00,25.75,83.8226089477539,152.61787109375,211.824951171875,285.1761947631836,415.6147689819336,2026-04-04
2026-04-04 23:00:00,36.97724914550781,78.65708465576175,146.91809692382816,205.55877685546875,277.676058959961,407.2943420410156,2026-04-04
2026-04-05 00:00:00,-4.130000114440918,200.98745727539062,233.2581558227539,259.7995910644531,290.4360092163086,345.60765380859374,2026-04-05
2026-04-05 01:00:00,16.727249145507812,186.2875579833984,222.48740386962885,257.1010131835937,302.45104980468744,381.717739868164,2026-04-05
2026-04-05 02:00:00,193.2144927978516,172.14598388671874,207.40711669921876,247.8462371826172,304.44131622314455,400.2033157348633,2026-04-05
2026-04-05 03:00:00,52.64400100708008,182.14617309570315,214.3847640991211,254.3576202392578,316.41284027099607,423.80171203613276,2026-04-05
2026-04-05 04:00:00,283.229736328125,235.89287872314452,260.2871459960937,296.233154296875,358.46638641357424,473.9822692871094,2026-04-05
2026-04-05 05:00:00,267.5,178.12682037353517,194.5206268310547,225.04400634765625,284.5545166015625,402.46096954345705,2026-04-05
2026-04-05 06:00:00,-45.69649887084961,89.84158325195312,101.76847839355469,125.95797729492188,181.8922882080078,298.9211883544922,2026-04-05
2026-04-05 07:00:00,27.054750442504883,-16.115354919433592,-7.259793090820313,10.77227783203125,62.11507110595703,177.50311126708982,2026-04-05
2026-04-05 08:00:00,-50.0,-33.33683776855469,-28.77397766113281,-16.3489990234375,27.156231689453122,138.10025024414062,2026-04-05
2026-04-05 09:00:00,-50.0,-34.79221038818359,-32.39796600341797,-24.68817138671875,12.907839965820308,120.35745544433593,2026-04-05
2026-04-05 10:00:00,-50.0,-28.44311828613281,-26.942309570312496,-20.100860595703125,12.99611053466797,117.65843658447264,2026-04-05
2026-04-05 11:00:00,-50.0,-36.89220123291015,-34.096815490722655,-26.41058349609375,10.875247192382808,114.90726776123046,2026-04-05
2026-04-05 12:00:00,-50.0,-39.67640838623047,-35.87003021240234,-27.412811279296875,11.701237487792966,118.19561614990232,2026-04-05
2026-04-05 13:00:00,-50.0,-36.801683044433595,-32.08236541748047,-23.130523681640625,17.34789276123047,128.09295349121092,2026-04-05
2026-04-05 14:00:00,-50.0,-38.05935974121094,-32.674520874023436,-22.2159423828125,22.114097595214844,138.21560668945312,2026-04-05
2026-04-05 15:00:00,-50.0,-42.37775421142578,-35.751829528808585,-21.13534545898437,27.816215515136722,151.65093231201166,2026-04-05
2026-04-05 16:00:00,-50.0,-61.118408203125,-45.753239440917966,-20.83700561523437,40.175349426269534,181.04974060058592,2026-04-05
2026-04-05 17:00:00,-0.3597500026226043,-91.95845794677734,-55.795066833496094,-10.856414794921877,72.30592651367186,227.592578125,2026-04-05
2026-04-05 18:00:00,101.3582534790039,22.17373046875001,69.49455718994142,130.3806610107422,226.0258087158203,390.3448272705078,2026-04-05
2026-04-05 19:00:00,171.5,136.24027099609376,186.8734992980957,250.55474853515625,347.77189483642576,514.018391418457,2026-04-05
2026-04-05 20:00:00,138.0,147.5573272705078,203.58231582641602,266.57452392578125,362.6293579101563,527.2600524902343,2026-04-05
2026-04-05 21:00:00,307.5,267.8895965576172,327.38707580566404,389.0205078125,483.6632614135742,646.3788040161132,2026-04-05
2026-04-05 22:00:00,295.0,401.9307769775391,464.6009590148926,525.6170043945312,615.2727600097656,773.6735870361329,2026-04-05
2026-04-05 23:00:00,355.0,334.64088134765626,397.7936378479004,459.7752380371094,548.8143280029296,705.1265625,2026-04-05
2026-04-06 00:00:00,397.5,285.05985260009766,347.0124908447266,386.6064758300781,424.67145385742185,484.92511596679685,2026-04-06
2026-04-06 01:00:00,465.0,438.92030944824216,517.546109008789,571.7369995117188,627.704656982422,712.3688537597657,2026-04-06
2026-04-06 02:00:00,440.0,100.84567794799807,187.67184143066407,253.41525268554688,324.2964263916016,428.61941223144527,2026-04-06
2026-04-06 03:00:00,257.5,75.28345794677736,161.40140228271486,232.4783935546875,314.15528564453126,434.6750854492187,2026-04-06
2026-04-06 04:00:00,285.0,82.90363616943361,156.0838905334473,225.63650512695312,311.1976943969727,445.8689956665039,2026-04-06
2026-04-06 05:00:00,277.9945068359375,84.58306274414063,139.44062271118165,202.7069091796875,288.3584503173828,428.9568725585938,2026-04-06
2026-04-06 06:00:00,-45.64925003051758,57.12254943847657,96.50770721435546,151.38284301757812,235.66336212158205,378.8609146118164,2026-04-06
2026-04-06 07:00:00,74.36849975585938,-7.5632476806640625,18.73027801513672,62.662017822265625,143.01412658691407,283.9220565795898,2026-04-06
2026-04-06 08:00:00,-50.0,-58.780603027343744,-43.81262359619141,-10.29364013671875,59.31448974609374,193.90532989501952,2026-04-06
2026-04-06 09:00:00,-50.0,-50.93388214111328,-42.88279266357422,-17.644927978515625,43.257763671875,173.37543334960932,2026-04-06
2026-04-06 10:00:00,-50.0,-48.81890716552734,-42.710655212402344,-20.3179931640625,34.28591613769531,161.65126647949216,2026-04-06
2026-04-06 11:00:00,-50.0,-49.006422424316405,-43.414251708984374,-22.17742919921875,35.7728530883789,162.23200378417968,2026-04-06
2026-04-06 12:00:00,-50.0,-52.38022918701172,-48.079559326171875,-29.53857421875,29.049522399902337,157.89691467285155,2026-04-06
2026-04-06 13:00:00,-50.0,-47.20568237304687,-43.160804748535156,-27.28717041015625,30.450343322753902,163.18486328125,2026-04-06
2026-04-06 14:00:00,-50.0,-48.22714691162109,-44.27095489501953,-26.80429077148437,33.77134399414062,170.81522827148436,2026-04-06
2026-04-06 15:00:00,-50.0,-58.2699951171875,-50.308712768554685,-26.683349609375,39.06166381835938,180.8217575073242,2026-04-06
2026-04-06 16:00:00,-50.0,-20.848954772949213,-4.09977569580078,29.652740478515625,104.75979461669921,259.4076385498047,2026-04-06
2026-04-06 17:00:00,69.8324966430664,92.94697952270508,127.03154067993165,178.38223266601562,270.8567283630371,435.9659706115723,2026-04-06
2026-04-06 18:00:00,225.6647491455078,197.53289413452148,244.41020736694338,310.5039978027344,412.4945777893066,582.4363471984864,2026-04-06
2026-04-06 19:00:00,204.0,228.08766479492186,283.20627746582034,352.799560546875,453.8316619873047,621.8923309326171,2026-04-06
2026-04-06 20:00:00,162.92825317382812,210.91605529785156,274.4574935913086,343.7436828613281,440.5805267333984,601.3816009521483,2026-04-06
2026-04-06 21:00:00,245.8789978027344,196.47166900634767,265.42242736816405,331.77154541015625,422.37483673095704,576.4368301391602,2026-04-06
2026-04-06 22:00:00,392.5,174.51319274902346,249.43584213256838,313.6454772949219,394.5109329223632,542.5373062133789,2026-04-06
2026-04-06 23:00:00,455.0,154.55785217285157,234.84887008666993,299.88922119140625,377.71655120849607,522.322477722168,2026-04-06
2026-04-07 00:00:00,396.5,166.36533813476564,234.37879333496093,275.5048828125,311.69476318359375,363.1802673339844,2026-04-07
2026-04-07 01:00:00,392.5,182.20469360351564,273.42718200683595,327.21453857421875,375.993310546875,442.9397399902344,2026-04-07
2026-04-07 02:00:00,917.0,168.59322509765627,270.54230346679685,333.620361328125,392.2965026855469,473.3499572753906,2026-04-07
2026-04-07 03:00:00,677.5,117.86117553710938,221.13636169433596,290.23297119140625,358.3572540283203,455.44358825683594,2026-04-07
2026-04-07 04:00:00,500.0,79.2062881469727,171.00505676269535,243.5690460205078,321.96703796386726,435.33764343261726,2026-04-07
2026-04-07 05:00:00,417.5,94.39243011474613,167.05564727783207,237.926513671875,322.5939361572266,448.85511169433596,2026-04-07
2026-04-07 06:00:00,285.0,95.76669464111332,149.01856231689456,212.8503570556641,301.61635131835936,437.1599182128907,2026-04-07
2026-04-07 07:00:00,115.0,-66.01163787841796,-29.01492462158203,26.04623413085937,116.187255859375,254.67775268554686,2026-04-07
2026-04-07 08:00:00,282.5,-90.4577423095703,-66.33771362304688,-20.584869384765625,61.05022735595702,196.47650451660152,2026-04-07
2026-04-07 09:00:00,132.5,-76.59415588378906,-60.94904479980469,-23.7220458984375,48.236631774902335,178.9499786376953,2026-04-07
2026-04-07 10:00:00,0.0,-65.89053192138672,-52.571669006347655,-19.07464599609375,45.02377700805664,171.38399353027341,2026-04-07
2026-04-07 11:00:00,0.0,0.214329528808598,12.25684814453125,43.001007080078125,107.10236206054687,229.3675582885742,2026-04-07
2026-04-07 12:00:00,0.0,-16.566676330566402,-6.366517639160161,19.371246337890625,80.84024200439453,201.1350112915039,2026-04-07
2026-04-07 13:00:00,0.0,-40.180517578125,-31.233396911621096,-11.118896484375,46.39403533935546,167.84283905029295,2026-04-07
2026-04-07 14:00:00,0.0,-47.6126724243164,-38.27518768310547,-16.840667724609375,42.40170288085937,166.9769119262695,2026-04-07
2026-04-07 15:00:00,-50.0,-62.23556976318359,-47.62712860107422,-19.192779541015625,46.012184143066406,174.763232421875,2026-04-07
2026-04-07 16:00:00,-11.5,-75.28388977050781,-49.90757598876953,-10.3729248046875,65.4768699645996,208.54625396728514,2026-04-07
2026-04-07 17:00:00,202.5,-82.67313537597656,-34.00960235595703,25.540802001953125,120.39163513183593,273.463656616211,2026-04-07
2026-04-07 18:00:00,129.75,-41.24687652587889,23.70261001586917,99.8472900390625,204.27752532958988,362.2315170288086,2026-04-07
2026-04-07 19:00:00,-9.0,-5.0202484130859375,66.53039855957032,145.62490844726562,247.4318420410156,401.25929870605466,2026-04-07
2026-04-07 20:00:00,-55.75,-123.12543640136718,-42.527618408203125,35.98162841796875,131.80207519531254,275.6752746582031,2026-04-07
2026-04-07 21:00:00,88.0,-159.56554260253904,-70.14648132324218,4.9620361328125,92.56767272949219,227.2031280517578,2026-04-07
2026-04-07 22:00:00,-33.324501037597656,-179.99904708862303,-79.95660247802732,-6.950531005859375,68.35599365234374,195.09940185546873,2026-04-07
2026-04-07 23:00:00,-51.75775146484375,-197.45149841308591,-87.16550292968749,-13.12811279296875,56.2769470214844,174.70166015625,2026-04-07
2026-04-08 00:00:00,-53.74274826049805,-35.30755615234375,-21.811685180664064,-4.713958740234375,21.706864929199217,81.47832641601563,2026-04-08
2026-04-08 01:00:00,-52.598751068115234,-57.17665252685546,-41.773095703124994,-16.528533935546875,26.070603942871088,114.75452423095703,2026-04-08
2026-04-08 02:00:00,-51.31475067138672,-58.510685729980466,-42.39215393066406,-9.55224609375,46.678851318359364,154.654524230957,2026-04-08
2026-04-08 03:00:00,-50.0,-57.229591369628906,-42.72907257080078,-6.88275146484375,58.63828353881836,180.61611938476562,2026-04-08
2026-04-08 04:00:00,-50.56499862670898,-60.8630874633789,-49.50040283203125,-15.340667724609377,51.81294937133789,181.99043884277341,2026-04-08
2026-04-08 05:00:00,-48.83174896240234,-42.68629455566406,-36.57085418701172,-6.73577880859375,56.162472534179685,188.15542144775387,2026-04-08
2026-04-08 06:00:00,-46.853248596191406,-28.27932739257812,-23.411221313476567,0.079345703125,57.36947402954101,185.2043518066406,2026-04-08
2026-04-08 07:00:00,-48.067501068115234,-32.95960998535156,-28.368316650390625,-10.106964111328123,40.095124816894526,165.0444091796875,2026-04-08
2026-04-08 08:00:00,-50.0,-43.750877380371094,-40.11097564697266,-24.5638427734375,20.283602905273433,140.30216827392576,2026-04-08
2026-04-08 09:00:00,-50.0,-41.924868774414065,-37.92911376953125,-23.4908447265625,19.043896484374997,137.44273986816404,2026-04-08
2026-04-08 10:00:00,-50.54850006103516,-38.308169555664065,-34.9217529296875,-20.00018310546875,21.074444580078122,138.45220184326172,2026-04-08
2026-04-08 11:00:00,-41.979000091552734,20.70370330810547,25.377508544921877,41.47761535644531,86.3717269897461,206.40917663574217,2026-04-08
2026-04-08 12:00:00,-52.53350067138672,2.2324752807617188,7.775971984863276,24.438751220703125,72.28852996826171,195.02987060546874,2026-04-08
2026-04-08 13:00:00,-51.747501373291016,-0.9803787231445291,5.4218185424804695,22.2601318359375,72.50480651855469,199.55525512695314,2026-04-08
2026-04-08 14:00:00,30.75,4.2591400146484375,10.585842895507813,28.563140869140625,82.24739227294921,213.88595123291014,2026-04-08
2026-04-08 15:00:00,149.2657470703125,-7.738989257812499,0.001631164550779829,21.165191650390625,78.14793243408204,216.8800903320312,2026-04-08
2026-04-08 16:00:00,179.72850036621094,79.32867584228515,96.2002182006836,127.46571350097656,195.20590209960938,348.00748748779296,2026-04-08
2026-04-08 17:00:00,150.9147491455078,179.0180351257324,211.4045066833496,260.9705810546875,350.82218093872063,516.6952430725098,2026-04-08
2026-04-08 18:00:00,199.0,190.18658294677735,234.0023681640625,300.1885986328125,404.9930587768555,581.4555007934571,2026-04-08
2026-04-08 19:00:00,209.0,182.93406677246094,233.6261962890625,305.01739501953125,414.0457489013672,595.0550506591796,2026-04-08
2026-04-08 20:00:00,70.5,179.00963439941407,235.503125,307.69549560546875,417.485693359375,597.0703430175781,2026-04-08
2026-04-08 21:00:00,208.9960021972656,168.6658889770508,229.49085388183596,301.60552978515625,409.90553588867186,588.5739990234374,2026-04-08
2026-04-08 22:00:00,185.34649658203125,124.50406341552736,190.48248672485352,262.94879150390625,367.61356353759766,541.7133132934571,2026-04-08
2026-04-08 23:00:00,257.2304992675781,92.34918975830072,159.67116851806634,234.88430786132807,339.5287643432616,513.1815719604492,2026-04-08
2026-04-09 00:00:00,282.5,91.72095031738284,149.85864410400393,192.9810943603516,234.3111083984375,296.47571411132816,2026-04-09
2026-04-09 01:00:00,280.0,22.641697692871105,92.37075958251953,149.55654907226562,208.61270446777343,295.0934234619141,2026-04-09
2026-04-09 02:00:00,247.5,68.44123306274415,143.45623168945315,211.00439453125,283.5851104736329,386.5096771240234,2026-04-09
2026-04-09 03:00:00,55.89125061035156,85.72689514160157,160.87821197509766,233.66807556152344,315.89276123046875,433.0660705566406,2026-04-09
2026-04-09 04:00:00,198.19924926757807,100.22215728759761,166.93167343139646,241.49407958984372,331.6010391235351,460.7189956665039,2026-04-09
2026-04-09 05:00:00,197.9982452392578,44.15110778808595,98.68350677490236,170.20098876953125,262.5056488037109,399.4447723388672,2026-04-09
2026-04-09 06:00:00,57.98949813842773,27.426708221435547,72.19414138793945,136.3021240234375,228.0977470397949,368.21829452514646,2026-04-09
2026-04-09 07:00:00,0.0,-89.92383880615233,-54.453034973144526,1.8255615234375,91.4077667236328,231.24600067138675,2026-04-09
2026-04-09 08:00:00,-50.0,-93.73151702880858,-65.36609344482422,-15.483306884765623,67.18463592529297,203.31184234619138,2026-04-09
2026-04-09 09:00:00,-50.0,-89.94095611572266,-65.5461654663086,-20.94012451171875,55.32794952392578,188.01710662841796,2026-04-09
2026-04-09 10:00:00,-37.5,-70.79759216308594,-48.41177673339843,-6.031463623046875,65.81981506347655,196.74421081542968,2026-04-09
2026-04-09 11:00:00,19.03274917602539,-80.42079467773436,-58.892846679687494,-17.029052734375,58.064457702636716,188.2142562866211,2026-04-09
2026-04-09 12:00:00,273.5,-82.68511047363282,-61.631074523925776,-22.59185791015625,52.24724884033202,182.1976837158203,2026-04-09
2026-04-09 13:00:00,170.0,-64.5029083251953,-43.20343017578125,-8.162841796875,63.84156188964843,194.78448944091792,2026-04-09
2026-04-09 14:00:00,140.0,-73.86663818359375,-52.526155090332026,-15.81414794921875,59.14222717285156,193.41927642822264,2026-04-09
2026-04-09 15:00:00,17.5,-97.14837799072265,-70.71453399658202,-27.728759765625,51.94760589599609,188.23825531005855,2026-04-09
2026-04-09 16:00:00,-50.0,-108.37565994262695,-71.42543106079101,-19.184539794921875,66.62306900024413,209.13558578491208,2026-04-09
2026-04-09 17:00:00,155.75,-47.68183441162108,5.888849639892584,72.62191772460938,170.51082305908204,317.38027801513675,2026-04-09
2026-04-09 18:00:00,250.0,100.01582336425781,166.24372634887698,246.19732666015625,350.1038757324219,498.6915863037109,2026-04-09
2026-04-09 19:00:00,267.8659973144531,120.21645660400392,193.97349853515624,276.1914978027344,377.1669036865234,522.4096618652344,2026-04-09
2026-04-09 20:00:00,350.0,44.313095092773466,122.63968353271488,203.0650329589844,298.9139770507813,435.8873229980469,2026-04-09
2026-04-09 21:00:00,256.5385131835937,-51.92515716552734,30.684007263183602,108.57595825195312,200.89443969726565,333.1119384765625,2026-04-09
2026-04-09 22:00:00,324.07000732421875,-88.59586334228516,-1.1553894042968693,75.67134094238281,162.32629089355473,290.37767028808594,2026-04-09
2026-04-09 23:00:00,282.5,-22.1717529296875,67.11809844970703,145.48377990722656,230.99400939941404,355.51526794433596,2026-04-09
2026-04-10 00:00:00,267.5,124.3586791992188,182.34573669433598,223.2662353515625,263.8909301757813,324.7684997558594,2026-04-10
2026-04-10 01:00:00,230.0,76.2124206542969,147.68200836181646,203.3965759277344,263.44114379882814,351.9149444580078,2026-04-10
2026-04-10 02:00:00,156.6719970703125,-38.58740081787104,39.491256713867216,106.55831909179688,182.4608947753907,291.3547729492188,2026-04-10
2026-04-10 03:00:00,200.0,-119.04976654052732,-41.58228454589842,30.12091064453125,117.03603210449221,241.70883483886718,2026-04-10
2026-04-10 04:00:00,262.5,-108.56508483886716,-41.56482772827148,28.65399169921875,119.83907470703124,257.43107299804683,2026-04-10
2026-04-10 05:00:00,262.5,-84.85341644287108,-31.173512268066403,34.63006591796875,125.68131408691406,268.2462860107422,2026-04-10
2026-04-10 06:00:00,99.9187469482422,-82.95283432006835,-41.473455047607416,15.97705078125,104.50728530883788,247.99578170776365,2026-04-10
2026-04-10 07:00:00,8.789250373840332,-80.55350799560546,-49.36165924072265,-1.8524169921875,81.83336486816405,223.54823455810546,2026-04-10
2026-04-10 08:00:00,-47.37749862670898,-85.29131164550782,-62.42469482421875,-22.046051025390625,53.60974731445312,191.16417999267577,2026-04-10
2026-04-10 09:00:00,-50.0,-72.76719360351562,-53.750640869140625,-18.76708984375,50.70408630371094,184.37481994628905,2026-04-10
2026-04-10 10:00:00,-50.0,-71.62684783935546,-53.567572021484374,-19.925018310546875,45.441374969482425,177.26447753906248,2026-04-10
2026-04-10 11:00:00,-50.0,-75.08623809814452,-58.05001373291016,-24.5877685546875,44.242736053466786,175.93094635009766,2026-04-10
2026-04-10 12:00:00,-50.0,-67.03146209716797,-51.46043548583984,-21.251434326171875,47.224322509765614,179.90232849121088,2026-04-10
2026-04-10 13:00:00,-50.0,-61.34971008300781,-46.70554046630859,-21.07666015625,44.571063995361314,179.12697143554686,2026-04-10
2026-04-10 14:00:00,-50.0,-60.9425064086914,-47.56126556396484,-21.13531494140625,45.684622955322254,182.89903717041014,2026-04-10
2026-04-10 15:00:00,-50.0,-68.3927993774414,-52.195761108398436,-20.111053466796875,51.28718948364258,191.94913787841796,2026-04-10
2026-04-10 16:00:00,-50.0,-82.29158325195313,-58.99186706542969,-18.135284423828125,61.87183380126953,213.57989349365232,2026-04-10
2026-04-10 17:00:00,19.098249435424805,-93.42776336669921,-59.853547668457026,-5.020111083984375,90.6207855224609,251.09126739501954,2026-04-10
2026-04-10 18:00:00,136.75625610351562,69.44317932128907,112.14043426513673,179.4618682861328,284.26722564697263,451.1205825805664,2026-04-10
2026-04-10 19:00:00,175.25799560546875,191.12937850952147,239.75820846557616,309.2537536621094,413.47463302612306,580.5648338317872,2026-04-10
2026-04-10 20:00:00,286.49725341796875,296.2399215698243,350.61718750000006,419.2418823242188,521.0946380615235,683.5675048828125,2026-04-10
2026-04-10 21:00:00,432.0,293.54174804687506,353.40548400878913,421.5083618164063,521.8546585083009,681.5462600708008,2026-04-10
2026-04-10 22:00:00,1300.0,120.0723846435547,186.0681915283203,255.35671997070312,351.3453308105469,508.8803436279297,2026-04-10
2026-04-10 23:00:00,1050.0,97.45978698730471,167.37571563720704,239.41574096679688,334.88724517822266,492.0049880981445,2026-04-10
2026-04-11 00:00:00,1050.0,41.24663696289059,158.18859252929684,231.90042114257807,297.0119567871093,391.5965515136718,2026-04-11
2026-04-11 01:00:00,487.5,-68.01849060058592,67.00144348144532,155.9708709716797,237.22684020996093,350.9343719482422,2026-04-11
2026-04-11 02:00:00,450.0,-123.91861267089844,23.1588897705078,122.68682861328124,216.444873046875,349.0942749023437,2026-04-11
2026-04-11 03:00:00,317.5,-92.4794982910156,57.37630004882817,165.1483154296875,270.5303588867188,419.3413696289063,2026-04-11
2026-04-11 04:00:00,275.0,-155.15779876708984,-19.215985107421886,90.81402587890624,205.997607421875,370.8229553222656,2026-04-11
2026-04-11 05:00:00,280.0,-163.42403259277341,-47.159571838378895,60.0115966796875,179.7625244140625,354.8459228515625,2026-04-11
2026-04-11 06:00:00,77.5,-193.81023712158202,-96.43296966552734,2.93841552734375,125.50393371582031,307.82310791015624,2026-04-11
2026-04-11 07:00:00,53.78575134277344,-196.039697265625,-114.69297561645507,-24.53021240234375,98.58340911865234,282.58815460205074,2026-04-11
2026-04-11 08:00:00,-49.05974960327149,-175.7927749633789,-110.14301605224608,-28.01156616210937,87.3259521484375,270.23107299804684,2026-04-11
2026-04-11 09:00:00,-50.0,-98.47405700683592,-43.95927124023437,30.04278564453125,139.13506622314452,319.2921401977539,2026-04-11
2026-04-11 10:00:00,-50.0,-128.24642639160157,-77.66696166992188,-5.946014404296875,96.6802276611328,277.1494903564453,2026-04-11
2026-04-11 11:00:00,-50.0,-148.70077362060545,-100.4747833251953,-30.2186279296875,76.81796874999999,256.54950561523435,2026-04-11
2026-04-11 12:00:00,-50.0,-140.60893478393552,-96.89886093139648,-31.4090576171875,75.13479080200194,255.8154014587402,2026-04-11
2026-04-11 13:00:00,-50.0,-130.96070861816406,-88.51053009033203,-30.945281982421875,70.6908706665039,251.8053070068359,2026-04-11
2026-04-11 14:00:00,-50.0,-131.75444412231445,-91.0677879333496,-33.77294921875,67.10798721313476,250.4807075500488,2026-04-11
2026-04-11 15:00:00,-50.0,-139.10992126464845,-95.81659393310545,-33.494964599609375,71.15481109619144,254.71729278564453,2026-04-11
2026-04-11 16:00:00,-50.0,-156.54515914916993,-104.52972030639647,-33.691436767578125,76.86459426879883,268.64430007934567,2026-04-11
2026-04-11 17:00:00,-48.42974853515625,-176.11606140136718,-112.31466522216796,-28.70050048828125,94.67308959960937,292.0826171875,2026-04-11
2026-04-11 18:00:00,13.344499588012695,-176.4148880004883,-105.1510192871094,-10.5703125,118.98692779541014,319.8034439086914,2026-04-11
2026-04-11 19:00:00,-45.5,-182.99278717041014,-105.67522048950195,-8.735992431640625,119.16085205078124,316.73888549804684,2026-04-11
2026-04-11 20:00:00,15.64150047302246,-188.29827575683592,-103.36943206787109,-5.246246337890625,120.14526977539062,310.0951446533203,2026-04-11
2026-04-11 21:00:00,133.8767547607422,-179.17152404785156,-83.36109619140625,15.0621337890625,137.20608825683593,320.347412109375,2026-04-11
2026-04-11 22:00:00,191.604248046875,-192.56466827392572,-87.34592895507808,12.20245361328125,126.0224792480469,303.7845397949219,2026-04-11
2026-04-11 23:00:00,213.71499633789065,-205.67219390869136,-93.05113830566404,8.286529541015625,117.92911376953128,288.331689453125,2026-04-11
2026-04-12 00:00:00,340.0,49.79055633544921,102.83134307861326,143.40586853027344,185.64068298339842,258.0815185546875,2026-04-12
2026-04-12 01:00:00,285.0,-11.486094665527318,48.97884063720705,101.79949951171876,161.53518981933595,260.63316955566404,2026-04-12
2026-04-12 02:00:00,-27.868000030517575,-119.2529815673828,-56.28930816650389,6.329193115234375,79.95731353759766,197.37306365966796,2026-04-12
2026-04-12 03:00:00,-39.30950164794922,-131.66709899902344,-70.56205825805665,-3.93109130859375,79.27966766357422,210.6724105834961,2026-04-12
2026-04-12 04:00:00,37.119998931884766,-115.27920684814453,-62.37497863769531,3.362152099609375,90.69420166015624,232.39519653320312,2026-04-12
2026-04-12 05:00:00,95.385498046875,-54.20243301391601,-13.729837799072264,46.46870422363281,132.32851181030273,278.1435661315918,2026-04-12
2026-04-12 06:00:00,138.0332489013672,-26.89983444213867,1.931586456298831,51.919769287109375,133.0694236755371,277.75170974731446,2026-04-12
2026-04-12 07:00:00,8.397000312805176,-22.612208557128902,-3.5220413208007812,34.96807861328125,108.70401458740233,249.96916503906246,2026-04-12
2026-04-12 08:00:00,-49.385501861572266,-57.69935150146484,-47.122169494628906,-17.10113525390625,47.75198059082031,184.435546875,2026-04-12
2026-04-12 09:00:00,37.5,-52.19764404296875,-46.22401733398437,-22.61166381835937,36.25264205932618,169.1495422363281,2026-04-12
2026-04-12 10:00:00,117.2125015258789,-45.85408477783203,-41.740388488769526,-19.18048095703125,36.24039230346679,169.1419708251953,2026-04-12
2026-04-12 11:00:00,25.0,-44.180361938476565,-39.75464782714843,-16.580841064453125,44.37799072265624,178.62941589355466,2026-04-12
2026-04-12 12:00:00,21.294750213623047,-45.1569107055664,-41.439955139160155,-19.36962890625,43.9023078918457,182.05099182128905,2026-04-12
2026-04-12 13:00:00,0.0,-42.93599090576171,-40.37162780761719,-21.370819091796875,42.31692962646484,184.94701385498047,2026-04-12
2026-04-12 14:00:00,60.0,-44.44846801757812,-42.386749267578125,-21.750762939453125,45.54713516235351,192.8591796875,2026-04-12
2026-04-12 15:00:00,231.57974243164065,-56.56313018798828,-51.309295654296875,-24.8223876953125,46.75294342041015,198.75294036865233,2026-04-12
2026-04-12 16:00:00,227.5,-17.409497070312497,-3.931997680664061,32.19061279296875,112.58606567382813,276.18595428466796,2026-04-12
2026-04-12 17:00:00,280.0,229.82253875732422,254.62264709472657,305.515625,403.61453247070307,577.1647369384766,2026-04-12
2026-04-12 18:00:00,282.5,409.9397567749023,444.63733062744143,510.3851318359375,619.9063674926758,801.1338211059569,2026-04-12
2026-04-12 19:00:00,215.7387542724609,296.84221801757815,338.9781784057617,409.6816711425781,521.9911468505859,706.7815979003906,2026-04-12
2026-04-12 20:00:00,29.75,226.8335403442383,277.3717437744141,349.75323486328125,463.0848861694336,645.3420669555665,2026-04-12
2026-04-12 21:00:00,88.75,280.07850646972656,340.4519577026367,414.95123291015625,529.2205932617187,709.5695861816406,2026-04-12
2026-04-12 22:00:00,71.5,195.8422286987304,265.6727561950683,343.8515014648437,456.197068786621,634.6463119506835,2026-04-12
2026-04-12 23:00:00,153.65725708007812,81.03035888671877,155.5678352355957,237.4601287841797,350.2963775634766,526.6050750732422,2026-04-12
2026-04-13 00:00:00,185.60874938964844,53.95214233398438,108.87317504882813,152.2320098876953,196.24305725097656,268.3513885498047,2026-04-13
2026-04-13 01:00:00,113.09925079345705,2.4978790283203267,61.66276321411132,116.71475219726562,176.77084503173828,272.35102996826174,2026-04-13
2026-04-13 02:00:00,172.5,72.75186614990236,131.85797195434571,194.78692626953125,267.1383819580078,377.45738220214844,2026-04-13
2026-04-13 03:00:00,150.0,79.9331527709961,136.8086814880371,203.80821228027344,284.5454727172852,405.70631256103513,2026-04-13
2026-04-13 04:00:00,208.989501953125,30.869474792480474,82.85387420654297,151.07968139648438,238.15719909667968,368.6860717773437,2026-04-13
2026-04-13 05:00:00,150.10174560546875,-10.597726440429682,33.98588409423829,99.15408325195312,186.51715087890625,322.16093902587886,2026-04-13
2026-04-13 06:00:00,128.50050354003906,42.544584655761724,78.24628295898438,134.1719207763672,216.8763717651367,351.47532958984374,2026-04-13
2026-04-13 07:00:00,18.436250686645508,-61.39585571289062,-34.61062316894531,10.121337890625,85.94727630615233,217.39246368408203,2026-04-13
2026-04-13 08:00:00,85.34124755859375,-75.57864685058593,-56.87167663574218,-20.089141845703125,47.85136108398437,175.68441772460938,2026-04-13
2026-04-13 09:00:00,-45.47299957275391,-68.040234375,-53.311790466308594,-21.269561767578125,43.460731506347656,170.38605041503905,2026-04-13
2026-04-13 10:00:00,-14.018250465393066,-64.12403717041016,-49.905276489257815,-17.92071533203125,45.5695816040039,174.53471221923826,2026-04-13
2026-04-13 11:00:00,8.366000175476074,-60.140229797363276,-44.45147552490234,-9.90289306640625,61.52813034057617,194.84034576416013,2026-04-13
2026-04-13 12:00:00,210.0,-59.81739959716796,-43.4780990600586,-7.317047119140625,68.60723266601562,206.95916290283202,2026-04-13
2026-04-13 13:00:00,217.5,-59.31117248535156,-41.414068603515624,-6.41949462890625,69.98848114013671,211.53024139404295,2026-04-13
2026-04-13 14:00:00,182.5,-68.61338958740234,-50.309034729003905,-13.16632080078125,66.01426849365234,211.19648590087888,2026-04-13
2026-04-13 15:00:00,245.0,-81.51064453125,-58.776313781738274,-16.62213134765625,65.20980834960938,211.90574798583984,2026-04-13
2026-04-13 16:00:00,282.5,-72.88385391235352,-40.84470138549804,9.953369140625,97.35740432739257,250.07155380249023,2026-04-13
2026-04-13 17:00:00,300.0,163.52972106933595,208.8203918457031,272.484375,371.6090682983398,528.0091232299806,2026-04-13
2026-04-13 18:00:00,287.5,221.07903900146485,276.46948165893554,351.1282958984375,456.5708801269531,615.2319854736328,2026-04-13
2026-04-13 19:00:00,285.0,203.87872772216798,263.63110733032227,339.02020263671875,441.7207427978515,597.5486297607422,2026-04-13
2026-04-13 20:00:00,280.0,139.55261993408203,203.5457588195801,277.3106994628906,375.81315155029296,524.5286727905274,2026-04-13
2026-04-13 21:00:00,280.0,158.03663482666013,227.38555450439452,301.3786926269531,398.8067276000976,544.0558303833008,2026-04-13
2026-04-13 22:00:00,285.0,120.87738342285152,196.4533027648925,273.0619506835937,368.6528381347655,511.07596435546867,2026-04-13
2026-04-13 23:00:00,280.0,130.69504699707034,206.84271774291994,285.1062927246094,380.8276077270508,519.9212265014648,2026-04-13
2026-04-14 00:00:00,452.5,243.5419662475586,296.0351837158203,326.05633544921875,352.9845245361328,396.77568969726565,2026-04-14
2026-04-14 01:00:00,447.5,201.1063934326172,271.931982421875,314.8072814941406,353.67772521972654,413.4759216308594,2026-04-14
2026-04-14 02:00:00,500.0,112.7525421142578,195.87592926025388,248.55519104003903,297.0968841552734,370.80629882812497,2026-04-14
2026-04-14 03:00:00,397.5,81.55226669311529,171.94458923339846,234.42593383789065,291.2195007324219,376.03618164062505,2026-04-14
2026-04-14 04:00:00,603.4404907226562,69.46965484619139,162.30403594970699,231.58937072753903,296.90025939941404,389.26907043457027,2026-04-14
2026-04-14 05:00:00,912.75,47.68029174804687,136.68393096923825,209.0864105224609,279.7683166503906,379.8682098388672,2026-04-14
2026-04-14 06:00:00,447.5,-29.685925292968733,51.933058929443376,123.05032348632812,195.19405212402347,297.8766693115234,2026-04-14
2026-04-14 07:00:00,417.5,-140.0213394165039,-66.98496017456054,0.041839599609375,72.07568054199216,173.16550292968748,2026-04-14
2026-04-14 08:00:00,604.0,-146.05924377441406,-81.30921173095703,-18.0396728515625,49.962802124023426,148.54906921386717,2026-04-14
2026-04-14 09:00:00,218.25,-133.5032928466797,-74.68824310302735,-15.434326171875,49.08935089111327,145.65688018798826,2026-04-14
2026-04-14 10:00:00,115.0,-131.0669792175293,-72.6502082824707,-12.1798095703125,50.5127281188965,148.11725845336912,2026-04-14
2026-04-14 11:00:00,-50.0,-130.23754272460937,-69.68450927734375,-5.17291259765625,63.233384704589824,165.7703430175781,2026-04-14
2026-04-14 12:00:00,-50.0,-147.0183319091797,-83.27631225585938,-13.384490966796877,61.78098907470702,170.23139648437498,2026-04-14
2026-04-14 13:00:00,-50.0,-148.71206817626953,-80.78515167236327,-7.98358154296875,70.83895416259764,183.09860229492188,2026-04-14
2026-04-14 14:00:00,-50.0,-148.43307495117188,-80.78288574218749,-5.90228271484375,75.69089050292966,191.0144805908203,2026-04-14
2026-04-14 15:00:00,-50.0,-159.45163574218748,-89.86695098876953,-12.590576171875,72.12544555664061,188.6466064453125,2026-04-14
2026-04-14 16:00:00,-25.5,-170.6479431152344,-93.82597656250002,-10.002471923828123,77.53159027099606,197.8213180541992,2026-04-14
2026-04-14 17:00:00,149.0072479248047,-123.61613769531249,-35.37567749023436,56.23648071289063,149.04001464843753,268.0598388671875,2026-04-14
2026-04-14 18:00:00,224.6957550048828,69.5225570678711,163.5074691772461,259.05780029296875,350.27210693359376,467.39292907714844,2026-04-14
2026-04-14 19:00:00,289.6762390136719,122.24872131347658,216.90684509277344,309.2613220214844,392.9072204589844,502.7756469726562,2026-04-14
2026-04-14 20:00:00,241.6374969482422,229.14485473632814,324.9903274536133,415.4737548828125,492.6169677734375,594.4864288330078,2026-04-14
2026-04-14 21:00:00,240.38525390625,281.9418716430664,380.3552536010742,469.9250793457031,544.3007629394532,641.3553955078125,2026-04-14
2026-04-14 22:00:00,260.0,127.39138488769532,228.94633941650392,319.68359375,392.6007446289062,489.0862854003906,2026-04-14
2026-04-14 23:00:00,255.0,66.66534881591798,168.63175201416016,259.66363525390625,335.5628356933594,433.57838745117186,2026-04-14
2026-04-15 00:00:00,225.0,111.21129302978511,164.76724243164057,200.31838989257807,235.49202270507806,296.6436706542968,2026-04-15
2026-04-15 01:00:00,215.0,107.28842163085942,173.39257812500003,221.37466430664065,271.9653015136719,355.6612731933594,2026-04-15
2026-04-15 02:00:00,197.5,94.23021545410157,168.9020767211914,228.73922729492188,292.39641723632815,394.0140380859375,2026-04-15
2026-04-15 03:00:00,115.01074981689452,87.48305740356446,167.7130111694336,236.04122924804688,309.9792846679687,426.2294006347656,2026-04-15
2026-04-15 04:00:00,132.5,70.48273925781248,149.77441253662107,225.14877319335935,309.5146026611328,440.66913452148435,2026-04-15
2026-04-15 05:00:00,13.166749954223633,-128.8690139770508,-57.149754333496105,19.3701171875,111.1599563598633,254.61090850830075,2026-04-15
2026-04-15 06:00:00,-49.51499938964844,-111.73443450927734,-54.72255554199218,14.785919189453123,107.22718048095703,255.1483444213867,2026-04-15
2026-04-15 07:00:00,-52.01224899291992,-103.08445663452147,-60.558965301513666,-1.417205810546875,88.81626663208007,236.70508804321287,2026-04-15
2026-04-15 08:00:00,-49.76974868774414,-96.67655105590819,-64.3922233581543,-12.907867431640623,70.1373924255371,215.2236289978027,2026-04-15
2026-04-15 09:00:00,-50.0,-71.59511260986328,-47.124090576171874,-3.6734619140625,71.28895874023436,211.867268371582,2026-04-15
2026-04-15 10:00:00,-50.0,-69.701904296875,-49.09363555908203,-10.2625732421875,57.41321868896483,194.11471862792968,2026-04-15
2026-04-15 11:00:00,-50.0,-51.89705963134765,-31.74741821289063,6.061553955078125,76.91962432861328,214.23223571777342,2026-04-15
2026-04-15 12:00:00,-50.0,-44.00775299072265,-23.87561798095703,14.985992431640623,89.21477813720702,230.38511199951168,2026-04-15
2026-04-15 13:00:00,-50.0,-72.47833862304688,-49.892582702636716,-11.73663330078125,63.814724731445295,207.0948638916015,2026-04-15
2026-04-15 14:00:00,-50.0,-73.37142944335938,-51.271281433105464,-11.60040283203125,66.48634033203125,212.88162689208983,2026-04-15
2026-04-15 15:00:00,-50.80974960327149,-92.91229400634765,-68.0261489868164,-26.28045654296875,53.233769226074216,201.770947265625,2026-04-15
2026-04-15 16:00:00,-53.73550033569336,-106.71409225463867,-72.30042343139648,-22.13995361328125,62.96128921508786,219.82180862426756,2026-04-15
2026-04-15 17:00:00,-51.780250549316406,-130.70477447509765,-76.58804321289062,-10.8564453125,87.96050262451172,248.66728363037106,2026-04-15
2026-04-15 18:00:00,-32.40224838256836,-150.32279891967772,-83.6555694580078,-6.28790283203125,98.77411193847655,261.41059265136715,2026-04-15
2026-04-15 19:00:00,-30.43824958801269,-106.9755790710449,-36.61851348876952,40.10374450683594,139.9043731689453,296.9167572021484,2026-04-15
2026-04-15 20:00:00,11.18274974822998,-113.87376708984374,-37.95059814453124,36.92387390136719,130.17979736328124,278.3035827636719,2026-04-15
2026-04-15 21:00:00,-22.902999877929688,-106.62231674194334,-24.574986267089855,48.03131103515625,136.36392822265623,277.3281372070312,2026-04-15
2026-04-15 22:00:00,110.2614974975586,-163.31258697509764,-74.33103637695312,-2.009552001953125,79.37080993652343,215.42525634765624,2026-04-15
2026-04-15 23:00:00,302.1397399902344,-100.2489242553711,-9.007711791992207,62.66978454589844,142.56907653808594,274.8544647216797,2026-04-15
2026-04-16 00:00:00,360.0,77.65468139648438,137.1834884643555,178.79177856445312,219.62253417968753,287.82325134277346,2026-04-16
2026-04-16 01:00:00,295.0,119.09126510620118,184.6443862915039,237.50791931152344,294.7533843994141,388.0005706787109,2026-04-16
2026-04-16 02:00:00,437.5,174.99679718017578,241.24456176757812,303.3942565917969,374.58033447265626,487.4348266601562,2026-04-16
2026-04-16 03:00:00,559.5,156.68016204833984,220.5027763366699,287.460693359375,369.3424499511719,498.29335327148436,2026-04-16
2026-04-16 04:00:00,335.0,151.74120025634767,206.97740173339844,274.4435119628906,363.160105895996,505.89354095458987,2026-04-16
2026-04-16 05:00:00,332.5,208.3571975708008,249.86117553710938,312.0765380859375,401.21827392578126,550.1546493530274,2026-04-16
2026-04-16 06:00:00,300.0,277.93084106445315,305.7144836425781,356.2208251953125,439.8330993652344,587.2654083251953,2026-04-16
2026-04-16 07:00:00,255.833251953125,192.7498916625977,209.7235778808594,247.1086578369141,322.7656524658203,466.61289672851564,2026-04-16
2026-04-16 08:00:00,310.0,25.525175476074224,34.19987335205079,63.51432800292969,129.78864593505858,268.72492065429685,2026-04-16
2026-04-16 09:00:00,265.0,2.0465072631835923,5.472177124023435,28.72763061523437,88.57035675048827,223.0754913330078,2026-04-16
2026-04-16 10:00:00,265.0,19.24236602783204,20.561637878417976,41.87838745117188,96.1819854736328,228.72810058593748,2026-04-16
2026-04-16 11:00:00,277.5,9.662139892578125,10.487258911132812,30.59527587890625,89.06367416381835,222.26539306640623,2026-04-16
2026-04-16 12:00:00,165.0,-11.872886657714847,-10.649040222167969,6.760650634765625,68.1857681274414,206.419660949707,2026-04-16
2026-04-16 13:00:00,40.0,-12.923094177246092,-11.172410583496093,3.669189453125,67.96168365478515,213.22586822509766,2026-04-16
2026-04-16 14:00:00,-50.0,-32.7065933227539,-30.788397216796874,-12.787109375,58.541006469726554,211.83755645751953,2026-04-16
2026-04-16 15:00:00,-50.0,-52.55192260742187,-50.82432098388672,-23.07403564453125,55.31858901977539,215.37558746337888,2026-04-16
2026-04-16 16:00:00,-50.0,-66.51873931884765,-55.24523162841797,-16.518310546875,71.85667877197265,244.72002105712892,2026-04-16
2026-04-16 17:00:00,-49.33324813842773,-57.37077560424804,-30.32370529174804,25.23388671875,131.84542160034175,313.89270706176757,2026-04-16
2026-04-16 18:00:00,-44.22124862670898,-44.19644622802734,-3.717388916015622,67.68327331542969,184.013818359375,369.9483703613281,2026-04-16
2026-04-16 19:00:00,-49.75,11.77671051025392,62.12872009277345,137.58599853515625,251.65500183105468,435.8608093261719,2026-04-16
2026-04-16 20:00:00,5.803999900817871,-82.76640777587889,-23.47269287109374,51.90037536621094,161.7860305786133,337.2040908813476,2026-04-16
2026-04-16 21:00:00,-51.760250091552734,-108.85574798583983,-40.01548080444336,34.25213623046875,140.5303924560547,308.3958099365234,2026-04-16
2026-04-16 22:00:00,-51.16875076293945,-96.26767578124998,-18.881263732910156,56.39453125,156.23181762695316,318.5935791015625,2026-04-16
2026-04-16 23:00:00,73.0,-71.46711578369138,8.746063232421875,85.22567749023438,183.67033386230472,341.3232452392578,2026-04-16
2026-04-17 00:00:00,116.19100189208984,-72.95214233398437,-24.102960205078134,17.45086669921875,60.96317901611324,136.00194854736327,2026-04-17
2026-04-17 01:00:00,239.75,-116.8538360595703,-60.4142318725586,-3.331451416015625,60.44171447753906,164.77497558593748,2026-04-17
2026-04-17 02:00:00,397.5,-115.5431137084961,-51.774967956542966,19.12811279296875,99.45810089111328,223.39356231689456,2026-04-17
2026-04-17 03:00:00,-37.5,-139.80456237792967,-72.07679061889648,7.190032958984375,100.39090576171874,239.05956420898437,2026-04-17
2026-04-17 04:00:00,-50.0,-146.36851959228514,-82.70133743286132,0.157440185546875,101.37961273193359,250.87806243896483,2026-04-17
2026-04-17 05:00:00,17.5,-138.27924804687498,-81.19183197021484,0.23931884765625,104.27933959960937,261.809375,2026-04-17
2026-04-17 06:00:00,20.795499801635746,-114.74988555908202,-64.78321990966796,8.92242431640625,111.96670532226562,273.37786560058595,2026-04-17
2026-04-17 07:00:00,45.0,-98.96097564697266,-56.47423553466797,8.614837646484375,108.90071105957031,270.7148498535156,2026-04-17
2026-04-17 08:00:00,-50.0,-112.80252227783203,-77.54178466796876,-17.497772216796875,77.23145599365233,237.18219299316405,2026-04-17
2026-04-17 09:00:00,-50.0,-111.78287429809569,-80.44137191772461,-25.15228271484375,65.43076248168944,223.06225814819334,2026-04-17
2026-04-17 10:00:00,-50.0,-103.71076736450196,-73.57878799438475,-20.17950439453125,65.87572555541989,222.07533798217776,2026-04-17
2026-04-17 11:00:00,-50.0,-100.53233108520507,-69.1924949645996,-15.450592041015623,74.86705856323243,231.35014877319338,2026-04-17
2026-04-17 12:00:00,-50.0,-109.43162307739257,-77.57627182006836,-24.889068603515625,66.30835647583005,223.97773818969728,2026-04-17
2026-04-17 13:00:00,-50.0,-117.7271026611328,-84.26424865722656,-35.68707275390625,52.37488403320312,208.00835266113285,2026-04-17
2026-04-17 14:00:00,-50.0,-115.21880645751952,-84.46239624023437,-38.02471923828125,48.202888488769545,202.67160949707034,2026-04-17
2026-04-17 15:00:00,-50.0,-110.1036636352539,-80.33030395507812,-33.0311279296875,52.627110290527355,206.52096099853514,2026-04-17
2026-04-17 16:00:00,-49.16450119018555,-116.43904724121093,-81.87961273193359,-29.394683837890625,61.04593353271481,221.41136627197267,2026-04-17
2026-04-17 17:00:00,289.3160095214844,48.824249267578125,94.02782592773438,159.37310791015625,265.2593231201172,431.251138305664,2026-04-17
2026-04-17 18:00:00,182.5,86.15902557373045,140.18376541137692,217.5814514160156,333.79540100097654,505.5403839111327,2026-04-17
2026-04-17 19:00:00,158.87750244140625,92.35984497070314,149.80752563476562,228.79229736328125,344.36820831298826,517.0825057983398,2026-04-17
2026-04-17 20:00:00,16.036500930786133,90.26017303466796,149.1527359008789,225.76596069335935,337.999771118164,505.4526184082031,2026-04-17
2026-04-17 21:00:00,-8.5,-3.303718566894503,58.86192855834963,132.8013458251953,242.45908660888674,404.14242401123045,2026-04-17
2026-04-17 22:00:00,-50.30149841308594,-77.18160400390624,-12.085801696777352,62.1767578125,167.19485168457035,323.4760040283203,2026-04-17
2026-04-17 23:00:00,-52.20600128173828,-83.73027191162103,-18.435912322998007,57.01722717285156,161.10114746093754,311.1443786621094,2026-04-17
