ts,actual,p10,p30,p50,p70,p90,date
2026-01-27 00:00:00,485.0,841.5199951171874,905.9489990234374,935.0958251953124,970.1824462890625,1030.9010498046873,2026-01-27
2026-01-27 01:00:00,382.5,775.689404296875,866.3182250976563,934.9097290039062,995.2888793945312,1061.1146606445313,2026-01-27
2026-01-27 02:00:00,392.5,738.5162841796875,833.85244140625,893.86474609375,943.515625,1023.592578125,2026-01-27
2026-01-27 03:00:00,375.0,605.0726806640625,717.30458984375,783.7274169921875,850.2897216796874,925.6345458984375,2026-01-27
2026-01-27 04:00:00,350.0,661.4631591796875,752.0614868164063,808.1514282226562,855.6809204101562,996.1047485351562,2026-01-27
2026-01-27 05:00:00,360.0,749.7749389648437,850.2429809570312,908.0324096679688,956.4791137695313,1032.6874145507813,2026-01-27
2026-01-27 06:00:00,397.5,805.9283386230469,887.88486328125,963.28369140625,1031.08046875,1114.933837890625,2026-01-27
2026-01-27 07:00:00,395.0,713.7681640625,788.8537353515625,854.62353515625,939.0434326171875,1061.1757080078125,2026-01-27
2026-01-27 08:00:00,392.5,528.6898986816407,600.5168579101563,658.6528930664062,740.4834594726562,811.0749389648438,2026-01-27
2026-01-27 09:00:00,315.03125,349.88887329101567,427.95429687500007,490.8717651367188,556.4754760742188,669.2967895507813,2026-01-27
2026-01-27 10:00:00,299.7330017089844,290.96025390625,369.77960205078125,424.1376953125,499.787939453125,594.7330078125001,2026-01-27
2026-01-27 11:00:00,552.5872802734375,404.41144409179685,466.96898193359374,551.8389892578125,613.3437744140625,775.3719482421875,2026-01-27
2026-01-27 12:00:00,324.2122497558594,287.56227416992186,362.9091918945312,440.65277099609375,514.2176879882812,636.6349975585938,2026-01-27
2026-01-27 13:00:00,281.8592529296875,186.3192443847656,260.52485351562495,339.3945617675781,400.8224426269531,543.7276428222656,2026-01-27
2026-01-27 14:00:00,268.1832580566406,312.8556030273438,412.76159667968756,480.3189086914063,542.2283447265626,694.654052734375,2026-01-27
2026-01-27 15:00:00,270.23223876953125,353.28362426757815,436.1081298828125,514.866455078125,581.18642578125,694.324609375,2026-01-27
2026-01-27 16:00:00,725.718994140625,566.1244201660156,640.2636596679688,727.9775390625,823.5592529296875,999.4523681640626,2026-01-27
2026-01-27 17:00:00,736.25,667.9023864746093,742.0998657226562,827.0770263671875,906.5271240234375,1093.3257568359375,2026-01-27
2026-01-27 18:00:00,452.5,538.2006713867188,635.7297729492187,709.3302001953125,795.0782958984375,984.4577880859375,2026-01-27
2026-01-27 19:00:00,720.083251953125,504.12493286132815,602.97216796875,717.815185546875,795.2090576171875,945.9456787109375,2026-01-27
2026-01-27 20:00:00,337.5,628.1347473144531,697.910107421875,784.9521484375,886.2587890625,1019.885302734375,2026-01-27
2026-01-27 21:00:00,887.5,692.1673706054687,814.0110595703125,873.45458984375,957.237890625,1195.5289306640625,2026-01-27
2026-01-27 22:00:00,773.5,587.0258056640625,671.1435546875,732.9008178710938,820.3868774414062,998.5736938476563,2026-01-27
2026-01-27 23:00:00,846.0,565.0375732421875,627.22060546875,710.49072265625,789.33310546875,972.7771972656251,2026-01-27
2026-01-28 00:00:00,808.0,432.83790283203126,481.27354736328124,522.0842895507812,575.0289672851563,644.1159301757813,2026-01-28
2026-01-28 01:00:00,649.0,547.8873291015625,636.7327880859375,698.4005126953125,737.8994384765625,823.5810302734375,2026-01-28
2026-01-28 02:00:00,763.75,617.489599609375,704.4651000976562,766.5768432617188,824.2465209960938,926.6160034179687,2026-01-28
2026-01-28 03:00:00,924.5,420.5364135742187,486.315478515625,541.4130859375,596.796728515625,698.308203125,2026-01-28
2026-01-28 04:00:00,1030.0,259.58118896484376,327.4921020507812,385.64404296875,439.63515625,540.457275390625,2026-01-28
2026-01-28 05:00:00,1055.0,252.35792236328126,327.6116943359375,374.2353515625,430.582861328125,515.1920898437501,2026-01-28
2026-01-28 06:00:00,1091.75,245.69157104492186,330.4479187011719,383.2306213378906,465.82236938476564,560.4919006347657,2026-01-28
2026-01-28 07:00:00,971.0,251.30904541015624,318.28441162109374,378.396484375,441.593798828125,537.0229980468749,2026-01-28
2026-01-28 08:00:00,808.75,284.4504028320313,332.62093505859383,384.2747192382813,448.40775146484384,585.9131469726564,2026-01-28
2026-01-28 09:00:00,662.875,247.963818359375,294.30503540039064,358.4783020019531,412.05693969726565,529.9927795410156,2026-01-28
2026-01-28 10:00:00,396.9392395019531,182.21233520507812,272.3679260253906,316.6246643066406,402.4281799316406,531.5043518066407,2026-01-28
2026-01-28 11:00:00,677.5,227.7810546875,310.7537536621094,378.7333679199219,428.5730407714844,556.3637145996094,2026-01-28
2026-01-28 12:00:00,872.0,232.93719482421875,292.0345825195312,341.42303466796875,376.6304077148437,547.5200561523437,2026-01-28
2026-01-28 13:00:00,462.5,207.217822265625,275.1404052734375,319.36114501953125,359.8933471679687,438.3409790039062,2026-01-28
2026-01-28 14:00:00,292.5,205.70405883789059,269.56328735351565,335.9988708496094,372.34413452148436,515.2192321777344,2026-01-28
2026-01-28 15:00:00,378.75,208.78684082031248,262.1219177246094,309.1202697753906,351.5551330566406,485.9794006347656,2026-01-28
2026-01-28 16:00:00,887.3295288085938,394.26625366210936,451.7841796875,497.94049072265625,539.9661865234375,665.7411865234375,2026-01-28
2026-01-28 17:00:00,579.25,563.0702514648438,636.9795532226562,682.982177734375,745.148974609375,845.643115234375,2026-01-28
2026-01-28 18:00:00,362.5,268.0268188476563,348.759912109375,388.684814453125,460.9460693359375,604.131201171875,2026-01-28
2026-01-28 19:00:00,497.5,283.22491455078125,340.0911010742187,395.61669921875,472.644384765625,575.62373046875,2026-01-28
2026-01-28 20:00:00,808.75,309.34490356445315,365.81787109375,405.6095581054688,458.6705688476563,560.1893188476563,2026-01-28
2026-01-28 21:00:00,925.5,255.4399291992188,347.3325561523438,401.2389526367188,464.4210083007813,607.0519409179688,2026-01-28
2026-01-28 22:00:00,1068.0,288.4059204101562,332.0019775390625,394.5179443359375,480.9744384765625,554.5196533203125,2026-01-28
2026-01-28 23:00:00,1034.25,229.75344238281255,325.0065551757813,373.6506958007813,419.2964965820313,538.3613891601562,2026-01-28
2026-01-29 00:00:00,1021.75,503.965625,563.18525390625,603.23388671875,641.794091796875,693.951806640625,2026-01-29
2026-01-29 01:00:00,1019.25,558.653955078125,625.884228515625,659.994384765625,722.063232421875,828.5341796875,2026-01-29
2026-01-29 02:00:00,1045.25,562.403857421875,658.80224609375,701.946533203125,762.7154785156249,857.81826171875,2026-01-29
2026-01-29 03:00:00,874.5,555.2495727539062,649.1408081054688,702.2938842773438,774.5141967773437,851.0637573242187,2026-01-29
2026-01-29 04:00:00,905.25,515.6452392578125,620.984228515625,671.6741943359375,734.4775146484375,841.3324462890625,2026-01-29
2026-01-29 05:00:00,558.7935180664062,486.8037353515625,585.3913940429687,631.0985717773438,683.5959350585938,834.9923706054688,2026-01-29
2026-01-29 06:00:00,764.0,512.4000366210937,584.036279296875,637.3768310546875,706.047021484375,820.900390625,2026-01-29
2026-01-29 07:00:00,470.0,406.6158569335937,494.339599609375,583.6046142578125,676.0612548828125,792.2760986328125,2026-01-29
2026-01-29 08:00:00,345.0,295.7331787109375,357.4682495117188,405.5183715820313,460.0527465820313,578.4875366210938,2026-01-29
2026-01-29 09:00:00,474.5032348632813,315.92593994140634,403.38205566406253,458.7688598632813,535.7260864257813,711.1171997070313,2026-01-29
2026-01-29 10:00:00,672.2529907226562,420.9684692382813,499.973583984375,557.8803100585938,599.8652465820312,768.2140502929688,2026-01-29
2026-01-29 11:00:00,943.1799926757812,554.2069213867187,653.0903930664062,707.6030883789062,751.7743530273438,921.0978149414062,2026-01-29
2026-01-29 12:00:00,855.0,542.2782348632812,593.2392211914063,670.355712890625,754.90087890625,919.68486328125,2026-01-29
2026-01-29 13:00:00,692.5,452.03013916015624,506.1473388671875,567.59765625,609.329443359375,731.637353515625,2026-01-29
2026-01-29 14:00:00,372.5,430.8454895019531,493.2995971679687,535.2626953125,632.56826171875,767.37548828125,2026-01-29
2026-01-29 15:00:00,564.4657592773438,433.27890625,517.2022094726562,615.422119140625,702.0413818359375,849.34716796875,2026-01-29
2026-01-29 16:00:00,915.75,502.56085205078125,583.2075439453125,657.140869140625,705.9718505859375,868.2472900390625,2026-01-29
2026-01-29 17:00:00,633.75,284.06569213867186,347.89845581054686,416.9317932128906,481.4472717285156,715.2567932128907,2026-01-29
2026-01-29 18:00:00,437.5,252.47568359374998,346.4555419921875,425.17724609375,498.97705078125,644.581103515625,2026-01-29
2026-01-29 19:00:00,395.0,255.7564331054688,347.2994262695313,415.0725708007813,509.89595947265633,705.5602661132814,2026-01-29
2026-01-29 20:00:00,836.5,264.5785400390625,345.4868408203125,389.36767578125,435.845703125,573.83330078125,2026-01-29
2026-01-29 21:00:00,1248.5,227.07412719726562,303.89081420898435,397.9452819824219,484.1717956542969,630.4026062011719,2026-01-29
2026-01-29 22:00:00,1184.5,262.8163208007812,338.757421875,401.735107421875,471.0290771484375,642.50322265625,2026-01-29
2026-01-29 23:00:00,814.5,223.78989257812503,311.46121826171884,399.9500122070313,462.2589721679688,640.1646118164062,2026-01-29
2026-01-30 00:00:00,954.5,388.249755859375,482.43056640625,515.7379150390625,567.95419921875,634.307958984375,2026-01-30
2026-01-30 01:00:00,805.0,341.06473999023433,427.7848693847656,497.3165588378906,546.7169982910156,610.7388244628906,2026-01-30
2026-01-30 02:00:00,445.0,374.787744140625,478.5964599609375,534.529541015625,586.2659912109375,667.5202880859375,2026-01-30
2026-01-30 03:00:00,458.082763671875,436.34678955078124,523.747412109375,576.261962890625,644.96865234375,713.691552734375,2026-01-30
2026-01-30 04:00:00,527.75,427.81488037109375,519.443798828125,573.8858642578125,624.2258544921875,704.2257080078125,2026-01-30
2026-01-30 05:00:00,393.75,374.1047485351562,446.83167724609376,507.74359130859375,561.3565795898437,637.2335815429688,2026-01-30
2026-01-30 06:00:00,350.0,367.651708984375,476.0646484375,515.571533203125,593.645361328125,706.739892578125,2026-01-30
2026-01-30 07:00:00,350.0,313.5620971679688,399.4350830078125,463.0565185546875,517.9443115234375,670.3844482421875,2026-01-30
2026-01-30 08:00:00,487.5,255.2427001953125,347.7495971679688,411.397705078125,473.0284423828125,591.600244140625,2026-01-30
2026-01-30 09:00:00,410.1545104980469,251.11834106445312,321.41278686523435,389.6075134277344,445.2515808105469,558.2244323730469,2026-01-30
2026-01-30 10:00:00,416.8030090332031,223.35755615234373,297.6976623535156,376.6450500488281,431.5602600097656,538.6768371582032,2026-01-30
2026-01-30 11:00:00,418.6889953613281,270.53273315429686,339.13315429687503,411.739990234375,468.314306640625,570.8764404296875,2026-01-30
2026-01-30 12:00:00,337.5,264.47819213867183,322.40363159179685,395.4804382324219,457.2816101074219,593.0526062011719,2026-01-30
2026-01-30 13:00:00,195.0,201.63970336914062,283.40949096679685,336.4850769042969,373.57228393554686,517.9532897949218,2026-01-30
2026-01-30 14:00:00,220.0,216.92607421875,281.1787353515625,335.818115234375,421.598974609375,502.3556640625,2026-01-30
2026-01-30 15:00:00,140.0,183.3759033203125,280.6139282226562,349.6922607421875,404.533056640625,537.906787109375,2026-01-30
2026-01-30 16:00:00,280.0,527.874267578125,608.9427856445312,648.946044921875,699.0095458984375,815.8481689453125,2026-01-30
2026-01-30 17:00:00,562.5,390.55436401367183,491.7913818359375,565.51171875,640.022314453125,816.38349609375,2026-01-30
2026-01-30 18:00:00,342.5,378.7692810058594,463.90943603515626,531.6363525390625,623.8229248046875,764.6951904296875,2026-01-30
2026-01-30 19:00:00,342.5,265.3577270507813,365.8519165039063,443.7633666992188,504.8582885742188,597.4646362304688,2026-01-30
2026-01-30 20:00:00,330.0,268.25758666992186,357.7489013671875,406.8245849609375,464.3359619140625,539.8709228515625,2026-01-30
2026-01-30 21:00:00,345.0,367.24017333984375,462.3065551757812,545.30029296875,600.8566162109375,774.3451416015625,2026-01-30
2026-01-30 22:00:00,350.0,392.1880004882812,465.13331298828126,539.7780151367188,603.8396606445312,796.1070190429688,2026-01-30
2026-01-30 23:00:00,537.5,275.50886230468757,362.97729492187506,443.2536010742188,505.9483032226563,649.3033569335938,2026-01-30
2026-01-31 00:00:00,345.0,360.5145629882812,388.69146728515625,410.190185546875,429.63369140625,481.97509765625,2026-01-31
2026-01-31 01:00:00,372.5,352.8502258300781,393.54136352539064,432.6648254394531,454.3467712402344,503.4941101074219,2026-01-31
2026-01-31 02:00:00,340.0,370.147265625,403.0672607421875,435.0145263671875,473.5455688476562,542.6795288085938,2026-01-31
2026-01-31 03:00:00,352.5,334.6453430175781,369.6050720214844,404.9266662597656,433.2491149902344,481.2487487792969,2026-01-31
2026-01-31 04:00:00,460.0,300.8175476074219,366.1076354980469,398.0971984863281,442.81089477539064,509.21721801757815,2026-01-31
2026-01-31 05:00:00,397.5,286.2365356445313,337.71421508789064,372.0845642089844,416.8281188964844,511.4839172363281,2026-01-31
2026-01-31 06:00:00,117.5,256.52574462890624,309.89421386718743,349.6868896484375,383.124853515625,463.51337890624995,2026-01-31
2026-01-31 07:00:00,230.0,290.3438781738281,328.7842102050781,369.9674987792969,422.83806762695315,493.9517761230469,2026-01-31
2026-01-31 08:00:00,100.0,252.32529296874998,288.97667236328124,338.278564453125,396.9249267578125,455.7452880859375,2026-01-31
2026-01-31 09:00:00,-10.0,164.78246459960937,204.3540832519531,256.4320983886719,300.19834594726564,368.79771118164064,2026-01-31
2026-01-31 10:00:00,-25.0,-21.584027099609386,34.310009765625,78.532958984375,118.84100341796878,175.77052001953126,2026-01-31
2026-01-31 11:00:00,-50.0,-17.993829345703134,49.71278076171875,103.35653686523438,159.17634887695314,239.21983032226564,2026-01-31
2026-01-31 12:00:00,-50.0,-73.62220458984376,-30.535491943359375,15.073333740234377,51.44218139648438,96.30606079101562,2026-01-31
2026-01-31 13:00:00,-50.0,-122.28068847656253,-76.1553649902344,-30.467742919921875,5.336212158203104,59.479083251953114,2026-01-31
2026-01-31 14:00:00,-50.0,-133.60721435546876,-74.64678955078125,-38.51953125,-1.1009765625000014,32.55238037109375,2026-01-31
2026-01-31 15:00:00,-50.0,-169.80509033203126,-106.809326171875,-56.61614990234375,-7.403857421874996,43.61885986328126,2026-01-31
2026-01-31 16:00:00,-50.0,-72.05632934570315,-16.484814453125026,27.30499267578125,77.03031005859373,139.83289794921873,2026-01-31
2026-01-31 17:00:00,405.0,90.62376098632812,140.3250305175781,176.12948608398438,215.49761352539062,309.59224243164067,2026-01-31
2026-01-31 18:00:00,282.5,145.57791137695312,203.14990844726563,259.0307312011719,295.3455383300781,392.08067016601564,2026-01-31
2026-01-31 19:00:00,212.5,77.57726440429684,136.15768432617185,183.67416381835935,225.2227111816406,287.4892639160156,2026-01-31
2026-01-31 20:00:00,222.2400054931641,-1.2224334716797074,65.05811462402342,111.75944519042967,151.21719665527343,243.41145935058591,2026-01-31
2026-01-31 21:00:00,265.0,49.50181884765625,95.48516845703125,123.9415283203125,163.92430419921877,277.43690185546876,2026-01-31
2026-01-31 22:00:00,280.0,-23.67661437988282,50.322103881835936,86.97544860839844,136.58116149902344,219.53233337402344,2026-01-31
2026-01-31 23:00:00,318.0692443847656,-46.14857788085938,7.017327880859369,49.572174072265625,102.87825317382813,185.51377563476564,2026-01-31
2026-02-01 00:00:00,327.5,108.34078674316406,136.8394012451172,158.5818328857422,179.70685729980465,206.30267028808595,2026-02-01
2026-02-01 01:00:00,320.0,48.39676513671874,90.70519409179687,121.07980346679688,141.34313354492187,185.62416381835936,2026-02-01
2026-02-01 02:00:00,311.25,65.31321411132812,109.4412109375,134.5941162109375,159.50140380859375,198.57750244140624,2026-02-01
2026-02-01 03:00:00,362.5,71.78772277832033,128.61049499511722,160.49830627441406,183.74593811035157,232.3866119384766,2026-02-01
2026-02-01 04:00:00,205.0,89.051953125,131.63236083984376,174.02548217773438,195.84545288085937,260.5228576660156,2026-02-01
2026-02-01 05:00:00,231.0,20.216699218749994,83.1333984375,129.48223876953125,166.4737548828125,259.2899047851563,2026-02-01
2026-02-01 06:00:00,25.0,0.34423828125,65.40743408203124,111.1021728515625,150.80570068359376,221.38984375,2026-02-01
2026-02-01 07:00:00,122.25,-91.73548583984376,-10.92020874023438,25.32586669921875,67.11065673828125,116.54908447265626,2026-02-01
2026-02-01 08:00:00,68.32849884033203,-132.90372314453126,-80.55224609375,-23.779296875,13.352233886718729,72.19193115234376,2026-02-01
2026-02-01 09:00:00,-50.0,-147.42720947265627,-83.59923706054687,-29.8236083984375,1.9696166992187614,41.87006835937501,2026-02-01
2026-02-01 10:00:00,-50.0,-148.17084350585938,-90.56389770507812,-39.143157958984375,-3.7678161621093764,48.389971923828156,2026-02-01
2026-02-01 11:00:00,-50.0,-120.94174804687502,-68.97188720703127,-29.438934326171875,17.95703124999997,69.39506835937502,2026-02-01
2026-02-01 12:00:00,-50.0,-175.7333984375,-96.70938110351562,-53.1719970703125,-22.00096435546875,55.90196533203125,2026-02-01
2026-02-01 13:00:00,-50.0,-152.81878662109375,-85.34942016601562,-47.168701171875,7.81597900390625,54.28975830078126,2026-02-01
2026-02-01 14:00:00,-50.0,-130.00087890625002,-78.34385986328127,-43.86929321289063,9.343933105468743,92.32475585937502,2026-02-01
2026-02-01 15:00:00,-50.0,-138.6923583984375,-85.2124267578125,-43.276641845703125,-8.193591308593746,58.221594238281284,2026-02-01
2026-02-01 16:00:00,-50.0,-118.5583251953125,-37.625341796875,-2.53564453125,37.8059326171875,88.61566162109375,2026-02-01
2026-02-01 17:00:00,215.2567443847656,91.3904052734375,161.10251464843748,192.17987060546875,234.39525146484374,291.1224853515625,2026-02-01
2026-02-01 18:00:00,415.0,148.75426635742187,203.8519775390625,260.3570861816406,315.43901977539065,386.2130187988281,2026-02-01
2026-02-01 19:00:00,310.0,190.15004272460936,261.5052062988281,300.3067321777344,336.56220092773435,410.4628845214844,2026-02-01
2026-02-01 20:00:00,295.0,234.99729614257814,279.10362548828124,320.1120910644531,364.9123596191406,422.02496948242185,2026-02-01
2026-02-01 21:00:00,400.0,264.4695129394531,322.9778137207031,360.6492004394531,417.0043029785156,479.0957824707031,2026-02-01
2026-02-01 22:00:00,307.5,253.42141723632812,327.04599609375,370.4832458496094,417.88861694335935,508.0445983886719,2026-02-01
2026-02-01 23:00:00,562.5,296.5042785644531,341.77691040039065,367.4989013671875,424.29376220703125,489.8184326171875,2026-02-01
2026-02-02 00:00:00,495.0,317.3576171875,372.0573974609375,399.033203125,429.60087890625,488.3292236328125,2026-02-02
2026-02-02 01:00:00,480.0,288.5640930175781,375.6773742675781,420.9948425292969,457.80597534179685,525.7398620605469,2026-02-02
2026-02-02 02:00:00,502.5,290.8091674804687,335.5030822753906,381.3163146972656,424.8471984863281,518.4612121582031,2026-02-02
2026-02-02 03:00:00,600.0,292.0298828125,344.5459228515625,394.51861572265625,427.0918334960937,571.6701538085938,2026-02-02
2026-02-02 04:00:00,507.5,317.90400390625,378.88117675781245,409.683837890625,475.7397216796875,567.95693359375,2026-02-02
2026-02-02 05:00:00,430.0,265.9959350585938,336.28125,371.024658203125,406.0397094726562,513.1273803710938,2026-02-02
2026-02-02 06:00:00,112.5,272.5746337890625,326.39076538085936,379.2023010253906,427.9643127441406,510.59526977539065,2026-02-02
2026-02-02 07:00:00,255.0,295.5601806640625,364.69907836914064,415.2640380859375,467.9468994140625,577.2485717773437,2026-02-02
2026-02-02 08:00:00,272.5,294.0349548339844,341.0611267089844,387.9040222167969,430.08098754882815,526.5206115722656,2026-02-02
2026-02-02 09:00:00,-23.221250534057617,267.85109252929686,331.52830810546874,378.7691955566406,437.80071411132815,501.6298400878906,2026-02-02
2026-02-02 10:00:00,-50.0,-28.51766052246093,50.930380249023436,100.66462707519533,169.22251281738284,339.6424346923829,2026-02-02
2026-02-02 11:00:00,277.5,-85.26592407226563,-10.165246582031251,30.174835205078125,80.82356567382814,161.54175415039063,2026-02-02
2026-02-02 12:00:00,12.5,-161.20738525390627,-46.45658569335938,1.32159423828125,71.6113037109375,174.9189208984375,2026-02-02
2026-02-02 13:00:00,-50.0,-138.99002685546876,-82.90606689453125,-16.23956298828125,37.58822021484375,144.79595947265625,2026-02-02
2026-02-02 14:00:00,-50.0,-167.9850280761719,-108.44631958007812,-30.989166259765625,38.860443115234375,166.0320983886719,2026-02-02
2026-02-02 15:00:00,-50.0,-150.8957763671875,-67.31735229492188,-12.2967529296875,25.28609619140625,116.3735107421875,2026-02-02
2026-02-02 16:00:00,20.0,152.1468933105469,210.36560668945313,261.1426696777344,307.35626831054685,470.18048706054685,2026-02-02
2026-02-02 17:00:00,458.75,271.47033691406256,341.55195922851567,405.7532348632813,477.87618408203133,629.2330444335938,2026-02-02
2026-02-02 18:00:00,197.5,283.873876953125,366.62120361328124,419.8944091796875,493.1040405273438,614.1917602539063,2026-02-02
2026-02-02 19:00:00,35.0,271.32147216796875,360.56376342773433,399.7230224609375,484.1372436523437,592.4360717773437,2026-02-02
2026-02-02 20:00:00,10.006750106811523,169.29284057617187,252.48052368164062,307.2051696777344,368.52802124023435,528.5712829589844,2026-02-02
2026-02-02 21:00:00,123.63400268554688,107.65979614257813,186.43277587890623,260.8460388183594,321.43927612304685,619.876776123047,2026-02-02
2026-02-02 22:00:00,-36.65975189208984,-41.03163146972655,41.09026794433595,115.5693817138672,173.4103240966797,378.6714324951172,2026-02-02
2026-02-02 23:00:00,-50.0,65.82866210937502,145.12463989257813,202.85806274414065,262.24458618164067,388.9279602050782,2026-02-02
2026-02-03 00:00:00,191.19325256347656,86.77631835937501,121.55543212890625,143.32452392578125,155.2903564453125,181.67934570312502,2026-02-03
2026-02-03 01:00:00,245.0,45.75862426757812,75.97306518554687,101.89999389648438,121.5125244140625,155.8306884765625,2026-02-03
2026-02-03 02:00:00,170.0,5.8417816162109375,42.14576110839843,65.94090270996094,88.26321105957031,137.24410095214844,2026-02-03
2026-02-03 03:00:00,165.0,-12.36578979492188,36.24815063476562,66.91009521484375,80.25805053710937,179.2748229980469,2026-02-03
2026-02-03 04:00:00,197.5,-11.595602416992193,27.86571350097656,53.69245910644531,79.03695373535156,140.50895080566409,2026-02-03
2026-02-03 05:00:00,225.0,-31.04043884277344,11.16268615722656,38.45570373535156,72.25792541503907,157.83553771972657,2026-02-03
2026-02-03 06:00:00,186.9812469482422,-41.82217712402344,-3.4385101318359403,37.22590637207031,75.82117004394532,150.65450744628907,2026-02-03
2026-02-03 07:00:00,42.65549850463867,-4.028713989257817,30.811557006835937,56.00929260253906,97.19099426269531,180.0708709716797,2026-02-03
2026-02-03 08:00:00,-48.74325180053711,-69.81781005859375,-34.66160888671875,-5.37249755859375,21.839385986328125,154.06455078125003,2026-02-03
2026-02-03 09:00:00,-50.0,-102.83222045898438,-61.08046264648438,-27.38079833984375,4.926000976562499,112.34890747070312,2026-02-03
2026-02-03 10:00:00,-50.0,-103.22286987304688,-61.113897705078124,-27.415802001953125,-3.982696533203125,45.706463623046886,2026-02-03
2026-02-03 11:00:00,-50.0,16.139575195312496,52.03228759765625,68.0701904296875,102.33013916015625,190.52489013671874,2026-02-03
2026-02-03 12:00:00,-50.0,-132.95135498046875,-90.9644775390625,-49.55096435546875,-25.361029052734374,27.619860839843753,2026-02-03
2026-02-03 13:00:00,-50.0,-114.89157104492188,-71.97825317382814,-33.365325927734375,-3.812249755859373,75.60967407226563,2026-02-03
2026-02-03 14:00:00,-50.0,-90.01133422851562,-51.555975341796874,-25.87240600585937,10.861218261718758,146.2043884277344,2026-02-03
2026-02-03 15:00:00,-50.0,-118.48853149414063,-62.517425537109375,-28.222686767578125,20.721020507812504,76.06865844726563,2026-02-03
2026-02-03 16:00:00,-50.0,-58.20654296875,-14.258471679687506,23.71054077148437,97.68695068359375,158.33006591796877,2026-02-03
2026-02-03 17:00:00,-22.77775001525879,66.59358825683593,101.66899108886719,155.6558380126953,193.2535369873047,258.83287048339844,2026-02-03
2026-02-03 18:00:00,27.833499908447266,36.54774169921875,92.98032836914061,134.61236572265625,187.85635986328126,301.34086914062505,2026-02-03
2026-02-03 19:00:00,60.0,-44.6217041015625,-5.512896728515614,48.7147216796875,107.07563476562501,193.13502197265626,2026-02-03
2026-02-03 20:00:00,151.2532501220703,-25.599118041992185,23.450302124023438,50.12309265136719,107.48793029785156,351.2469879150391,2026-02-03
2026-02-03 21:00:00,184.65550231933597,-57.23516235351563,-11.62610473632813,31.943084716796875,76.38343505859376,193.3783386230469,2026-02-03
2026-02-03 22:00:00,125.0,-52.203894042968756,-11.685498046875,16.353271484375,75.35867919921876,141.65865478515627,2026-02-03
2026-02-03 23:00:00,125.0,-97.86082763671875,-39.699230957031254,-5.18310546875,60.2263671875,223.80349121093752,2026-02-03
2026-02-04 00:00:00,155.0,-2.901312255859377,13.45626220703125,27.85162353515625,40.70653076171875,82.68303222656249,2026-02-04
2026-02-04 01:00:00,205.0,1.3976409912109347,29.228439331054688,48.73204040527344,76.35906677246093,142.80960998535159,2026-02-04
2026-02-04 02:00:00,257.5,58.14300537109375,102.51546630859374,126.96340942382812,147.40048217773438,205.074267578125,2026-02-04
2026-02-04 03:00:00,102.5,4.381643676757804,43.58078918457031,75.32106018066406,106.68748474121094,183.75113830566409,2026-02-04
2026-02-04 04:00:00,-50.0,-39.261322021484375,-1.967742919921875,26.06121826171875,61.231170654296875,145.34999389648436,2026-02-04
2026-02-04 05:00:00,-50.0,-117.24285278320313,-75.45111083984375,-36.061370849609375,5.899359130859381,73.70093383789063,2026-02-04
2026-02-04 06:00:00,-50.0,-99.56250610351563,-60.175439453125,-33.62396240234375,-8.2850341796875,92.26283569335938,2026-02-04
2026-02-04 07:00:00,-50.0,-108.39300537109375,-63.17060546875,-37.536407470703125,3.9977050781250014,68.74093017578126,2026-02-04
2026-02-04 08:00:00,-50.0,-104.12864990234375,-62.90667724609375,-42.354736328125,-16.578668212890623,54.90955810546876,2026-02-04
2026-02-04 09:00:00,-50.0,-95.21485595703126,-61.04063720703125,-37.93218994140625,-4.682995605468747,52.02855224609375,2026-02-04
2026-02-04 10:00:00,-50.0,-106.77769165039064,-72.12369995117189,-43.73794555664063,-17.53485717773438,75.62919311523436,2026-02-04
2026-02-04 11:00:00,-50.0,-104.21884155273438,-52.23624877929687,-25.051483154296875,3.529937744140625,49.44398193359375,2026-02-04
2026-02-04 12:00:00,-50.0,-104.06009521484376,-75.42020263671876,-46.87518310546875,-14.890252685546873,92.6497802734375,2026-02-04
2026-02-04 13:00:00,-50.0,-110.84241943359375,-80.38448486328124,-46.4918212890625,-19.170196533203118,65.06618652343751,2026-02-04
2026-02-04 14:00:00,-50.0,-101.84589233398438,-60.074884033203126,-42.145263671875,4.509521484375,93.03439331054688,2026-02-04
2026-02-04 15:00:00,-50.0,-123.40374145507813,-78.56118774414062,-33.386810302734375,-0.3369384765624872,91.13416137695313,2026-02-04
2026-02-04 16:00:00,-50.0,-109.51132202148438,-70.10420532226564,-37.1640625,2.5203186035156335,130.9864929199219,2026-02-04
2026-02-04 17:00:00,27.0,-61.9530029296875,-17.253173828125,32.374237060546875,75.39263916015625,142.02327880859377,2026-02-04
2026-02-04 18:00:00,131.333251953125,163.1151275634766,214.0779937744141,255.60716247558597,294.61504211425785,417.3948883056641,2026-02-04
2026-02-04 19:00:00,25.10650062561035,130.55391235351564,182.10989379882815,242.63150024414065,314.2832946777344,456.90767211914067,2026-02-04
2026-02-04 20:00:00,55.09149932861328,150.56659851074218,196.43034973144532,237.3398895263672,298.9949188232422,354.9326385498047,2026-02-04
2026-02-04 21:00:00,83.56575012207031,181.7730712890625,226.76882934570312,261.296875,322.9899658203125,426.07586669921875,2026-02-04
2026-02-04 22:00:00,24.95249938964844,200.0683227539062,245.3925720214843,293.0062866210937,330.01728515624995,434.72542724609366,2026-02-04
2026-02-04 23:00:00,194.1000061035156,204.61947631835938,236.66324462890623,267.423095703125,299.51752319335935,425.1112487792969,2026-02-04
2026-02-05 00:00:00,365.0,359.12376098632814,382.7902099609375,395.8963317871094,408.7811218261719,438.3402160644531,2026-02-05
2026-02-05 01:00:00,232.5,316.4881591796875,350.5063720703125,366.767578125,390.64861450195315,432.03973388671875,2026-02-05
2026-02-05 02:00:00,330.0,295.4395751953125,323.02556762695315,355.0595703125,379.0216979980469,432.69102783203124,2026-02-05
2026-02-05 03:00:00,287.5,321.2087829589844,361.7998046875,380.2339782714844,414.23533325195314,494.01340942382814,2026-02-05
2026-02-05 04:00:00,292.5,285.4159301757812,356.7297790527344,381.2893371582031,419.1345703125,482.495458984375,2026-02-05
2026-02-05 05:00:00,325.0,308.83159790039065,347.1685485839844,368.1282653808594,397.0426818847656,458.7005554199219,2026-02-05
2026-02-05 06:00:00,327.5,343.9803405761719,385.73508911132814,410.6486511230469,437.3403564453125,504.11973266601564,2026-02-05
2026-02-05 07:00:00,476.0,389.18845825195314,428.24229125976564,453.98681640625,476.9943908691406,538.4189147949219,2026-02-05
2026-02-05 08:00:00,558.5,305.6036376953125,337.8551513671875,367.7344665527344,391.2071899414062,458.38427734375,2026-02-05
2026-02-05 09:00:00,394.47650146484375,211.3309753417969,243.7042663574219,265.24658203125,294.04274291992186,373.20778198242186,2026-02-05
2026-02-05 10:00:00,189.4620056152344,-22.007568359375004,3.6648559570312464,28.33578491210937,58.616339111328124,121.33498535156251,2026-02-05
2026-02-05 11:00:00,142.1875,34.40096130371094,77.8783172607422,102.2827606201172,141.8944061279297,209.2422332763672,2026-02-05
2026-02-05 12:00:00,-50.0,-74.02725830078126,-38.92137451171875,-21.724822998046875,7.306494140625002,93.27924804687501,2026-02-05
2026-02-05 13:00:00,-50.0,-98.94823608398438,-58.678131103515625,-28.995086669921875,-7.633898925781249,88.73506469726566,2026-02-05
2026-02-05 14:00:00,-50.0,-83.87086791992188,-51.85288696289062,-20.2578125,5.224932861328121,80.62914428710938,2026-02-05
2026-02-05 15:00:00,-50.0,-108.4386474609375,-60.26101074218751,-19.74188232421875,5.732708740234372,79.58443603515627,2026-02-05
2026-02-05 16:00:00,700.0,58.42162780761717,103.80181579589842,124.5517120361328,163.1629180908203,220.97995300292968,2026-02-05
2026-02-05 17:00:00,665.25,379.1420654296875,420.55860595703126,444.854736328125,477.2738891601563,561.0742431640625,2026-02-05
2026-02-05 18:00:00,627.0,600.5616027832032,641.4800720214844,680.1743774414062,712.6928039550781,784.4267272949219,2026-02-05
2026-02-05 19:00:00,712.75,492.0707153320312,535.2273132324219,560.493408203125,603.8311279296875,686.5730834960938,2026-02-05
2026-02-05 20:00:00,412.1292419433594,535.9678955078125,579.7470153808594,618.2303466796875,651.1957641601563,737.7665649414063,2026-02-05
2026-02-05 21:00:00,534.2857666015625,589.8302673339844,625.0799072265625,670.033935546875,708.0481994628906,783.5300842285156,2026-02-05
2026-02-05 22:00:00,500.0,310.25153198242185,351.0360168457031,391.26177978515625,444.0451232910156,490.9158630371094,2026-02-05
2026-02-05 23:00:00,487.5,341.0812927246094,376.3135192871094,419.06591796875,473.8879821777344,539.7278015136719,2026-02-05
2026-02-06 00:00:00,477.5,352.80888671875,368.4540283203125,384.91412353515625,406.811669921875,435.2643188476562,2026-02-06
2026-02-06 01:00:00,430.0,352.64830322265624,386.480908203125,408.122802734375,429.62359619140625,458.90611572265624,2026-02-06
2026-02-06 02:00:00,500.0,344.412646484375,393.58502197265625,416.2781982421875,440.5665283203125,530.183935546875,2026-02-06
2026-02-06 03:00:00,590.6875,325.95379028320315,394.1390502929688,426.3442993164063,458.2169311523438,517.7554321289062,2026-02-06
2026-02-06 04:00:00,793.5,271.81629638671876,356.2991943359375,383.26702880859375,414.824560546875,476.3446044921875,2026-02-06
2026-02-06 05:00:00,751.9614868164062,225.6798400878906,336.7037475585937,373.03326416015625,398.0192138671875,470.6308959960937,2026-02-06
2026-02-06 06:00:00,425.0,270.6656066894531,311.0925598144531,376.2100830078125,409.96820068359375,458.3901733398437,2026-02-06
2026-02-06 07:00:00,537.5,269.65163574218747,339.90087280273434,401.03070068359375,427.6959594726562,507.4084106445312,2026-02-06
2026-02-06 08:00:00,436.5352478027344,206.68100585937498,288.2990295410156,363.44921875,404.3094482421875,476.1280029296875,2026-02-06
2026-02-06 09:00:00,367.35101318359375,223.68401489257812,289.68165283203126,345.2939758300781,409.29490356445314,506.0891296386719,2026-02-06
2026-02-06 10:00:00,195.0,231.56594848632812,286.28607788085935,323.8216247558594,379.32219848632815,479.1143005371094,2026-02-06
2026-02-06 11:00:00,393.7027587890625,241.18802490234373,287.0918762207031,330.7976989746094,400.9744873046875,480.6502319335938,2026-02-06
2026-02-06 12:00:00,380.8664855957031,245.934814453125,302.4777038574219,332.62548828125,398.17132568359375,459.4154541015625,2026-02-06
2026-02-06 13:00:00,233.6202545166016,135.30056457519532,182.31159362792968,210.8847198486328,265.2621368408203,369.0797637939453,2026-02-06
2026-02-06 14:00:00,186.2875061035156,108.6985382080078,151.4575408935547,193.0596466064453,243.1293731689453,306.1313018798828,2026-02-06
2026-02-06 15:00:00,-37.5,155.82405090332034,207.50820617675782,254.5852203369141,329.50083312988284,420.06487121582035,2026-02-06
2026-02-06 16:00:00,-50.0,186.58847656249998,237.9751708984375,303.352294921875,353.04505615234376,413.25654296875,2026-02-06
2026-02-06 17:00:00,135.93374633789062,239.67464599609374,303.59730834960936,337.461181640625,387.9614501953125,489.1789794921875,2026-02-06
2026-02-06 18:00:00,64.0,241.65228881835938,291.1574279785156,338.0039367675781,444.76039428710936,514.6441589355469,2026-02-06
2026-02-06 19:00:00,60.98199844360352,136.9105041503906,241.50331420898436,318.3376159667969,363.26740112304685,465.3592956542969,2026-02-06
2026-02-06 20:00:00,60.0,137.04213867187494,206.04716186523433,278.1112670898437,320.8937255859375,472.38173828124997,2026-02-06
2026-02-06 21:00:00,91.0,147.11184692382812,221.42628173828126,276.834716796875,334.7067016601562,435.4862426757812,2026-02-06
2026-02-06 22:00:00,170.0,92.82298278808594,173.63450622558594,228.6647491455078,290.4461700439453,409.8982208251953,2026-02-06
2026-02-06 23:00:00,107.5,123.08715209960937,197.49315795898437,265.6185607910156,310.8780944824219,447.9414978027344,2026-02-06
2026-02-07 00:00:00,20.0,67.58333129882813,83.21939086914062,93.23556518554688,103.37811279296875,125.77078857421876,2026-02-07
2026-02-07 01:00:00,-50.0,12.89118041992188,29.15462036132813,40.29409790039063,55.10859375000001,85.98640747070314,2026-02-07
2026-02-07 02:00:00,97.5,-9.67911071777344,18.841897583007814,37.29142761230469,57.383358764648435,95.06203918457032,2026-02-07
2026-02-07 03:00:00,-50.0,-67.55739135742188,-21.220025634765626,3.6337890625,25.986761474609377,97.44031372070316,2026-02-07
2026-02-07 04:00:00,120.0,-78.57315673828126,-29.252618408203126,-1.00823974609375,24.45325927734375,73.67550048828126,2026-02-07
2026-02-07 05:00:00,0.0,-87.690771484375,-42.10087280273437,-11.6708984375,33.943896484375,87.06214599609376,2026-02-07
2026-02-07 06:00:00,50.0,-80.64564208984375,-41.73028564453125,-14.461456298828123,18.21893310546875,89.77015380859378,2026-02-07
2026-02-07 07:00:00,140.0,-91.6840087890625,-56.12901611328125,-28.31158447265625,-1.0750000000000206,89.61226806640626,2026-02-07
2026-02-07 08:00:00,-50.0,-107.00049438476564,-56.78009033203126,-36.28778076171875,-13.710339355468754,73.95525512695313,2026-02-07
2026-02-07 09:00:00,-50.0,-109.59925537109375,-67.6928955078125,-37.171722412109375,6.7881713867187585,82.49757080078128,2026-02-07
2026-02-07 10:00:00,-50.0,-110.32437744140626,-66.39959716796875,-40.427093505859375,-5.138439941406247,63.83834228515626,2026-02-07
2026-02-07 11:00:00,-50.0,-94.91620483398438,-66.37107543945314,-26.549530029296875,7.922894287109379,56.233917236328125,2026-02-07
2026-02-07 12:00:00,-50.0,-127.59536743164062,-66.78292846679688,-36.541351318359375,-0.708953857421875,71.15520629882813,2026-02-07
2026-02-07 13:00:00,-50.0,-100.09881591796875,-60.09908447265625,-34.90350341796875,1.3360229492187514,90.03363037109375,2026-02-07
2026-02-07 14:00:00,-50.0,-122.32626342773438,-64.02008666992188,-32.60992431640625,-10.58001708984375,74.10365600585938,2026-02-07
2026-02-07 15:00:00,-50.0,-98.42219848632813,-62.25458374023438,-33.529083251953125,5.117907714843753,100.07112426757814,2026-02-07
2026-02-07 16:00:00,-50.0,-119.56953735351563,-68.3528076171875,-33.91680908203125,-9.907415771484374,78.40465698242188,2026-02-07
2026-02-07 17:00:00,289.8699951171875,128.28649902343744,162.7334106445312,198.04788208007807,223.7244506835937,331.2448120117187,2026-02-07
2026-02-07 18:00:00,310.0,205.93924560546873,252.5676513671875,308.9145202636719,358.921142578125,430.307275390625,2026-02-07
2026-02-07 19:00:00,302.5,232.19013671875,273.64124755859376,302.1561279296875,345.65013427734374,411.7129150390625,2026-02-07
2026-02-07 20:00:00,305.0,172.92855224609374,234.64156494140624,267.728271484375,327.1880859375,401.781884765625,2026-02-07
2026-02-07 21:00:00,330.0,213.24938354492187,253.9571960449219,286.2376708984375,350.7029113769531,399.64509887695317,2026-02-07
2026-02-07 22:00:00,325.0,176.8579528808594,232.55531005859376,276.2819519042969,316.5657165527344,384.5525573730469,2026-02-07
2026-02-07 23:00:00,265.0,188.58461303710936,240.79641723632812,283.8306579589844,335.0496398925781,392.6893615722656,2026-02-07
2026-02-08 00:00:00,175.0,247.59906005859375,278.101806640625,287.41424560546875,303.3880920410156,331.5532470703125,2026-02-08
2026-02-08 01:00:00,287.5,233.89223022460936,258.67896728515626,279.9283447265625,299.4058044433594,343.17670288085935,2026-02-08
2026-02-08 02:00:00,330.0,231.21655883789063,262.7963317871094,289.7698059082031,319.3651916503906,366.09812622070314,2026-02-08
2026-02-08 03:00:00,270.0,186.3738525390625,242.85968017578125,278.34393310546875,314.61773681640625,349.1509643554688,2026-02-08
2026-02-08 04:00:00,135.0,162.86983947753907,218.9045623779297,247.54676818847656,285.6503448486328,326.7606109619141,2026-02-08
2026-02-08 05:00:00,210.0,125.60919189453125,176.39248046875,199.92633056640625,242.80310058593747,298.2466064453125,2026-02-08
2026-02-08 06:00:00,245.0,74.30462036132812,125.833984375,155.37091064453125,191.05010375976562,267.5290100097656,2026-02-08
2026-02-08 07:00:00,180.0,121.73617248535159,169.0783416748047,194.2291412353516,226.92558898925785,299.0129913330079,2026-02-08
2026-02-08 08:00:00,-50.0,8.682418823242188,69.24526672363281,98.88307189941406,145.61496276855468,212.53372497558593,2026-02-08
2026-02-08 09:00:00,-50.0,-75.70074462890625,-35.2718994140625,-6.115814208984375,18.824713134765627,98.64051513671876,2026-02-08
2026-02-08 10:00:00,-50.0,-105.77014770507813,-65.05957641601563,-31.0086669921875,-9.375634765625005,73.08577270507813,2026-02-08
2026-02-08 11:00:00,-50.0,-95.02362060546875,-42.3095947265625,-22.347564697265625,4.933630371093752,78.46151123046876,2026-02-08
2026-02-08 12:00:00,-50.0,-90.87314453125,-50.565270996093744,-22.11117553710937,3.1467651367187557,78.753759765625,2026-02-08
2026-02-08 13:00:00,-50.0,-102.03556518554687,-52.911492919921876,-25.401885986328125,19.327630615234376,81.10761108398438,2026-02-08
2026-02-08 14:00:00,-50.0,-92.25789794921876,-54.56834716796875,-27.826568603515625,4.349285888671879,72.73885498046876,2026-02-08
2026-02-08 15:00:00,-50.0,-91.47463989257812,-66.11600952148439,-28.44842529296875,6.475927734374999,100.21610717773439,2026-02-08
2026-02-08 16:00:00,-49.47174835205078,-59.59572143554688,-28.900775146484378,-0.366119384765625,49.32183227539064,104.1453063964844,2026-02-08
2026-02-08 17:00:00,288.0,108.74508056640627,158.36586914062502,191.8321228027344,252.1320678710938,320.51689453125005,2026-02-08
2026-02-08 18:00:00,-29.5,175.70021362304684,222.48024291992184,253.8070373535156,307.02992553710936,375.2753723144531,2026-02-08
2026-02-08 19:00:00,24.0,23.692117309570307,72.4974090576172,136.22950744628906,182.07599182128908,220.75891418457033,2026-02-08
2026-02-08 20:00:00,42.0,-58.08760986328123,-10.188146972656227,20.54803466796875,69.52048339843753,110.05671386718753,2026-02-08
2026-02-08 21:00:00,24.75,-66.2625732421875,-8.76123046875,35.399200439453125,73.17500000000001,152.24705810546874,2026-02-08
2026-02-08 22:00:00,12.25,-64.86154174804688,-28.41243896484375,6.266876220703125,63.744134521484376,114.81719360351565,2026-02-08
2026-02-08 23:00:00,-37.5,-124.66775512695312,-69.25841064453127,-17.82952880859375,43.07791137695312,101.01452026367188,2026-02-08
2026-02-09 00:00:00,32.04425048828125,-48.261914062500004,-25.4714111328125,-11.76190185546875,0.5450805664062504,20.825445556640624,2026-02-09
2026-02-09 01:00:00,20.0575008392334,-54.826550292968754,-33.74913330078125,-18.124267578125,-1.3533569335937479,25.31712036132813,2026-02-09
2026-02-09 02:00:00,-50.0,-51.137158203125004,-24.22979736328125,-6.6400146484375,13.654840087890626,52.577691650390626,2026-02-09
2026-02-09 03:00:00,-50.0,-59.80241088867188,-30.672479248046876,-8.936981201171875,12.241058349609375,46.261120605468754,2026-02-09
2026-02-09 04:00:00,-50.0,-55.05610961914063,-26.436798095703125,-8.628662109375,8.734869384765627,58.72880859375,2026-02-09
2026-02-09 05:00:00,-50.0,-84.66080322265626,-46.56451416015625,-24.83917236328125,1.7641723632812507,77.43607177734376,2026-02-09
2026-02-09 06:00:00,-50.0,-72.41279907226563,-42.78456420898438,-28.415008544921875,-10.3494384765625,52.99217529296875,2026-02-09
2026-02-09 07:00:00,5.791749954223633,-61.82601318359375,-32.43687744140625,1.27978515625,21.963397216796878,63.835107421875,2026-02-09
2026-02-09 08:00:00,54.10699844360352,-54.827264404296876,-9.019573974609376,6.807037353515625,27.21217041015625,64.13084106445314,2026-02-09
2026-02-09 09:00:00,-50.0,-73.90015869140626,-45.25750732421875,-23.72412109375,-6.524334716796876,34.55440063476563,2026-02-09
2026-02-09 10:00:00,-50.0,-83.25243530273437,-42.311859130859375,-31.258453369140625,-15.604937744140624,22.133190917968754,2026-02-09
2026-02-09 11:00:00,0.0,-64.92880249023438,-45.407806396484375,-25.328155517578125,-4.898876953124997,39.90361938476563,2026-02-09
2026-02-09 12:00:00,35.0,-69.85660400390626,-43.51556396484375,-30.3656005859375,-17.321350097656246,6.212359619140628,2026-02-09
2026-02-09 13:00:00,-37.5,-73.78530273437501,-47.43958740234375,-27.27886962890625,-7.306158447265624,43.615325927734375,2026-02-09
2026-02-09 14:00:00,-50.0,-63.358795166015625,-39.449285888671874,-26.515594482421875,14.09210815429688,107.47341918945312,2026-02-09
2026-02-09 15:00:00,-50.0,-73.99140625000001,-50.558996582031256,-27.194793701171875,-9.789636230468748,61.57677001953125,2026-02-09
2026-02-09 16:00:00,222.5,-80.90956420898438,-50.25794067382813,-24.277862548828125,2.595965576171878,51.95880737304688,2026-02-09
2026-02-09 17:00:00,207.5,-82.08117065429688,-31.592120361328128,-1.317535400390625,46.02036743164063,108.46732788085939,2026-02-09
2026-02-09 18:00:00,-49.605751037597656,-85.48065185546875,-42.04915161132813,-5.63043212890625,26.044836425781252,110.081298828125,2026-02-09
2026-02-09 19:00:00,-49.25,-56.22969360351563,-10.170715332031254,21.61947631835937,61.930938720703125,148.94319458007814,2026-02-09
2026-02-09 20:00:00,-48.01300048828125,-44.785412597656254,-15.62091064453125,17.362548828125,61.64208984375,146.32598876953125,2026-02-09
2026-02-09 21:00:00,-50.0,-47.0801513671875,3.044232177734372,28.6708984375,65.49161376953126,115.89710693359376,2026-02-09
2026-02-09 22:00:00,-49.260501861572266,-77.78130493164063,-25.386187744140628,3.147064208984375,30.43368530273439,92.49500122070313,2026-02-09
2026-02-09 23:00:00,-50.0,-77.19853515625,-35.329992675781256,-9.44403076171875,18.742333984375012,107.48450927734376,2026-02-09
2026-02-10 00:00:00,245.09625244140625,5.654742431640621,21.63576049804687,25.90829467773437,31.17129516601562,48.611602783203125,2026-02-10
2026-02-10 01:00:00,257.5,125.55145568847657,137.73492736816405,143.5690460205078,152.21649475097655,173.25548400878907,2026-02-10
2026-02-10 02:00:00,102.5,145.97193603515626,158.428515625,167.4239501953125,177.58248291015624,203.999267578125,2026-02-10
2026-02-10 03:00:00,200.0,169.3977722167969,185.97493286132814,193.96597290039065,204.98167114257816,219.2797546386719,2026-02-10
2026-02-10 04:00:00,110.03150177001952,118.30185241699219,137.61518249511718,149.03953552246094,155.5987518310547,205.0577362060547,2026-02-10
2026-02-10 05:00:00,182.8757476806641,121.57378845214843,136.91319274902344,145.7152557373047,156.4998016357422,197.21673889160155,2026-02-10
2026-02-10 06:00:00,141.6165008544922,172.37424316406248,190.3863403320312,199.62738037109372,209.12489013671873,235.10624389648436,2026-02-10
2026-02-10 07:00:00,216.15475463867188,206.8246643066406,223.52184448242187,234.03884887695312,248.79598999023438,276.0391906738281,2026-02-10
2026-02-10 08:00:00,152.1540069580078,208.29445190429686,231.63876342773438,244.46652221679688,253.77282104492187,327.5819030761719,2026-02-10
2026-02-10 09:00:00,1.0577499866485596,154.11885681152344,176.2851531982422,185.55796813964844,196.79937438964845,227.1145782470703,2026-02-10
2026-02-10 10:00:00,-50.0,-50.94600219726563,-27.33927612304688,-18.252655029296875,-8.512689208984375,32.551025390625,2026-02-10
2026-02-10 11:00:00,-50.0,-58.965753173828126,-36.981329345703124,-24.242095947265625,-13.823773193359374,29.07930908203125,2026-02-10
2026-02-10 12:00:00,-50.0,-74.7776123046875,-44.92918701171875,-30.62152099609375,-17.445751953124997,49.35823974609376,2026-02-10
2026-02-10 13:00:00,-50.0,-75.5129150390625,-41.6094970703125,-31.75,-20.91976318359375,11.43436889648438,2026-02-10
2026-02-10 14:00:00,-50.0,-65.05880737304688,-45.86641235351563,-31.668487548828125,-14.705633544921874,101.20674438476564,2026-02-10
2026-02-10 15:00:00,262.9327392578125,-55.12239990234375,-36.45157470703125,-21.3026123046875,-6.192169189453125,114.14559326171874,2026-02-10
2026-02-10 16:00:00,563.4555053710938,170.0965576171875,196.5674560546875,212.31427001953125,229.68494873046876,374.351708984375,2026-02-10
2026-02-10 17:00:00,602.1957397460938,329.1728149414063,354.90941162109374,367.34228515625,384.06260375976564,508.9005004882813,2026-02-10
2026-02-10 18:00:00,405.0,358.4880737304687,375.307958984375,386.7218017578125,403.675341796875,518.0699951171875,2026-02-10
2026-02-10 19:00:00,355.0,305.75213012695315,323.5835266113281,337.1617126464844,363.95054931640624,487.7056091308594,2026-02-10
2026-02-10 20:00:00,187.5,246.86868896484376,288.09617919921874,302.8187255859375,321.812646484375,438.033544921875,2026-02-10
2026-02-10 21:00:00,247.89149475097656,251.61497802734374,279.368603515625,289.913818359375,313.78802490234375,474.7235229492188,2026-02-10
2026-02-10 22:00:00,215.7227478027344,210.0138031005859,233.82775573730467,250.5317230224609,263.449868774414,390.10549011230466,2026-02-10
2026-02-10 23:00:00,82.5,111.9112579345703,139.3408966064453,155.34193420410156,175.4032989501953,331.0460601806641,2026-02-10
2026-02-11 00:00:00,250.0,213.9787475585937,233.7440063476562,249.3539123535156,262.6109313964844,293.8765014648437,2026-02-11
2026-02-11 01:00:00,-25.0,43.11953430175781,67.90062561035157,92.73878479003906,109.36536560058593,158.60476989746093,2026-02-11
2026-02-11 02:00:00,115.0,-36.221856689453126,-2.808734130859378,19.179718017578125,62.423010253906256,169.98613891601565,2026-02-11
2026-02-11 03:00:00,75.0,-77.9177001953125,-37.13040771484375,-1.04931640625,44.8743896484375,130.162939453125,2026-02-11
2026-02-11 04:00:00,-49.00650024414063,-75.91539306640625,-40.81392822265626,0.30865478515625,40.6583740234375,100.7089111328125,2026-02-11
2026-02-11 05:00:00,-50.0,-87.73388061523437,-48.03821411132812,-7.424652099609375,56.83090209960939,114.09033813476567,2026-02-11
2026-02-11 06:00:00,-50.0,-81.56681518554689,-50.36592407226563,-18.524932861328125,20.70087280273438,116.27250366210939,2026-02-11
2026-02-11 07:00:00,-50.0,-79.89351806640624,-47.44459228515625,-20.209930419921875,18.00841064453126,111.8248291015625,2026-02-11
2026-02-11 08:00:00,-50.0,-103.29617919921876,-49.67308349609375,-19.981353759765625,2.3667846679687514,73.73287353515626,2026-02-11
2026-02-11 09:00:00,-50.0,-95.12045288085938,-61.78587036132812,-32.62445068359375,-10.531176757812492,111.86492309570312,2026-02-11
2026-02-11 10:00:00,-50.0,-94.66548461914063,-60.011199951171875,-41.00762939453125,-17.884759521484373,84.95846557617188,2026-02-11
2026-02-11 11:00:00,-50.0,-99.77989501953125,-54.30894775390625,-34.48602294921875,-22.240032958984372,18.70406494140625,2026-02-11
2026-02-11 12:00:00,-50.0,-98.63779907226562,-57.36780395507813,-32.980010986328125,-8.870782470703123,92.87855834960936,2026-02-11
2026-02-11 13:00:00,-50.0,-72.12779541015625,-49.24637451171875,-33.7830810546875,-9.64990234375,38.16920166015625,2026-02-11
2026-02-11 14:00:00,-50.0,-87.67669677734375,-56.096899414062506,-30.1087646484375,-0.963281250000005,99.10517578125004,2026-02-11
2026-02-11 15:00:00,-50.0,-87.788818359375,-48.118383789062506,-23.88897705078125,8.525390625,159.03992919921876,2026-02-11
2026-02-11 16:00:00,-50.0,-116.940283203125,-71.85196533203126,-24.90814208984375,35.930395507812506,144.97100830078125,2026-02-11
2026-02-11 17:00:00,-7.0,120.78150329589843,169.98155212402344,203.0804901123047,282.38510437011723,410.5396209716797,2026-02-11
2026-02-11 18:00:00,22.75,161.06464233398435,214.30601196289064,268.2055969238281,335.9363708496094,430.82855834960935,2026-02-11
2026-02-11 19:00:00,129.5,178.0991455078125,217.5313720703125,266.2164001464844,331.7559753417969,414.8914733886719,2026-02-11
2026-02-11 20:00:00,54.75,136.71192626953126,178.60463256835936,230.7696533203125,280.7507568359375,370.0069458007813,2026-02-11
2026-02-11 21:00:00,129.5,132.9739288330078,174.55304870605468,216.7603302001953,287.50303039550784,371.0622833251953,2026-02-11
2026-02-11 22:00:00,233.09625244140625,126.68715209960938,154.95743408203126,192.0245361328125,266.1011535644531,336.3259460449219,2026-02-11
2026-02-11 23:00:00,240.0,72.97008361816407,111.76238708496093,131.3311004638672,201.31728820800782,271.96289367675786,2026-02-11
2026-02-12 00:00:00,260.0,237.4803466796875,262.7793701171875,277.8961486816406,290.7364868164062,335.686376953125,2026-02-12
2026-02-12 01:00:00,260.0,226.49848632812498,249.58709106445312,268.1181640625,288.0659545898437,335.8908325195313,2026-02-12
2026-02-12 02:00:00,262.5,198.6240966796875,230.91758422851564,267.8167724609375,295.80975341796875,372.1934448242188,2026-02-12
2026-02-12 03:00:00,305.0,193.87343139648436,243.63909912109375,274.1492614746094,301.9674865722656,366.9113708496094,2026-02-12
2026-02-12 04:00:00,260.0,162.00219116210934,210.3508361816406,244.18783569335935,280.0368957519531,379.6296447753906,2026-02-12
2026-02-12 05:00:00,2.5,89.61555786132814,119.0615905761719,161.83895874023438,205.19548950195315,288.07727661132816,2026-02-12
2026-02-12 06:00:00,198.156005859375,19.88452453613281,40.48387145996094,76.95390319824219,135.69554748535157,207.53866271972657,2026-02-12
2026-02-12 07:00:00,214.062255859375,-38.043518066406264,10.272448730468739,40.88775634765625,95.00706787109374,186.09951171875,2026-02-12
2026-02-12 08:00:00,24.97450065612793,-77.88139038085939,-11.180834960937503,15.18731689453125,48.97929077148438,152.1580505371094,2026-02-12
2026-02-12 09:00:00,-37.445499420166016,-101.47330932617189,-56.20682983398438,-7.608917236328125,23.241802978515615,114.44478149414066,2026-02-12
2026-02-12 10:00:00,-50.0,-114.67835083007813,-61.541436767578126,-31.550323486328125,36.67362670898437,123.03663940429689,2026-02-12
2026-02-12 11:00:00,-50.0,-42.720523071289065,17.812985229492185,41.23829650878906,77.58141174316407,152.4827362060547,2026-02-12
2026-02-12 12:00:00,-50.0,-100.1312744140625,-59.967541503906254,-19.487548828125,29.255810546875004,92.25944824218753,2026-02-12
2026-02-12 13:00:00,-50.0,-96.83573608398439,-52.18526000976563,-17.12725830078125,5.484796142578126,91.14522094726566,2026-02-12
2026-02-12 14:00:00,-50.0,-115.21877441406251,-63.883575439453125,-23.010498046875,34.62276611328125,101.5622314453125,2026-02-12
2026-02-12 15:00:00,-50.0,-100.68994140625,-58.571905517578124,-24.82244873046875,33.50946044921875,146.0437744140625,2026-02-12
2026-02-12 16:00:00,342.25,-129.22615966796877,-65.689697265625,-30.08050537109375,38.849340820312506,164.0998291015625,2026-02-12
2026-02-12 17:00:00,429.4557495117188,-78.59271240234375,-23.39111328125,23.8944091796875,97.3011474609375,227.571875,2026-02-12
2026-02-12 18:00:00,113.5,169.8442443847656,202.31641235351563,256.6971740722656,326.72077026367185,491.8772033691406,2026-02-12
2026-02-12 19:00:00,88.25,118.37962646484375,159.99205932617187,205.1832275390625,255.46973876953126,314.310400390625,2026-02-12
2026-02-12 20:00:00,-49.5,158.32174682617185,206.4616760253906,242.8871154785156,296.05623168945306,358.4381896972656,2026-02-12
2026-02-12 21:00:00,25.25,186.0470428466797,223.19610900878905,249.6779022216797,318.2298065185547,415.8469207763672,2026-02-12
2026-02-12 22:00:00,14.25,163.15180053710935,197.72117919921874,231.82977294921875,301.00702514648435,381.7703796386719,2026-02-12
2026-02-12 23:00:00,162.78924560546875,152.78392333984374,191.6390625,229.80279541015625,291.20543212890624,441.228173828125,2026-02-12
2026-02-13 00:00:00,100.38574981689452,-0.33323974609374574,21.469384765625,33.980682373046875,61.10266723632813,110.44244995117188,2026-02-13
2026-02-13 01:00:00,262.5,-30.792745971679693,22.66234436035156,58.01542663574219,94.51482238769532,159.29245910644534,2026-02-13
2026-02-13 02:00:00,165.0,-2.2768524169921847,28.16781311035156,67.03669738769531,107.64159240722657,148.33121643066409,2026-02-13
2026-02-13 03:00:00,65.0,-21.03068237304688,23.78719482421876,56.39474487304688,105.04627075195313,137.82927856445315,2026-02-13
2026-02-13 04:00:00,62.91849899291992,-78.97037353515623,-31.535894775390602,13.84686279296875,50.93837890625002,121.58111572265628,2026-02-13
2026-02-13 05:00:00,-48.5,-79.39845581054688,-31.516577148437506,7.639923095703125,54.983453369140605,122.49341430664063,2026-02-13
2026-02-13 06:00:00,-52.089500427246094,-79.70034790039062,-43.18287963867188,-7.452301025390625,26.703021240234378,97.63319702148438,2026-02-13
2026-02-13 07:00:00,-17.344499588012695,-81.48146972656251,-49.031750488281254,-16.81103515625,37.91522216796875,132.9819580078125,2026-02-13
2026-02-13 08:00:00,-50.0,-99.11721801757812,-54.47713012695313,-27.30673217773437,7.1235046386718786,104.99066772460938,2026-02-13
2026-02-13 09:00:00,-50.0,-95.21964721679687,-61.24629516601563,-30.096954345703125,-1.0140624999999979,87.80407104492188,2026-02-13
2026-02-13 10:00:00,-50.0,-94.42495117187501,-61.75349121093751,-40.52603149414063,-12.276281738281256,97.88524169921877,2026-02-13
2026-02-13 11:00:00,-50.0,-84.53986816406251,-52.987744140625,-40.286376953125,-21.217059326171874,69.93593750000001,2026-02-13
2026-02-13 12:00:00,-50.0,-88.94066772460938,-61.639324951171886,-38.02438354492188,-17.31469116210938,59.808599853515624,2026-02-13
2026-02-13 13:00:00,-50.0,-95.13168334960938,-57.34861450195312,-35.005859375,-3.840222167968747,116.62753295898438,2026-02-13
2026-02-13 14:00:00,-50.0,-91.03427124023438,-60.59788208007812,-30.55157470703125,-9.385528564453125,60.56991577148436,2026-02-13
2026-02-13 15:00:00,-50.0,-99.07923583984375,-50.52075805664063,-24.99472045898437,2.681939697265623,118.60041503906251,2026-02-13
2026-02-13 16:00:00,-50.0,-81.241015625,-46.438812255859375,-11.39019775390625,25.768646240234375,132.0450439453125,2026-02-13
2026-02-13 17:00:00,-48.69525146484375,-38.270117187500006,0.24265136718749858,35.3690185546875,74.21405029296875,166.449169921875,2026-02-13
2026-02-13 18:00:00,-26.132999420166016,149.512890625,177.61639404296875,220.89727783203125,287.32899169921876,348.53350830078125,2026-02-13
2026-02-13 19:00:00,11.484999656677246,114.38138427734374,152.90626831054686,183.88699340820312,240.8484130859375,331.66131591796875,2026-02-13
2026-02-13 20:00:00,8.925000190734863,70.57937927246094,112.12677917480468,144.76429748535156,170.59445495605468,235.25755310058594,2026-02-13
2026-02-13 21:00:00,181.10174560546875,123.53975219726561,154.79713745117186,176.6868896484375,218.6350524902344,275.0701843261719,2026-02-13
2026-02-13 22:00:00,13.243000030517578,17.502575683593733,53.076391601562484,99.69146728515624,148.26472167968748,249.76163330078123,2026-02-13
2026-02-13 23:00:00,32.07500076293945,-42.32459106445313,-13.32749633789063,21.7763671875,47.412078857421875,153.57202758789063,2026-02-13
2026-02-14 00:00:00,-49.49325180053711,11.671319580078123,26.831292724609376,33.48162841796875,40.75003662109375,71.30483398437501,2026-02-14
2026-02-14 01:00:00,-50.0,32.783102416992186,50.72966003417969,58.17555236816406,69.73873596191406,88.43558044433594,2026-02-14
2026-02-14 02:00:00,-50.0,49.38227844238281,72.65736389160156,84.10804748535156,99.75845031738281,187.37435607910157,2026-02-14
2026-02-14 03:00:00,-50.0,110.60972290039062,128.85997924804687,140.85787963867188,159.53609619140624,281.85213012695317,2026-02-14
2026-02-14 04:00:00,-37.5,30.349945068359375,53.22920532226563,67.43649291992188,79.12236938476562,133.95745239257815,2026-02-14
2026-02-14 05:00:00,45.0,74.57096252441404,95.04811096191405,103.6173858642578,116.6141632080078,162.75194396972654,2026-02-14
2026-02-14 06:00:00,-12.5,66.67236938476562,79.77894897460938,90.91970825195312,100.03461303710938,204.36207885742186,2026-02-14
2026-02-14 07:00:00,-50.0,6.239593505859375,24.940704345703125,34.976348876953125,45.20155639648438,71.73096313476563,2026-02-14
2026-02-14 08:00:00,-50.0,-35.411932373046874,-18.659027099609375,-11.838531494140623,-1.0412048339843736,39.47288208007813,2026-02-14
2026-02-14 09:00:00,-50.0,-42.84007568359375,-29.59566650390625,-20.38580322265625,-11.65057373046875,-0.35406494140625,2026-02-14
2026-02-14 10:00:00,-50.0,-41.556463623046874,-31.60269165039062,-26.697174072265625,-22.837445068359372,-6.845513916015619,2026-02-14
2026-02-14 11:00:00,-50.0,-53.33165283203125,-33.38861083984375,-27.0498046875,-20.96102294921875,-5.859875488281247,2026-02-14
2026-02-14 12:00:00,-50.0,-41.73021240234375,-26.62203369140625,-18.50537109375,-12.138159179687499,9.270166015625001,2026-02-14
2026-02-14 13:00:00,-50.0,-33.75551147460938,-20.56664428710938,-14.894378662109377,-10.529473876953126,0.40184936523437464,2026-02-14
2026-02-14 14:00:00,-50.0,-43.57818603515625,-29.330883789062504,-19.6358642578125,-11.63887939453125,-0.2811157226562493,2026-02-14
2026-02-14 15:00:00,-50.0,-42.46790161132813,-28.224969482421876,-20.651580810546875,-13.222137451171875,12.748309326171878,2026-02-14
2026-02-14 16:00:00,-50.0,-49.65714721679687,-31.610943603515626,-21.316680908203125,-10.437481689453124,91.84288940429688,2026-02-14
2026-02-14 17:00:00,-50.0,-54.42763671875,-23.702136230468753,-13.784912109375,-3.940380859374999,34.727197265625,2026-02-14
2026-02-14 18:00:00,-46.479251861572266,-36.47428588867188,-8.179779052734375,1.755706787109375,20.04725341796875,116.64122924804688,2026-02-14
2026-02-14 19:00:00,-12.49625015258789,-24.954644775390626,3.0956115722656268,13.234100341796877,24.02728271484375,72.51954345703126,2026-02-14
2026-02-14 20:00:00,-50.0,-32.57061767578125,3.2807983398437486,16.80389404296875,40.57770385742188,127.82180175781251,2026-02-14
2026-02-14 21:00:00,-50.0,-12.419085693359378,16.740496826171874,31.0233154296875,44.328033447265625,155.4348937988281,2026-02-14
2026-02-14 22:00:00,-50.0,-24.3293701171875,-2.032702636718751,8.81695556640625,22.180523681640626,87.802099609375,2026-02-14
2026-02-14 23:00:00,-50.0,-28.963031005859378,-5.006170654296875,10.83367919921875,25.912762451171876,141.45958862304687,2026-02-14
2026-02-15 00:00:00,212.5,141.68759460449218,147.9577606201172,151.0942840576172,153.49764099121094,162.38748474121093,2026-02-15
2026-02-15 01:00:00,195.0,157.71094665527343,166.26978454589843,171.1362762451172,176.54764099121093,191.9019744873047,2026-02-15
2026-02-15 02:00:00,272.5,220.51683654785157,225.04947814941406,233.4977569580078,239.48221740722656,253.75206604003907,2026-02-15
2026-02-15 03:00:00,290.0,264.84559936523436,282.86378784179686,290.2732238769531,295.7467468261719,309.96083374023436,2026-02-15
2026-02-15 04:00:00,292.5,286.0070678710937,294.39943847656247,299.5516967773437,306.79760742187494,328.35293579101557,2026-02-15
2026-02-15 05:00:00,280.0,281.9980895996094,291.8090393066406,296.0920715332031,303.06464233398435,314.6758117675781,2026-02-15
2026-02-15 06:00:00,142.5,275.62598876953126,285.89344482421876,291.68621826171875,297.6877197265625,311.028466796875,2026-02-15
2026-02-15 07:00:00,175.0,271.897412109375,283.4283203125,286.79034423828125,290.827392578125,301.583740234375,2026-02-15
2026-02-15 08:00:00,-50.0,146.69536437988282,158.6923858642578,162.1761016845703,166.6794464111328,176.53375549316405,2026-02-15
2026-02-15 09:00:00,-50.0,-24.73386230468749,-11.651867675781247,-6.06829833984375,-1.8907348632812466,6.9494628906250036,2026-02-15
2026-02-15 10:00:00,-50.0,-32.77423095703125,-22.461767578125,-16.17852783203125,-10.79833984375,11.534216308593752,2026-02-15
2026-02-15 11:00:00,-50.0,-32.436474609375,-24.9037841796875,-21.28094482421875,-17.09002685546875,-0.6468383789062457,2026-02-15
2026-02-15 12:00:00,-50.0,-30.545172119140624,-22.214178466796874,-17.835540771484375,-13.292108154296875,-4.194879150390625,2026-02-15
2026-02-15 13:00:00,-50.0,-28.726104736328125,-19.13482055664063,-13.755462646484377,-6.231500244140626,5.690338134765623,2026-02-15
2026-02-15 14:00:00,-50.0,-24.671484375,-17.6455810546875,-11.640869140625,-6.89814453125,9.037402343750003,2026-02-15
2026-02-15 15:00:00,-50.0,-23.794036865234375,-15.814813232421876,-10.633880615234377,-3.6224182128906266,4.076141357421873,2026-02-15
2026-02-15 16:00:00,-25.0,-10.887274169921879,4.700921630859373,11.501251220703123,16.513690185546874,44.34031372070313,2026-02-15
2026-02-15 17:00:00,342.5,362.0593322753906,376.46417846679685,385.1860046386719,392.6995056152344,418.75075073242186,2026-02-15
2026-02-15 18:00:00,370.0,489.11650390625,509.09210205078125,520.0861206054688,528.7399169921875,544.1268493652344,2026-02-15
2026-02-15 19:00:00,317.5,448.0839721679688,468.9479370117188,480.4215698242188,490.1708007812501,526.7083435058594,2026-02-15
2026-02-15 20:00:00,290.0,396.1611083984375,411.76739501953125,419.7039794921875,428.715087890625,461.7554443359375,2026-02-15
2026-02-15 21:00:00,300.0,522.9735595703125,541.5682006835938,548.908447265625,562.052197265625,589.7123107910156,2026-02-15
2026-02-15 22:00:00,322.5,698.4065185546875,717.9582397460938,732.255859375,748.4185729980469,863.9032470703125,2026-02-15
2026-02-15 23:00:00,435.0,394.5232666015625,406.7278076171875,418.2510986328125,431.9512084960937,479.9917907714844,2026-02-15
2026-02-16 00:00:00,340.0,389.86945800781245,420.5494384765625,436.2366943359375,451.5819580078125,478.4363037109375,2026-02-16
2026-02-16 01:00:00,340.0,356.2656494140625,401.04431152343756,416.8308715820313,439.8692016601563,486.3461303710938,2026-02-16
2026-02-16 02:00:00,340.0,312.13593750000007,354.94282226562507,383.4928588867188,413.5732543945313,466.9106323242188,2026-02-16
2026-02-16 03:00:00,340.0,313.9331909179688,375.1254150390625,409.008056640625,431.0013427734375,490.45179443359376,2026-02-16
2026-02-16 04:00:00,340.0,293.1264282226563,348.22474975585936,387.2262268066406,423.4064147949219,466.4153991699219,2026-02-16
2026-02-16 05:00:00,340.0,202.35894775390622,292.0152160644531,330.0751037597656,358.96669311523436,418.7463195800781,2026-02-16
2026-02-16 06:00:00,340.0,211.41031494140623,288.26866455078124,332.4254150390625,350.9036499023438,446.0354370117187,2026-02-16
2026-02-16 07:00:00,332.5,248.34899291992184,295.27500610351564,333.3721618652344,403.18414916992185,480.21416625976565,2026-02-16
2026-02-16 08:00:00,130.0,206.97451171875,243.259326171875,274.4302062988281,306.4987365722656,428.15723876953126,2026-02-16
2026-02-16 09:00:00,-50.0,84.68850708007812,120.72960205078125,137.1832275390625,159.94171752929688,252.9404235839844,2026-02-16
2026-02-16 10:00:00,-50.0,-13.88388366699219,26.571109008789062,41.70567321777344,73.09507751464844,169.82767639160156,2026-02-16
2026-02-16 11:00:00,62.5,88.05912780761719,116.61243591308593,141.07362365722656,156.44879455566405,239.8768524169922,2026-02-16
2026-02-16 12:00:00,-25.0,39.31648254394531,71.2680450439453,90.13340759277344,113.12814636230469,190.4571075439453,2026-02-16
2026-02-16 13:00:00,-50.0,-29.11608276367188,0.1319396972656186,21.47177124023437,46.310986328125,124.82432250976564,2026-02-16
2026-02-16 14:00:00,-50.0,2.1328063964843693,38.19740600585938,58.8775634765625,92.333447265625,213.1717224121094,2026-02-16
2026-02-16 15:00:00,-50.0,68.18897094726563,94.83684692382813,123.64520263671876,160.51349487304688,279.0585876464844,2026-02-16
2026-02-16 16:00:00,110.0,159.6815307617187,198.09171142578123,222.62591552734372,284.3464477539062,396.2159057617188,2026-02-16
2026-02-16 17:00:00,257.5,246.1496826171875,271.5986389160156,308.643310546875,383.74241943359374,468.86248779296875,2026-02-16
2026-02-16 18:00:00,295.0,260.738232421875,295.21905517578125,320.1406555175781,398.8604248046875,491.14140625000005,2026-02-16
2026-02-16 19:00:00,280.0,235.7212158203125,277.87730102539064,330.08160400390625,369.2984558105469,431.3135070800781,2026-02-16
2026-02-16 20:00:00,257.5,286.4322998046875,323.9482116699219,353.75341796875,402.065771484375,458.148291015625,2026-02-16
2026-02-16 21:00:00,265.0,345.7077880859375,387.96437377929686,427.42388916015625,485.3061157226563,567.9271118164063,2026-02-16
2026-02-16 22:00:00,275.0,277.01800537109375,311.4729309082031,351.51123046875,400.2752746582031,454.7562561035156,2026-02-16
2026-02-16 23:00:00,315.0,248.06368408203127,288.52380981445316,323.6609191894531,395.13726806640625,453.7529663085937,2026-02-16
2026-02-17 00:00:00,215.0,219.6758026123047,244.7669647216797,255.2496795654297,266.48695983886716,295.6021697998047,2026-02-17
2026-02-17 01:00:00,242.5,181.34424438476563,223.3173095703125,236.992431640625,252.0482666015625,276.73768310546876,2026-02-17
2026-02-17 02:00:00,265.0,217.67559204101562,253.3246276855469,268.9565124511719,286.6172790527344,313.12127075195315,2026-02-17
2026-02-17 03:00:00,-12.5,188.4107666015625,232.2695556640625,257.73944091796875,281.00380859375,326.75693359375,2026-02-17
2026-02-17 04:00:00,12.5,183.26344604492186,226.65551147460937,240.52438354492188,261.1893615722656,294.3074157714844,2026-02-17
2026-02-17 05:00:00,-37.5,134.1619445800781,210.82286987304687,228.22000122070312,245.44235229492188,296.89044799804685,2026-02-17
2026-02-17 06:00:00,-50.0,90.30137329101562,142.29324340820312,184.2996826171875,198.8683837890625,237.32393798828127,2026-02-17
2026-02-17 07:00:00,-50.0,-3.4919281005859233,41.72322082519533,103.6897430419922,130.5419158935547,179.7011688232422,2026-02-17
2026-02-17 08:00:00,-50.0,-80.44182739257813,-33.41786499023438,-4.97418212890625,29.296099853515628,98.41849365234376,2026-02-17
2026-02-17 09:00:00,-50.0,-67.63731079101564,-41.71431274414063,-16.81329345703125,6.730505371093752,108.87789306640626,2026-02-17
2026-02-17 10:00:00,-50.0,-74.16370239257813,-57.24161987304688,-25.14642333984375,0.08846435546875142,78.39528808593751,2026-02-17
2026-02-17 11:00:00,-50.0,-59.77535400390625,-35.27373046875,-19.26861572265625,2.171514892578127,26.599267578125,2026-02-17
2026-02-17 12:00:00,-50.0,-44.483087158203126,-32.836065673828124,-16.9796142578125,-7.663201904296876,26.24224853515625,2026-02-17
2026-02-17 13:00:00,-50.0,-70.91313476562502,-41.889990234375,-27.6669921875,-9.634191894531249,44.93113403320312,2026-02-17
2026-02-17 14:00:00,-50.0,-72.47828369140625,-48.0783203125,-22.44696044921875,-5.3111267089843714,94.59933471679688,2026-02-17
2026-02-17 15:00:00,-50.0,-76.78721313476564,-39.93544311523438,-21.5699462890625,4.04144897460937,103.54985351562499,2026-02-17
2026-02-17 16:00:00,-50.0,-71.77828369140624,-45.7652099609375,-25.331085205078125,29.543939208984376,125.45258178710938,2026-02-17
2026-02-17 17:00:00,-50.0,-103.93745727539063,-62.011303710937504,-16.30487060546875,41.643212890625,117.00166015625001,2026-02-17
2026-02-17 18:00:00,-50.0,67.23747253417969,113.91499328613281,148.5019073486328,195.1744415283203,260.5439971923828,2026-02-17
2026-02-17 19:00:00,-50.0,38.87836608886718,92.05016784667968,145.1623992919922,170.3574188232422,222.74944763183595,2026-02-17
2026-02-17 20:00:00,-50.0,39.50531921386718,79.74339904785157,115.91017150878906,141.7472381591797,199.55403747558594,2026-02-17
2026-02-17 21:00:00,-50.0,2.7134338378906335,35.172137451171885,73.52908325195312,117.44734497070314,161.66091918945312,2026-02-17
2026-02-17 22:00:00,-50.0,-58.610144042968756,-18.68695068359375,28.77392578125,55.34229736328125,121.22347412109376,2026-02-17
2026-02-17 23:00:00,-50.0,-57.92504272460938,-12.2509765625,23.7110595703125,55.83883056640625,93.286572265625,2026-02-17
2026-02-18 00:00:00,-50.0,71.74395446777343,73.65182800292969,75.04258728027344,76.30600280761719,80.81457214355468,2026-02-18
2026-02-18 01:00:00,-50.0,105.66341857910156,111.40051574707032,113.22084045410156,115.31654357910156,133.19070129394532,2026-02-18
2026-02-18 02:00:00,-50.0,211.3076843261719,215.49442749023441,217.68814086914065,220.90518188476565,238.0721130371094,2026-02-18
2026-02-18 03:00:00,-50.0,245.51912231445309,250.4705871582031,253.8251037597656,255.77184448242184,283.7711486816406,2026-02-18
2026-02-18 04:00:00,-50.0,222.76327819824218,228.62312927246094,231.8523406982422,237.50135192871093,383.9292694091797,2026-02-18
2026-02-18 05:00:00,12.5,228.24866943359376,236.03746337890624,239.57421875,243.7162109375,362.55556640625,2026-02-18
2026-02-18 06:00:00,0.0,229.50961303710938,234.06011352539062,237.73709106445312,240.88565063476562,266.5913452148437,2026-02-18
2026-02-18 07:00:00,-50.0,103.35983276367188,108.51024780273437,113.35171508789062,119.56248168945312,254.24043579101564,2026-02-18
2026-02-18 08:00:00,-50.0,-28.875250244140624,-19.650323486328126,-16.648712158203125,-12.178497314453125,113.08954467773438,2026-02-18
2026-02-18 09:00:00,-50.0,-37.09546508789062,-30.52709350585937,-27.26278686523437,-21.58114624023437,94.17562866210938,2026-02-18
2026-02-18 10:00:00,-50.0,-43.86248168945312,-35.33275756835937,-30.831512451171875,-25.64692993164062,132.3057067871094,2026-02-18
2026-02-18 11:00:00,-50.0,-36.10140991210937,-26.00690307617187,-23.55892944335937,-18.530230712890617,13.150653076171881,2026-02-18
2026-02-18 12:00:00,-50.0,-25.522692871093753,-18.79212646484375,-12.87237548828125,-7.4381103515625,128.76470947265625,2026-02-18
2026-02-18 13:00:00,-50.0,-36.70194702148437,-26.174957275390625,-23.138580322265625,-19.232745361328124,108.77671508789064,2026-02-18
2026-02-18 14:00:00,-50.0,-40.04231567382813,-33.649102783203126,-29.108612060546875,-25.104522705078125,158.15574340820314,2026-02-18
2026-02-18 15:00:00,-50.0,-37.48014526367187,-28.616644287109374,-24.763641357421875,-20.325189208984376,-10.710076904296875,2026-02-18
2026-02-18 16:00:00,-50.0,-29.926739501953126,-21.481512451171877,-17.047454833984375,-11.041046142578125,109.33422241210938,2026-02-18
2026-02-18 17:00:00,-50.0,-19.78829345703125,-9.2135498046875,-3.29010009765625,6.671331787109375,142.64995117187502,2026-02-18
2026-02-18 18:00:00,-50.0,136.42189025878906,148.75503234863282,158.29212951660156,204.79645080566405,317.15003967285156,2026-02-18
2026-02-18 19:00:00,-50.34600067138672,45.72518920898438,55.73473510742188,61.87319946289063,82.64492187500001,276.50176391601565,2026-02-18
2026-02-18 20:00:00,-50.0,-41.6793701171875,-26.37081298828125,-19.71783447265625,-4.311474609374999,162.21953125000002,2026-02-18
2026-02-18 21:00:00,-50.0,-43.36041259765625,-28.048266601562503,-23.09857177734375,-10.521185302734374,137.31356201171877,2026-02-18
2026-02-18 22:00:00,-50.0,-46.3654296875,-35.32275390625,-27.753662109375,-5.320465087890625,134.11298828125004,2026-02-18
2026-02-18 23:00:00,-50.0,-44.243865966796875,-35.207891845703124,-26.847076416015625,0.19649047851562784,227.64157104492188,2026-02-18
2026-02-19 00:00:00,-50.0,-17.192889404296878,-13.904327392578123,-12.703643798828123,-11.876947021484376,-4.223089599609374,2026-02-19
2026-02-19 01:00:00,-50.0,-22.520080566406246,-18.13133544921875,-16.56805419921875,-15.44112548828125,-11.180273437499997,2026-02-19
2026-02-19 02:00:00,-50.0,-22.76883544921875,-20.28670654296875,-18.8358154296875,-17.248193359375,-14.80047607421875,2026-02-19
2026-02-19 03:00:00,-50.0,-21.096484375,-19.0813232421875,-17.595458984375,-16.6608154296875,-12.32393798828125,2026-02-19
2026-02-19 04:00:00,-50.0,-20.28915405273438,-18.594342041015626,-17.438446044921875,-16.364215087890624,-12.721844482421876,2026-02-19
2026-02-19 05:00:00,-50.0,-24.10444946289062,-20.14324340820312,-18.96200561523437,-17.609576416015617,-13.80046997070312,2026-02-19
2026-02-19 06:00:00,-50.0,-25.457989501953126,-21.641827392578126,-20.789031982421875,-19.678997802734376,-15.862579345703125,2026-02-19
2026-02-19 07:00:00,-50.0,-22.23043212890625,-20.3796142578125,-19.5947265625,-18.33173828125,-13.515905761718749,2026-02-19
2026-02-19 08:00:00,-50.0,-28.08768310546875,-26.428564453125,-25.16204833984375,-24.36756591796875,-21.5093505859375,2026-02-19
2026-02-19 09:00:00,-50.0,-24.40595703125,-21.77833251953125,-20.68548583984375,-19.3193359375,-16.7459716796875,2026-02-19
2026-02-19 10:00:00,-50.0,-21.95609130859375,-20.7861328125,-19.71575927734375,-18.617919921875,-16.60849609375,2026-02-19
2026-02-19 11:00:00,-50.0,-26.462103271484374,-24.513677978515624,-23.561676025390625,-22.528387451171874,-20.639154052734373,2026-02-19
2026-02-19 12:00:00,-50.0,-30.449053955078128,-27.574310302734375,-26.129608154296875,-25.300347900390626,-22.772210693359376,2026-02-19
2026-02-19 13:00:00,-50.0,-28.026660156249996,-26.3952392578125,-24.88201904296875,-23.325097656249998,-19.258288574218746,2026-02-19
2026-02-19 14:00:00,-50.0,-27.26878662109375,-24.59361572265625,-23.3387451171875,-22.05892333984375,-19.3730224609375,2026-02-19
2026-02-19 15:00:00,-50.0,-25.87431640625,-21.2873291015625,-19.71722412109375,-17.9225830078125,-10.3966552734375,2026-02-19
2026-02-19 16:00:00,-50.0,-21.02318115234375,-17.6259521484375,-16.62017822265625,-13.59898681640625,-10.432824707031244,2026-02-19
2026-02-19 17:00:00,-50.0,-8.233325195312503,-4.90303955078125,-2.82244873046875,-0.8009765624999998,111.82514648437501,2026-02-19
2026-02-19 18:00:00,-50.08649826049805,1.7303283691406248,4.698651123046875,6.760223388671875,8.548321533203126,13.186492919921875,2026-02-19
2026-02-19 19:00:00,-51.21200180053711,-9.746099853515624,-6.442181396484372,-4.009552001953125,-1.733599853515622,123.10305786132812,2026-02-19
2026-02-19 20:00:00,-50.0,-21.642517089843754,-16.85927734375,-14.6025390625,-12.2667236328125,-7.584796142578123,2026-02-19
2026-02-19 21:00:00,-50.0,-26.58162231445312,-23.193536376953123,-20.20077514648437,-17.31398315429687,-3.4950866699218714,2026-02-19
2026-02-19 22:00:00,-50.0,-22.99956665039063,-17.637957763671878,-14.950042724609377,-12.872235107421876,-4.327331542968752,2026-02-19
2026-02-19 23:00:00,-50.0,-15.273583984375001,-11.137805175781253,-7.885498046875,-5.281298828124999,4.159246826171875,2026-02-19
2026-02-20 00:00:00,-50.0,-0.4105773925781251,0.43049926757812496,0.892669677734375,1.368914794921875,3.134271240234375,2026-02-20
2026-02-20 01:00:00,-50.0,-8.335552978515626,-7.299102783203125,-6.740386962890625,-6.173187255859375,-4.074920654296875,2026-02-20
2026-02-20 02:00:00,-50.0,-11.587249755859375,-9.354449462890624,-8.545074462890625,-7.690142822265625,106.64901733398438,2026-02-20
2026-02-20 03:00:00,-50.0,-4.069970703125,-2.0705078125,-1.32391357421875,-0.78857421875,1.19344482421875,2026-02-20
2026-02-20 04:00:00,-50.0,4.958605957031249,6.89085693359375,7.6588134765625,8.4891845703125,10.7310791015625,2026-02-20
2026-02-20 05:00:00,-50.0,0.4656494140624998,2.3446533203125,3.11083984375,4.1652099609375,10.578424072265626,2026-02-20
2026-02-20 06:00:00,-50.0,-1.3665649414062502,-0.06136474609375009,0.7279052734375,1.3902587890625,4.058404541015625,2026-02-20
2026-02-20 07:00:00,-50.0,-18.4976806640625,-16.86353759765625,-16.2479248046875,-15.285693359375,-5.931823730468748,2026-02-20
2026-02-20 08:00:00,-50.0,-29.542132568359374,-27.763897705078126,-26.842803955078125,-26.132232666015625,-23.887957763671874,2026-02-20
2026-02-20 09:00:00,-50.0,-23.661737060546876,-22.215948486328124,-21.203826904296875,-20.086407470703126,115.53276367187502,2026-02-20
2026-02-20 10:00:00,-50.0,-21.36683959960937,-20.13679809570312,-19.48080444335937,-18.49739379882812,-7.2642517089843714,2026-02-20
2026-02-20 11:00:00,-50.0,-24.812017822265624,-22.858148193359376,-22.068817138671875,-20.997650146484375,113.13614501953126,2026-02-20
2026-02-20 12:00:00,-50.0,-27.72236328125,-25.90018310546875,-24.8192138671875,-23.74652099609375,-19.465765380859374,2026-02-20
2026-02-20 13:00:00,-50.0,-28.23463745117187,-26.18911743164062,-25.33505249023437,-23.90387573242187,83.51771240234376,2026-02-20
2026-02-20 14:00:00,-50.0,-28.396539306640626,-26.468621826171876,-25.812774658203125,-24.778826904296874,121.47410888671874,2026-02-20
2026-02-20 15:00:00,-50.0,-28.65938720703125,-25.19281005859375,-23.888427734375,-22.079345703125,106.86909790039064,2026-02-20
2026-02-20 16:00:00,-50.0,-24.49871826171875,-21.087353515625,-19.92327880859375,-18.0923095703125,119.97921752929688,2026-02-20
2026-02-20 17:00:00,-50.0,-11.167993164062501,-8.92310791015625,-7.0684814453125,-5.6707763671875,131.05043334960936,2026-02-20
2026-02-20 18:00:00,-50.0,9.78837890625,11.538623046875,13.14495849609375,14.3678955078125,129.3977783203125,2026-02-20
2026-02-20 19:00:00,-50.0,16.932513427734374,18.943414306640626,20.721588134765625,22.42000732421875,190.23038330078128,2026-02-20
2026-02-20 20:00:00,-50.0,11.559130859375,15.138037109375,16.06036376953125,17.260546875,139.4989440917969,2026-02-20
2026-02-20 21:00:00,-50.0,3.923980712890625,6.346343994140625,8.133209228515625,10.262628173828125,227.86240234375,2026-02-20
2026-02-20 22:00:00,-50.0,19.622528076171875,21.755560302734374,23.316680908203125,26.413787841796875,232.29271240234377,2026-02-20
2026-02-20 23:00:00,-50.0,-2.5423034667968754,-0.2808776855468751,1.221649169921875,3.9293334960937503,164.84765625000003,2026-02-20
2026-02-21 00:00:00,-50.0,2.261248779296875,3.112615966796875,3.427886962890625,4.0621826171875,5.138494873046875,2026-02-21
2026-02-21 01:00:00,-50.0,-13.672039794921876,-12.61204833984375,-12.15667724609375,-11.825799560546875,-9.80618896484375,2026-02-21
2026-02-21 02:00:00,-50.0,-21.003979492187494,-19.94859008789062,-19.46737670898437,-18.93659057617187,-17.303625488281245,2026-02-21
2026-02-21 03:00:00,-50.0,-21.02752685546875,-20.132452392578124,-19.64459228515625,-19.229010009765624,82.12382202148439,2026-02-21
2026-02-21 04:00:00,-50.0,-20.802728271484376,-20.089715576171876,-19.702301025390625,-19.27947998046875,-16.8783447265625,2026-02-21
2026-02-21 05:00:00,-50.0,-27.8379150390625,-26.545751953125,-26.103790283203125,-25.707989501953126,-24.3834716796875,2026-02-21
2026-02-21 06:00:00,-50.0,-33.79202880859375,-33.155096435546874,-32.78753662109375,-32.393811035156254,72.20189208984374,2026-02-21
2026-02-21 07:00:00,-50.0,-39.07977294921875,-38.1802978515625,-37.879180908203125,-37.556982421875,-36.352630615234375,2026-02-21
2026-02-21 08:00:00,-50.0,-35.393115234375,-34.753778076171876,-34.331756591796875,-33.920404052734376,-32.31231689453125,2026-02-21
2026-02-21 09:00:00,-50.0,-31.6798095703125,-30.798333740234376,-30.373321533203125,-29.800726318359377,113.01641235351562,2026-02-21
2026-02-21 10:00:00,-50.0,-30.79091796875,-30.1805908203125,-29.932830810546875,-29.412432861328124,79.15836181640626,2026-02-21
2026-02-21 11:00:00,-50.0,-34.26396484375,-33.742041015625,-33.420440673828125,-32.955535888671875,-31.857659912109376,2026-02-21
2026-02-21 12:00:00,-50.0,-36.32005615234375,-35.760107421875,-35.314239501953125,-34.89564208984375,-33.265283203125,2026-02-21
2026-02-21 13:00:00,-50.0,-34.74644165039062,-33.9885009765625,-33.518585205078125,-33.20259399414063,-31.280096435546874,2026-02-21
2026-02-21 14:00:00,-50.0,-34.07447509765625,-32.80550537109375,-32.207000732421875,-31.69964599609375,86.23202514648438,2026-02-21
2026-02-21 15:00:00,-50.0,-32.13099975585938,-31.3161376953125,-30.739715576171875,-30.276409912109372,81.93071899414063,2026-02-21
2026-02-21 16:00:00,-50.0,-27.889532470703124,-26.8392333984375,-26.333648681640625,-25.80179443359375,-22.55477294921875,2026-02-21
2026-02-21 17:00:00,41.75,-32.18406372070312,-31.318133544921874,-30.822021484375,-29.978057861328125,71.9430908203125,2026-02-21
2026-02-21 18:00:00,93.270751953125,-3.754681396484378,-2.924090576171875,-2.34991455078125,-1.631097412109375,149.6314880371094,2026-02-21
2026-02-21 19:00:00,163.95199584960938,-19.02548828125,-18.111431884765626,-17.471466064453125,-16.644866943359375,124.10138549804688,2026-02-21
2026-02-21 20:00:00,243.29849243164065,-10.810797119140625,-9.51907958984375,-8.935638427734375,-7.712652587890625,151.0460388183594,2026-02-21
2026-02-21 21:00:00,249.0865020751953,83.55592651367188,85.2995361328125,86.07052612304688,86.66332397460938,199.5939453125,2026-02-21
2026-02-21 22:00:00,285.0,162.75864868164064,164.3719970703125,165.25930786132812,166.05760498046874,314.98297119140625,2026-02-21
2026-02-21 23:00:00,285.0,160.89557189941405,162.52338562011718,163.26744079589844,164.35159606933593,286.5256622314453,2026-02-21
2026-02-22 00:00:00,-37.5,192.63697509765626,244.18326416015626,253.85821533203125,270.9740844726563,303.85048828125,2026-02-22
2026-02-22 01:00:00,-50.0,175.74212646484378,217.5452819824219,233.87106323242188,253.1108337402344,277.0054626464844,2026-02-22
2026-02-22 02:00:00,-50.0,139.3251953125,174.54832763671874,201.733154296875,232.068212890625,271.581005859375,2026-02-22
2026-02-22 03:00:00,-50.0,87.48475341796875,155.03681030273435,179.91867065429688,196.9090881347656,234.92874145507812,2026-02-22
2026-02-22 04:00:00,-50.0,50.52176513671874,138.62321166992186,149.99246215820312,176.42168579101562,218.8081481933594,2026-02-22
2026-02-22 05:00:00,-50.0,72.71605529785155,141.48678283691405,163.1834259033203,191.3880157470703,242.82997131347656,2026-02-22
2026-02-22 06:00:00,-50.0,87.34604492187499,139.4593505859375,203.74343872070312,233.82263793945313,293.7160705566406,2026-02-22
2026-02-22 07:00:00,-50.0,81.05339355468749,125.14205627441405,177.53759765625,206.64327392578124,276.5962158203125,2026-02-22
2026-02-22 08:00:00,-50.0,-74.3447509765625,-49.87949829101562,-11.31182861328125,42.7546875,132.6825378417969,2026-02-22
2026-02-22 09:00:00,-50.0,-74.51324462890625,-47.64384155273437,-27.011993408203125,1.5190399169921882,86.82773437499998,2026-02-22
2026-02-22 10:00:00,-50.0,-67.00679321289063,-43.826959228515626,-18.99334716796875,-2.2467773437500007,83.93031616210938,2026-02-22
2026-02-22 11:00:00,-50.0,-59.57598876953125,-34.635650634765625,-16.70330810546875,1.074737548828125,91.78645019531251,2026-02-22
2026-02-22 12:00:00,-50.0,-58.75382080078124,-37.73823852539062,-22.23764038085937,-6.392443847656246,74.9012939453125,2026-02-22
2026-02-22 13:00:00,-50.0,-61.18348999023438,-45.674755859375,-23.54232788085937,6.955123901367191,86.44105834960938,2026-02-22
2026-02-22 14:00:00,-50.0,-58.888311767578124,-41.175103759765626,-23.319091796875,3.394100952148438,112.07738647460937,2026-02-22
2026-02-22 15:00:00,-50.0,-58.0087646484375,-36.91114501953125,-22.81787109375,25.627435302734376,98.18366699218751,2026-02-22
2026-02-22 16:00:00,-50.0,-71.89727783203125,-37.95128173828125,-22.85693359375,49.3981201171875,118.20051269531251,2026-02-22
2026-02-22 17:00:00,127.5,173.99075317382812,192.15400390625,210.19210815429688,286.9353942871094,360.6046325683594,2026-02-22
2026-02-22 18:00:00,125.7354965209961,283.85890502929686,316.6552734375,345.9486083984375,424.0469604492188,528.6504577636719,2026-02-22
2026-02-22 19:00:00,97.70475006103516,386.0545593261719,419.81065673828124,483.15338134765625,544.27138671875,647.7641845703125,2026-02-22
2026-02-22 20:00:00,152.04925537109375,348.4108703613282,386.5931213378907,430.4839477539063,493.7610168457032,559.1628234863282,2026-02-22
2026-02-22 21:00:00,225.0,288.2541809082031,349.45048828125,414.3470764160156,463.8390686035156,564.7604187011718,2026-02-22
2026-02-22 22:00:00,220.0,212.8589599609375,241.55084228515625,319.1487731933594,347.5572570800781,415.8278503417969,2026-02-22
2026-02-22 23:00:00,252.5,227.35288085937498,248.0259521484375,307.5069580078125,361.0298828125,459.39862060546875,2026-02-22
2026-02-23 00:00:00,100.0,159.03370361328126,219.4462127685547,256.17877197265625,286.5295043945313,353.55439453125,2026-02-23
2026-02-23 01:00:00,222.5,117.86540222167972,166.95002746582034,231.04710388183597,250.03941345214847,310.90696716308594,2026-02-23
2026-02-23 02:00:00,280.0,153.27547912597657,177.44339294433595,237.1150665283203,256.5746185302734,318.6382476806641,2026-02-23
2026-02-23 03:00:00,242.5,172.3212280273437,187.50683593749994,257.8124389648437,278.85197753906243,318.56176147460934,2026-02-23
2026-02-23 04:00:00,25.0,177.41428222656248,193.94963378906246,208.90219116210935,273.5773681640625,327.99641113281245,2026-02-23
2026-02-23 05:00:00,-37.5,86.86791076660157,99.72054138183594,111.20149230957033,170.70542907714844,208.85240173339844,2026-02-23
2026-02-23 06:00:00,122.5,89.214013671875,98.28106079101562,104.85397338867188,135.07925415039062,221.2355529785156,2026-02-23
2026-02-23 07:00:00,150.0,93.88515930175781,103.34483947753905,107.87840270996094,117.22552795410157,207.85420837402347,2026-02-23
2026-02-23 08:00:00,-37.5,14.29271240234375,22.58243408203125,27.889068603515625,32.901239013671876,122.96104125976564,2026-02-23
2026-02-23 09:00:00,-50.0,-31.850537109375,-25.642022705078126,-20.79718017578125,-15.002569580078124,59.544970703125,2026-02-23
2026-02-23 10:00:00,-50.0,-31.3259033203125,-25.781549072265626,-22.95166015625,-18.907574462890626,2.8744628906250007,2026-02-23
2026-02-23 11:00:00,-50.0,-38.08646850585937,-31.159844970703126,-27.755645751953125,-25.146917724609374,-19.386120605468747,2026-02-23
2026-02-23 12:00:00,-50.0,-38.09923095703125,-30.1035400390625,-27.288726806640625,-25.41295166015625,17.99933776855469,2026-02-23
2026-02-23 13:00:00,-50.0,-31.745135498046874,-26.94486083984375,-23.925811767578125,-21.3139892578125,-1.25714111328125,2026-02-23
2026-02-23 14:00:00,-50.0,-31.17874755859375,-25.478558349609376,-22.831451416015625,-17.97921142578125,68.93605346679688,2026-02-23
2026-02-23 15:00:00,-50.0,-31.91412353515625,-24.571246337890624,-22.35894775390625,-18.9712646484375,41.53855590820313,2026-02-23
2026-02-23 16:00:00,-50.0,-27.28421630859375,-19.762469482421874,-15.63623046875,-1.1049133300781246,115.984765625,2026-02-23
2026-02-23 17:00:00,347.5,117.89912109375,128.58715209960937,132.76153564453125,139.85186767578125,219.3957275390625,2026-02-23
2026-02-23 18:00:00,352.5,260.01304321289064,276.7663879394531,284.2324523925781,313.50719299316404,453.6062866210938,2026-02-23
2026-02-23 19:00:00,270.0,241.5693603515625,255.46203002929687,282.3096923828125,355.1243835449219,412.33562011718755,2026-02-23
2026-02-23 20:00:00,282.5,220.17412109375,235.1372497558594,310.5423278808594,343.02373046875,421.9035888671875,2026-02-23
2026-02-23 21:00:00,212.5,248.2210266113281,264.5434265136719,339.2835388183594,365.8309692382812,436.77203369140625,2026-02-23
2026-02-23 22:00:00,197.5,216.87604064941402,229.67882385253904,253.53273010253903,314.3906768798828,374.33055725097654,2026-02-23
2026-02-23 23:00:00,232.5,151.389697265625,166.7926513671875,181.80877685546875,257.35573120117186,321.95066528320314,2026-02-23
2026-02-24 00:00:00,317.5,249.80309448242187,284.1567687988281,338.08172607421875,360.0698669433594,410.26874389648435,2026-02-24
2026-02-24 01:00:00,240.0,261.9705322265625,285.61732788085936,358.1023864746094,382.2553771972656,409.7255432128906,2026-02-24
2026-02-24 02:00:00,187.5,304.82749633789064,322.96497802734376,392.4125061035156,418.66534423828125,467.11265869140624,2026-02-24
2026-02-24 03:00:00,275.0,370.9895324707031,383.7750183105469,458.8631591796875,486.4023132324219,572.0090515136719,2026-02-24
2026-02-24 04:00:00,280.0,226.4996765136719,242.11492919921875,310.5244140625,341.13506469726565,406.52826538085935,2026-02-24
2026-02-24 05:00:00,175.0,168.43164062499994,181.69548339843743,256.0917358398437,278.57512207031243,354.70214843749994,2026-02-24
2026-02-24 06:00:00,-50.0,171.7815185546875,180.66017456054686,195.20700073242188,288.30189819335936,351.0836181640625,2026-02-24
2026-02-24 07:00:00,-50.0,100.15929260253907,104.72150573730468,109.02528381347656,189.4858856201172,308.9076263427735,2026-02-24
2026-02-24 08:00:00,-50.0,-26.85968017578125,-20.847753906250002,-15.723388671875,65.34015502929688,114.1306396484375,2026-02-24
2026-02-24 09:00:00,-50.0,-26.646868896484378,-19.220086669921876,-16.486846923828125,-12.24317626953125,94.54032592773439,2026-02-24
2026-02-24 10:00:00,-50.0,-16.98675537109375,-13.657067871093751,-10.772491455078123,-7.294287109374999,104.28571777343751,2026-02-24
2026-02-24 11:00:00,-50.0,-9.86285400390625,-3.9882568359375004,-1.061187744140625,1.1531494140625003,109.24335327148438,2026-02-24
2026-02-24 12:00:00,-50.0,-12.969573974609375,-8.647711181640625,-6.597381591796875,-0.4141052246093748,103.61245117187501,2026-02-24
2026-02-24 13:00:00,-50.0,-18.876422119140628,-14.719659423828126,-12.180145263671877,-2.728778076171876,94.69640502929688,2026-02-24
2026-02-24 14:00:00,-50.0,-23.742541503906253,-18.727069091796874,-14.80950927734375,-8.052825927734373,106.4806884765625,2026-02-24
2026-02-24 15:00:00,-50.0,-27.02130126953125,-21.25396728515625,-17.564422607421875,-6.3466796875,110.09757690429689,2026-02-24
2026-02-24 16:00:00,-50.0,-22.28123779296875,-18.984259033203124,-15.67327880859375,-3.0100036621093746,209.73660888671876,2026-02-24
2026-02-24 17:00:00,-51.0,-13.957501220703127,-7.199499511718752,-1.6358642578125,92.24097290039063,179.57164306640627,2026-02-24
2026-02-24 18:00:00,68.5,4.5948852539062415,12.548663330078114,95.101806640625,125.74617309570314,195.58383178710938,2026-02-24
2026-02-24 19:00:00,-53.99625015258789,80.26165161132812,86.87402954101563,96.7242431640625,182.36898803710938,241.63609619140627,2026-02-24
2026-02-24 20:00:00,-50.0,-63.466796875,-53.437176513671886,27.086700439453125,45.276165771484386,147.70179443359376,2026-02-24
2026-02-24 21:00:00,-50.0,-81.07929687500001,-73.15968017578126,8.634002685546875,40.4244873046875,99.79686279296875,2026-02-24
2026-02-24 22:00:00,-50.0,-97.514453125,-87.02712402343751,-2.4664306640625,22.24506835937499,89.52755126953126,2026-02-24
2026-02-24 23:00:00,-50.0,-99.37971801757813,-92.87261962890625,-5.008331298828125,20.156854248046876,119.30556030273438,2026-02-24
2026-02-25 00:00:00,-50.0,-6.03714599609375,-4.7493408203125,-4.28466796875,-3.6986572265625,-1.4755126953124997,2026-02-25
2026-02-25 01:00:00,-50.0,-9.35269775390625,-8.48621826171875,-8.055450439453125,-7.642626953125,122.93701782226563,2026-02-25
2026-02-25 02:00:00,-50.0,-10.109130859375,-9.081494140625,-8.540283203125,-8.022381591796876,128.57422485351563,2026-02-25
2026-02-25 03:00:00,-50.0,-8.46239013671875,-7.7321533203125,-7.140472412109375,-6.764422607421875,-4.250170898437499,2026-02-25
2026-02-25 04:00:00,-50.0,-6.969476318359375,-6.07843017578125,-5.481201171875,-4.939538574218753,89.87468261718749,2026-02-25
2026-02-25 05:00:00,-50.0,-1.600274658203125,-0.794384765625,-0.351531982421875,0.22431640625000004,122.66621704101561,2026-02-25
2026-02-25 06:00:00,-36.28324890136719,65.702734375,66.24151611328125,66.61669921875,66.91685180664062,67.74915771484375,2026-02-25
2026-02-25 07:00:00,-50.0,35.862554931640624,36.5186767578125,36.8743896484375,37.39969482421875,136.8015930175781,2026-02-25
2026-02-25 08:00:00,47.5,-7.561346435546875,-6.96473388671875,-6.606781005859375,-6.31158447265625,-5.61192626953125,2026-02-25
2026-02-25 09:00:00,-50.0,-22.28150634765625,-21.77911376953125,-21.305816650390625,-20.965380859375003,-17.775531005859374,2026-02-25
2026-02-25 10:00:00,-50.0,-16.425518798828122,-15.477319335937498,-15.115142822265623,-14.848376464843748,-13.816778564453124,2026-02-25
2026-02-25 11:00:00,-50.0,-16.355096435546876,-15.848358154296875,-15.50457763671875,-14.982037353515627,-13.656903076171876,2026-02-25
2026-02-25 12:00:00,-50.0,-18.00155639648438,-17.5566162109375,-17.2744140625,-17.0193115234375,-15.0955810546875,2026-02-25
2026-02-25 13:00:00,-50.0,-17.414349365234376,-16.80430908203125,-16.435882568359375,-16.01004638671875,-15.4534423828125,2026-02-25
2026-02-25 14:00:00,-50.0,-16.83077392578125,-15.914691162109373,-15.338409423828123,-14.866662597656248,-4.540063476562498,2026-02-25
2026-02-25 15:00:00,-50.0,-13.770233154296877,-12.876312255859377,-12.537078857421877,-12.107171630859376,106.45006713867188,2026-02-25
2026-02-25 16:00:00,145.80799865722656,54.002316284179685,54.90947570800781,55.47264099121094,55.954428100585936,83.94897155761718,2026-02-25
2026-02-25 17:00:00,312.5,291.57000732421875,292.26027221679686,292.67449951171875,292.9165283203125,295.5492309570312,2026-02-25
2026-02-25 18:00:00,302.5,338.2899658203125,339.31394653320314,339.7552490234375,340.4850280761719,342.6707824707031,2026-02-25
2026-02-25 19:00:00,280.0,326.2940246582031,327.30100708007814,327.7529296875,328.58262329101564,458.7854309082031,2026-02-25
2026-02-25 20:00:00,277.5,287.468798828125,288.57554321289064,289.066162109375,289.9891845703125,431.5443298339844,2026-02-25
2026-02-25 21:00:00,285.0,363.06458740234376,364.4730163574219,364.9956970214844,366.0173828125,478.2028076171875,2026-02-25
2026-02-25 22:00:00,297.5,366.5100891113281,367.31920166015624,367.831787109375,368.7658447265625,484.1500305175781,2026-02-25
2026-02-25 23:00:00,372.5,347.87970581054685,348.7465576171875,349.1737976074219,350.2550415039062,500.4493591308594,2026-02-25
2026-02-26 00:00:00,400.0,505.95454101562495,520.8067016601562,529.1873168945312,551.8668701171875,580.38486328125,2026-02-26
2026-02-26 01:00:00,329.4742431640625,631.809375,651.0774047851562,667.9340209960938,692.0499877929688,733.5867065429687,2026-02-26
2026-02-26 02:00:00,441.5527648925781,628.447412109375,657.949462890625,674.5534057617188,697.0998779296875,752.37958984375,2026-02-26
2026-02-26 03:00:00,482.3464965820313,405.24323120117185,439.2603698730469,456.9751281738281,492.2270935058594,574.2221130371094,2026-02-26
2026-02-26 04:00:00,326.69073486328125,329.4848388671875,390.4738403320312,424.69927978515625,446.00225830078125,523.2315063476562,2026-02-26
2026-02-26 05:00:00,251.13499450683597,273.04510498046875,346.64593505859375,378.5013427734375,403.683056640625,490.3533203125,2026-02-26
2026-02-26 06:00:00,385.7554931640625,235.40773925781244,320.5708618164062,348.1952514648437,391.45612792968745,549.4765747070312,2026-02-26
2026-02-26 07:00:00,286.8955078125,198.8010314941406,251.43499755859375,326.1521911621094,352.0055358886719,494.2449645996094,2026-02-26
2026-02-26 08:00:00,281.75,179.69508056640626,209.627587890625,290.7913513183594,357.71223754882817,498.32866821289065,2026-02-26
2026-02-26 09:00:00,209.73374938964844,167.77543334960933,191.0342956542968,274.8290405273437,315.2587280273437,510.8955200195312,2026-02-26
2026-02-26 10:00:00,390.0,190.50456542968746,205.05038452148435,244.49740600585935,307.0938049316406,386.0141296386719,2026-02-26
2026-02-26 11:00:00,375.0,177.57489624023438,197.88743896484374,227.3602294921875,309.651904296875,403.1191162109375,2026-02-26
2026-02-26 12:00:00,247.5,120.86085205078119,136.67177734374994,193.88528442382807,259.5163391113281,543.5252990722656,2026-02-26
2026-02-26 13:00:00,197.5,156.50757446289063,172.1294921875,195.0448455810547,306.5527465820312,452.6440795898438,2026-02-26
2026-02-26 14:00:00,257.5,124.18018493652343,143.70795593261718,206.5988006591797,287.5232635498047,530.4191131591797,2026-02-26
2026-02-26 15:00:00,-13.023500442504885,141.89414978027344,158.83716735839843,180.53369140625,276.0450408935547,435.92917175292973,2026-02-26
2026-02-26 16:00:00,193.9057464599609,95.399072265625,116.17160034179688,209.20870971679688,242.43157348632812,340.6059509277344,2026-02-26
2026-02-26 17:00:00,39.938751220703125,225.8580749511719,237.11856689453126,260.0132751464844,367.48252563476564,500.5205139160156,2026-02-26
2026-02-26 18:00:00,70.9384994506836,221.64231567382814,237.29832763671874,311.8568420410156,352.71026611328125,539.1041259765625,2026-02-26
2026-02-26 19:00:00,-29.25,206.24728393554688,218.9243408203125,293.63250732421875,349.615283203125,435.4195068359375,2026-02-26
2026-02-26 20:00:00,20.75,220.32384338378907,233.00666198730468,246.51329040527344,335.2821868896484,596.3893829345703,2026-02-26
2026-02-26 21:00:00,129.6792449951172,197.98683471679686,217.00411376953124,251.31874084472656,352.41920166015626,435.8947631835938,2026-02-26
2026-02-26 22:00:00,262.5,163.426171875,178.675341796875,260.9476318359375,319.35040283203125,470.7049194335938,2026-02-26
2026-02-26 23:00:00,147.5,200.1080108642578,213.45536193847656,245.332275390625,336.98424377441404,475.3354888916016,2026-02-26
2026-02-27 00:00:00,63.17300033569336,249.52626342773436,260.3102294921875,267.3486328125,328.8786315917969,451.2595520019531,2026-02-27
2026-02-27 01:00:00,-0.7917500138282776,274.2347778320312,284.995703125,295.3052978515625,368.519970703125,427.00703125,2026-02-27
2026-02-27 02:00:00,117.5,289.2962890625,297.9683776855469,306.1073913574219,379.7432556152344,429.94012451171875,2026-02-27
2026-02-27 03:00:00,162.5,222.98337402343748,233.23557128906248,307.8517150878906,322.9841064453125,436.37232666015626,2026-02-27
2026-02-27 04:00:00,152.5,262.1514892578125,269.9712829589844,276.9471435546875,350.04242553710935,416.4629211425781,2026-02-27
2026-02-27 05:00:00,175.0,260.508642578125,268.76112060546876,273.5054016113281,349.57245483398435,414.33380737304685,2026-02-27
2026-02-27 06:00:00,197.5,301.04282836914064,306.0250183105469,311.0082702636719,378.25359497070315,452.89581909179685,2026-02-27
2026-02-27 07:00:00,209.8637542724609,281.6972229003906,286.2418212890625,290.5790100097656,368.3992065429687,438.94785766601564,2026-02-27
2026-02-27 08:00:00,461.75,222.11211547851562,229.36399536132814,233.946044921875,248.34287109375,364.7225036621094,2026-02-27
2026-02-27 09:00:00,311.25201416015625,124.25041809082032,128.49419250488282,133.14793395996094,209.3424530029297,245.66854553222657,2026-02-27
2026-02-27 10:00:00,235.95425415039065,98.62313842773438,103.54765014648437,107.63778686523438,181.65733032226564,278.95484619140626,2026-02-27
2026-02-27 11:00:00,440.1784973144531,69.29466247558594,75.06109313964843,79.35411071777344,85.5267547607422,200.0188079833984,2026-02-27
2026-02-27 12:00:00,482.0870056152344,11.75926513671875,18.707080078125,20.8328857421875,31.304888916015628,140.37720336914063,2026-02-27
2026-02-27 13:00:00,357.2787475585937,-11.409545898437504,-4.662609863281251,-0.77532958984375,26.72095642089844,143.62786865234375,2026-02-27
2026-02-27 14:00:00,326.55926513671875,-20.469885253906256,-16.2145751953125,-12.371337890625,9.194778442382812,108.44046630859376,2026-02-27
2026-02-27 15:00:00,222.0,-28.628106689453126,-22.91302490234375,-18.09112548828125,11.164019775390628,91.8465576171875,2026-02-27
2026-02-27 16:00:00,458.75,-4.046453857421875,0.49781494140624716,4.716339111328125,59.43019409179688,126.28725585937501,2026-02-27
2026-02-27 17:00:00,518.75,114.55982360839843,120.73111267089844,129.95384216308594,222.15926818847657,347.2051300048828,2026-02-27
2026-02-27 18:00:00,62.084251403808594,207.07756652832032,215.0039276123047,219.1590118408203,299.96909484863284,353.6385833740235,2026-02-27
2026-02-27 19:00:00,51.73025131225586,290.91053466796876,296.64850463867185,302.2112121582031,375.89641723632815,430.9470153808594,2026-02-27
2026-02-27 20:00:00,-23.0314998626709,670.4681579589844,681.1266418457031,700.861083984375,785.3043273925781,845.381640625,2026-02-27
2026-02-27 21:00:00,156.42274475097656,247.9169494628906,256.6106384277344,329.8620910644531,357.7301025390625,474.1792846679688,2026-02-27
2026-02-27 22:00:00,185.0,110.73919982910155,121.41714172363281,198.9878692626953,227.4588897705078,329.02965393066404,2026-02-27
2026-02-27 23:00:00,137.5,94.94045715332031,104.60199890136718,123.49977111816406,207.4162628173828,279.33534240722656,2026-02-27
2026-02-28 00:00:00,132.5,-14.16717529296875,-3.257427978515624,4.085205078125,64.74362182617188,123.0292724609375,2026-02-28
2026-02-28 01:00:00,187.5,20.577398681640624,28.206402587890622,38.370025634765625,109.07131347656251,177.83732910156252,2026-02-28
2026-02-28 02:00:00,172.5,79.4302734375,86.7272399902344,95.43377685546876,177.3614013671875,240.39107666015627,2026-02-28
2026-02-28 03:00:00,157.5,121.6728729248047,129.2811492919922,136.07273864746094,201.70529479980468,266.908480834961,2026-02-28
2026-02-28 04:00:00,160.0,81.38523559570312,86.79612426757812,97.086669921875,185.79567260742186,291.7575317382813,2026-02-28
2026-02-28 05:00:00,45.0,112.03870544433593,116.37768859863282,122.56874084472656,195.1238555908203,242.93231506347655,2026-02-28
2026-02-28 06:00:00,50.0,160.381689453125,167.6638977050781,174.58230590820312,260.7181823730469,377.49262695312507,2026-02-28
2026-02-28 07:00:00,82.5,80.91010437011718,88.05055236816406,96.62571716308594,172.47555847167968,271.2568939208985,2026-02-28
2026-02-28 08:00:00,107.96749877929688,63.4657958984375,68.78351440429688,76.35092163085938,169.32851562500002,240.900146484375,2026-02-28
2026-02-28 09:00:00,157.5,-7.9727783203125,-1.769927978515625,3.899749755859375,77.57030639648438,202.5664794921875,2026-02-28
2026-02-28 10:00:00,190.1454925537109,64.57194519042969,72.77367858886718,77.21415710449219,102.12074279785156,211.85245666503906,2026-02-28
2026-02-28 11:00:00,90.50675201416016,245.9446014404297,250.49905700683593,254.7419891357422,343.5543914794922,480.3406646728516,2026-02-28
2026-02-28 12:00:00,96.11824798583984,150.6959442138672,155.25755310058594,158.7779083251953,240.39304504394534,303.01210021972656,2026-02-28
2026-02-28 13:00:00,334.3862609863281,17.583264160156247,25.002972412109376,29.828369140625,116.49183349609376,193.24406738281252,2026-02-28
2026-02-28 14:00:00,391.3125,-16.292523193359376,-11.87274169921875,-7.56365966796875,63.51295166015625,142.79759521484377,2026-02-28
2026-02-28 15:00:00,205.0,-28.247186279296876,-18.9976318359375,-14.60150146484375,68.05945434570313,234.05576782226564,2026-02-28
2026-02-28 16:00:00,359.75,11.943377685546874,16.2494140625,20.4266357421875,114.50512084960938,266.2078552246094,2026-02-28
2026-02-28 17:00:00,626.7877197265625,302.4795288085937,311.96300048828124,381.01568603515625,421.27251586914065,466.5781188964844,2026-02-28
2026-02-28 18:00:00,266.56024169921875,412.107470703125,420.3510681152344,431.35247802734375,508.4160400390625,582.8249023437501,2026-02-28
2026-02-28 19:00:00,260.0,412.6495849609375,418.8642333984375,426.3389892578125,511.9116516113281,598.1915588378906,2026-02-28
2026-02-28 20:00:00,267.5,352.79945678710936,357.345751953125,363.266357421875,451.5676635742187,593.4548950195312,2026-02-28
2026-02-28 21:00:00,242.5,335.9843383789063,343.3338989257812,351.677490234375,446.3955810546875,581.7913330078125,2026-02-28
2026-02-28 22:00:00,265.0,342.69306640625,348.41478271484374,360.15252685546875,463.61095581054684,569.4097351074219,2026-02-28
2026-02-28 23:00:00,372.5,293.23618469238284,299.1828948974609,327.074951171875,406.117514038086,503.9928802490234,2026-02-28
2026-03-01 00:00:00,721.5,354.7992431640625,384.9508178710937,409.3148193359375,443.68565673828124,510.5544799804687,2026-03-01
2026-03-01 01:00:00,819.75,484.68767700195315,540.5606323242188,564.0397338867188,596.2051635742188,661.2447021484375,2026-03-01
2026-03-01 02:00:00,719.3672485351562,661.6913879394531,706.9497314453125,731.0071411132812,770.296435546875,817.9142944335938,2026-03-01
2026-03-01 03:00:00,655.2442626953125,508.7798706054688,564.336083984375,597.9501953125,634.286181640625,681.1537231445312,2026-03-01
2026-03-01 04:00:00,674.8257446289062,315.46729431152346,364.1343933105469,419.1485290527344,431.17401733398435,479.3865661621094,2026-03-01
2026-03-01 05:00:00,331.3930053710937,220.84420471191407,265.15546875,314.3922119140625,358.2599731445313,435.92242431640625,2026-03-01
2026-03-01 06:00:00,592.2852783203125,230.8028076171875,300.5484313964844,326.4017639160156,358.84373168945314,430.54021606445315,2026-03-01
2026-03-01 07:00:00,343.5,237.78392639160154,274.1708251953125,329.94708251953125,360.621630859375,427.56097412109375,2026-03-01
2026-03-01 08:00:00,342.5,286.71539916992185,314.07716369628906,363.4540710449219,398.2290100097656,486.01471557617185,2026-03-01
2026-03-01 09:00:00,203.6522521972656,136.71555480957028,162.35362854003904,218.4496154785156,252.54674072265624,314.75009765625,2026-03-01
2026-03-01 10:00:00,278.94500732421875,240.24189453125,262.7479248046875,302.5245056152344,347.1950164794922,412.0497650146484,2026-03-01
2026-03-01 11:00:00,290.0,334.7896453857422,361.90956726074216,393.7147216796875,434.72764892578124,470.6607421875,2026-03-01
2026-03-01 12:00:00,300.0,311.09734802246095,333.5192932128906,366.7398376464844,424.3377746582031,538.0351379394531,2026-03-01
2026-03-01 13:00:00,271.4472351074219,293.2230651855469,323.1627563476562,351.5928039550781,396.52097473144534,462.56678161621096,2026-03-01
2026-03-01 14:00:00,385.0,288.4090301513672,312.92320861816404,348.93218994140625,403.02239379882815,506.02522583007817,2026-03-01
2026-03-01 15:00:00,487.4750061035156,168.62193298339844,219.9571960449219,263.3428649902344,316.2475280761719,421.80205688476565,2026-03-01
2026-03-01 16:00:00,344.906005859375,26.16681213378905,104.65347900390626,134.24166870117188,174.59169311523436,261.63825073242185,2026-03-01
2026-03-01 17:00:00,417.5,84.53312377929686,159.07162475585935,184.87045288085935,217.9541076660156,291.2232360839844,2026-03-01
2026-03-01 18:00:00,380.0,139.43984680175782,184.7803955078125,235.29318237304688,260.4642272949219,319.40687866210936,2026-03-01
2026-03-01 19:00:00,302.5,142.0893615722656,174.2529296875,223.24142456054688,252.14557495117188,344.2555847167969,2026-03-01
2026-03-01 20:00:00,282.5,80.01142578125,117.5200225830078,167.42124938964844,201.95977478027345,251.97007751464844,2026-03-01
2026-03-01 21:00:00,307.5,87.10759887695315,123.7502136230469,168.27896118164062,205.69104614257816,330.74528198242194,2026-03-01
2026-03-01 22:00:00,210.0,42.657687377929676,81.21728515625,123.23049926757812,154.0381042480469,231.89144897460938,2026-03-01
2026-03-01 23:00:00,207.0072479248047,-57.19899291992189,-20.03033752441408,34.878997802734375,74.28275146484374,151.32138671875,2026-03-01
2026-03-02 00:00:00,-49.45975112915039,13.96683959960938,36.18103637695313,53.14956665039063,73.74673461914062,106.05408325195316,2026-03-02
2026-03-02 01:00:00,250.6467437744141,87.78931274414062,137.1143859863281,161.123046875,184.7510498046875,228.03792724609377,2026-03-02
2026-03-02 02:00:00,285.0,130.33363952636716,178.84456787109374,198.27099609375,225.8948974609375,333.2285400390625,2026-03-02
2026-03-02 03:00:00,232.5,105.26947937011715,159.35312499999998,192.77182006835935,237.2353088378906,295.7027648925781,2026-03-02
2026-03-02 04:00:00,13.006750106811523,69.89217224121091,133.35306701660156,160.4332733154297,193.73523864746093,255.44666442871093,2026-03-02
2026-03-02 05:00:00,-50.0,-96.009033203125,-49.570144653320305,-5.97698974609375,30.650390624999993,99.3594970703125,2026-03-02
2026-03-02 06:00:00,-50.0,-109.01336669921875,-71.0174819946289,-12.65423583984375,20.300695800781263,116.49573974609376,2026-03-02
2026-03-02 07:00:00,-49.27925109863281,-125.8865234375,-88.39001159667968,-21.96591186523437,29.21754760742188,205.31381225585938,2026-03-02
2026-03-02 08:00:00,-17.75,-112.34788208007814,-83.32847900390625,-27.07244873046875,18.126147460937503,81.20130615234376,2026-03-02
2026-03-02 09:00:00,-19.17799949645996,-75.68375854492189,-51.66791381835938,-24.5030517578125,45.44881591796876,165.482763671875,2026-03-02
2026-03-02 10:00:00,-50.0,-52.8048583984375,-38.66865539550781,-19.736846923828125,50.38527832031251,143.28472900390625,2026-03-02
2026-03-02 11:00:00,-51.0,-55.538543701171875,-37.53326416015625,-16.165557861328125,45.69848022460937,155.78750610351565,2026-03-02
2026-03-02 12:00:00,-50.81999969482422,-48.96497802734375,-31.521148681640625,-17.33245849609375,47.35579223632813,155.6497741699219,2026-03-02
2026-03-02 13:00:00,-50.0,-65.783740234375,-47.963137817382815,-23.469940185546875,37.60133666992188,131.87398681640627,2026-03-02
2026-03-02 14:00:00,-50.0,-73.03785400390626,-54.78962097167969,-25.89495849609375,45.080340576171864,137.10947265625,2026-03-02
2026-03-02 15:00:00,-50.0,-119.60411376953125,-102.49697875976562,-24.598663330078125,10.059570312499979,144.3669189453125,2026-03-02
2026-03-02 16:00:00,-50.0,-130.52326049804688,-96.52792968749999,-23.41876220703125,23.682788085937517,133.50236816406252,2026-03-02
2026-03-02 17:00:00,-51.14300155639648,-98.26767578125002,-70.78933715820314,-8.977020263671875,40.07457275390624,136.93641357421876,2026-03-02
2026-03-02 18:00:00,-4.5,-101.32296752929688,-70.20148620605468,4.931884765625,64.64481201171876,211.56545410156252,2026-03-02
2026-03-02 19:00:00,15.25,-94.86214599609376,-48.07341003417969,7.9468994140625,55.907788085937504,141.133642578125,2026-03-02
2026-03-02 20:00:00,94.37774658203124,-79.77592773437499,-15.134686279296865,21.43560791015625,74.12185668945314,180.79132690429688,2026-03-02
2026-03-02 21:00:00,59.75,-102.56170043945313,-75.04582824707032,-8.339508056640625,22.683251953125,139.26910400390625,2026-03-02
2026-03-02 22:00:00,130.0,-129.23887939453124,-97.7892578125,-21.21273803710937,11.379882812500004,92.21680908203126,2026-03-02
2026-03-02 23:00:00,41.22150039672852,-122.00844726562501,-52.820593261718756,-21.645965576171875,25.825225830078125,117.15639038085939,2026-03-02
2026-03-03 00:00:00,209.72674560546875,-27.412493896484378,-14.133929443359376,-0.972869873046875,45.837231445312504,103.13202514648435,2026-03-03
2026-03-03 01:00:00,-49.49325180053711,-9.652618408203125,-2.7122009277343775,2.89715576171875,55.567028808593754,113.76231689453125,2026-03-03
2026-03-03 02:00:00,160.9929962158203,-1.393603515625001,5.047308349609375,13.4202880859375,67.00123596191406,109.61372070312501,2026-03-03
2026-03-03 03:00:00,224.1767425537109,70.57715454101563,74.8361083984375,79.70875549316406,141.67979125976564,187.9183776855469,2026-03-03
2026-03-03 04:00:00,220.0,127.63122253417968,134.46711120605468,140.20643615722656,202.7933807373047,267.0621673583984,2026-03-03
2026-03-03 05:00:00,257.5,182.05883789062503,185.9417175292969,189.5455017089844,254.2826354980469,345.3055053710938,2026-03-03
2026-03-03 06:00:00,250.0,163.93070068359376,166.94251708984376,169.7764892578125,230.9881591796875,280.3229553222656,2026-03-03
2026-03-03 07:00:00,74.69249725341797,121.02569885253907,126.5240692138672,128.1228485107422,131.50809631347656,214.56264953613282,2026-03-03
2026-03-03 08:00:00,30.381999969482425,117.61542968750001,119.84240722656251,122.05853271484376,127.4254821777344,217.0890625,2026-03-03
2026-03-03 09:00:00,-35.18424987792969,2.7208618164062495,6.64879150390625,8.05364990234375,11.1864013671875,97.62411499023438,2026-03-03
2026-03-03 10:00:00,-50.0,-11.571862792968751,-8.895068359375003,-7.435760498046875,-5.761578369140625,109.75368041992188,2026-03-03
2026-03-03 11:00:00,-50.0,-15.137762451171875,-12.789190673828125,-11.3306884765625,-9.5171875,50.898651123046875,2026-03-03
2026-03-03 12:00:00,-50.0,-19.3910400390625,-16.332733154296875,-14.551666259765623,-11.200891113281248,66.52192382812501,2026-03-03
2026-03-03 13:00:00,-50.0,-13.306719970703128,-11.062933349609377,-9.606781005859377,-7.687329101562504,62.49232788085938,2026-03-03
2026-03-03 14:00:00,-50.0,-16.171026611328124,-14.463323974609374,-13.135040283203123,-11.768615722656248,72.63262329101563,2026-03-03
2026-03-03 15:00:00,-50.0,-18.631866455078125,-16.827478027343748,-14.816925048828123,-10.301373291015622,115.16898193359376,2026-03-03
2026-03-03 16:00:00,196.25,17.656689453124997,23.232745361328124,25.602813720703125,31.42554626464844,140.30185546875,2026-03-03
2026-03-03 17:00:00,337.2239990234375,303.6166076660156,307.4656921386719,309.812255859375,312.9215148925781,418.1239013671875,2026-03-03
2026-03-03 18:00:00,362.5,339.4947509765625,344.4137329101562,347.95587158203125,410.49632263183594,496.8084228515625,2026-03-03
2026-03-03 19:00:00,292.5,295.5408081054687,300.4592224121094,305.98907470703125,377.8590515136719,434.7948181152344,2026-03-03
2026-03-03 20:00:00,280.0,294.2098846435547,303.17144470214845,309.8014831542969,379.65721130371094,436.33313903808596,2026-03-03
2026-03-03 21:00:00,290.0,317.89197998046876,323.1348388671875,327.38409423828125,400.8875,478.3838623046875,2026-03-03
2026-03-03 22:00:00,340.0,327.4295440673828,335.23221130371087,353.6967163085937,431.31640930175774,475.2493743896484,2026-03-03
2026-03-03 23:00:00,370.1025085449219,336.2909729003906,341.0574645996094,343.3053894042969,410.555908203125,471.2185424804687,2026-03-03
2026-03-04 00:00:00,332.5,199.80073089599608,279.39423828125,296.991943359375,317.66204833984375,357.84508056640624,2026-03-04
2026-03-04 01:00:00,297.5,266.3199523925781,351.26112670898436,378.9204406738281,411.67926635742185,453.8273864746094,2026-03-04
2026-03-04 02:00:00,315.0,289.6593963623047,379.2152160644531,404.2312316894531,437.61370239257815,495.33311157226564,2026-03-04
2026-03-04 03:00:00,310.0,266.4944915771485,375.01594238281257,395.7799682617188,427.92487792968757,500.34404296875005,2026-03-04
2026-03-04 04:00:00,297.5,239.45367736816405,332.6255249023437,362.0592346191406,397.6960754394531,472.43682250976565,2026-03-04
2026-03-04 05:00:00,292.5,229.8484649658203,312.274560546875,350.8128662109375,380.35458984375,450.90159912109374,2026-03-04
2026-03-04 06:00:00,295.0,235.08863830566406,260.6780731201172,346.8451843261719,383.3230651855469,448.0209899902344,2026-03-04
2026-03-04 07:00:00,335.0,200.02651062011716,221.68706970214845,304.9653015136719,336.62367553710936,392.43657836914065,2026-03-04
2026-03-04 08:00:00,320.0,200.14369812011716,211.87613220214843,302.4739990234375,343.7177368164063,420.975732421875,2026-03-04
2026-03-04 09:00:00,439.27349853515625,301.6849060058594,311.87343139648436,330.9841613769531,418.03158874511723,485.2862091064453,2026-03-04
2026-03-04 10:00:00,391.4567565917969,291.64067993164065,298.41945190429686,306.7584228515625,400.6387908935547,511.40757751464844,2026-03-04
2026-03-04 11:00:00,461.0,308.490869140625,314.1442077636719,317.9822082519531,391.2404388427734,459.7317596435547,2026-03-04
2026-03-04 12:00:00,487.0,274.1589599609375,281.97015991210935,286.8231201171875,317.855534362793,443.47547302246096,2026-03-04
2026-03-04 13:00:00,453.635009765625,207.45198669433594,213.0024627685547,218.3758087158203,282.3709655761719,363.50189819335935,2026-03-04
2026-03-04 14:00:00,200.0,197.09853820800782,203.54471740722656,210.0182647705078,288.89970703125,363.1763793945313,2026-03-04
2026-03-04 15:00:00,220.8654937744141,123.9809356689453,130.36603698730468,142.53302001953125,226.43027343750003,319.9498168945313,2026-03-04
2026-03-04 16:00:00,289.5222473144531,61.50899047851563,71.55537719726563,82.12889099121094,178.4139862060547,275.2492340087891,2026-03-04
2026-03-04 17:00:00,403.6315002441406,86.5412109375,97.822607421875,153.51954650878906,213.90541076660156,279.24901428222654,2026-03-04
2026-03-04 18:00:00,262.5,211.68898620605466,225.26724548339843,308.3280334472656,350.0446716308594,434.30848999023436,2026-03-04
2026-03-04 19:00:00,268.2092590332031,199.6519805908203,211.38703308105468,290.32330322265625,327.1999877929687,452.6995483398438,2026-03-04
2026-03-04 20:00:00,287.60400390625,140.15867919921874,155.90940551757814,249.66249084472656,291.51267395019534,357.53443908691406,2026-03-04
2026-03-04 21:00:00,279.0564880371094,94.05529479980471,111.3197967529297,188.41275024414065,247.2138122558594,304.55143432617194,2026-03-04
2026-03-04 22:00:00,357.2852478027344,55.86173400878904,71.11606750488279,153.36526489257812,181.96339721679686,256.79682006835935,2026-03-04
2026-03-04 23:00:00,267.5,-10.944766235351565,1.0548126220703011,106.69705200195312,141.29551391601564,225.35181274414063,2026-03-04
2026-03-05 00:00:00,297.5,245.35778198242187,270.7035705566406,293.6592102050781,320.7895812988281,367.84006958007814,2026-03-05
2026-03-05 01:00:00,297.5,213.36307373046873,263.2615478515625,287.2698669433594,311.553369140625,386.6714111328125,2026-03-05
2026-03-05 02:00:00,217.5,191.2517333984375,265.33710327148435,287.2879333496094,312.0659973144531,373.9527282714844,2026-03-05
2026-03-05 03:00:00,207.5,200.84697875976562,266.056591796875,291.7810974121094,323.2759704589844,376.4114929199219,2026-03-05
2026-03-05 04:00:00,190.0,180.50304260253904,264.0380065917969,285.93603515625,317.1645935058594,392.8303649902344,2026-03-05
2026-03-05 05:00:00,-50.0,99.02158203125002,176.97349243164064,206.68179321289065,233.02293090820316,286.2867370605469,2026-03-05
2026-03-05 06:00:00,-50.0,168.69754638671873,232.01024780273437,262.0793151855469,308.6910827636719,364.7824401855469,2026-03-05
2026-03-05 07:00:00,187.5,110.62799072265622,193.18078308105464,221.33839416503903,253.69735412597655,372.546060180664,2026-03-05
2026-03-05 08:00:00,15.0,146.31772155761718,225.10965576171876,257.6681213378906,287.66771850585934,378.27968139648436,2026-03-05
2026-03-05 09:00:00,-50.0,24.8211669921875,100.21004943847656,140.5636749267578,187.94183654785155,313.8850982666016,2026-03-05
2026-03-05 10:00:00,-50.0,79.98463439941406,101.60469970703124,176.76065063476562,210.13351440429688,368.7840515136719,2026-03-05
2026-03-05 11:00:00,-50.0,152.004248046875,169.8126953125,191.21481323242188,261.0756072998047,329.96741027832036,2026-03-05
2026-03-05 12:00:00,-50.0,49.82658996582031,66.0933624267578,88.27828979492188,174.454638671875,303.1309692382813,2026-03-05
2026-03-05 13:00:00,-50.0,-30.77083740234375,-11.631378173828125,1.89678955078125,78.69920959472654,148.19762268066407,2026-03-05
2026-03-05 14:00:00,-50.0,-34.73649291992187,-26.318170166015626,-11.91632080078125,52.92922668457031,163.84849548339844,2026-03-05
2026-03-05 15:00:00,-50.0,-50.05740051269531,-40.38998718261719,-26.970916748046875,50.63834838867186,125.90620727539064,2026-03-05
2026-03-05 16:00:00,-50.0,-112.76831359863282,-90.74069519042969,-27.634674072265625,31.86743774414063,103.49087524414062,2026-03-05
2026-03-05 17:00:00,-2.5472500324249268,19.58860778808595,36.48027648925782,107.50701904296876,147.30852050781252,216.96507568359377,2026-03-05
2026-03-05 18:00:00,265.64599609375,187.0573699951172,214.59779357910156,285.4354248046875,324.3821166992187,424.7967529296875,2026-03-05
2026-03-05 19:00:00,300.0,163.11537170410156,195.2969970703125,287.6014404296875,310.05690917968747,377.6892944335938,2026-03-05
2026-03-05 20:00:00,300.0,199.5014434814453,223.16278686523435,289.46649169921875,322.74512939453126,435.441015625,2026-03-05
2026-03-05 21:00:00,300.0,370.6394927978515,456.5334533691406,500.2352600097656,532.4168518066406,625.3638366699219,2026-03-05
2026-03-05 22:00:00,300.0,302.704916381836,336.3917510986329,399.9514770507813,447.6026000976563,548.3300415039063,2026-03-05
2026-03-05 23:00:00,307.5,206.1121185302734,234.9467163085937,311.3676147460937,346.56094970703117,420.33010253906247,2026-03-05
2026-03-06 00:00:00,359.5,436.0458129882812,482.19810791015624,494.2301025390625,517.2434692382812,550.3708862304687,2026-03-06
2026-03-06 01:00:00,355.0,652.6505859375,685.6661987304688,702.084228515625,726.4696044921875,753.9045532226562,2026-03-06
2026-03-06 02:00:00,405.0,802.2987121582031,861.554736328125,879.0709228515625,906.7446899414062,955.3706420898437,2026-03-06
2026-03-06 03:00:00,402.5,719.3623107910156,752.0187866210938,781.6446533203125,811.885888671875,865.8130249023437,2026-03-06
2026-03-06 04:00:00,295.0,386.49796752929694,478.3116577148438,503.3482055664063,537.3380615234375,610.1437866210938,2026-03-06
2026-03-06 05:00:00,450.0,265.9841766357422,348.5854553222656,370.2117004394531,395.3531433105469,448.51939086914064,2026-03-06
2026-03-06 06:00:00,500.0,287.0523864746094,362.25888671875003,396.2267456054688,428.2109497070313,493.3191162109376,2026-03-06
2026-03-06 07:00:00,402.5,278.9826293945313,303.3624847412109,386.463134765625,420.7272216796875,537.0939086914062,2026-03-06
2026-03-06 08:00:00,285.0,203.83031616210937,229.89955444335936,311.4139709472656,358.8307434082031,427.6561584472656,2026-03-06
2026-03-06 09:00:00,315.0,178.3494140625,194.67360534667966,262.8941650390625,297.5577392578125,434.616162109375,2026-03-06
2026-03-06 10:00:00,277.5,170.0609191894531,199.25133056640624,262.2996520996094,321.33533935546876,426.2598510742188,2026-03-06
2026-03-06 11:00:00,537.6307373046875,195.83985595703126,211.8447692871094,228.6517333984375,308.5586242675781,383.7447204589844,2026-03-06
2026-03-06 12:00:00,388.0,186.84654235839844,199.09947204589844,217.90017700195312,307.4424530029297,393.3101470947266,2026-03-06
2026-03-06 13:00:00,322.0037536621094,91.45298461914066,107.88705444335942,195.7608337402344,228.8001525878907,343.47688598632817,2026-03-06
2026-03-06 14:00:00,282.8125,52.55231933593748,82.8198486328125,120.95426940917967,195.98563842773436,306.5233581542969,2026-03-06
2026-03-06 15:00:00,271.5,122.69378356933593,139.0776580810547,186.139404296875,253.97922058105468,376.5285125732422,2026-03-06
2026-03-06 16:00:00,566.25,229.14231567382814,249.20137634277341,335.9325866699219,386.1902221679687,532.9742431640625,2026-03-06
2026-03-06 17:00:00,340.0,221.06973876953126,306.70244750976565,357.1398620605469,387.6678039550781,497.4148864746094,2026-03-06
2026-03-06 18:00:00,402.5,222.54367065429688,296.8131530761719,342.90692138671875,379.9186157226562,462.33900146484376,2026-03-06
2026-03-06 19:00:00,262.5,206.9493469238281,292.0203918457031,329.1621398925781,400.3605041503906,539.9133361816406,2026-03-06
2026-03-06 20:00:00,285.0,172.70064697265624,202.11716308593748,303.4645690917969,363.9135803222656,450.4511901855469,2026-03-06
2026-03-06 21:00:00,407.5,173.73529052734375,259.52357177734376,299.6260986328125,353.9409912109375,455.3624267578125,2026-03-06
2026-03-06 22:00:00,447.5,174.27138061523436,221.0173553466797,300.18267822265625,351.427392578125,418.4978759765625,2026-03-06
2026-03-06 23:00:00,260.0,167.7209716796875,222.1516540527344,277.25933837890625,316.04359741210936,429.7784484863281,2026-03-06
2026-03-07 00:00:00,267.5,207.57573852539062,228.49654541015624,250.38619995117188,273.03843383789064,309.5960266113281,2026-03-07
2026-03-07 01:00:00,100.0,41.270809936523435,104.18548889160157,129.7787322998047,155.76119079589844,195.70862731933596,2026-03-07
2026-03-07 02:00:00,195.0,123.16723022460937,185.8437072753906,214.88131713867188,236.5325134277344,293.3810241699219,2026-03-07
2026-03-07 03:00:00,230.0,38.60433654785156,134.40552673339843,163.27989196777344,194.67620544433595,253.92331237792968,2026-03-07
2026-03-07 04:00:00,25.0,-36.217678833007824,36.99046936035156,74.79032897949219,94.76914978027344,165.29278259277345,2026-03-07
2026-03-07 05:00:00,162.5,-75.00681457519532,-32.809356689453125,44.05009460449219,63.917636108398455,121.30118103027345,2026-03-07
2026-03-07 06:00:00,-25.0,-26.772760009765634,62.768347167968756,89.71798706054688,121.43073120117188,168.17046508789065,2026-03-07
2026-03-07 07:00:00,-50.0,-28.03394165039063,5.5649475097656165,73.21041870117188,111.28315429687501,164.65655517578125,2026-03-07
2026-03-07 08:00:00,-50.0,-48.38001098632813,-31.488931274414064,31.360870361328125,78.48031616210938,154.96438598632812,2026-03-07
2026-03-07 09:00:00,-50.0,-37.055049133300784,-17.045350646972658,12.015411376953123,80.1274398803711,139.38684539794923,2026-03-07
2026-03-07 10:00:00,-50.0,-57.01872253417969,-39.06191711425782,5.97808837890625,60.711734008789065,136.07618713378906,2026-03-07
2026-03-07 11:00:00,-50.0,-17.379623413085938,1.398275756835936,22.763458251953125,88.7097381591797,160.1263153076172,2026-03-07
2026-03-07 12:00:00,-50.0,-26.246954345703127,-9.442303466796877,2.470855712890625,74.7724609375,128.5498779296875,2026-03-07
2026-03-07 13:00:00,-50.0,-102.03071289062501,-85.79039916992188,-8.56103515625,24.580352783203125,92.88250122070315,2026-03-07
2026-03-07 14:00:00,-50.0,-67.6723876953125,-48.31571044921875,-13.909576416015623,43.03438110351563,113.27224121093751,2026-03-07
2026-03-07 15:00:00,-50.0,-65.82659912109375,-46.097375488281244,-22.66830444335937,62.48491210937499,128.71759033203125,2026-03-07
2026-03-07 16:00:00,-50.0,-70.92366333007813,-44.89235229492188,24.375762939453125,50.82587890625,107.99318847656252,2026-03-07
2026-03-07 17:00:00,25.25,-74.71434326171875,-41.16084289550781,41.679473876953125,66.21724243164064,129.51069946289064,2026-03-07
2026-03-07 18:00:00,185.75,61.84726562499999,90.17928771972656,161.65567016601562,189.05285034179687,248.84502563476565,2026-03-07
2026-03-07 19:00:00,169.0,66.01708679199218,106.27026977539062,171.7115936279297,207.26569519042968,296.8454559326172,2026-03-07
2026-03-07 20:00:00,91.5,33.00355834960939,66.10599060058595,137.03353881835938,176.55166625976562,233.8416442871094,2026-03-07
2026-03-07 21:00:00,144.0,127.45459594726562,168.51576080322263,233.50320434570312,285.2344665527344,337.6245178222656,2026-03-07
2026-03-07 22:00:00,160.97674560546875,158.43985595703123,195.59357910156248,269.1803283691406,299.9075073242187,367.8229125976562,2026-03-07
2026-03-07 23:00:00,280.0,179.57830810546875,201.60618286132814,280.0152893066406,316.2643981933594,389.33067016601564,2026-03-07
2026-03-08 00:00:00,295.0,214.99206848144524,265.41027832031244,279.0863647460937,294.6452392578124,327.6333129882812,2026-03-08
2026-03-08 01:00:00,300.0,226.73687438964845,287.25462646484374,307.8698425292969,329.356298828125,365.4765258789063,2026-03-08
2026-03-08 02:00:00,290.0,227.64942016601563,300.81658325195315,318.49285888671875,332.6500244140625,367.7727294921875,2026-03-08
2026-03-08 03:00:00,292.5,263.4076721191406,329.8373657226563,346.5366516113281,365.1859802246094,405.39959106445315,2026-03-08
2026-03-08 04:00:00,285.0,220.45445861816407,300.912255859375,320.8474426269531,337.2298828125,391.9319580078125,2026-03-08
2026-03-08 05:00:00,282.5,207.08291015624997,286.3707336425781,307.2604675292969,325.7287658691406,372.95929565429685,2026-03-08
2026-03-08 06:00:00,280.0,186.4129699707031,224.5793197631836,269.642822265625,296.3602661132812,343.6850952148437,2026-03-08
2026-03-08 07:00:00,287.5,194.67833862304687,224.20213317871094,287.8504638671875,315.8922424316406,394.5310485839844,2026-03-08
2026-03-08 08:00:00,185.0,166.24509887695308,189.60209350585933,210.2069396972656,277.8559387207031,314.57860717773434,2026-03-08
2026-03-08 09:00:00,110.0,-13.367507934570312,3.811471557617187,17.030242919921875,74.24884338378907,121.34197692871092,2026-03-08
2026-03-08 10:00:00,-50.0,-28.39589538574219,-16.422445678710936,-3.936676025390625,16.561184692382813,94.42745056152344,2026-03-08
2026-03-08 11:00:00,-50.0,9.465219116210935,22.68769226074219,29.350799560546875,35.66580505371094,108.03074035644532,2026-03-08
2026-03-08 12:00:00,-50.0,-57.547705078125006,-42.61267700195313,-33.665191650390625,-25.767730712890625,45.450726318359386,2026-03-08
2026-03-08 13:00:00,-50.0,-51.846011352539065,-42.23500061035156,-30.69647216796875,-14.876959228515624,54.14277648925783,2026-03-08
2026-03-08 14:00:00,-50.0,-48.080786132812506,-36.8557373046875,-26.46075439453125,-18.773519897460936,70.59429931640626,2026-03-08
2026-03-08 15:00:00,-50.0,-53.92308044433594,-33.52915954589844,-24.146453857421875,38.66258239746094,93.9550994873047,2026-03-08
2026-03-08 16:00:00,-50.0,-9.080429077148438,9.725942993164061,41.80705261230469,108.47101135253907,171.94095764160156,2026-03-08
2026-03-08 17:00:00,273.5852355957031,247.56597137451172,269.84191741943357,298.0597229003906,350.85522308349607,408.49691009521484,2026-03-08
2026-03-08 18:00:00,362.8580017089844,262.59691467285154,286.0681640625,332.9229431152344,365.7772491455078,472.19775695800786,2026-03-08
2026-03-08 19:00:00,271.6932373046875,220.4308044433593,262.46627197265616,320.6698608398437,351.61218872070305,424.66117553710933,2026-03-08
2026-03-08 20:00:00,290.0,237.30453491210938,271.1001739501953,325.0146484375,359.21513671875,438.1700500488281,2026-03-08
2026-03-08 21:00:00,295.0,264.2202453613281,291.6165740966797,349.46405029296875,383.0810607910156,436.5604675292969,2026-03-08
2026-03-08 22:00:00,300.0,279.19036865234375,306.4130157470703,374.43798828125,415.223828125,479.72099609375,2026-03-08
2026-03-08 23:00:00,305.0,296.28339233398435,319.744677734375,388.8388671875,413.2301391601562,504.4320129394531,2026-03-08
2026-03-09 00:00:00,292.5,357.0305541992187,371.752294921875,386.136474609375,395.18079833984376,412.9088134765625,2026-03-09
2026-03-09 01:00:00,462.5,374.8169494628906,392.9207824707031,404.8945617675781,414.2039489746094,435.2198547363281,2026-03-09
2026-03-09 02:00:00,425.0,270.2420135498047,335.4109252929687,348.71270751953125,370.6551879882812,399.4244873046875,2026-03-09
2026-03-09 03:00:00,500.0,295.6234497070312,324.6374145507813,340.0562744140625,352.41522216796875,382.225390625,2026-03-09
2026-03-09 04:00:00,340.0,230.383203125,290.7713562011719,313.6015930175781,336.55222778320314,369.04575805664064,2026-03-09
2026-03-09 05:00:00,175.0,167.40346374511716,254.75718994140624,273.8084716796875,288.4869750976562,320.7891479492188,2026-03-09
2026-03-09 06:00:00,37.5,135.90503845214843,219.493994140625,246.0457763671875,265.7972412109375,299.2981201171875,2026-03-09
2026-03-09 07:00:00,-50.0,35.61476745605469,115.33647460937499,166.9591064453125,191.0871337890625,242.71806640625005,2026-03-09
2026-03-09 08:00:00,-50.0,-112.35232849121094,-72.46776123046877,1.28680419921875,29.67615966796874,95.16418457031251,2026-03-09
2026-03-09 09:00:00,-50.0,-55.368028259277345,-40.45408172607422,-9.085968017578123,92.82360076904297,136.38486785888674,2026-03-09
2026-03-09 10:00:00,-50.0,-24.33529968261719,-12.96124572753906,-0.997528076171875,77.91426391601564,116.95133666992189,2026-03-09
2026-03-09 11:00:00,-50.0,-1.8412353515625028,10.890155029296874,17.64556884765625,41.8418212890625,131.82119445800782,2026-03-09
2026-03-09 12:00:00,-50.0,-24.80713806152344,-15.727798461914064,-7.0870361328125,30.261148071289064,131.9870788574219,2026-03-09
2026-03-09 13:00:00,-50.0,-30.264111328125004,-21.462957763671874,-13.753387451171877,70.02876281738281,112.29352111816407,2026-03-09
2026-03-09 14:00:00,-50.0,-29.414471435546876,-20.06766357421875,-13.00970458984375,13.177505493164062,119.95245056152345,2026-03-09
2026-03-09 15:00:00,-50.0,-38.56560363769532,-21.504074096679688,-12.377777099609377,68.0322937011719,140.11093139648438,2026-03-09
2026-03-09 16:00:00,-50.0,18.03360595703125,26.819244384765625,41.62754821777344,135.52911682128905,195.78992004394533,2026-03-09
2026-03-09 17:00:00,-7.547249794006348,99.2096939086914,116.71236724853514,154.27236938476562,230.11646575927736,300.25264739990234,2026-03-09
2026-03-09 18:00:00,92.5,150.84478759765625,165.3331329345703,247.48374938964844,282.94580993652346,326.39891052246094,2026-03-09
2026-03-09 19:00:00,-29.5,122.8412872314453,210.478076171875,235.32769775390625,272.4976806640625,314.96959228515624,2026-03-09
2026-03-09 20:00:00,72.25,-39.682952880859375,54.196737670898436,81.86820983886719,120.3862518310547,189.0181365966797,2026-03-09
2026-03-09 21:00:00,43.25,-88.65416564941407,-13.644247436523443,37.91915893554688,63.00075073242187,122.31544799804686,2026-03-09
2026-03-09 22:00:00,66.5,-88.02383422851562,1.630767822265625,26.361968994140625,54.74409790039063,92.42951049804688,2026-03-09
2026-03-09 23:00:00,-28.0,-101.64275817871095,-69.04219970703126,22.294708251953125,44.68818969726563,84.51991577148438,2026-03-09
2026-03-10 00:00:00,267.5,-3.9261718749999996,7.025970458984377,12.068817138671877,19.838992309570315,109.41244812011719,2026-03-10
2026-03-10 01:00:00,126.29199981689452,-4.767831420898437,2.9884552001953137,9.773651123046877,24.641287231445315,115.52098999023438,2026-03-10
2026-03-10 02:00:00,166.26300048828125,16.42765197753906,31.995321655273436,41.86442565917969,106.3658447265625,173.38554687500002,2026-03-10
2026-03-10 03:00:00,387.5,70.03989868164062,82.569580078125,102.29283142089844,166.12994689941408,219.3823944091797,2026-03-10
2026-03-10 04:00:00,239.09750366210935,53.445074462890624,66.98331909179687,87.10038757324219,158.4838897705078,277.64170227050784,2026-03-10
2026-03-10 05:00:00,180.4900054931641,108.24049072265625,123.14881591796875,132.1361846923828,203.11077575683595,256.9770050048828,2026-03-10
2026-03-10 06:00:00,292.5,243.45350646972656,252.21373596191407,267.313720703125,344.28814086914065,468.7436706542969,2026-03-10
2026-03-10 07:00:00,191.1947479248047,188.8974853515625,204.20847778320314,211.13946533203125,278.0440338134766,344.3642242431641,2026-03-10
2026-03-10 08:00:00,217.5,29.877523803710936,37.37490539550781,42.42750549316406,67.28194274902344,152.7475524902344,2026-03-10
2026-03-10 09:00:00,12.5,-9.22618408203125,-0.274176025390628,7.447418212890625,20.644735717773436,133.8810516357422,2026-03-10
2026-03-10 10:00:00,-50.0,5.071697998046874,13.299438476562496,18.259429931640625,36.05747680664062,126.87392883300782,2026-03-10
2026-03-10 11:00:00,-50.0,96.23959655761718,103.4095489501953,107.17375183105467,121.30904846191405,229.38255615234374,2026-03-10
2026-03-10 12:00:00,-50.0,39.89866333007812,48.489404296875,53.7691650390625,74.48124389648437,163.30518493652346,2026-03-10
2026-03-10 13:00:00,-50.0,-16.015167236328125,-5.2991943359375,-2.005218505859375,60.818536376953126,120.08870544433594,2026-03-10
2026-03-10 14:00:00,-50.0,-43.770050048828125,-34.50858154296875,-27.19613647460937,36.63755798339844,77.45971984863282,2026-03-10
2026-03-10 15:00:00,-50.0,-38.244641113281254,-30.9483642578125,-24.22979736328125,42.51028747558594,119.19166564941406,2026-03-10
2026-03-10 16:00:00,-50.0,-36.58281555175782,-24.104513549804686,-9.7169189453125,63.2181884765625,115.56281738281251,2026-03-10
2026-03-10 17:00:00,142.75,166.84053955078122,187.9071624755859,246.50440979003903,292.577066040039,384.3379302978515,2026-03-10
2026-03-10 18:00:00,285.75,317.4306793212891,385.4168579101563,420.4817504882813,460.1952880859376,531.9773803710938,2026-03-10
2026-03-10 19:00:00,220.3302459716797,480.81971130371096,521.3162673950195,578.5225830078125,608.6113891601562,670.4678833007813,2026-03-10
2026-03-10 20:00:00,231.29049682617188,523.8457244873047,575.2745910644531,619.8428955078125,660.0691101074219,716.1799011230469,2026-03-10
2026-03-10 21:00:00,300.0,941.5221954345702,1017.7312622070312,1047.32470703125,1074.9963500976562,1164.9877563476562,2026-03-10
2026-03-10 22:00:00,337.5,988.1101104736329,1055.2204345703126,1082.27587890625,1105.972802734375,1207.0243896484376,2026-03-10
2026-03-10 23:00:00,350.0,893.509066772461,911.7189758300781,976.708251953125,1002.547509765625,1067.909814453125,2026-03-10
2026-03-11 00:00:00,663.5,560.7832641601562,578.2162719726563,589.333251953125,600.7308349609375,627.0984497070312,2026-03-11
2026-03-11 01:00:00,417.43951416015625,936.2802124023438,961.2945434570313,977.487548828125,997.3769775390625,1017.1757080078125,2026-03-11
2026-03-11 02:00:00,970.2349853515624,595.2556274414062,622.2035766601563,641.2373046875,655.5958618164062,687.4451904296875,2026-03-11
2026-03-11 03:00:00,925.0,357.5474365234375,380.5077209472656,392.0201110839844,413.4113830566406,447.96404418945315,2026-03-11
2026-03-11 04:00:00,487.5,268.57140502929684,296.79442138671874,312.5380859375,329.1161865234375,357.2587646484375,2026-03-11
2026-03-11 05:00:00,460.896240234375,256.92644653320315,282.51044311523435,302.3960266113281,320.0803527832031,364.7103210449219,2026-03-11
2026-03-11 06:00:00,467.25,212.09975280761716,297.9358459472656,312.2475280761719,340.28203735351565,392.3074890136719,2026-03-11
2026-03-11 07:00:00,32.5,188.45713806152344,224.60993041992185,295.5927429199219,319.4126281738281,366.89678344726565,2026-03-11
2026-03-11 08:00:00,187.5,131.52011413574212,159.74270629882807,243.16458129882807,271.42850952148433,336.4991638183593,2026-03-11
2026-03-11 09:00:00,275.0,62.150115966796875,74.51365356445312,90.43299865722656,189.7282257080078,252.1888580322266,2026-03-11
2026-03-11 10:00:00,318.3080139160156,6.639807128906245,16.92024536132812,25.50277709960937,37.081381225585936,146.83109436035156,2026-03-11
2026-03-11 11:00:00,403.0567626953125,134.15740661621095,145.86684875488282,154.06153869628906,226.32156982421876,308.784033203125,2026-03-11
2026-03-11 12:00:00,490.97650146484375,162.79850769042972,172.0051971435547,180.92747497558597,195.4202575683594,301.62473144531253,2026-03-11
2026-03-11 13:00:00,322.2852478027344,10.15606689453125,18.90589599609375,25.13531494140625,103.76683044433594,146.75815124511718,2026-03-11
2026-03-11 14:00:00,368.2522583007813,9.76201171875,20.18338623046875,27.316131591796875,38.56031188964844,142.4054656982422,2026-03-11
2026-03-11 15:00:00,195.0,-28.849615478515627,-19.552478027343753,-7.4566650390625,70.84963073730468,167.5873260498047,2026-03-11
2026-03-11 16:00:00,375.0,50.18117980957031,69.71225280761719,145.856201171875,184.78170166015624,238.5885986328125,2026-03-11
2026-03-11 17:00:00,452.5,116.13780212402344,140.35369873046875,212.62744140625,245.341357421875,293.8568481445313,2026-03-11
2026-03-11 18:00:00,59.25,131.74684448242186,157.5331298828125,247.2551727294922,284.89312438964845,344.5449676513672,2026-03-11
2026-03-11 19:00:00,106.5,121.31346740722658,204.34768066406252,232.3726501464844,260.6199829101563,301.1351196289063,2026-03-11
2026-03-11 20:00:00,124.0,-15.876290893554682,27.59257812499999,116.4146728515625,140.13746337890626,197.16339111328125,2026-03-11
2026-03-11 21:00:00,121.25,-28.41693725585938,2.967843627929682,83.83146667480469,110.75411071777344,153.23216247558594,2026-03-11
2026-03-11 22:00:00,-31.99625015258789,-45.71176757812498,0.8335388183594006,75.68226623535156,107.29433898925784,133.79980773925783,2026-03-11
2026-03-11 23:00:00,-50.99625015258789,-72.96206359863282,-24.09410095214843,42.92843627929688,68.53577270507813,119.82709350585941,2026-03-11
2026-03-12 00:00:00,-49.25,-50.18345336914063,-29.7314208984375,-9.497833251953123,44.790826416015626,103.29188842773438,2026-03-12
2026-03-12 01:00:00,-51.0,-86.11925354003907,-61.04064025878907,-19.35516357421875,36.410128784179705,102.84732360839847,2026-03-12
2026-03-12 02:00:00,-50.0,-109.38792724609377,-90.21269531250002,-12.71417236328125,45.677819824218744,132.2193359375,2026-03-12
2026-03-12 03:00:00,-50.0,-96.65086059570314,-79.56191406250001,-10.16302490234375,37.939709472656254,108.97098388671878,2026-03-12
2026-03-12 04:00:00,-50.0,-123.07624511718751,-98.051806640625,-17.195526123046875,13.518084716796878,119.36345825195312,2026-03-12
2026-03-12 05:00:00,-50.0,-122.42532348632812,-95.17883911132813,-20.80990600585937,35.190997314453114,169.44822387695314,2026-03-12
2026-03-12 06:00:00,-51.0,-115.77642211914063,-99.0507293701172,-28.969482421875,24.870660400390626,98.16686401367188,2026-03-12
2026-03-12 07:00:00,-51.74625015258789,-121.51738891601563,-92.62771606445312,-24.59716796875,30.44578247070313,127.82239379882813,2026-03-12
2026-03-12 08:00:00,-50.0,-89.65541229248046,-68.30192718505859,-35.372100830078125,62.74075469970704,174.98120880126953,2026-03-12
2026-03-12 09:00:00,-50.0,-78.00729064941407,-59.19811096191407,-34.908355712890625,75.72859191894531,253.13641662597655,2026-03-12
2026-03-12 10:00:00,-50.0,-96.43565673828125,-80.83024291992187,-24.13705444335937,20.006280517578137,143.10745239257812,2026-03-12
2026-03-12 11:00:00,-50.0,-32.711401367187506,-11.904211425781252,6.019134521484375,104.07457275390625,218.12718505859377,2026-03-12
2026-03-12 12:00:00,-50.0,-55.23594970703125,-33.873095703125,-21.128936767578125,93.67988281250001,220.81298828125,2026-03-12
2026-03-12 13:00:00,-50.0,-73.00104675292968,-53.71089172363281,-36.152862548828125,45.34426574707031,111.6873565673828,2026-03-12
2026-03-12 14:00:00,-50.0,-73.73613891601562,-53.997216796875,-38.006195068359375,69.16049804687498,170.06765136718752,2026-03-12
2026-03-12 15:00:00,-50.0,-103.22630615234377,-86.52804565429688,-36.51235961914063,38.62604980468749,144.93021240234376,2026-03-12
2026-03-12 16:00:00,-50.0,-122.89066162109376,-100.2315185546875,-30.898101806640625,18.353790283203125,173.0771423339844,2026-03-12
2026-03-12 17:00:00,-50.99625015258789,-53.42833557128907,-36.77823181152344,-8.710723876953125,44.2004669189453,142.55492248535157,2026-03-12
2026-03-12 18:00:00,70.0,-79.42673950195314,-52.53160705566407,22.89852905273437,63.30657348632812,154.21273803710938,2026-03-12
2026-03-12 19:00:00,106.75,-77.39874877929688,-49.55446777343751,34.42315673828125,74.80780029296872,190.18961181640626,2026-03-12
2026-03-12 20:00:00,150.0,-105.05260620117188,-76.09721374511719,7.642425537109375,62.7117919921875,192.7924560546875,2026-03-12
2026-03-12 21:00:00,154.63400268554688,-73.43526611328126,-45.72578430175781,27.41925048828125,71.23438720703126,156.77017822265626,2026-03-12
2026-03-12 22:00:00,50.80350112915039,-87.82246093750001,-53.94857177734377,25.30865478515625,75.96754760742186,157.51605834960938,2026-03-12
2026-03-12 23:00:00,83.10150146484375,-95.18883666992188,-70.17794494628907,15.591033935546877,55.51539916992188,196.24091186523438,2026-03-12
2026-03-13 00:00:00,250.24549865722656,-27.461648559570314,0.9572570800781257,17.970703125,53.420806884765625,124.28681640625001,2026-03-13
2026-03-13 01:00:00,280.0,-43.724795532226565,-13.538378906250003,21.609619140625,41.5671875,93.4344970703125,2026-03-13
2026-03-13 02:00:00,279.3475036621094,-46.48031921386719,-16.465908813476567,17.91143798828125,41.262725830078125,117.39509887695313,2026-03-13
2026-03-13 03:00:00,238.29299926757807,4.333673095703119,26.176004028320314,63.17942810058594,92.04670715332031,174.43417053222657,2026-03-13
2026-03-13 04:00:00,40.0,1.918020629882811,22.02593383789062,63.971282958984375,95.13899536132814,146.98541870117185,2026-03-13
2026-03-13 05:00:00,-50.0,-42.74693908691407,-24.564505004882818,23.07550048828125,54.01619873046875,108.86569824218748,2026-03-13
2026-03-13 06:00:00,-50.0,-34.47246704101563,-3.822531127929693,38.82334899902344,79.78226013183594,178.35680847167973,2026-03-13
2026-03-13 07:00:00,-50.0,-5.288800048828129,22.678308105468748,39.32945251464844,90.45456237792969,161.38554992675782,2026-03-13
2026-03-13 08:00:00,34.138999938964844,-46.39250030517579,-14.481977844238282,15.200408935546877,65.34654693603517,198.53385162353516,2026-03-13
2026-03-13 09:00:00,251.42349243164065,-16.764135742187506,4.003796386718747,33.961181640625,97.29460144042966,231.41206970214844,2026-03-13
2026-03-13 10:00:00,-10.558250427246094,56.876889038085935,74.2392364501953,93.15354919433594,143.57117309570313,245.2053955078125,2026-03-13
2026-03-13 11:00:00,95.39350128173828,144.54179992675782,156.60138854980468,172.13339233398438,224.22915649414062,298.1126708984375,2026-03-13
2026-03-13 12:00:00,-49.1150016784668,84.49762878417968,103.87323913574218,118.95262145996094,166.80341186523438,211.19940185546875,2026-03-13
2026-03-13 13:00:00,-50.0,120.52346801757812,136.059619140625,150.41140747070312,168.81431274414064,305.02861633300785,2026-03-13
2026-03-13 14:00:00,185.0,94.59263305664064,105.23943481445313,118.98846435546876,167.1705993652344,278.08004455566413,2026-03-13
2026-03-13 15:00:00,234.01649475097656,19.696795654296874,38.021435546875,51.0472412109375,110.66017150878906,201.4003570556641,2026-03-13
2026-03-13 16:00:00,217.0034942626953,146.3236297607422,161.4137176513672,179.61917114257812,232.62083129882814,347.71773071289067,2026-03-13
2026-03-13 17:00:00,432.5,224.1843292236328,252.30852966308595,306.53350830078125,333.8964416503906,461.13914184570314,2026-03-13
2026-03-13 18:00:00,342.25,237.34288024902344,257.06923217773436,317.28741455078125,339.8385864257813,407.16240844726565,2026-03-13
2026-03-13 19:00:00,482.25,247.8672637939453,269.36073913574216,313.06072998046875,336.73314208984374,455.93608398437505,2026-03-13
2026-03-13 20:00:00,450.0,222.28376159667968,259.35700073242185,305.51629638671875,354.694775390625,466.1545654296875,2026-03-13
2026-03-13 21:00:00,457.5,244.49947814941407,262.4604156494141,316.1236267089844,361.6949829101562,462.69768066406255,2026-03-13
2026-03-13 22:00:00,500.0,253.6358184814453,291.6768402099609,337.05157470703125,367.7381225585938,462.82733154296875,2026-03-13
2026-03-13 23:00:00,550.0,275.3854736328125,299.42723693847654,321.6147155761719,364.9888641357422,440.5754669189453,2026-03-13
2026-03-14 00:00:00,577.5,528.8443237304688,558.6983642578125,602.9697265625,638.7815185546875,722.0475830078125,2026-03-14
2026-03-14 01:00:00,500.0,680.8850341796875,708.7247314453125,748.6224365234375,788.44287109375,849.883740234375,2026-03-14
2026-03-14 02:00:00,500.0,614.9266967773438,663.6388671875,698.63232421875,743.6151123046875,879.689794921875,2026-03-14
2026-03-14 03:00:00,485.0,885.1132507324219,958.512890625,1012.17626953125,1063.4144653320313,1193.3593383789062,2026-03-14
2026-03-14 04:00:00,497.5,575.132357788086,665.7871337890625,696.457763671875,752.7375732421875,867.6539428710937,2026-03-14
2026-03-14 05:00:00,500.0,474.6908874511719,515.2191223144531,575.023681640625,633.343115234375,760.9996948242188,2026-03-14
2026-03-14 06:00:00,608.3914794921875,503.12848205566405,543.4025329589844,631.2894287109375,703.5181030273437,806.1764526367188,2026-03-14
2026-03-14 07:00:00,487.5,447.4350311279297,494.1485931396484,559.858642578125,620.7747009277343,755.7101257324218,2026-03-14
2026-03-14 08:00:00,437.5,295.02989196777344,365.30670776367185,412.2526550292969,476.7716857910156,604.7621887207031,2026-03-14
2026-03-14 09:00:00,165.0,182.68768005371092,207.297265625,313.3222351074219,383.42417602539064,545.3255432128906,2026-03-14
2026-03-14 10:00:00,278.04376220703125,168.16504821777337,189.26030883789056,277.0663452148437,332.11696777343747,432.2335083007812,2026-03-14
2026-03-14 11:00:00,287.5,280.44480895996094,307.8255645751953,390.939208984375,453.1114135742188,566.0386352539062,2026-03-14
2026-03-14 12:00:00,302.5,251.71810607910157,274.3067199707031,348.0065002441406,392.5915466308594,485.3790466308594,2026-03-14
2026-03-14 13:00:00,290.0,196.68103942871093,208.94479675292968,280.6736755371094,348.7217102050781,414.4501892089844,2026-03-14
2026-03-14 14:00:00,287.5,272.7621154785156,298.24718017578124,323.5894775390625,403.8874481201172,629.5204681396485,2026-03-14
2026-03-14 15:00:00,185.0,223.9951568603515,249.4981323242187,335.0336303710937,438.35363159179684,575.7064514160156,2026-03-14
2026-03-14 16:00:00,420.0,258.28042297363277,284.16246337890624,387.3540344238281,434.07172241210935,578.5481506347656,2026-03-14
2026-03-14 17:00:00,339.5,620.6739715576172,640.978970336914,723.037109375,800.3513122558594,958.8180847167969,2026-03-14
2026-03-14 18:00:00,377.5,588.5474090576172,622.4711090087891,722.4571533203125,789.4625732421875,881.4662475585938,2026-03-14
2026-03-14 19:00:00,290.0,506.9825408935547,530.974398803711,602.4775390625,666.6080505371094,805.2952453613282,2026-03-14
2026-03-14 20:00:00,292.5,594.0476654052734,622.3004699707031,715.9788208007812,773.9834716796875,981.9538208007813,2026-03-14
2026-03-14 21:00:00,285.0,818.424594116211,846.7061096191406,920.8103637695312,1012.9150146484375,1193.9881103515625,2026-03-14
2026-03-14 22:00:00,290.0,668.5446502685547,761.9422241210938,806.7030639648438,864.21787109375,1024.8599853515625,2026-03-14
2026-03-14 23:00:00,290.0,498.12193908691404,559.0338684082031,623.4969482421875,692.7379638671875,833.0702758789063,2026-03-14
2026-03-15 00:00:00,292.5,267.9560241699219,286.3882751464844,299.0927429199219,315.51519165039065,341.3622253417969,2026-03-15
2026-03-15 01:00:00,290.0,230.35877990722656,274.1567443847656,295.9551696777344,315.07682495117183,350.6814758300781,2026-03-15
2026-03-15 02:00:00,280.0,235.46918334960935,293.7141967773438,314.9632873535156,346.6936828613281,419.4811096191406,2026-03-15
2026-03-15 03:00:00,282.5,218.31497192382812,282.4962158203125,308.3344421386719,324.4888122558594,365.1496887207031,2026-03-15
2026-03-15 04:00:00,295.0,218.19227905273436,277.217919921875,307.1653747558594,325.28900756835935,357.2486145019531,2026-03-15
2026-03-15 05:00:00,352.5,182.36962890625,263.5391845703125,291.048095703125,317.3431030273438,396.37901611328124,2026-03-15
2026-03-15 06:00:00,500.0,207.2989929199219,249.14444580078126,293.9566955566406,327.19367065429685,412.37705688476564,2026-03-15
2026-03-15 07:00:00,395.0,166.46680908203126,228.62157592773437,287.1434020996094,303.76764526367185,356.50599975585936,2026-03-15
2026-03-15 08:00:00,177.5,201.70289916992186,239.88125610351562,274.21392822265625,329.25823974609375,390.756640625,2026-03-15
2026-03-15 09:00:00,75.0,231.53968200683593,267.4969757080078,288.26104736328125,351.8685333251953,419.6632598876953,2026-03-15
2026-03-15 10:00:00,261.1467590332031,180.2759216308594,204.08989562988282,221.0081024169922,281.3341552734375,368.0748046875,2026-03-15
2026-03-15 11:00:00,440.0,206.70498352050777,223.41363220214842,238.17953491210935,270.2461883544922,370.71474304199216,2026-03-15
2026-03-15 12:00:00,285.0,284.0773071289062,305.4072204589844,317.9616394042969,341.1145080566406,410.31423339843747,2026-03-15
2026-03-15 13:00:00,337.5,142.80783081054688,166.7558837890625,180.3823699951172,201.8842529296875,272.9322082519531,2026-03-15
2026-03-15 14:00:00,285.0,157.56540527343748,172.97548217773434,191.74261474609372,231.03654479980466,343.36112670898433,2026-03-15
2026-03-15 15:00:00,404.6694946289063,115.00951843261718,139.4421844482422,156.83465576171875,199.96959533691407,277.7826507568359,2026-03-15
2026-03-15 16:00:00,571.25,199.52247619628906,238.8980255126953,268.1726379394531,333.58025817871095,403.8402435302735,2026-03-15
2026-03-15 17:00:00,392.5,218.72474975585936,256.07884216308594,321.152099609375,353.8914733886719,419.7100402832031,2026-03-15
2026-03-15 18:00:00,365.0,585.2917175292969,644.4479736328125,704.4863891601562,730.1993530273437,808.7232055664062,2026-03-15
2026-03-15 19:00:00,310.0,555.8271911621093,598.0145324707031,655.552490234375,694.717529296875,752.5127075195312,2026-03-15
2026-03-15 20:00:00,259.8905029296875,449.9951538085937,518.17861328125,569.15185546875,588.898828125,678.4038818359375,2026-03-15
2026-03-15 21:00:00,287.5,392.41220092773443,442.41891784667973,485.4265747070313,532.9166442871094,591.6785705566407,2026-03-15
2026-03-15 22:00:00,290.0,258.80634155273435,333.35906372070315,393.067138671875,428.60565185546875,501.0776000976563,2026-03-15
2026-03-15 23:00:00,312.5,276.88372192382815,339.38071289062503,385.2177734375,431.8477172851563,504.5976196289063,2026-03-15
2026-03-16 00:00:00,410.0,317.9110473632812,358.668701171875,376.767822265625,397.975,435.1239013671875,2026-03-16
2026-03-16 01:00:00,300.0,340.89720458984374,364.61131591796874,376.34381103515625,401.6130004882813,447.5217529296875,2026-03-16
2026-03-16 02:00:00,110.0,280.3849365234375,345.403857421875,367.00628662109375,386.975048828125,428.8385375976562,2026-03-16
2026-03-16 03:00:00,52.5,188.76849670410155,259.2424682617187,285.45379638671875,313.45843505859375,372.05413818359375,2026-03-16
2026-03-16 04:00:00,150.0,178.19371337890624,252.9930236816406,278.0412902832031,299.79363403320315,387.0078430175781,2026-03-16
2026-03-16 05:00:00,222.5,177.54530944824216,225.9826690673828,242.5275421142578,268.72093811035154,308.0451324462891,2026-03-16
2026-03-16 06:00:00,188.25,145.52191467285158,212.10643310546877,243.2362060546875,265.956494140625,341.6458740234375,2026-03-16
2026-03-16 07:00:00,-50.0,-1.8108795166015739,68.69357604980468,117.42893981933594,145.12802429199218,210.9028289794922,2026-03-16
2026-03-16 08:00:00,-50.67850112915039,-109.31387329101562,-41.51185913085938,2.82171630859375,33.5654541015625,92.22279052734376,2026-03-16
2026-03-16 09:00:00,-50.0,-107.00985717773439,-76.58602294921877,-14.92218017578125,8.140789794921844,64.32308959960938,2026-03-16
2026-03-16 10:00:00,-50.0,-102.52118530273438,-48.96626586914063,-11.217803955078123,48.79664916992186,116.84553833007814,2026-03-16
2026-03-16 11:00:00,-50.0,-38.15081787109375,-6.122247314453126,25.5369873046875,87.92303466796875,148.0604248046875,2026-03-16
2026-03-16 12:00:00,-50.0,-82.40540771484376,-50.298736572265625,-0.54248046875,48.877099609375,118.18087158203126,2026-03-16
2026-03-16 13:00:00,-50.0,-117.01326293945313,-83.03672485351562,-14.2474365234375,13.263134765625,53.048876953125,2026-03-16
2026-03-16 14:00:00,-50.0,-76.36890563964845,-40.14433288574219,-7.91552734375,51.4892791748047,128.06158142089848,2026-03-16
2026-03-16 15:00:00,-50.0,-115.6405517578125,-69.17330017089844,-18.9149169921875,40.9013916015625,98.56728515625001,2026-03-16
2026-03-16 16:00:00,-50.0,-140.50538330078126,-84.40208129882812,-16.131988525390625,15.074407958984377,67.89732055664064,2026-03-16
2026-03-16 17:00:00,6.25,-97.50051269531251,-47.32126464843752,23.82879638671875,46.64397583007812,134.11900024414064,2026-03-16
2026-03-16 18:00:00,82.5,106.61843566894531,150.78175048828126,218.1742706298828,259.4934112548828,331.02219543457034,2026-03-16
2026-03-16 19:00:00,126.25,76.22896118164061,118.65743103027343,206.8099365234375,238.85751953125,302.1739501953125,2026-03-16
2026-03-16 20:00:00,-15.75,42.33699645996093,84.46776733398436,152.4019317626953,187.8354949951172,239.09039001464845,2026-03-16
2026-03-16 21:00:00,-31.5,-1.1754730224609204,82.81780090332033,132.1121368408203,161.09647521972659,217.32552795410157,2026-03-16
2026-03-16 22:00:00,-49.5,12.636630249023426,61.41737060546875,129.44834899902344,165.7744354248047,222.44888610839843,2026-03-16
2026-03-16 23:00:00,-52.25,13.893267822265614,72.05819091796874,119.57980346679688,149.99891967773436,208.7321716308594,2026-03-16
2026-03-17 00:00:00,-14.49625015258789,24.735302734375,29.424359130859376,31.160552978515625,33.2481689453125,38.4981201171875,2026-03-17
2026-03-17 01:00:00,94.5,66.31405944824219,69.85657653808593,71.80677795410156,73.96750183105469,153.82207336425782,2026-03-17
2026-03-17 02:00:00,196.5,231.62494201660155,236.0313262939453,238.6829071044922,242.17860412597656,373.34474182128906,2026-03-17
2026-03-17 03:00:00,198.6719970703125,241.03621826171874,245.67922973632812,248.53887939453125,252.1217834472656,387.4793334960938,2026-03-17
2026-03-17 04:00:00,240.46925354003903,165.10873718261718,168.85897521972657,172.73826599121094,176.06473693847656,378.82127380371094,2026-03-17
2026-03-17 05:00:00,282.5,198.04677124023436,201.53737182617186,204.362548828125,207.618603515625,330.01319580078126,2026-03-17
2026-03-17 06:00:00,455.0,240.1317932128906,246.1591796875,248.50857543945312,261.7409362792969,408.9830322265625,2026-03-17
2026-03-17 07:00:00,612.9307250976562,41.169375610351565,45.859353637695314,48.71385192871094,52.698568725585936,173.90011901855468,2026-03-17
2026-03-17 08:00:00,445.0050048828125,-12.301287841796874,-8.06744384765625,-5.13409423828125,-2.2637817382812497,98.0775146484375,2026-03-17
2026-03-17 09:00:00,285.0,-29.740161132812503,-22.56505126953125,-20.567138671875,-16.89183349609375,97.53013916015625,2026-03-17
2026-03-17 10:00:00,380.01025390625,-23.60518188476562,-20.461022949218748,-18.840484619140625,-15.805169677734373,119.51199340820312,2026-03-17
2026-03-17 11:00:00,483.2309875488281,-17.567889404296874,-14.27857666015625,-11.6297607421875,-7.35,135.36673583984376,2026-03-17
2026-03-17 12:00:00,115.25,-43.980157470703126,-41.289306640625,-36.92333984375,-33.22310180664063,59.226904296875006,2026-03-17
2026-03-17 13:00:00,-49.50149917602539,-31.0915283203125,-27.359088134765624,-24.442840576171875,-17.132012939453126,118.29643554687502,2026-03-17
2026-03-17 14:00:00,-50.0,-17.798590087890624,-11.964068603515624,-9.17327880859375,-5.296075439453125,85.147998046875,2026-03-17
2026-03-17 15:00:00,-50.0,-43.989007568359376,-39.151586914062506,-35.717132568359375,24.10662841796875,112.08304443359376,2026-03-17
2026-03-17 16:00:00,-50.0,-23.582794189453132,-18.229437255859377,-15.300994873046877,-10.3919189453125,108.61897583007813,2026-03-17
2026-03-17 17:00:00,-54.75,-18.164172363281253,-12.239941406250004,-7.730865478515625,5.39835205078125,143.4112060546875,2026-03-17
2026-03-17 18:00:00,239.0,0.46332397460937536,5.725518798828125,8.732574462890625,85.4995849609375,135.5321533203125,2026-03-17
2026-03-17 19:00:00,252.5,31.83668212890625,36.55629272460938,39.676300048828125,54.100335693359376,200.80814208984376,2026-03-17
2026-03-17 20:00:00,199.0,0.7041076660156254,8.257995605468752,13.212615966796877,20.480541992187504,120.19292602539063,2026-03-17
2026-03-17 21:00:00,164.0,16.370147705078125,20.206103515625,25.81866455078125,107.89971313476563,185.58599243164065,2026-03-17
2026-03-17 22:00:00,121.5,21.762115478515625,28.667236328124996,32.858428955078125,47.1411865234375,247.63881835937502,2026-03-17
2026-03-17 23:00:00,211.0570068359375,48.96461791992188,60.3624267578125,65.46929931640625,153.86622314453126,213.2985046386719,2026-03-17
2026-03-18 00:00:00,335.0,147.05140075683596,188.92542114257813,223.48614501953125,245.47304077148436,292.5298522949219,2026-03-18
2026-03-18 01:00:00,297.5,195.5374298095703,256.44553833007814,279.368896484375,301.6255187988281,344.30669555664065,2026-03-18
2026-03-18 02:00:00,295.0,201.9446228027344,255.8026123046875,278.96368408203125,296.88055419921875,326.25958251953125,2026-03-18
2026-03-18 03:00:00,282.5,215.63658447265624,284.79857788085934,301.5306701660156,333.73667602539064,386.2912292480469,2026-03-18
2026-03-18 04:00:00,242.5,216.09617309570314,289.4648376464844,309.9779357910156,332.2705383300781,374.8258972167969,2026-03-18
2026-03-18 05:00:00,247.7010040283203,186.3924346923828,250.25514526367186,276.1015930175781,302.5684387207031,369.2227355957031,2026-03-18
2026-03-18 06:00:00,168.88299560546875,184.8286102294922,241.14279174804688,264.1887512207031,295.9439758300781,391.8110412597656,2026-03-18
2026-03-18 07:00:00,-47.81949996948242,117.85891418457031,183.59030456542968,231.6547088623047,253.52862243652342,315.06897888183596,2026-03-18
2026-03-18 08:00:00,-49.837249755859375,-79.07703247070313,-32.57446899414063,23.4586181640625,64.05222778320314,127.13534545898438,2026-03-18
2026-03-18 09:00:00,-50.0,-99.92147827148438,-66.18751220703125,-14.200592041015623,24.79575805664063,98.46732788085939,2026-03-18
2026-03-18 10:00:00,-50.0,-57.25202941894531,-29.601004028320315,-0.9207763671875,52.02955017089844,119.57723083496097,2026-03-18
2026-03-18 11:00:00,-50.0,-59.77944641113282,-38.51290588378907,-14.987274169921877,44.74837341308595,109.58556213378907,2026-03-18
2026-03-18 12:00:00,-50.0,-77.47630004882814,-54.42387084960937,-39.797943115234375,4.895831298828121,77.85726318359373,2026-03-18
2026-03-18 13:00:00,-50.0,-64.7223876953125,-52.231970214843756,-35.977203369140625,-13.696911621093747,75.50821533203126,2026-03-18
2026-03-18 14:00:00,-50.0,-61.81172485351563,-45.76995849609375,-31.34799194335937,45.453430175781264,103.89461669921874,2026-03-18
2026-03-18 15:00:00,-50.0,-57.87742309570312,-41.27716064453125,-26.31829833984375,1.3805999755859375,174.76553344726562,2026-03-18
2026-03-18 16:00:00,-11.0,3.0141571044921847,21.10061340332031,44.886627197265625,123.73880920410156,193.65234680175783,2026-03-18
2026-03-18 17:00:00,266.0,154.0873992919922,183.85336608886718,209.05300903320312,280.35589904785155,387.6817901611328,2026-03-18
2026-03-18 18:00:00,231.0,244.10422363281248,270.16425170898435,348.95428466796875,381.83571166992186,444.00446166992185,2026-03-18
2026-03-18 19:00:00,193.75,258.1121520996093,278.2593688964843,350.5267944335937,382.5614990234375,425.18076171875,2026-03-18
2026-03-18 20:00:00,208.6267547607422,166.38214721679685,191.05841674804685,261.8033447265625,292.74017333984375,359.6286987304688,2026-03-18
2026-03-18 21:00:00,217.0554962158203,209.31580505371093,229.93976135253905,262.2901611328125,335.3191009521484,392.6781463623047,2026-03-18
2026-03-18 22:00:00,221.0,162.22227172851564,183.16883544921876,264.1279296875,290.12769775390626,340.81414794921875,2026-03-18
2026-03-18 23:00:00,134.25,107.32836303710937,141.8268310546875,211.06964111328125,246.89578857421876,314.92620849609375,2026-03-18
2026-03-19 00:00:00,270.6885070800781,179.23400878906244,214.6717468261718,260.4823608398437,278.43859863281244,314.65294799804684,2026-03-19
2026-03-19 01:00:00,280.0,185.42774658203126,235.474072265625,289.8177490234375,311.8256103515625,349.18470458984376,2026-03-19
2026-03-19 02:00:00,282.5,188.40688476562494,235.40146484374995,279.3656616210937,293.2676452636718,322.23286743164056,2026-03-19
2026-03-19 03:00:00,285.0,168.54526977539064,241.73037719726562,260.61151123046875,297.64686279296876,340.7659057617187,2026-03-19
2026-03-19 04:00:00,203.69200134277344,144.99610595703126,216.25732421875,235.35787963867188,254.26373901367188,298.5180603027344,2026-03-19
2026-03-19 05:00:00,119.0,110.27111511230468,181.70008850097656,203.8021697998047,228.76117858886718,275.6924530029297,2026-03-19
2026-03-19 06:00:00,-1.8227499723434448,136.2639617919922,178.89950866699218,244.4529266357422,276.94651794433594,331.82749938964844,2026-03-19
2026-03-19 07:00:00,209.04299926757807,150.13262023925785,172.12370300292972,240.46702575683597,272.1404205322266,327.9576812744141,2026-03-19
2026-03-19 08:00:00,75.33625030517578,108.294384765625,127.195654296875,162.63926696777344,239.2499267578125,346.85295410156255,2026-03-19
2026-03-19 09:00:00,-50.0,-22.22991638183594,-3.8475677490234403,15.88397216796875,85.22054138183594,140.76632385253907,2026-03-19
2026-03-19 10:00:00,-50.0,31.31636352539063,46.74866333007813,57.91671752929688,74.20457153320314,167.86861572265627,2026-03-19
2026-03-19 11:00:00,-50.0,101.05296325683594,110.79239807128906,117.77955627441406,129.7788116455078,233.94881286621094,2026-03-19
2026-03-19 12:00:00,-50.0,62.49351196289062,68.811083984375,76.10678100585938,89.22582397460937,187.36572875976563,2026-03-19
2026-03-19 13:00:00,-50.0,6.483990478515622,16.867633056640624,27.85015869140625,88.58741455078126,141.5185119628906,2026-03-19
2026-03-19 14:00:00,-50.0,-52.28717041015625,-36.221343994140625,-20.75204467773437,55.15301513671875,133.87470092773438,2026-03-19
2026-03-19 15:00:00,-50.0,-58.321179199218754,-36.61400146484375,-22.79534912109375,65.83206787109376,172.21160888671878,2026-03-19
2026-03-19 16:00:00,-47.13874816894531,40.69380187988281,56.01548767089844,72.97373962402344,142.13702087402345,204.39463806152344,2026-03-19
2026-03-19 17:00:00,460.552001953125,249.0857421875,273.04478759765624,350.9928283691406,378.66119995117185,532.0645202636719,2026-03-19
2026-03-19 18:00:00,329.9880065917969,408.0574584960938,439.0031341552734,503.423095703125,540.8849975585938,623.9165893554688,2026-03-19
2026-03-19 19:00:00,333.2720031738281,517.7623229980469,558.2715484619141,631.34521484375,655.99521484375,726.581103515625,2026-03-19
2026-03-19 20:00:00,500.0,506.6825744628906,537.4768096923829,609.483642578125,635.850732421875,755.898876953125,2026-03-19
2026-03-19 21:00:00,500.0,562.1604187011719,587.673828125,664.3510131835938,683.0707458496094,757.8824340820313,2026-03-19
2026-03-19 22:00:00,430.0,531.14951171875,567.8119689941407,628.9417724609375,667.2175659179687,738.4862426757813,2026-03-19
2026-03-19 23:00:00,447.5,500.94293212890625,531.3824737548828,600.8538818359375,623.2588256835937,695.993017578125,2026-03-19
2026-03-20 00:00:00,420.0,297.65880126953124,328.37666015625,358.656005859375,383.118359375,437.6569580078125,2026-03-20
2026-03-20 01:00:00,442.5,229.26955261230466,311.77958984375,341.32305908203125,367.01719970703124,410.52052001953126,2026-03-20
2026-03-20 02:00:00,475.0,236.61259765625,310.20037231445315,330.2363586425781,358.3797668457031,408.7379211425781,2026-03-20
2026-03-20 03:00:00,305.0,223.58731689453123,282.1589050292969,311.4384460449219,333.7966247558594,376.4165466308594,2026-03-20
2026-03-20 04:00:00,352.5,220.70611572265622,251.72747802734375,274.46405029296875,303.9975219726563,342.2888549804687,2026-03-20
2026-03-20 05:00:00,205.0,172.07916259765622,238.90010986328122,267.94366455078125,301.07073974609375,371.2147338867187,2026-03-20
2026-03-20 06:00:00,117.5,130.30865783691408,200.77409973144535,252.41966247558597,293.49720153808596,344.53709411621094,2026-03-20
2026-03-20 07:00:00,87.5,121.44542846679687,175.21275024414064,240.33029174804688,278.90314331054685,336.6153991699219,2026-03-20
2026-03-20 08:00:00,-50.0,72.4217529296875,121.19764404296875,173.95220947265625,238.6815063476563,334.04639892578126,2026-03-20
2026-03-20 09:00:00,102.5,47.445434570312486,69.01859130859373,98.5021514892578,170.607080078125,232.64808349609376,2026-03-20
2026-03-20 10:00:00,-50.0,109.96494140625,133.56021728515626,169.27105712890625,226.6306640625,295.8656066894531,2026-03-20
2026-03-20 11:00:00,-50.0,199.6273071289062,216.5758117675781,239.42042541503903,314.8279724121094,412.58820190429685,2026-03-20
2026-03-20 12:00:00,-50.0,105.80437927246093,130.04076232910157,147.88609313964844,178.29518127441406,285.1371185302735,2026-03-20
2026-03-20 13:00:00,-50.0,-49.28768615722657,-26.212844848632812,-4.21771240234375,24.367138671875008,130.76992492675782,2026-03-20
2026-03-20 14:00:00,-50.0,-80.33021545410156,-59.579037475585935,-30.0213623046875,35.942745971679685,113.9771453857422,2026-03-20
2026-03-20 15:00:00,-50.0,-83.48371582031251,-59.23131103515625,-33.4464111328125,-18.978701782226562,90.43822631835938,2026-03-20
2026-03-20 16:00:00,-50.0,-88.84612121582032,-61.75965270996094,-34.30828857421875,35.19490051269533,115.43724670410157,2026-03-20
2026-03-20 17:00:00,-15.494500160217283,-102.37843627929688,-64.91455383300782,-20.209930419921875,35.77703857421875,103.58292236328126,2026-03-20
2026-03-20 18:00:00,127.5,26.781912231445304,86.04981384277345,144.52674865722656,175.69442443847657,269.4968292236328,2026-03-20
2026-03-20 19:00:00,228.5,67.02035217285156,119.33638916015626,179.32008361816406,212.0703338623047,286.1423065185547,2026-03-20
2026-03-20 20:00:00,61.5,-79.96514587402342,-17.587109374999983,65.82432556152344,93.46451110839845,152.51050720214846,2026-03-20
2026-03-20 21:00:00,168.5,-69.23482360839844,-21.39302978515626,44.48042297363281,77.35637512207032,151.31443176269534,2026-03-20
2026-03-20 22:00:00,128.5,-85.75234375000001,-45.88681945800782,27.257965087890625,60.00260620117188,135.56924438476562,2026-03-20
2026-03-20 23:00:00,131.0,-115.33806762695313,-57.20414428710937,10.888092041015623,57.61946411132813,105.48228149414064,2026-03-20
2026-03-21 00:00:00,139.5,-61.836187744140624,-45.80111083984375,-26.557830810546875,-10.425384521484364,30.868603515625004,2026-03-21
2026-03-21 01:00:00,78.5,-86.04684143066407,-59.91170959472656,-32.67669677734375,-16.560540771484387,29.71570434570313,2026-03-21
2026-03-21 02:00:00,-11.026249885559082,-88.39800415039063,-62.24921875000001,-38.05245971679688,-7.554016113281257,44.3163818359375,2026-03-21
2026-03-21 03:00:00,-50.0,-107.05591430664062,-81.84810791015624,-40.1805419921875,-19.633459472656238,8.45980834960939,2026-03-21
2026-03-21 04:00:00,-44.0,-108.77886352539063,-78.43602905273437,-41.70782470703125,-26.261413574218736,36.523590087890625,2026-03-21
2026-03-21 05:00:00,-49.5,-121.22837524414064,-74.91473388671875,-39.62176513671875,-16.949853515624998,24.71688232421876,2026-03-21
2026-03-21 06:00:00,-45.5,-90.28243713378907,-62.04680480957032,-38.1744384765625,-1.6931488037109332,43.86534729003907,2026-03-21
2026-03-21 07:00:00,-40.12125015258789,-73.93163452148437,-52.545263671875006,-35.293212890625,1.6847778320312514,69.47503051757813,2026-03-21
2026-03-21 08:00:00,-50.0,-69.83897705078127,-49.99425048828126,-38.07394409179688,-21.89459838867188,47.518853759765626,2026-03-21
2026-03-21 09:00:00,-50.0,-77.5942626953125,-58.654205322265625,-45.48309326171875,-38.301873779296876,26.733288574218747,2026-03-21
2026-03-21 10:00:00,-50.0,-37.83091430664063,-24.831256103515628,-14.558441162109377,-3.376452636718751,71.45610961914065,2026-03-21
2026-03-21 11:00:00,-50.0,-40.8577392578125,-32.9187255859375,-23.521392822265625,-15.759893798828124,46.26148681640625,2026-03-21
2026-03-21 12:00:00,-50.0,-75.35177612304688,-58.591375732421874,-48.37445068359375,-38.411767578125,50.180999755859375,2026-03-21
2026-03-21 13:00:00,-50.0,-73.20186157226561,-55.47145385742188,-45.51715087890625,-38.918731689453125,-3.191354370117182,2026-03-21
2026-03-21 14:00:00,-50.0,-66.35906982421875,-57.445428466796876,-46.147308349609375,-34.01436767578125,45.80794677734377,2026-03-21
2026-03-21 15:00:00,-50.0,-73.33109130859376,-53.219073486328135,-44.04660034179688,-28.00551147460938,52.76846923828125,2026-03-21
2026-03-21 16:00:00,-49.0,-84.82996215820313,-56.06492919921876,-40.16452026367188,-13.666952514648443,46.93292236328124,2026-03-21
2026-03-21 17:00:00,-14.5,-71.56740112304688,-46.02290649414063,-29.264068603515625,13.255236816406253,88.15296630859376,2026-03-21
2026-03-21 18:00:00,95.0,-85.16631469726563,-41.8846923828125,7.00604248046875,34.60758666992187,105.69423217773438,2026-03-21
2026-03-21 19:00:00,-48.5,-63.49416503906251,-15.49804077148438,30.82162475585937,66.44271240234374,106.645068359375,2026-03-21
2026-03-21 20:00:00,64.0,-77.93678588867188,-22.548489379882824,17.27618408203125,52.55104370117188,130.17921752929686,2026-03-21
2026-03-21 21:00:00,18.87874984741211,-80.1195129394531,-6.527569580078104,19.8072509765625,48.7992431640625,176.82224121093753,2026-03-21
2026-03-21 22:00:00,-48.24250030517578,-100.47967529296875,-41.260900878906256,-13.12701416015625,6.910998535156253,52.15264892578128,2026-03-21
2026-03-21 23:00:00,81.6624984741211,-115.01154785156248,-52.71984863281248,-29.17822265625,0.7992919921875234,60.445849609375045,2026-03-21
2026-03-22 00:00:00,260.0,82.6603515625,98.3927490234375,108.85507202148438,120.69278869628906,183.16347656250002,2026-03-22
2026-03-22 01:00:00,234.96749877929688,112.25311584472655,139.02667541503905,154.86520385742188,162.81141052246093,220.94474182128909,2026-03-22
2026-03-22 02:00:00,162.1219940185547,114.25692443847656,140.43232116699218,150.1775360107422,183.1865020751953,255.57425231933593,2026-03-22
2026-03-22 03:00:00,235.2140045166016,189.04449768066405,220.3804962158203,233.0953369140625,261.3379302978515,331.3082977294922,2026-03-22
2026-03-22 04:00:00,244.36700439453125,216.59976501464843,235.3152069091797,256.4773254394531,283.12152404785155,348.1499053955078,2026-03-22
2026-03-22 05:00:00,275.0,249.31545715332032,266.7731658935547,279.0892028808594,292.53314819335935,368.1448455810547,2026-03-22
2026-03-22 06:00:00,280.0,258.4872802734375,282.55682373046875,291.0643310546875,308.77625427246096,381.9532897949219,2026-03-22
2026-03-22 07:00:00,272.5,218.39298400878906,236.7397491455078,252.6273956298828,272.0793090820313,386.6930389404297,2026-03-22
2026-03-22 08:00:00,247.5,141.75933227539062,158.47642822265624,170.67340087890625,184.28035583496094,250.63454589843752,2026-03-22
2026-03-22 09:00:00,145.0,-32.19517211914062,-14.545910644531249,-9.602081298828123,-3.2005065917968727,12.002832031250003,2026-03-22
2026-03-22 10:00:00,62.5,-14.472528076171876,-6.082928466796876,3.391021728515625,13.058355712890625,30.899716186523438,2026-03-22
2026-03-22 11:00:00,112.5,107.74045104980469,120.32658996582032,126.57630920410156,132.97012023925782,207.54765930175782,2026-03-22
2026-03-22 12:00:00,237.5,141.87037353515626,154.12305908203126,163.84356689453125,174.72242431640626,249.33753662109376,2026-03-22
2026-03-22 13:00:00,237.5,68.64773559570312,85.81229248046876,92.65194702148438,100.40886840820312,121.17083435058593,2026-03-22
2026-03-22 14:00:00,262.5,-11.521417236328126,0.13031005859374645,6.741668701171875,12.662585449218753,25.8632080078125,2026-03-22
2026-03-22 15:00:00,265.0,52.13229675292969,65.24798278808593,71.05259704589844,77.87845153808594,94.60499572753906,2026-03-22
2026-03-22 16:00:00,477.5,280.84702758789064,290.2688720703125,299.45721435546875,308.8902893066406,323.8000518798828,2026-03-22
2026-03-22 17:00:00,887.25,480.18999023437505,496.2554382324219,510.2164916992188,527.0345001220703,606.5687072753907,2026-03-22
2026-03-22 18:00:00,497.5,921.678955078125,940.1542541503907,950.1886596679688,960.4699462890625,1050.8145629882813,2026-03-22
2026-03-22 19:00:00,477.5,506.88121032714844,525.2463470458985,540.9444580078125,599.239712524414,689.4215789794922,2026-03-22
2026-03-22 20:00:00,365.0,464.9098571777344,492.80567016601566,505.0359497070313,557.6649291992188,621.5539367675782,2026-03-22
2026-03-22 21:00:00,576.75,578.7671752929688,596.8927978515625,606.0789794921875,660.6030517578125,714.6428588867187,2026-03-22
2026-03-22 22:00:00,472.5,645.8470642089844,665.4878723144532,678.77978515625,700.7270111083984,783.6060302734375,2026-03-22
2026-03-22 23:00:00,455.0,444.6577911376953,471.3099060058594,497.0286865234375,544.1649993896484,615.7492462158203,2026-03-22
2026-03-23 00:00:00,397.5,336.89426879882814,360.1222717285156,379.9454040527344,389.99769897460936,439.8935852050781,2026-03-23
2026-03-23 01:00:00,322.5,272.08057861328126,324.6916259765625,346.0718994140625,361.8133178710938,419.0511474609375,2026-03-23
2026-03-23 02:00:00,397.5,257.6585632324219,302.3005676269531,327.2373352050781,367.3689880371094,425.1106018066406,2026-03-23
2026-03-23 03:00:00,295.0,244.0091979980469,287.57008666992186,321.8902282714844,350.26133422851564,425.2889099121094,2026-03-23
2026-03-23 04:00:00,200.0,214.0923278808594,265.1584228515625,294.6630859375,338.89658203125,395.9361938476562,2026-03-23
2026-03-23 05:00:00,42.5,158.08799438476564,240.444873046875,264.5655517578125,295.7771362304687,345.2875244140625,2026-03-23
2026-03-23 06:00:00,128.00924682617188,157.27406616210936,226.6354553222656,266.9399108886719,289.20709838867185,369.9137268066406,2026-03-23
2026-03-23 07:00:00,124.67575073242188,105.02434082031252,144.13929443359376,208.3355407714844,237.0329711914063,309.920068359375,2026-03-23
2026-03-23 08:00:00,-50.0,-31.452429199218756,1.9384216308593736,34.534759521484375,89.18143920898436,190.41669311523438,2026-03-23
2026-03-23 09:00:00,-50.0,-50.303515625,-31.629223632812497,-15.950347900390623,-0.5855987548828097,82.09353027343751,2026-03-23
2026-03-23 10:00:00,-50.0,-35.34751586914063,-11.624108886718751,-1.80224609375,13.593023681640625,81.65792236328126,2026-03-23
2026-03-23 11:00:00,-50.0,14.960870361328123,28.427252197265624,38.0875244140625,49.734100341796875,66.142578125,2026-03-23
2026-03-23 12:00:00,-50.0,-44.10640258789063,-28.391351318359376,-17.726043701171875,-6.195892333984375,63.48340454101563,2026-03-23
2026-03-23 13:00:00,-50.0,-46.492163085937506,-32.43536987304688,-25.50958251953125,-13.934686279296876,12.120428466796874,2026-03-23
2026-03-23 14:00:00,-50.0,-57.10327758789063,-41.22825927734375,-27.782623291015625,-12.463092041015624,60.40880126953125,2026-03-23
2026-03-23 15:00:00,-50.0,-65.8610107421875,-44.692254638671876,-32.60650634765625,-15.435186767578124,102.25648803710939,2026-03-23
2026-03-23 16:00:00,-50.0,-110.4750732421875,-80.14556274414063,-12.414642333984377,24.409625244140628,174.09298706054688,2026-03-23
2026-03-23 17:00:00,-9.0,62.332638549804685,93.28385009765626,125.8658447265625,177.25672302246093,235.83047180175782,2026-03-23
2026-03-23 18:00:00,-18.25,110.91357421875,177.65198974609376,236.83761596679688,277.8157653808594,401.2673034667969,2026-03-23
2026-03-23 19:00:00,73.75,146.21373901367187,237.5045166015625,260.677978515625,299.7789794921875,384.44903564453125,2026-03-23
2026-03-23 20:00:00,-19.25,117.43216552734376,208.84091796874998,248.48883056640625,289.71636962890625,355.1949462890625,2026-03-23
2026-03-23 21:00:00,68.92424774169922,122.5728698730469,191.84342346191409,217.27903747558597,256.46985778808596,339.0632781982422,2026-03-23
2026-03-23 22:00:00,78.32424926757812,96.66136474609377,175.88896179199222,214.4055938720703,248.53583068847658,309.9608917236328,2026-03-23
2026-03-23 23:00:00,148.26425170898438,58.449130249023455,112.38622741699221,185.34349060058597,220.76310729980474,351.75341491699226,2026-03-23
2026-03-24 00:00:00,225.8267517089844,171.54468994140626,201.7303924560547,223.10467529296875,251.24967041015626,302.064208984375,2026-03-24
2026-03-24 01:00:00,230.0,129.91684265136718,170.30822753906247,195.66009521484372,221.42999877929685,271.57782592773435,2026-03-24
2026-03-24 02:00:00,187.5,65.50514526367188,121.90156555175781,134.5150909423828,162.89529113769532,201.59409484863284,2026-03-24
2026-03-24 03:00:00,148.60850524902344,16.467831420898435,71.49137268066406,98.26686096191406,118.99720153808593,179.36165466308594,2026-03-24
2026-03-24 04:00:00,87.5,-61.6180419921875,-17.083117675781253,6.29962158203125,19.11212158203125,80.47523193359378,2026-03-24
2026-03-24 05:00:00,-50.0,-108.77544555664062,-60.965209960937486,-29.510528564453125,0.17870483398438708,58.06849975585939,2026-03-24
2026-03-24 06:00:00,-48.5,-102.83121337890626,-65.87796936035156,-23.72467041015625,15.796142578125,104.81025390625004,2026-03-24
2026-03-24 07:00:00,-41.9739990234375,-96.26348266601563,-55.9237548828125,-20.72674560546875,18.321710205078126,61.14983520507813,2026-03-24
2026-03-24 08:00:00,-50.0,-74.85082397460937,-56.26538696289063,-37.75128173828125,-0.7381591796875,66.56925659179689,2026-03-24
2026-03-24 09:00:00,-50.0,-80.61278076171875,-57.797332763671875,-39.6072998046875,-29.905255126953122,44.74236450195315,2026-03-24
2026-03-24 10:00:00,-50.0,-58.40060424804688,-39.60377807617188,-21.46197509765625,-4.617864990234374,88.64998779296876,2026-03-24
2026-03-24 11:00:00,-50.0,-37.38114624023438,-20.693774414062503,-10.823333740234377,10.073333740234373,117.45616455078127,2026-03-24
2026-03-24 12:00:00,-50.0,-80.38915405273438,-59.03678588867187,-45.400970458984375,-26.941818237304688,81.283056640625,2026-03-24
2026-03-24 13:00:00,-50.0,-59.49772338867187,-48.700531005859375,-36.81103515625,-21.239520263671874,55.48412475585938,2026-03-24
2026-03-24 14:00:00,-50.0,-73.74108276367187,-51.37744750976563,-30.910369873046875,31.494299316406256,74.0555908203125,2026-03-24
2026-03-24 15:00:00,-50.0,-60.595037841796874,-44.356842041015625,-28.40557861328125,38.69365844726563,108.33600463867188,2026-03-24
2026-03-24 16:00:00,-50.0,-60.254876708984376,-46.008947753906256,-25.387725830078125,16.78231201171876,90.83286743164064,2026-03-24
2026-03-24 17:00:00,-51.25,-65.01668395996094,-44.731082153320315,-20.478759765625,36.20807189941405,100.73099670410157,2026-03-24
2026-03-24 18:00:00,7.5,146.64473876953124,171.0276611328125,186.48434448242188,203.89221801757813,292.80689697265626,2026-03-24
2026-03-24 19:00:00,162.0,216.4447814941406,235.9524169921875,254.20925903320312,328.794091796875,424.69782104492185,2026-03-24
2026-03-24 20:00:00,215.0,207.096337890625,222.2142822265625,243.1812744140625,274.1220397949219,337.7397216796875,2026-03-24
2026-03-24 21:00:00,242.5,199.96100158691405,225.30616149902343,243.35809326171875,312.1717132568359,365.0827545166016,2026-03-24
2026-03-24 22:00:00,292.5,180.1438232421875,211.93010864257812,242.62625122070312,290.964453125,342.46533203125,2026-03-24
2026-03-24 23:00:00,347.5,161.38492431640623,195.5416687011719,258.8838195800781,278.8398986816406,349.8273010253906,2026-03-24
2026-03-25 00:00:00,500.0,236.72064819335938,252.82984008789063,278.9827575683594,310.6968200683594,359.19281616210935,2026-03-25
2026-03-25 01:00:00,405.0,210.50203247070314,238.22293701171876,254.18328857421875,284.34852294921876,347.516259765625,2026-03-25
2026-03-25 02:00:00,297.5,172.2255920410156,234.18655395507812,258.3992614746094,283.3561706542969,340.9705505371094,2026-03-25
2026-03-25 03:00:00,450.0,165.44075622558597,224.55499572753905,249.3967437744141,289.5639923095704,347.19902648925785,2026-03-25
2026-03-25 04:00:00,230.0,149.72475891113282,213.0998504638672,245.6548614501953,275.4698028564453,357.4624542236328,2026-03-25
2026-03-25 05:00:00,157.5,159.76791992187498,217.17758178710938,258.27667236328125,285.38433227539065,364.6393615722656,2026-03-25
2026-03-25 06:00:00,107.5,205.59614868164056,243.19086608886712,266.3427124023437,319.45490112304685,391.44928588867185,2026-03-25
2026-03-25 07:00:00,55.76475143432617,208.26131286621094,231.9634979248047,251.49490356445312,298.6359466552734,378.0967498779297,2026-03-25
2026-03-25 08:00:00,-44.95375061035156,0.7880310058593665,29.408111572265625,51.61578369140625,67.17302856445312,141.4802734375,2026-03-25
2026-03-25 09:00:00,-50.0,-51.51070556640625,-34.56697998046875,-15.59002685546875,6.557489013671876,83.93319702148438,2026-03-25
2026-03-25 10:00:00,-50.0,-32.493841552734374,-13.561206054687503,-0.0089111328125,17.277264404296876,143.17972412109376,2026-03-25
2026-03-25 11:00:00,-50.0,-4.054217529296878,19.66282958984375,38.067138671875,72.19909362792968,156.8028564453125,2026-03-25
2026-03-25 12:00:00,-50.0,22.386068725585936,38.01217956542969,51.06645202636719,72.94449462890626,162.11827697753907,2026-03-25
2026-03-25 13:00:00,-50.0,-30.654937744140625,-5.678088378906251,7.278350830078125,36.693719482421876,120.39368896484376,2026-03-25
2026-03-25 14:00:00,-50.0,-12.319506835937503,7.906445312500001,24.39129638671875,50.8155029296875,119.14608154296876,2026-03-25
2026-03-25 15:00:00,-50.0,59.68108520507813,83.27717895507814,105.92425537109376,136.1651336669922,220.6543701171875,2026-03-25
2026-03-25 16:00:00,-5.0,178.29628906250002,198.92630615234378,211.5074157714844,243.6499694824219,351.02227172851565,2026-03-25
2026-03-25 17:00:00,348.25,297.0328094482422,321.49571838378904,341.0182800292969,391.33534240722656,441.44870910644534,2026-03-25
2026-03-25 18:00:00,271.0,408.4988159179687,441.247412109375,493.77825927734375,515.7265014648438,559.768310546875,2026-03-25
2026-03-25 19:00:00,311.6090087890625,288.2781311035156,323.37713928222655,370.590576171875,401.94371948242184,465.1026306152344,2026-03-25
2026-03-25 20:00:00,412.5,274.5435607910157,326.7165893554688,369.2418823242188,401.6744995117188,463.3829223632813,2026-03-25
2026-03-25 21:00:00,407.5,312.6031127929688,348.0366851806641,385.3609008789063,426.73283081054694,504.06378784179697,2026-03-25
2026-03-25 22:00:00,480.0,298.6615020751953,351.589599609375,387.34228515625,417.185986328125,488.978515625,2026-03-25
2026-03-25 23:00:00,515.0,251.4415252685547,316.2990783691406,340.5909729003906,384.28674926757816,463.50652465820315,2026-03-25
2026-03-26 00:00:00,775.0,340.68974609375,356.3616455078125,382.52545166015625,399.1391357421875,461.7901123046875,2026-03-26
2026-03-26 01:00:00,1000.0,740.6866943359375,766.3730346679688,790.2235107421875,812.6457763671875,878.1398803710938,2026-03-26
2026-03-26 02:00:00,825.0,369.3874938964844,416.94744873046875,448.9476318359375,493.4539428710938,542.1037231445313,2026-03-26
2026-03-26 03:00:00,615.0,235.1677551269531,264.5125061035156,298.2732238769531,327.3543273925781,385.7263732910156,2026-03-26
2026-03-26 04:00:00,462.5,209.84962768554686,240.87738647460938,270.4237365722656,307.20110473632815,371.2253479003906,2026-03-26
2026-03-26 05:00:00,312.5,180.26903686523437,236.4837158203125,264.986083984375,303.8818603515625,391.1882568359375,2026-03-26
2026-03-26 06:00:00,84.0,168.60120849609376,212.0144775390625,261.72265625,306.59013671875,418.9666748046875,2026-03-26
2026-03-26 07:00:00,50.81449890136719,206.22185058593746,224.4406799316406,247.41351318359372,307.1600158691406,403.14630126953125,2026-03-26
2026-03-26 08:00:00,222.91900634765625,136.3067138671875,162.95056762695316,188.99136352539065,230.36942138671878,305.6024169921875,2026-03-26
2026-03-26 09:00:00,207.5,123.51313171386718,137.4334747314453,146.6784210205078,160.6971893310547,236.51573791503904,2026-03-26
2026-03-26 10:00:00,238.8000030517578,20.81178588867188,36.52903442382813,48.62814331054688,59.813061523437504,129.83150634765627,2026-03-26
2026-03-26 11:00:00,179.87550354003906,67.6805694580078,88.37501525878905,93.81681823730467,106.93441467285155,191.29518127441406,2026-03-26
2026-03-26 12:00:00,152.5,78.99291076660154,89.12447204589841,99.15568542480467,108.49546203613279,205.61349182128907,2026-03-26
2026-03-26 13:00:00,-50.0,-22.82965087890625,-11.340362548828125,1.71380615234375,20.12501220703125,115.87035522460938,2026-03-26
2026-03-26 14:00:00,97.75,-64.98671875,-53.91990966796875,-43.94854736328125,-32.68641357421875,47.21400756835938,2026-03-26
2026-03-26 15:00:00,277.5,-9.319769287109377,8.613531494140625,20.557098388671875,38.634252929687506,146.49803466796874,2026-03-26
2026-03-26 16:00:00,410.0,190.0415832519531,212.22152709960938,236.96563720703125,278.1546997070312,396.67124633789064,2026-03-26
2026-03-26 17:00:00,487.5,195.79107055664062,242.4484893798828,303.2063903808594,325.8257690429688,425.0177734375,2026-03-26
2026-03-26 18:00:00,475.0,256.3510681152344,327.2305603027344,362.06158447265625,405.0224975585937,515.9340454101563,2026-03-26
2026-03-26 19:00:00,412.5,229.1333068847656,284.7767150878906,329.8170471191406,398.0066955566406,455.9249328613281,2026-03-26
2026-03-26 20:00:00,450.0,240.14404296875,309.8493286132813,341.9586181640625,389.022998046875,464.4592529296875,2026-03-26
2026-03-26 21:00:00,440.0,385.7763916015625,417.8118286132813,440.5481567382813,502.88765869140633,615.6022583007814,2026-03-26
2026-03-26 22:00:00,500.0,289.78416748046874,353.0931030273437,384.04791259765625,433.10850830078124,514.5078979492188,2026-03-26
2026-03-26 23:00:00,714.8690185546875,287.83153076171874,328.9430725097656,352.1401672363281,400.68646850585935,459.5771789550781,2026-03-26
2026-03-27 00:00:00,665.833251953125,555.296923828125,583.8255615234375,608.4476318359375,642.1192138671875,711.4605712890625,2026-03-27
2026-03-27 01:00:00,490.7634887695313,763.6291870117187,801.12822265625,829.0103149414062,872.2495727539062,936.0096069335938,2026-03-27
2026-03-27 02:00:00,715.4044799804688,876.8345947265626,909.5377929687501,949.3934326171876,991.8004150390626,1102.980029296875,2026-03-27
2026-03-27 03:00:00,589.4012451171875,715.5385864257812,764.7183959960937,799.4423828125,829.2495361328125,942.035791015625,2026-03-27
2026-03-27 04:00:00,638.6827392578125,635.1640014648438,679.516845703125,713.0546875,757.492138671875,842.2010498046875,2026-03-27
2026-03-27 05:00:00,532.8252563476562,442.2822326660156,491.6685424804687,524.7218627929688,546.395751953125,614.0943481445313,2026-03-27
2026-03-27 06:00:00,500.0,435.6290313720703,510.2239990234375,549.0919189453125,568.3358520507812,635.60390625,2026-03-27
2026-03-27 07:00:00,450.0,285.82935791015626,358.1618408203125,398.1543884277344,439.04624633789064,529.3382385253906,2026-03-27
2026-03-27 08:00:00,295.0,231.34010620117186,272.3852996826172,327.5157470703125,370.43475341796875,478.2651611328125,2026-03-27
2026-03-27 09:00:00,210.0,231.5395568847656,285.9743621826172,300.9576721191406,340.01381225585936,428.57341918945315,2026-03-27
2026-03-27 10:00:00,300.0,241.5073486328125,269.7478881835938,289.9586486816406,332.38634033203124,447.6462341308594,2026-03-27
2026-03-27 11:00:00,297.5,273.90337524414065,295.7971496582031,311.41571044921875,329.84039916992185,446.26270141601566,2026-03-27
2026-03-27 12:00:00,297.5,275.5359741210938,296.6266357421875,314.66973876953125,346.54298095703126,411.4103576660156,2026-03-27
2026-03-27 13:00:00,277.5,289.2796325683594,314.188818359375,337.353759765625,363.51775512695315,437.2233093261719,2026-03-27
2026-03-27 14:00:00,280.0,360.2121520996094,381.416796875,403.9849853515625,430.34291687011716,532.0213928222656,2026-03-27
2026-03-27 15:00:00,42.5,431.07677307128904,459.5304718017578,483.3944091796875,511.5448883056641,601.1588043212892,2026-03-27
2026-03-27 16:00:00,455.0,486.64092712402345,501.68678283691406,531.46728515625,596.0640228271484,718.1058563232422,2026-03-27
2026-03-27 17:00:00,415.0,731.3228271484375,770.1426574707032,840.3027954101562,883.6160400390625,998.345703125,2026-03-27
2026-03-27 18:00:00,371.7007446289063,859.21181640625,905.7737884521484,970.3982543945312,1013.2947875976563,1216.4052001953125,2026-03-27
2026-03-27 19:00:00,500.0,371.03114013671876,431.54441528320314,479.2896423339844,527.3871765136719,603.1818786621094,2026-03-27
2026-03-27 20:00:00,500.0,291.5366516113281,337.5308471679688,394.619384765625,446.4091796875,579.971533203125,2026-03-27
2026-03-27 21:00:00,985.0,341.68616943359376,393.57289428710936,446.5570068359375,485.96099853515625,583.1696655273438,2026-03-27
2026-03-27 22:00:00,500.0,375.4928253173828,446.4952270507813,473.2694091796875,508.489697265625,621.3433349609376,2026-03-27
2026-03-27 23:00:00,500.0,398.2041381835937,492.00665283203125,529.912841796875,570.0913452148437,658.885302734375,2026-03-27
2026-03-28 00:00:00,400.0,575.08427734375,599.2712890625,628.242431640625,654.826416015625,705.44130859375,2026-03-28
2026-03-28 01:00:00,302.5,584.6537597656251,619.2379150390625,638.7459716796875,662.5492431640625,729.9456298828125,2026-03-28
2026-03-28 02:00:00,355.0,507.1783447265625,549.5728393554688,579.0109252929688,610.5710327148438,729.6672973632812,2026-03-28
2026-03-28 03:00:00,412.5,499.73330078125,582.7351196289062,614.9988403320312,642.859619140625,716.083984375,2026-03-28
2026-03-28 04:00:00,455.0,372.47161865234375,466.70081787109376,503.7286987304688,535.6087036132812,618.5746948242188,2026-03-28
2026-03-28 05:00:00,355.0,316.7609924316406,397.1691284179687,445.36761474609375,493.53868408203124,574.8538208007812,2026-03-28
2026-03-28 06:00:00,470.2862548828125,337.7911254882813,397.46163330078133,431.0181274414063,468.1578735351563,544.0350952148438,2026-03-28
2026-03-28 07:00:00,302.5,296.57575683593757,329.95955810546883,364.0602416992188,419.51370849609384,509.4516357421876,2026-03-28
2026-03-28 08:00:00,302.5,287.86383361816405,315.26198425292966,352.9006042480469,400.9149932861328,456.2173675537109,2026-03-28
2026-03-28 09:00:00,305.0,282.75537109375,332.01478271484376,350.0509338378906,387.54437866210935,460.14576416015626,2026-03-28
2026-03-28 10:00:00,297.5,311.78782348632814,347.67442626953124,372.0101013183594,408.39097290039064,482.39313354492185,2026-03-28
2026-03-28 11:00:00,345.0,348.0590484619141,388.5586883544922,422.4437255859375,461.28900451660155,540.0537384033204,2026-03-28
2026-03-28 12:00:00,373.78424072265625,305.1911895751954,333.5577545166016,361.2966918945313,398.5249237060547,484.4139556884766,2026-03-28
2026-03-28 13:00:00,453.5327453613281,277.2982421875,301.5416198730469,325.5099182128906,350.2824401855469,422.1509216308594,2026-03-28
2026-03-28 14:00:00,448.5012512207031,326.9716430664063,352.458837890625,379.6927185058594,401.72023620605466,445.61265869140624,2026-03-28
2026-03-28 15:00:00,398.2539978027344,321.50649108886716,347.42059631347655,374.2275390625,405.64519958496095,471.5615631103516,2026-03-28
2026-03-28 16:00:00,276.7244873046875,241.52996826171875,286.4055999755859,306.925537109375,347.53449096679685,440.5162109375,2026-03-28
2026-03-28 17:00:00,200.78775024414065,174.87210693359373,216.22286987304688,253.53912353515625,282.69822998046874,362.95679931640626,2026-03-28
2026-03-28 18:00:00,281.3104858398437,173.527734375,225.04132080078125,272.3102111816406,326.61586303710936,413.4036071777344,2026-03-28
2026-03-28 19:00:00,222.99349975585935,184.3656494140625,227.16320800781247,267.73907470703125,293.0964721679687,359.4808471679687,2026-03-28
2026-03-28 20:00:00,260.0,170.2184631347656,229.61339111328124,271.0792236328125,328.15394287109376,417.6134033203125,2026-03-28
2026-03-28 21:00:00,225.0,179.6409423828125,245.094775390625,279.7872314453125,320.78082275390625,410.0962646484375,2026-03-28
2026-03-28 22:00:00,210.9750061035156,167.8828918457031,219.56335449218747,270.82720947265625,308.2376342773437,411.5638549804687,2026-03-28
2026-03-28 23:00:00,115.69650268554688,68.69566650390624,142.54058837890625,185.59478759765625,220.46368408203125,338.51373291015625,2026-03-28
2026-03-29 00:00:00,179.2480010986328,214.60576477050782,247.3466583251953,268.2076110839844,307.7757843017578,365.9848602294922,2026-03-29
2026-03-29 01:00:00,250.2845001220703,229.47996215820314,271.3495361328125,298.6360778808594,340.01275024414065,415.9626037597656,2026-03-29
2026-03-29 02:00:00,267.5,192.48583984375,241.90391235351564,304.5867614746094,339.2722961425781,390.6366638183594,2026-03-29
2026-03-29 03:00:00,166.354248046875,188.9614990234375,244.32529296875,289.4500732421875,324.81651611328124,430.4234375,2026-03-29
2026-03-29 04:00:00,285.0,149.11875610351564,202.08958129882814,277.0596618652344,318.74944458007815,402.89500122070314,2026-03-29
2026-03-29 05:00:00,292.5,182.21239624023437,226.68791809082032,280.00665283203125,310.5645751953125,376.34705810546876,2026-03-29
2026-03-29 06:00:00,292.5,176.27044067382812,223.39360961914062,275.32958984375,308.9844543457031,363.8043518066406,2026-03-29
2026-03-29 07:00:00,277.5,83.3833526611328,130.28777770996092,173.0392303466797,204.71816711425782,320.05322570800786,2026-03-29
2026-03-29 08:00:00,253.4302520751953,46.988922119140625,93.56883544921874,133.12249755859375,173.8600280761719,230.79539184570314,2026-03-29
2026-03-29 09:00:00,275.0,24.44740905761718,81.64950256347656,110.36134338378906,157.32707824707032,238.0654327392578,2026-03-29
2026-03-29 10:00:00,280.0,73.4890655517578,121.32413330078126,150.4010772705078,198.48061828613282,245.2464019775391,2026-03-29
2026-03-29 11:00:00,287.5,103.47950439453125,148.40374450683595,189.79571533203125,235.04059448242188,290.0909606933594,2026-03-29
2026-03-29 12:00:00,295.25,126.69306640625,173.56307983398438,229.49859619140625,265.5038696289063,315.42861328125,2026-03-29
2026-03-29 13:00:00,273.6507568359375,73.1185760498047,118.97840270996096,185.28016662597656,224.51850891113284,287.2412750244141,2026-03-29
2026-03-29 14:00:00,287.5,32.67002563476562,78.45068359375,121.99789428710938,157.41541137695313,219.12197875976562,2026-03-29
2026-03-29 15:00:00,305.0,-125.1655029296875,-81.74044799804688,-19.96786499023437,20.267620849609383,83.41903686523438,2026-03-29
2026-03-29 16:00:00,447.5,-130.81921997070313,-61.092071533203125,-13.2801513671875,22.533520507812526,90.97072753906251,2026-03-29
2026-03-29 17:00:00,405.0,-65.09840087890626,-14.716122436523442,46.7962646484375,90.36080322265624,206.49664306640625,2026-03-29
2026-03-29 18:00:00,412.5,207.77282104492187,290.5281127929687,315.03485107421875,354.51884765625,432.250634765625,2026-03-29
2026-03-29 19:00:00,284.9027404785156,234.49423217773438,306.2751770019531,349.0783386230469,384.17400512695315,494.86616821289067,2026-03-29
2026-03-29 20:00:00,256.4339904785156,267.88115234375,304.3019592285156,344.5688171386719,376.7215148925781,428.3004089355469,2026-03-29
2026-03-29 21:00:00,249.04649353027344,412.49081420898443,459.47995910644534,509.6121215820313,532.4695068359375,612.3872680664062,2026-03-29
2026-03-29 22:00:00,282.5,306.4375366210937,346.5949249267578,387.72802734375,422.00115966796875,485.6178344726562,2026-03-29
2026-03-29 23:00:00,297.5,348.85136108398433,395.54474487304685,438.8858642578125,465.26727905273435,507.2737243652344,2026-03-29
2026-03-30 00:00:00,300.0,388.24135131835936,402.41701660156247,417.1435546875,425.851953125,442.53386230468755,2026-03-30
2026-03-30 01:00:00,312.5,415.1097717285156,439.37303466796874,455.86138916015625,468.6865966796875,498.6809814453125,2026-03-30
2026-03-30 02:00:00,447.7777404785156,350.1407592773438,394.83516845703133,412.9539184570313,423.1652587890626,459.29027099609385,2026-03-30
2026-03-30 03:00:00,682.9337768554688,363.7167724609375,402.3723510742187,423.0321044921875,440.343212890625,478.758447265625,2026-03-30
2026-03-30 04:00:00,682.509521484375,300.6668212890625,350.8975463867188,379.44573974609375,397.2539794921875,429.98590087890625,2026-03-30
2026-03-30 05:00:00,612.0905151367188,274.2294677734374,333.0073120117187,349.2841186523437,367.6316772460937,403.5331176757812,2026-03-30
2026-03-30 06:00:00,630.75,267.1580078125,311.9664733886719,350.8493957519531,371.2954528808594,409.7624572753906,2026-03-30
2026-03-30 07:00:00,312.5,242.00198974609373,286.0845031738281,328.7055969238281,346.3792663574219,402.94899291992186,2026-03-30
2026-03-30 08:00:00,257.5,202.0238037109375,249.9963897705078,289.8294982910156,314.6447082519531,356.5398376464844,2026-03-30
2026-03-30 09:00:00,290.0,63.81114501953124,108.83720397949219,145.92886352539062,175.13665161132815,228.06910400390626,2026-03-30
2026-03-30 10:00:00,300.0,74.95335388183594,116.19432678222657,160.0378875732422,188.93125915527344,234.81905822753907,2026-03-30
2026-03-30 11:00:00,387.0,23.42403869628906,53.39439392089844,88.99372863769531,123.27389831542969,169.8217987060547,2026-03-30
2026-03-30 12:00:00,402.5,-3.0387023925781307,40.557891845703125,72.29617309570312,114.05598754882811,149.1262634277344,2026-03-30
2026-03-30 13:00:00,450.0,55.40903320312499,101.33275756835937,129.09408569335938,178.42372436523436,230.29656372070315,2026-03-30
2026-03-30 14:00:00,645.13623046875,99.79963989257811,149.6767120361328,187.1292724609375,210.35450439453126,248.9792724609375,2026-03-30
2026-03-30 15:00:00,302.5,48.34824523925781,91.12423095703124,132.7847442626953,171.4869598388672,261.5371795654297,2026-03-30
2026-03-30 16:00:00,302.5,48.17861633300781,107.68773498535157,153.77684020996094,184.41869201660157,251.98624572753909,2026-03-30
2026-03-30 17:00:00,455.0,120.01284790039062,171.93594970703126,210.967041015625,246.35933837890624,306.6364379882813,2026-03-30
2026-03-30 18:00:00,297.5,217.668408203125,272.6177124023437,304.4800720214844,335.39307861328126,390.6167358398437,2026-03-30
2026-03-30 19:00:00,297.5,210.45225219726564,256.6965759277344,305.2514343261719,331.42951049804685,390.5811828613281,2026-03-30
2026-03-30 20:00:00,295.0,183.89935913085935,252.99700927734375,293.66314697265625,336.8433837890625,395.81943359375,2026-03-30
2026-03-30 21:00:00,295.0,156.3977233886719,229.46787109375003,266.2648010253906,291.16453247070314,360.72864379882816,2026-03-30
2026-03-30 22:00:00,280.0,192.90830688476564,246.39276123046878,287.72369384765625,310.73931884765625,352.8984497070313,2026-03-30
2026-03-30 23:00:00,215.0,163.3883483886719,221.87914428710937,253.43829345703125,270.447021484375,331.531494140625,2026-03-30
2026-03-31 00:00:00,262.5,247.7295593261719,270.2303649902344,298.28631591796875,311.18671875,349.32569580078126,2026-03-31
2026-03-31 01:00:00,277.5,234.64188232421876,263.18866577148435,282.6725769042969,294.8857116699219,324.6286560058594,2026-03-31
2026-03-31 02:00:00,250.0,193.13150939941406,228.29851379394532,250.9185333251953,268.2206695556641,325.63617248535155,2026-03-31
2026-03-31 03:00:00,118.91999816894533,149.7758972167969,192.5439636230469,211.0279235839844,234.18236694335943,275.2883972167969,2026-03-31
2026-03-31 04:00:00,74.80774688720703,114.49149475097656,164.5937469482422,187.64244079589844,207.6089569091797,239.96634216308593,2026-03-31
2026-03-31 05:00:00,-47.83000183105469,-38.23399963378907,12.764978027343748,38.10357666015625,51.79254150390623,85.65054931640626,2026-03-31
2026-03-31 06:00:00,-50.0,-76.62943725585939,-27.48396606445314,1.941436767578125,23.265692138671877,84.80936889648439,2026-03-31
2026-03-31 07:00:00,-43.2822494506836,-82.08083496093751,-43.24326782226563,-5.60223388671875,14.159893798828126,48.880364990234376,2026-03-31
2026-03-31 08:00:00,-50.0,-111.70430908203124,-74.17692565917969,-22.45611572265625,-4.963049316406238,53.76807861328126,2026-03-31
2026-03-31 09:00:00,-50.0,-97.46985473632813,-54.31817321777344,-17.127288818359375,20.660833740234374,61.07196655273441,2026-03-31
2026-03-31 10:00:00,-50.0,-99.27911987304688,-55.38167724609375,-3.57373046875,47.7653076171875,104.238330078125,2026-03-31
2026-03-31 11:00:00,-50.0,-42.504449462890626,-15.140734863281253,20.141876220703125,73.64591064453126,116.26740722656251,2026-03-31
2026-03-31 12:00:00,-50.0,-45.69151306152344,3.954794311523436,34.1483154296875,87.19142761230468,153.05830993652344,2026-03-31
2026-03-31 13:00:00,-50.0,-68.0547088623047,-30.043234252929686,4.719146728515625,47.63426208496094,124.5088592529297,2026-03-31
2026-03-31 14:00:00,-50.0,-104.0695281982422,-51.04877014160157,-11.54638671875,41.52570495605467,82.16731872558594,2026-03-31
2026-03-31 15:00:00,-50.0,-125.18635253906251,-62.99967651367188,-16.358642578125,24.490673828125004,88.66877441406251,2026-03-31
2026-03-31 16:00:00,-50.03799819946289,-103.14864501953126,-22.562573242187504,23.911773681640625,43.745172119140626,112.95569458007813,2026-03-31
2026-03-31 17:00:00,197.5,153.32387084960934,200.04255981445309,252.19808959960935,273.45795288085935,331.6019836425781,2026-03-31
2026-03-31 18:00:00,207.5,270.96104736328124,342.68081054687497,369.132568359375,391.3649536132813,483.73475341796876,2026-03-31
2026-03-31 19:00:00,211.75,238.34795532226562,309.999609375,349.6298522949219,372.45903930664065,438.2767395019531,2026-03-31
2026-03-31 20:00:00,231.4564971923828,257.70444335937503,325.755029296875,371.8595581054688,396.43371582031256,462.6540283203126,2026-03-31
2026-03-31 21:00:00,290.0,387.8772277832031,425.7911315917969,490.907470703125,514.1968505859375,576.0756591796875,2026-03-31
2026-03-31 22:00:00,300.0,546.6177490234375,616.2626525878907,651.79443359375,686.3036010742187,751.3676147460938,2026-03-31
2026-03-31 23:00:00,347.5,684.599365234375,734.404638671875,778.8108520507812,809.3359375,872.9798583984375,2026-03-31
2026-04-01 00:00:00,412.5,278.4498657226562,294.85125122070315,306.6640930175781,334.1752014160156,372.9200866699219,2026-04-01
2026-04-01 01:00:00,567.8695068359375,265.5394348144531,285.98671875,308.963623046875,328.32792968750005,373.33594970703126,2026-04-01
2026-04-01 02:00:00,500.0,262.43831176757806,297.74038085937497,326.2450561523437,352.7849243164062,385.540380859375,2026-04-01
2026-04-01 03:00:00,500.0,213.5904174804687,258.19794921874995,282.5492553710937,299.35913085937494,352.76623535156244,2026-04-01
2026-04-01 04:00:00,452.5,211.11495971679688,266.29083251953125,286.4493103027344,314.7165954589844,393.67006225585936,2026-04-01
2026-04-01 05:00:00,500.0,284.1640106201172,333.0736083984375,366.35498046875,386.2639404296875,443.8127197265625,2026-04-01
2026-04-01 06:00:00,457.5,222.05661010742188,263.16127319335936,299.249267578125,332.44427490234375,376.02252197265625,2026-04-01
2026-04-01 07:00:00,372.5,192.9054901123047,218.41921997070315,253.7877349853516,286.9070953369141,341.9385894775391,2026-04-01
2026-04-01 08:00:00,160.0,-50.57552490234376,-17.082217407226565,21.602020263671875,57.196588134765626,116.29642944335939,2026-04-01
2026-04-01 09:00:00,260.0,-54.83551025390625,-18.9272216796875,13.97906494140625,49.98934326171875,117.59824829101564,2026-04-01
2026-04-01 10:00:00,268.3697509765625,103.04277343749999,125.90721435546875,150.87612915039062,195.73898315429685,246.29038696289064,2026-04-01
2026-04-01 11:00:00,156.2364959716797,118.72502441406249,174.23135375976562,200.86398315429688,243.87459716796877,283.405859375,2026-04-01
2026-04-01 12:00:00,237.5,13.506771850585935,52.653195190429685,88.64210510253906,119.7447235107422,218.75606384277344,2026-04-01
2026-04-01 13:00:00,117.03900146484376,-55.48695678710938,-31.827130126953122,6.29119873046875,52.61907348632813,118.56160278320316,2026-04-01
2026-04-01 14:00:00,62.5,-71.4982177734375,-34.92775268554688,-16.6453857421875,28.188433837890642,95.41773681640626,2026-04-01
2026-04-01 15:00:00,-50.0,-111.75307617187501,-78.76726989746095,-31.239166259765625,14.146350097656253,83.6729736328125,2026-04-01
2026-04-01 16:00:00,32.5,-95.24900512695314,-52.07034912109376,-19.3173828125,4.9105895996093665,115.12123413085939,2026-04-01
2026-04-01 17:00:00,295.0,20.196313476562494,71.65437622070311,108.74185180664062,145.4935729980469,245.43296508789064,2026-04-01
2026-04-01 18:00:00,302.5,157.13717346191402,213.3722015380859,245.72608947753903,281.25523986816404,337.7564239501953,2026-04-01
2026-04-01 19:00:00,370.0,201.5253814697266,248.5954284667969,280.270263671875,313.04091796875,368.45676269531253,2026-04-01
2026-04-01 20:00:00,450.0,155.94638061523438,192.22466735839845,222.2116241455078,243.1267120361328,360.55100402832034,2026-04-01
2026-04-01 21:00:00,450.0,124.16040649414062,183.7499816894531,199.5301818847656,226.99097290039066,285.8830139160156,2026-04-01
2026-04-01 22:00:00,327.854736328125,110.50394592285156,165.9202880859375,188.20703125,216.7168212890625,299.52979736328126,2026-04-01
2026-04-01 23:00:00,273.468994140625,133.02437438964841,173.99811096191405,206.1238250732422,230.5578338623047,296.16860046386716,2026-04-01
2026-04-02 00:00:00,287.5,165.5262939453125,194.89371337890623,208.038818359375,219.51103515625,240.9472412109375,2026-04-02
2026-04-02 01:00:00,350.0,256.7170043945313,290.5078979492188,305.72216796875,322.7325439453125,358.7859130859375,2026-04-02
2026-04-02 02:00:00,285.0,224.48939819335936,271.49631958007814,285.6171569824219,303.7088317871094,344.57854614257815,2026-04-02
2026-04-02 03:00:00,280.0,201.796142578125,256.1239501953125,282.31854248046875,299.79652099609376,368.18077392578124,2026-04-02
2026-04-02 04:00:00,127.75,182.99605712890624,245.40586547851564,271.4075012207031,285.68565063476564,343.6591857910156,2026-04-02
2026-04-02 05:00:00,10.0,114.33621826171874,164.6008728027344,215.36471557617188,245.19546508789062,289.6840393066406,2026-04-02
2026-04-02 06:00:00,-50.0,152.63165893554685,220.01685791015626,251.72772216796875,270.5119995117187,325.8262939453125,2026-04-02
2026-04-02 07:00:00,-47.21749877929688,78.78499145507813,112.43107910156249,146.0428466796875,189.20430908203124,241.81754150390626,2026-04-02
2026-04-02 08:00:00,-50.0,-50.22801513671875,-13.67108154296875,16.193634033203125,58.66302490234375,114.06351318359376,2026-04-02
2026-04-02 09:00:00,-50.0,-49.05247802734375,-18.514422607421878,4.455718994140625,28.799261474609377,110.02239990234375,2026-04-02
2026-04-02 10:00:00,-50.0,-28.81471557617187,-10.415936279296876,8.54144287109375,24.169403076171875,100.39899902343751,2026-04-02
2026-04-02 11:00:00,-50.0,-43.613665771484385,-24.530712890625004,-9.053680419921877,3.392541503906248,43.254067993164064,2026-04-02
2026-04-02 12:00:00,-50.0,-42.315667724609376,-27.099090576171875,-12.852691650390623,3.703802490234379,41.00553894042969,2026-04-02
2026-04-02 13:00:00,-50.0,-48.89788818359375,-34.217041015625,-18.25155639648437,-5.04118041992187,40.189678955078136,2026-04-02
2026-04-02 14:00:00,-50.0,-56.466503906250004,-37.74017944335938,-20.57391357421875,-7.535400390625,29.15396728515625,2026-04-02
2026-04-02 15:00:00,-50.0,-70.48331909179687,-47.42451782226563,-28.92269897460937,-8.627233886718745,57.88433837890625,2026-04-02
2026-04-02 16:00:00,-51.0359992980957,-57.187719726562506,-41.46089477539063,-18.058074951171875,2.821124267578128,62.448278808593756,2026-04-02
2026-04-02 17:00:00,1.5,-39.62225341796875,-21.395501708984376,13.19720458984375,34.25069580078125,111.62635498046876,2026-04-02
2026-04-02 18:00:00,186.5,-16.313464355468746,21.687231445312502,38.33999633789063,79.93942871093749,176.06553344726566,2026-04-02
2026-04-02 19:00:00,165.88475036621094,-69.11543884277341,-16.19490051269529,38.68272399902344,72.99422302246097,141.99911804199223,2026-04-02
2026-04-02 20:00:00,-30.572250366210938,-70.2833984375,-26.62721252441405,13.011077880859377,56.552795410156264,114.68874511718752,2026-04-02
2026-04-02 21:00:00,-27.17374992370605,-85.1400146484375,-25.180078125,11.271942138671877,30.32314453125,101.0653076171875,2026-04-02
2026-04-02 22:00:00,-54.85599899291992,-109.55010375976563,-58.389990234375006,1.795928955078125,41.59570312499999,113.29719238281251,2026-04-02
2026-04-02 23:00:00,-50.946998596191406,-88.75106201171874,-39.89711914062499,-4.9898681640625,14.781604003906264,74.82038574218754,2026-04-02
2026-04-03 00:00:00,-50.946998596191406,-28.245355224609376,-19.934625244140626,-15.8026123046875,-10.486297607421875,49.30403747558594,2026-04-03
2026-04-03 01:00:00,-50.0,-37.691845703125,-26.49359130859375,-21.93609619140625,-16.815777587890622,2.248052978515627,2026-04-03
2026-04-03 02:00:00,-50.0,-36.63527221679688,-30.017352294921874,-23.82666015625,-16.688665771484374,98.074560546875,2026-04-03
2026-04-03 03:00:00,-50.0,-42.722119140625,-33.183251953125,-26.466949462890625,-14.917529296875,91.47643432617188,2026-04-03
2026-04-03 04:00:00,-50.0,-32.36774291992188,-22.02403564453125,-15.103271484375,-9.559484863281249,81.95482788085937,2026-04-03
2026-04-03 05:00:00,-50.0,-40.428125,-27.18643188476563,-20.80157470703125,-11.34600830078125,95.97561645507812,2026-04-03
2026-04-03 06:00:00,-50.0,-37.843414306640625,-31.664886474609375,-24.325225830078125,-6.945019531250001,100.75723876953126,2026-04-03
2026-04-03 07:00:00,-50.0,-47.658972167968756,-36.91326904296875,-29.788726806640625,-20.33463134765625,89.90481567382812,2026-04-03
2026-04-03 08:00:00,-50.0,-49.694671630859375,-36.30961303710937,-26.83636474609375,-18.25338745117187,78.3921875,2026-04-03
2026-04-03 09:00:00,-50.0,-47.46256103515624,-33.37586669921875,-27.93588256835937,-18.770812988281246,84.24003295898439,2026-04-03
2026-04-03 10:00:00,-50.0,-34.528784179687506,-23.912573242187502,-15.467742919921877,-2.2575073242187518,116.53388061523438,2026-04-03
2026-04-03 11:00:00,-50.0,-35.959100341796876,-24.349737548828124,-17.949554443359375,-12.757843017578125,89.32352905273439,2026-04-03
2026-04-03 12:00:00,-50.0,-42.7148681640625,-35.0166748046875,-27.296417236328125,-17.872998046874997,94.57942504882813,2026-04-03
2026-04-03 13:00:00,-50.0,-46.92265014648437,-35.53695068359375,-27.603759765625,-17.234405517578125,89.10476074218751,2026-04-03
2026-04-03 14:00:00,-50.0,-42.78095703125,-33.968701171875004,-28.475006103515625,-14.88519287109375,97.41366577148438,2026-04-03
2026-04-03 15:00:00,-50.0,-46.4337158203125,-34.67067260742188,-23.808349609375,21.64062194824219,150.34671020507815,2026-04-03
2026-04-03 16:00:00,-50.0,-61.112255859375004,-42.72471923828125,-27.01702880859375,60.76729125976563,115.27036743164064,2026-04-03
2026-04-03 17:00:00,294.0,116.15369567871093,133.11968688964845,145.7776641845703,241.42690734863282,299.26808166503906,2026-04-03
2026-04-03 18:00:00,371.75,263.9739990234375,285.32854614257815,303.7752380371094,390.0484191894531,448.8255920410156,2026-04-03
2026-04-03 19:00:00,423.25,313.4992431640625,343.347998046875,360.8529357910156,465.1739562988281,538.9132263183594,2026-04-03
2026-04-03 20:00:00,525.0,687.578857421875,707.1223388671875,728.5989990234375,819.7188049316406,889.2407043457031,2026-04-03
2026-04-03 21:00:00,500.0,556.6193298339844,587.0672607421875,615.9349365234375,690.9185424804688,750.9172729492187,2026-04-03
2026-04-03 22:00:00,367.0,316.4591369628906,336.04994506835936,354.379150390625,443.36484985351564,531.9063720703125,2026-04-03
2026-04-03 23:00:00,212.5,259.863720703125,277.7509033203125,290.1953125,371.7685302734375,466.30952758789067,2026-04-03
2026-04-04 00:00:00,277.5,227.1049865722656,263.9990478515625,302.33526611328125,327.26312866210935,355.55560913085935,2026-04-04
2026-04-04 01:00:00,89.72474670410156,151.3139434814453,208.73334045410155,240.8914031982422,257.8090423583984,310.71856384277345,2026-04-04
2026-04-04 02:00:00,-48.99599838256836,43.95911254882812,123.22409057617188,161.50653076171875,178.79735107421877,221.23293457031252,2026-04-04
2026-04-04 03:00:00,-50.0,-80.22207641601562,-38.50130004882813,26.9110107421875,47.125891113281256,97.960791015625,2026-04-04
2026-04-04 04:00:00,94.60749816894533,-81.81747436523438,-48.676916503906256,-0.077117919921875,37.74345703125,62.22828979492188,2026-04-04
2026-04-04 05:00:00,-48.75,-88.42608947753907,-62.450784301757814,-15.48260498046875,34.62787780761719,140.91345520019533,2026-04-04
2026-04-04 06:00:00,-51.25,-88.98426513671876,-59.17536010742188,-27.65911865234375,28.066192626953125,71.14651489257812,2026-04-04
2026-04-04 07:00:00,-50.0,-90.24298095703125,-53.78098754882812,-31.25091552734375,34.06870727539062,88.72323608398436,2026-04-04
2026-04-04 08:00:00,-50.0,-67.83341674804687,-44.2696044921875,-27.63201904296875,-8.176019287109373,85.52847900390626,2026-04-04
2026-04-04 09:00:00,-50.0,-61.868316650390625,-39.06043701171875,-28.215240478515625,-14.016510009765625,67.369482421875,2026-04-04
2026-04-04 10:00:00,-50.0,-62.79404907226563,-35.369622802734376,-23.275787353515625,-9.862982177734374,101.89150390625001,2026-04-04
2026-04-04 11:00:00,-50.0,-47.43324584960938,-30.826934814453125,-21.865936279296875,-5.839117431640624,85.348974609375,2026-04-04
2026-04-04 12:00:00,-50.0,-65.60467529296875,-43.33262939453125,-27.07086181640625,-8.560308837890624,72.2396789550781,2026-04-04
2026-04-04 13:00:00,-50.0,-54.27219848632812,-35.17640991210938,-25.6285400390625,-9.566644287109373,87.158544921875,2026-04-04
2026-04-04 14:00:00,-50.0,-54.095941162109376,-38.352587890625,-21.88653564453125,-3.3953369140625007,99.37193603515625,2026-04-04
2026-04-04 15:00:00,-50.0,-66.1489013671875,-50.420202636718756,-23.07647705078125,50.50408325195313,141.40200805664065,2026-04-04
2026-04-04 16:00:00,-50.0,-72.85524291992188,-50.5490234375,-24.20443725585937,41.10787963867186,120.51947021484378,2026-04-04
2026-04-04 17:00:00,-52.140750885009766,-71.68110351562501,-43.5609619140625,-9.3072509765625,56.89208374023438,133.86481323242188,2026-04-04
2026-04-04 18:00:00,90.5,-72.22950134277345,-21.246237182617193,46.22749328613281,81.1181610107422,160.2336639404297,2026-04-04
2026-04-04 19:00:00,181.5,70.94287109375,111.6147491455078,180.2286376953125,221.06185302734374,323.79827880859375,2026-04-04
2026-04-04 20:00:00,133.0,115.84787292480468,165.75867614746093,215.77381896972656,256.5024810791016,323.9308258056641,2026-04-04
2026-04-04 21:00:00,115.75,92.23702392578124,124.94603881835937,193.53390502929688,226.23068237304688,289.6809997558594,2026-04-04
2026-04-04 22:00:00,25.75,111.98333129882815,156.61064147949222,211.824951171875,243.68468017578124,301.1643432617188,2026-04-04
2026-04-04 23:00:00,36.97724914550781,163.3827117919922,180.3759979248047,205.55877685546875,270.05865783691405,329.86852111816404,2026-04-04
2026-04-05 00:00:00,-4.130000114440918,232.37047119140624,250.881103515625,259.7995910644531,266.16431884765626,282.46807250976565,2026-04-05
2026-04-05 01:00:00,16.727249145507812,229.69892578124995,249.23352050781244,257.1010131835937,267.58149414062495,301.56790466308587,2026-04-05
2026-04-05 02:00:00,193.2144927978516,229.00834045410156,239.47470397949218,247.8462371826172,260.7349884033203,341.2036346435547,2026-04-05
2026-04-05 03:00:00,52.64400100708008,232.04325256347656,241.77620544433594,254.3576202392578,260.64283142089846,292.9929534912109,2026-04-05
2026-04-05 04:00:00,283.229736328125,272.1037841796875,286.48814086914064,296.233154296875,306.340625,344.68984069824216,2026-04-05
2026-04-05 05:00:00,267.5,205.57864379882812,220.3368408203125,225.04400634765625,233.20208129882812,275.82799377441404,2026-04-05
2026-04-05 06:00:00,-45.69649887084961,105.86957397460938,118.4645751953125,125.95797729492188,132.78759155273437,182.90218505859374,2026-04-05
2026-04-05 07:00:00,27.054750442504883,-10.664459228515625,3.6601623535156245,10.77227783203125,19.730615234375,109.93378906250001,2026-04-05
2026-04-05 08:00:00,-50.0,-33.789581298828125,-24.076690673828125,-16.3489990234375,-6.729364013671875,36.8773193359375,2026-04-05
2026-04-05 09:00:00,-50.0,-40.2612060546875,-29.43048095703125,-24.68817138671875,-20.30206298828125,27.511279296875003,2026-04-05
2026-04-05 10:00:00,-50.0,-36.73519287109375,-28.273779296875,-20.100860595703125,-14.582360839843751,1.4849853515625,2026-04-05
2026-04-05 11:00:00,-50.0,-47.2884033203125,-32.6760986328125,-26.41058349609375,-18.138623046874997,7.412939453124999,2026-04-05
2026-04-05 12:00:00,-50.0,-47.56677856445312,-33.9880126953125,-27.412811279296875,-19.773016357421874,2.434088134765627,2026-04-05
2026-04-05 13:00:00,-50.0,-44.741302490234375,-33.912017822265625,-23.130523681640625,-14.07115478515625,29.645196533203126,2026-04-05
2026-04-05 14:00:00,-50.0,-38.64417724609375,-29.844000244140624,-22.2159423828125,-6.84417724609375,89.32740478515626,2026-04-05
2026-04-05 15:00:00,-50.0,-40.187768554687494,-30.509716796874997,-21.13534545898437,-3.73486328125,103.79316406250001,2026-04-05
2026-04-05 16:00:00,-50.0,-39.359814453125,-30.94304809570312,-20.83700561523437,-7.941485595703121,79.64301757812501,2026-04-05
2026-04-05 17:00:00,-0.3597500026226043,-39.75043334960938,-22.954687500000002,-10.856414794921877,6.677001953124995,114.79602661132813,2026-04-05
2026-04-05 18:00:00,101.3582534790039,92.58230285644531,120.72437438964843,130.3806610107422,207.28534240722655,266.9483306884766,2026-04-05
2026-04-05 19:00:00,171.5,209.402392578125,229.9513916015625,250.55474853515625,321.2762390136719,387.47893066406255,2026-04-05
2026-04-05 20:00:00,138.0,226.54940185546874,254.8102233886719,266.57452392578125,314.3476989746094,420.473388671875,2026-04-05
2026-04-05 21:00:00,307.5,350.06878662109375,376.42991333007814,389.0205078125,408.7727111816406,512.5362548828125,2026-04-05
2026-04-05 22:00:00,295.0,485.34246826171875,512.5694091796875,525.6170043945312,612.8594360351562,655.5980590820312,2026-04-05
2026-04-05 23:00:00,355.0,423.8462646484375,449.7493957519531,459.7752380371094,480.11646423339846,569.161181640625,2026-04-05
2026-04-06 00:00:00,397.5,343.2907958984375,364.63914184570314,386.6064758300781,406.9112854003906,451.16135864257814,2026-04-06
2026-04-06 01:00:00,465.0,512.31591796875,553.9927368164062,571.7369995117188,602.3189331054688,674.4848754882812,2026-04-06
2026-04-06 02:00:00,440.0,169.63669128417968,230.62322387695312,253.41525268554688,277.3696716308594,317.3179626464844,2026-04-06
2026-04-06 03:00:00,257.5,144.73794250488282,203.77980346679686,232.4783935546875,269.57203369140626,355.58221435546875,2026-04-06
2026-04-06 04:00:00,285.0,143.01456604003906,190.11629638671874,225.63650512695312,258.2966369628906,321.13193969726564,2026-04-06
2026-04-06 05:00:00,277.9945068359375,126.11595764160155,169.35413208007813,202.7069091796875,240.8201171875,290.7555419921875,2026-04-06
2026-04-06 06:00:00,-45.64925003051758,86.15013427734375,119.31426086425782,151.38284301757812,189.0598327636719,228.37039184570312,2026-04-06
2026-04-06 07:00:00,74.36849975585938,8.289880371093744,43.03624877929687,62.662017822265625,81.90213623046876,158.90386962890625,2026-04-06
2026-04-06 08:00:00,-50.0,-41.50350341796875,-24.4776611328125,-10.29364013671875,10.01226806640625,59.03501586914062,2026-04-06
2026-04-06 09:00:00,-50.0,-47.010046386718756,-31.25223388671875,-17.644927978515625,-9.164251708984375,9.567483520507814,2026-04-06
2026-04-06 10:00:00,-50.0,-48.607415771484376,-32.711541748046876,-20.3179931640625,-12.7609130859375,-4.084808349609375,2026-04-06
2026-04-06 11:00:00,-50.0,-41.9771240234375,-30.7229736328125,-22.17742919921875,-15.123590087890625,-0.3040771484375,2026-04-06
2026-04-06 12:00:00,-50.0,-50.68286743164063,-41.3232177734375,-29.53857421875,-21.159722900390626,-10.116833496093747,2026-04-06
2026-04-06 13:00:00,-50.0,-43.28822631835938,-32.24735107421875,-27.28717041015625,-17.900250244140622,-6.3456726074218714,2026-04-06
2026-04-06 14:00:00,-50.0,-53.4574951171875,-37.743035888671876,-26.80429077148437,-19.27881469726562,3.5398681640625043,2026-04-06
2026-04-06 15:00:00,-50.0,-57.708673095703126,-39.94126586914062,-26.683349609375,-16.956634521484375,7.930972290039065,2026-04-06
2026-04-06 16:00:00,-50.0,-3.058459472656253,15.7156982421875,29.652740478515625,46.411041259765625,74.75713500976562,2026-04-06
2026-04-06 17:00:00,69.8324966430664,126.44493408203124,152.75732421875,178.38223266601562,210.4848876953125,283.915185546875,2026-04-06
2026-04-06 18:00:00,225.6647491455078,252.36461486816407,280.4175689697266,310.5039978027344,357.8403045654297,454.7350494384766,2026-04-06
2026-04-06 19:00:00,204.0,249.40254516601564,291.8921173095703,352.799560546875,398.96013183593755,511.9864624023438,2026-04-06
2026-04-06 20:00:00,162.92825317382812,265.97853393554686,315.82408447265624,343.7436828613281,381.7720153808594,467.50221557617186,2026-04-06
2026-04-06 21:00:00,245.8789978027344,263.49327087402344,303.3171630859375,331.77154541015625,358.71595458984376,436.3161376953125,2026-04-06
2026-04-06 22:00:00,392.5,211.5415283203125,284.7809753417969,313.6454772949219,367.42836303710936,462.6264831542969,2026-04-06
2026-04-06 23:00:00,455.0,205.77142944335935,269.63701171875,299.88922119140625,342.3726318359375,426.38916015625,2026-04-06
2026-04-07 00:00:00,396.5,240.11729736328124,261.37269287109376,275.5048828125,293.54234619140624,344.529345703125,2026-04-07
2026-04-07 01:00:00,392.5,287.39739990234375,307.5380493164063,327.21453857421875,366.11419677734375,408.53282470703124,2026-04-07
2026-04-07 02:00:00,917.0,267.038427734375,310.5027221679687,333.620361328125,350.97138671875,402.5336669921875,2026-04-07
2026-04-07 03:00:00,677.5,189.97445068359374,272.125732421875,290.23297119140625,321.4936767578125,360.3486328125,2026-04-07
2026-04-07 04:00:00,500.0,130.80208435058591,214.4398956298828,243.5690460205078,272.40467834472656,334.0244171142578,2026-04-07
2026-04-07 05:00:00,417.5,134.14962768554688,190.5108612060547,237.926513671875,262.3297912597656,309.6206237792969,2026-04-07
2026-04-07 06:00:00,285.0,136.11309814453128,180.5686218261719,212.8503570556641,259.31369628906253,319.72111206054694,2026-04-07
2026-04-07 07:00:00,115.0,-33.26221313476563,-0.6244506835937536,26.04623413085937,81.99234008789062,141.466259765625,2026-04-07
2026-04-07 08:00:00,282.5,-57.73844604492188,-36.61365966796875,-20.584869384765625,0.07551269531250071,70.19038085937501,2026-04-07
2026-04-07 09:00:00,132.5,-46.3125,-32.29638671875,-23.7220458984375,-4.287322998046875,86.14995117187499,2026-04-07
2026-04-07 10:00:00,0.0,-49.456884765625006,-28.216113281250003,-19.07464599609375,-6.001110839843749,75.79569702148439,2026-04-07
2026-04-07 11:00:00,0.0,15.377557373046873,30.537506103515625,43.001007080078125,57.34171752929687,154.3090759277344,2026-04-07
2026-04-07 12:00:00,0.0,-8.650567626953126,5.587939453124999,19.371246337890625,28.175933837890625,106.86271362304689,2026-04-07
2026-04-07 13:00:00,0.0,-38.818695068359375,-22.732794189453124,-11.118896484375,-0.173980712890625,42.554968261718756,2026-04-07
2026-04-07 14:00:00,0.0,-43.479547119140626,-28.532238769531254,-16.840667724609375,-4.612927246093749,17.367202758789062,2026-04-07
2026-04-07 15:00:00,-50.0,-44.70135498046875,-30.25198974609375,-19.192779541015625,-7.45263671875,22.85861511230469,2026-04-07
2026-04-07 16:00:00,-11.5,-52.91827392578125,-30.8428466796875,-10.3729248046875,6.7280731201171875,91.99214477539063,2026-04-07
2026-04-07 17:00:00,202.5,-15.371667480468751,5.192492675781249,25.540802001953125,51.77000122070312,138.65493774414062,2026-04-07
2026-04-07 18:00:00,129.75,29.113525390625,68.1977294921875,99.8472900390625,159.29749755859376,208.80772705078124,2026-04-07
2026-04-07 19:00:00,-9.0,53.99517822265625,92.49907226562499,145.62490844726562,169.24721069335936,230.82190551757813,2026-04-07
2026-04-07 20:00:00,-55.75,-64.35017700195313,-4.167938232421875,35.98162841796875,63.867102050781256,117.30501708984376,2026-04-07
2026-04-07 21:00:00,88.0,-104.24169311523438,-27.421575927734374,4.9620361328125,28.835913085937502,77.7242919921875,2026-04-07
2026-04-07 22:00:00,-33.324501037597656,-106.05988769531248,-29.002069091796855,-6.950531005859375,17.96751098632815,75.04414672851566,2026-04-07
2026-04-07 23:00:00,-51.75775146484375,-108.37642211914063,-40.530676269531256,-13.12811279296875,23.06134033203125,86.93289794921876,2026-04-07
2026-04-08 00:00:00,-53.74274826049805,-45.971551513671876,-20.268542480468753,-4.713958740234375,26.45892333984375,107.97391967773439,2026-04-08
2026-04-08 01:00:00,-52.598751068115234,-58.92762145996094,-39.92190246582031,-16.528533935546875,58.16593322753907,140.56362609863282,2026-04-08
2026-04-08 02:00:00,-51.31475067138672,-124.95365600585939,-70.5936279296875,-9.55224609375,27.317718505859375,92.2592712402344,2026-04-08
2026-04-08 03:00:00,-50.0,-111.77003173828126,-63.143341064453125,-6.88275146484375,33.342565917968756,107.56817626953125,2026-04-08
2026-04-08 04:00:00,-50.56499862670898,-114.68243408203125,-71.70032653808595,-15.340667724609377,25.35590820312501,105.09283447265625,2026-04-08
2026-04-08 05:00:00,-48.83174896240234,-69.7639404296875,-45.862646484375006,-6.73577880859375,52.03740234375,103.29869384765625,2026-04-08
2026-04-08 06:00:00,-46.853248596191406,-52.87351684570313,-22.969488525390627,0.079345703125,79.68430786132812,149.9059020996094,2026-04-08
2026-04-08 07:00:00,-48.067501068115234,-38.32584838867187,-21.430908203125,-10.106964111328123,25.505282592773447,123.88237915039062,2026-04-08
2026-04-08 08:00:00,-50.0,-50.47938842773438,-34.91316528320313,-24.5638427734375,-13.917987060546874,76.77938842773438,2026-04-08
2026-04-08 09:00:00,-50.0,-43.174774169921875,-33.78629150390625,-23.4908447265625,-12.03497314453125,113.29448852539062,2026-04-08
2026-04-08 10:00:00,-50.54850006103516,-37.64887084960938,-28.86649169921875,-20.00018310546875,-6.028363037109374,26.803994750976564,2026-04-08
2026-04-08 11:00:00,-41.979000091552734,21.340377807617188,35.47251892089844,41.47761535644531,47.098410034179686,64.95575866699218,2026-04-08
2026-04-08 12:00:00,-52.53350067138672,1.1333496093749993,14.380694580078124,24.438751220703125,32.381927490234375,114.50550537109373,2026-04-08
2026-04-08 13:00:00,-51.747501373291016,0.27831420898437287,15.091436767578124,22.2601318359375,29.928906249999997,82.50966796875,2026-04-08
2026-04-08 14:00:00,30.75,6.784326171874998,20.523223876953125,28.563140869140625,42.06431274414062,123.94263305664063,2026-04-08
2026-04-08 15:00:00,149.2657470703125,-5.934710693359378,10.597753906249999,21.165191650390625,35.53726806640625,162.50115966796875,2026-04-08
2026-04-08 16:00:00,179.72850036621094,93.24730529785157,109.29367370605469,127.46571350097656,156.38782958984376,266.6383575439453,2026-04-08
2026-04-08 17:00:00,150.9147491455078,208.6264404296875,235.41885986328126,260.9705810546875,332.829248046875,398.6048828125,2026-04-08
2026-04-08 18:00:00,199.0,231.8487121582031,249.5919677734375,300.1885986328125,367.7717224121094,456.1903503417969,2026-04-08
2026-04-08 19:00:00,209.0,201.344140625,243.6660614013672,305.01739501953125,328.9562255859375,388.3786865234375,2026-04-08
2026-04-08 20:00:00,70.5,194.31937255859373,244.76709594726563,307.69549560546875,345.2593200683594,435.2742614746094,2026-04-08
2026-04-08 21:00:00,208.9960021972656,189.76995239257812,232.493212890625,301.60552978515625,337.87409057617185,471.5019226074219,2026-04-08
2026-04-08 22:00:00,185.34649658203125,175.71795043945312,203.72480163574218,262.94879150390625,304.7635925292969,370.60895385742185,2026-04-08
2026-04-08 23:00:00,257.2304992675781,129.39849243164056,176.3643432617187,234.88430786132807,263.27062377929684,340.24987182617184,2026-04-08
2026-04-09 00:00:00,282.5,131.00591735839845,178.68284606933597,192.9810943603516,222.2367584228516,276.4486358642579,2026-04-09
2026-04-09 01:00:00,280.0,68.22531127929688,123.68296508789062,149.55654907226562,174.43252563476562,214.5609924316406,2026-04-09
2026-04-09 02:00:00,247.5,122.70772399902343,169.87054443359375,211.00439453125,235.61259765625,310.82935791015626,2026-04-09
2026-04-09 03:00:00,55.89125061035156,124.10987243652343,199.1267547607422,233.66807556152344,260.1752044677734,325.8500946044922,2026-04-09
2026-04-09 04:00:00,198.19924926757807,151.42756958007809,211.84545898437497,241.49407958984372,275.4203369140625,333.1844482421875,2026-04-09
2026-04-09 05:00:00,197.9982452392578,63.81206054687499,127.04329223632811,170.20098876953125,200.46827392578126,268.7152465820312,2026-04-09
2026-04-09 06:00:00,57.98949813842773,46.97203979492187,99.34053039550781,136.3021240234375,187.45687866210938,225.03689575195312,2026-04-09
2026-04-09 07:00:00,0.0,-53.90027465820313,-19.066564941406252,1.8255615234375,37.17169189453125,127.195361328125,2026-04-09
2026-04-09 08:00:00,-50.0,-64.91273803710938,-38.00368041992188,-15.483306884765623,4.987145996093753,93.02855834960938,2026-04-09
2026-04-09 09:00:00,-50.0,-74.0658203125,-44.97803955078125,-20.94012451171875,15.039398193359375,110.04306640625,2026-04-09
2026-04-09 10:00:00,-37.5,-55.85109252929688,-34.313085937500006,-6.031463623046875,25.475036621093746,83.04402465820313,2026-04-09
2026-04-09 11:00:00,19.03274917602539,-58.296539306640625,-35.177093505859375,-17.029052734375,4.902258300781245,75.97915649414062,2026-04-09
2026-04-09 12:00:00,273.5,-58.90374755859375,-38.5912353515625,-22.59185791015625,6.58639221191407,74.28193969726563,2026-04-09
2026-04-09 13:00:00,170.0,-53.95947265625,-29.004052734375,-8.162841796875,10.109725952148438,117.85595703125,2026-04-09
2026-04-09 14:00:00,140.0,-63.45262451171875,-35.53668823242188,-15.81414794921875,13.672463989257814,92.66871337890626,2026-04-09
2026-04-09 15:00:00,17.5,-91.4886962890625,-52.9049072265625,-27.728759765625,10.315026855468751,78.38353271484375,2026-04-09
2026-04-09 16:00:00,-50.0,-77.12414855957032,-51.91244812011719,-19.184539794921875,23.170120239257827,81.75939636230471,2026-04-09
2026-04-09 17:00:00,155.75,-18.467712402343764,26.253192138671864,72.62191772460938,111.74136962890624,189.94959716796876,2026-04-09
2026-04-09 18:00:00,250.0,157.80984497070312,193.4653076171875,246.19732666015625,284.8570495605469,367.4645935058594,2026-04-09
2026-04-09 19:00:00,267.8659973144531,189.07835693359374,229.3875244140625,276.1914978027344,313.68760375976564,352.66194458007817,2026-04-09
2026-04-09 20:00:00,350.0,118.56409301757813,155.70718688964845,203.0650329589844,231.92386474609378,305.06201171875,2026-04-09
2026-04-09 21:00:00,256.5385131835937,22.983416748046878,70.2396240234375,108.57595825195312,137.7301208496094,184.52963256835938,2026-04-09
2026-04-09 22:00:00,324.07000732421875,-22.67886657714844,21.706924438476562,75.67134094238281,116.74783020019532,183.8551055908203,2026-04-09
2026-04-09 23:00:00,282.5,41.03304138183593,92.08652038574218,145.48377990722656,180.74087219238282,272.8851593017578,2026-04-09
2026-04-10 00:00:00,267.5,134.16229248046875,171.24241638183594,223.2662353515625,245.75404663085936,291.0233215332031,2026-04-10
2026-04-10 01:00:00,230.0,112.25300292968753,173.57791137695315,203.3965759277344,234.9055847167969,291.49426879882816,2026-04-10
2026-04-10 02:00:00,156.6719970703125,-4.422839355468753,74.91329956054688,106.55831909179688,136.32418823242188,204.8929870605469,2026-04-10
2026-04-10 03:00:00,200.0,-56.08234252929688,-12.11669921875,30.12091064453125,54.30304565429688,125.74826049804688,2026-04-10
2026-04-10 04:00:00,262.5,-74.03910522460939,-38.29326171875,28.65399169921875,63.829931640625,114.22988281250001,2026-04-10
2026-04-10 05:00:00,262.5,-83.75664672851563,-31.389331054687503,34.63006591796875,53.22938842773435,148.55707397460938,2026-04-10
2026-04-10 06:00:00,99.9187469482422,-71.55654296875001,-28.036511230468754,15.97705078125,65.15757446289064,103.60676879882813,2026-04-10
2026-04-10 07:00:00,8.789250373840332,-46.700878906250004,-18.340753173828126,-1.8524169921875,17.402822875976565,89.88340454101561,2026-04-10
2026-04-10 08:00:00,-47.37749862670898,-66.52696533203125,-37.6802978515625,-22.046051025390625,-8.3358642578125,35.79431762695313,2026-04-10
2026-04-10 09:00:00,-50.0,-65.95654296875,-40.52669677734375,-18.76708984375,-1.1844848632812486,43.62770385742188,2026-04-10
2026-04-10 10:00:00,-50.0,-51.696160888671876,-32.340301513671875,-19.925018310546875,-0.061309814453125,79.83079833984377,2026-04-10
2026-04-10 11:00:00,-50.0,-57.3933349609375,-40.336328125,-24.5877685546875,-4.525292968749998,22.481613159179688,2026-04-10
2026-04-10 12:00:00,-50.0,-50.56830444335938,-34.400054931640625,-21.251434326171875,-8.861853027343749,30.700610351562503,2026-04-10
2026-04-10 13:00:00,-50.0,-55.809820556640624,-37.6837646484375,-21.07666015625,-7.932873535156249,13.489450073242189,2026-04-10
2026-04-10 14:00:00,-50.0,-66.99329833984376,-43.608856201171875,-21.13531494140625,-6.808081054687499,44.76524658203124,2026-04-10
2026-04-10 15:00:00,-50.0,-71.96943359375001,-46.51389770507812,-20.111053466796875,12.003674316406254,71.07717895507812,2026-04-10
2026-04-10 16:00:00,-50.0,-82.78163452148438,-51.5157470703125,-18.135284423828125,10.880426025390626,104.27548217773438,2026-04-10
2026-04-10 17:00:00,19.098249435424805,-86.93780517578125,-44.18749084472657,-5.020111083984375,38.44560546875,96.95698242187501,2026-04-10
2026-04-10 18:00:00,136.75625610351562,76.90599060058594,115.73356628417969,179.4618682861328,213.09195861816406,268.32530822753904,2026-04-10
2026-04-10 19:00:00,175.25799560546875,218.8273681640625,262.88079833984375,309.2537536621094,344.0567077636719,465.52141723632815,2026-04-10
2026-04-10 20:00:00,286.49725341796875,322.5029602050782,363.3579040527344,419.2418823242188,442.5226196289063,522.1848999023438,2026-04-10
2026-04-10 21:00:00,432.0,328.8780395507813,375.53997192382815,421.5083618164063,465.22644042968756,548.0000122070313,2026-04-10
2026-04-10 22:00:00,1300.0,156.4095886230469,209.28429565429687,255.35671997070312,286.9006042480469,360.03925170898435,2026-04-10
2026-04-10 23:00:00,1050.0,135.358056640625,196.7957275390625,239.41574096679688,283.5615539550781,374.39229125976567,2026-04-10
2026-04-11 00:00:00,1050.0,126.06149291992182,155.77131958007806,231.90042114257807,311.8354309082031,443.7663391113281,2026-04-11
2026-04-11 01:00:00,487.5,24.47979431152342,79.77143249511718,155.9708709716797,228.88302917480468,358.3263397216797,2026-04-11
2026-04-11 02:00:00,450.0,-13.758563232421906,71.05137939453124,122.68682861328124,174.93975830078125,345.28468017578126,2026-04-11
2026-04-11 03:00:00,317.5,29.369140625,118.5301513671875,165.1483154296875,245.2095458984375,372.91882324218756,2026-04-11
2026-04-11 04:00:00,275.0,-6.715509033203148,50.71019287109373,90.81402587890624,136.42432861328123,289.3515991210937,2026-04-11
2026-04-11 05:00:00,280.0,-43.1009490966797,16.8994140625,60.0115966796875,111.46378173828126,300.82255859375005,2026-04-11
2026-04-11 06:00:00,77.5,-86.80617065429686,-41.368798828124994,2.93841552734375,45.15015869140626,152.81206054687502,2026-04-11
2026-04-11 07:00:00,53.78575134277344,-101.21806030273437,-59.85648193359375,-24.53021240234375,29.10587768554688,89.93123168945313,2026-04-11
2026-04-11 08:00:00,-49.05974960327149,-80.33085327148437,-54.047204589843744,-28.01156616210937,21.475018310546883,75.89852905273438,2026-04-11
2026-04-11 09:00:00,-50.0,-11.20166625976563,12.173425292968748,30.04278564453125,79.57501220703125,235.63733520507813,2026-04-11
2026-04-11 10:00:00,-50.0,-61.32716369628906,-28.00905456542969,-5.946014404296875,17.982379150390628,90.05552673339844,2026-04-11
2026-04-11 11:00:00,-50.0,-83.08958740234375,-49.4385986328125,-30.2186279296875,7.013391113281251,133.8950073242188,2026-04-11
2026-04-11 12:00:00,-50.0,-97.88152465820313,-57.918359375,-31.4090576171875,-0.8929626464843743,84.49640502929688,2026-04-11
2026-04-11 13:00:00,-50.0,-78.768701171875,-55.411163330078125,-30.945281982421875,-13.573895263671876,80.0880615234375,2026-04-11
2026-04-11 14:00:00,-50.0,-77.30702514648438,-52.1374755859375,-33.77294921875,3.9574951171874986,108.80001220703124,2026-04-11
2026-04-11 15:00:00,-50.0,-80.1903076171875,-58.12247924804688,-33.494964599609375,-4.10211181640625,86.30090942382813,2026-04-11
2026-04-11 16:00:00,-50.0,-81.77156982421874,-54.54140625,-33.691436767578125,-5.155242919921875,114.04301147460939,2026-04-11
2026-04-11 17:00:00,-48.42974853515625,-88.73491821289062,-59.20411071777344,-28.70050048828125,10.423144531250017,118.88489990234376,2026-04-11
2026-04-11 18:00:00,13.344499588012695,-108.55924072265626,-62.941827392578126,-10.5703125,55.592565917968756,228.8555908203125,2026-04-11
2026-04-11 19:00:00,-45.5,-95.42474975585938,-42.525970458984375,-8.735992431640625,46.1414245605469,217.29476928710938,2026-04-11
2026-04-11 20:00:00,15.64150047302246,-107.01360473632813,-45.25305786132813,-5.246246337890625,54.45475463867188,252.29598999023438,2026-04-11
2026-04-11 21:00:00,133.8767547607422,-119.03756713867188,-53.43414306640625,15.0621337890625,61.14644775390625,149.58370361328124,2026-04-11
2026-04-11 22:00:00,191.604248046875,-114.85297241210938,-35.6007080078125,12.20245361328125,67.36163330078125,202.48931884765622,2026-04-11
2026-04-11 23:00:00,213.71499633789065,-102.62528076171876,-34.52866821289063,8.286529541015625,78.80993041992188,191.69232788085938,2026-04-11
2026-04-12 00:00:00,340.0,86.31907653808594,111.43410949707032,143.40586853027344,177.63333435058595,212.33727722167973,2026-04-12
2026-04-12 01:00:00,285.0,26.714721679687514,57.93719177246095,101.79949951171876,119.88479614257814,154.97129516601564,2026-04-12
2026-04-12 02:00:00,-27.868000030517575,-80.02416992187501,-28.99586181640626,6.329193115234375,34.46989746093747,92.385400390625,2026-04-12
2026-04-12 03:00:00,-39.30950164794922,-93.96920166015626,-64.15790405273438,-3.93109130859375,27.286413574218752,92.7369140625,2026-04-12
2026-04-12 04:00:00,37.119998931884766,-81.54766845703125,-47.72210693359375,3.362152099609375,37.00511474609375,72.9264892578125,2026-04-12
2026-04-12 05:00:00,95.385498046875,-3.6619415283203125,20.589785766601562,46.46870422363281,104.45053405761718,149.63940124511717,2026-04-12
2026-04-12 06:00:00,138.0332489013672,16.421881103515624,32.18010864257812,51.919769287109375,77.146142578125,142.0716064453125,2026-04-12
2026-04-12 07:00:00,8.397000312805176,-5.662341308593753,21.95283813476562,34.96807861328125,48.236383056640626,120.05270385742188,2026-04-12
2026-04-12 08:00:00,-49.385501861572266,-44.49131469726562,-31.5895751953125,-17.10113525390625,-8.290325927734376,60.562774658203125,2026-04-12
2026-04-12 09:00:00,37.5,-48.737316894531254,-30.034674072265624,-22.61166381835937,-14.742791748046871,3.6997192382812543,2026-04-12
2026-04-12 10:00:00,117.2125015258789,-43.347161865234376,-27.46334228515625,-19.18048095703125,-7.031982421875,70.25272216796876,2026-04-12
2026-04-12 11:00:00,25.0,-42.84945068359375,-29.350927734375,-16.580841064453125,-7.772760009765625,69.91194458007813,2026-04-12
2026-04-12 12:00:00,21.294750213623047,-51.73843994140625,-31.501818847656253,-19.36962890625,-4.827740478515624,64.12990112304688,2026-04-12
2026-04-12 13:00:00,0.0,-50.43245239257813,-34.10115356445313,-21.370819091796875,-12.423419189453124,58.9051025390625,2026-04-12
2026-04-12 14:00:00,60.0,-50.646520996093756,-32.103363037109375,-21.750762939453125,-13.724859619140625,61.40858154296876,2026-04-12
2026-04-12 15:00:00,231.57974243164065,-58.89053344726562,-38.271856689453124,-24.8223876953125,-6.611981201171876,121.30557861328126,2026-04-12
2026-04-12 16:00:00,227.5,-5.434326171875,15.533050537109375,32.19061279296875,50.464166259765626,131.31527099609377,2026-04-12
2026-04-12 17:00:00,280.0,259.21400146484376,289.0096374511719,305.515625,323.0085113525391,404.26911010742185,2026-04-12
2026-04-12 18:00:00,282.5,467.4708953857422,489.68858947753904,510.3851318359375,556.9966400146484,627.2937286376953,2026-04-12
2026-04-12 19:00:00,215.7387542724609,357.0042358398438,383.36259765625,409.6816711425781,456.7085388183594,551.6950256347657,2026-04-12
2026-04-12 20:00:00,29.75,272.0570007324219,302.171240234375,349.75323486328125,392.2984252929688,477.7313598632812,2026-04-12
2026-04-12 21:00:00,88.75,328.7119873046875,356.6552673339844,414.95123291015625,446.3447326660156,540.5518615722656,2026-04-12
2026-04-12 22:00:00,71.5,253.26152343749993,326.42858886718744,343.8515014648437,377.04409179687497,472.56401367187493,2026-04-12
2026-04-12 23:00:00,153.65725708007812,153.47311706542968,220.37254333496094,237.4601287841797,264.79136657714844,335.9175140380859,2026-04-12
2026-04-13 00:00:00,185.60874938964844,57.23359069824218,118.01655578613281,152.2320098876953,174.5423858642578,299.0930694580078,2026-04-13
2026-04-13 01:00:00,113.09925079345705,20.41025390624999,67.75278930664062,116.71475219726562,137.03307495117187,169.3251159667969,2026-04-13
2026-04-13 02:00:00,172.5,97.28972167968749,165.51846923828123,194.78692626953125,234.5055908203125,328.9983642578125,2026-04-13
2026-04-13 03:00:00,150.0,104.6690643310547,156.31948852539062,203.80821228027344,240.1244842529297,298.9346160888672,2026-04-13
2026-04-13 04:00:00,208.989501953125,39.75079345703125,103.8040283203125,151.07968139648438,194.80831298828124,266.43287353515626,2026-04-13
2026-04-13 05:00:00,150.10174560546875,22.242526245117176,57.85276794433594,99.15408325195312,158.3677520751953,213.9268951416016,2026-04-13
2026-04-13 06:00:00,128.50050354003906,89.07487792968749,113.90238037109376,134.1719207763672,166.5343994140625,227.55210571289064,2026-04-13
2026-04-13 07:00:00,18.436250686645508,-30.07800903320313,-15.072930908203126,10.121337890625,40.31789245605469,127.33588256835938,2026-04-13
2026-04-13 08:00:00,85.34124755859375,-49.419427490234376,-31.328253173828124,-20.089141845703125,9.223077392578126,98.23888549804686,2026-04-13
2026-04-13 09:00:00,-45.47299957275391,-50.89579467773437,-30.727752685546875,-21.269561767578125,-3.603363037109375,97.97957763671876,2026-04-13
2026-04-13 10:00:00,-14.018250465393066,-49.82996826171875,-33.44659423828125,-17.92071533203125,-3.0252685546875,82.89376220703127,2026-04-13
2026-04-13 11:00:00,8.366000175476074,-32.381298828125,-21.450537109375,-9.90289306640625,5.468646240234376,107.93300781250001,2026-04-13
2026-04-13 12:00:00,210.0,-38.611749267578126,-19.896673583984374,-7.317047119140625,4.705554199218751,102.94151611328125,2026-04-13
2026-04-13 13:00:00,217.5,-36.986730957031256,-20.87734375,-6.41949462890625,13.087905883789066,95.86605224609376,2026-04-13
2026-04-13 14:00:00,182.5,-48.34384765625,-31.085430908203126,-13.16632080078125,-0.4480468749999993,71.55404663085938,2026-04-13
2026-04-13 15:00:00,245.0,-62.45160522460938,-40.08262329101562,-16.62213134765625,9.357998657226563,103.0294677734375,2026-04-13
2026-04-13 16:00:00,282.5,-30.768829345703125,-7.023809814453127,9.953369140625,79.05692749023437,215.1830261230469,2026-04-13
2026-04-13 17:00:00,300.0,209.01294860839843,244.29765930175782,272.484375,315.3437469482422,425.4673248291016,2026-04-13
2026-04-13 18:00:00,287.5,282.06336669921876,322.5947998046875,351.1282958984375,404.82459716796876,483.8112976074219,2026-04-13
2026-04-13 19:00:00,285.0,265.75385131835935,305.2316650390625,339.02020263671875,385.84833984375,454.93175048828124,2026-04-13
2026-04-13 20:00:00,280.0,219.94619445800782,248.18190002441406,277.3106994628906,331.9842498779297,368.2710479736328,2026-04-13
2026-04-13 21:00:00,280.0,262.34682006835936,287.87310791015625,301.3786926269531,359.56604614257816,436.2586547851563,2026-04-13
2026-04-13 22:00:00,285.0,201.64323120117183,248.50425415039058,273.0619506835937,315.69404296874995,360.1642395019531,2026-04-13
2026-04-13 23:00:00,280.0,198.48137817382812,249.15298156738282,285.1062927246094,326.5710510253906,418.0558532714844,2026-04-13
2026-04-14 00:00:00,452.5,261.8061584472656,310.4602478027344,326.05633544921875,343.2548828125,404.8271850585937,2026-04-14
2026-04-14 01:00:00,447.5,260.9434295654297,299.9396240234375,314.8072814941406,345.15473022460935,401.0985168457031,2026-04-14
2026-04-14 02:00:00,500.0,171.6916809082031,229.73807067871093,248.55519104003903,280.8550689697265,337.5588043212891,2026-04-14
2026-04-14 03:00:00,397.5,146.1665222167969,207.07135009765628,234.42593383789065,267.3572204589844,342.7418151855469,2026-04-14
2026-04-14 04:00:00,603.4404907226562,148.06988830566402,197.3752532958984,231.58937072753903,256.65632629394526,302.3167755126953,2026-04-14
2026-04-14 05:00:00,912.75,123.83661193847655,165.6766876220703,209.0864105224609,234.3039764404297,288.9012054443359,2026-04-14
2026-04-14 06:00:00,447.5,41.34873046874999,71.86593017578124,123.05032348632812,145.46027221679688,199.90543212890626,2026-04-14
2026-04-14 07:00:00,417.5,-50.26648559570313,-22.68262939453125,0.041839599609375,49.457653808593754,108.680712890625,2026-04-14
2026-04-14 08:00:00,604.0,-56.086181640625,-39.022131347656256,-18.0396728515625,11.694091796874996,79.0443603515625,2026-04-14
2026-04-14 09:00:00,218.25,-49.53965454101563,-29.470086669921876,-15.434326171875,-1.38458251953125,75.06545410156251,2026-04-14
2026-04-14 10:00:00,115.0,-49.025909423828125,-29.999835205078124,-12.1798095703125,7.272467041015627,83.78802490234375,2026-04-14
2026-04-14 11:00:00,-50.0,-37.10443115234375,-20.0737060546875,-5.17291259765625,13.6383544921875,97.81484985351562,2026-04-14
2026-04-14 12:00:00,-50.0,-47.624462890625004,-26.9695068359375,-13.384490966796877,8.620837402343751,71.8849365234375,2026-04-14
2026-04-14 13:00:00,-50.0,-43.8218017578125,-28.156329345703128,-7.98358154296875,11.058914184570312,111.46351318359376,2026-04-14
2026-04-14 14:00:00,-50.0,-33.0623779296875,-16.87347412109375,-5.90228271484375,22.57306823730469,116.89387207031251,2026-04-14
2026-04-14 15:00:00,-50.0,-48.59652099609375,-28.46368408203125,-12.590576171875,18.254779052734378,131.3599853515625,2026-04-14
2026-04-14 16:00:00,-25.5,-57.83199157714844,-31.68356018066406,-10.002471923828123,29.538497924804688,117.53892517089844,2026-04-14
2026-04-14 17:00:00,149.0072479248047,-30.577685546874996,3.467163085937507,56.23648071289063,88.46914672851562,177.90857543945313,2026-04-14
2026-04-14 18:00:00,224.6957550048828,175.83509521484376,203.725341796875,259.05780029296875,304.7568176269531,398.41013793945314,2026-04-14
2026-04-14 19:00:00,289.6762390136719,246.70484619140626,284.7190338134766,309.2613220214844,355.30101318359374,434.73581542968753,2026-04-14
2026-04-14 20:00:00,241.6374969482422,321.82456665039064,362.1397369384766,415.4737548828125,455.196923828125,540.3726806640625,2026-04-14
2026-04-14 21:00:00,240.38525390625,383.57054443359374,428.0773162841797,469.9250793457031,506.50526123046876,632.087841796875,2026-04-14
2026-04-14 22:00:00,260.0,219.40374755859375,268.2860168457031,319.68359375,355.44981689453124,449.8932739257813,2026-04-14
2026-04-14 23:00:00,255.0,168.36315307617187,200.476904296875,259.66363525390625,289.7499572753906,386.7871398925781,2026-04-14
2026-04-15 00:00:00,225.0,149.70648803710932,181.7040405273437,200.31838989257807,215.94441528320306,250.84913940429684,2026-04-15
2026-04-15 01:00:00,215.0,160.29436645507815,196.04323120117186,221.37466430664065,234.31023559570315,297.32346801757814,2026-04-15
2026-04-15 02:00:00,197.5,162.07802124023436,204.76599731445313,228.73922729492188,249.47042846679688,297.1890930175781,2026-04-15
2026-04-15 03:00:00,115.01074981689452,165.95875244140626,216.0335266113281,236.04122924804688,259.1856384277344,306.67766723632815,2026-04-15
2026-04-15 04:00:00,132.5,176.99008178710935,208.1166809082031,225.14877319335935,248.21325073242187,314.75807495117186,2026-04-15
2026-04-15 05:00:00,13.166749954223633,-48.32314453125001,-1.9057373046875234,19.3701171875,48.101220703125,112.87572021484375,2026-04-15
2026-04-15 06:00:00,-49.51499938964844,-71.55706787109376,-22.49989013671876,14.785919189453123,45.025653076171864,95.70094604492189,2026-04-15
2026-04-15 07:00:00,-52.01224899291992,-93.49638671875,-58.809197998046876,-1.417205810546875,22.06011962890625,100.92031250000001,2026-04-15
2026-04-15 08:00:00,-49.76974868774414,-64.70775451660157,-29.872775268554683,-12.907867431640623,33.17454528808594,97.10357971191407,2026-04-15
2026-04-15 09:00:00,-50.0,-52.42812194824219,-24.45999450683594,-3.6734619140625,21.73249816894532,105.82293395996095,2026-04-15
2026-04-15 10:00:00,-50.0,-54.36876220703125,-25.579156494140626,-10.2625732421875,3.724414062500001,70.48721923828124,2026-04-15
2026-04-15 11:00:00,-50.0,-27.654443359375,-5.621447753906251,6.061553955078125,19.7662109375,73.63923950195313,2026-04-15
2026-04-15 12:00:00,-50.0,-22.439581298828124,-3.7223815917968768,14.985992431640623,26.874200439453126,112.45206909179686,2026-04-15
2026-04-15 13:00:00,-50.0,-55.481402587890635,-28.921319580078126,-11.73663330078125,15.868679809570313,101.45060424804689,2026-04-15
2026-04-15 14:00:00,-50.0,-51.136782836914065,-32.11153259277344,-11.60040283203125,33.55290832519532,104.85930480957032,2026-04-15
2026-04-15 15:00:00,-50.80974960327149,-74.40546264648438,-48.4441650390625,-26.28045654296875,9.048980712890625,93.37645263671875,2026-04-15
2026-04-15 16:00:00,-53.73550033569336,-82.06221923828124,-52.52227172851562,-22.13995361328125,31.890496826171876,126.57587890625001,2026-04-15
2026-04-15 17:00:00,-51.780250549316406,-114.35993041992188,-69.16910095214844,-10.8564453125,22.9132080078125,130.12517089843752,2026-04-15
2026-04-15 18:00:00,-32.40224838256836,-117.35477905273439,-69.7177947998047,-6.28790283203125,34.81337890625,136.53121337890624,2026-04-15
2026-04-15 19:00:00,-30.43824958801269,-60.22763366699219,15.5435577392578,40.10374450683594,64.67378845214844,112.67920837402345,2026-04-15
2026-04-15 20:00:00,11.18274974822998,-73.89927062988282,-19.455282592773443,36.92387390136719,90.81792907714845,218.44561462402345,2026-04-15
2026-04-15 21:00:00,-22.902999877929688,-46.986370849609386,3.5577026367187443,48.03131103515625,71.33037109375,151.96884765625,2026-04-15
2026-04-15 22:00:00,110.2614974975586,-95.09300537109375,-38.746044921875004,-2.009552001953125,30.593804931640648,154.68909301757813,2026-04-15
2026-04-15 23:00:00,302.1397399902344,-26.135867309570315,39.88556823730468,62.66978454589844,88.61255798339843,149.69319763183594,2026-04-15
2026-04-16 00:00:00,360.0,122.67459106445312,164.62558593749998,178.79177856445312,204.94147338867188,295.7348571777344,2026-04-16
2026-04-16 01:00:00,295.0,169.61226501464841,216.61355285644532,237.50791931152344,264.49147644042966,301.14439392089844,2026-04-16
2026-04-16 02:00:00,437.5,245.744384765625,284.0970825195312,303.3942565917969,324.0288391113281,372.2294006347656,2026-04-16
2026-04-16 03:00:00,559.5,206.54407653808596,258.51636352539066,287.460693359375,305.8801635742188,386.3623779296875,2026-04-16
2026-04-16 04:00:00,335.0,195.64861450195312,229.1061798095703,274.4435119628906,299.0083923339844,388.6362548828125,2026-04-16
2026-04-16 05:00:00,332.5,246.84844360351562,269.33757934570315,312.0765380859375,337.26971435546875,374.6719116210937,2026-04-16
2026-04-16 06:00:00,300.0,323.12299194335935,340.64765625,356.2208251953125,398.6593872070313,459.0197692871094,2026-04-16
2026-04-16 07:00:00,255.833251953125,217.93705139160159,234.4371246337891,247.1086578369141,265.5556335449219,374.1737579345703,2026-04-16
2026-04-16 08:00:00,310.0,44.76331481933593,55.844277954101564,63.51432800292969,73.48475646972656,154.0120330810547,2026-04-16
2026-04-16 09:00:00,265.0,1.898352050781245,19.907519531249996,28.72763061523437,37.618505859375,118.51448364257813,2026-04-16
2026-04-16 10:00:00,265.0,25.453961181640633,34.86681518554688,41.87838745117188,51.42658691406251,141.57407836914064,2026-04-16
2026-04-16 11:00:00,277.5,14.869012451171875,24.281573486328124,30.59527587890625,36.029547119140624,51.17366943359375,2026-04-16
2026-04-16 12:00:00,165.0,-12.08125,-3.5873596191406243,6.760650634765625,14.036352539062502,100.35708007812501,2026-04-16
2026-04-16 13:00:00,40.0,-11.47332763671875,-2.0402099609375,3.669189453125,8.198022460937501,112.93678588867188,2026-04-16
2026-04-16 14:00:00,-50.0,-30.644647216796876,-20.288323974609376,-12.787109375,-7.229406738281251,9.016790771484377,2026-04-16
2026-04-16 15:00:00,-50.0,-37.68772583007812,-28.401135253906254,-23.07403564453125,-14.064739990234376,65.29556274414062,2026-04-16
2026-04-16 16:00:00,-50.0,-37.68170776367188,-25.13349609375,-16.518310546875,-2.339447021484375,61.78067016601564,2026-04-16
2026-04-16 17:00:00,-49.33324813842773,0.38880615234374716,16.1047607421875,25.23388671875,47.340615844726564,123.51789550781251,2026-04-16
2026-04-16 18:00:00,-44.22124862670898,38.256246948242186,52.11150207519531,67.68327331542969,124.6630828857422,169.75242614746094,2026-04-16
2026-04-16 19:00:00,-49.75,51.847857666015614,83.4584503173828,137.58599853515625,161.70830078125,218.77439575195314,2026-04-16
2026-04-16 20:00:00,5.803999900817871,-37.77107238769531,33.86808776855469,51.90037536621094,71.65768737792969,127.19057312011721,2026-04-16
2026-04-16 21:00:00,-51.760250091552734,-37.17539672851562,-15.23801879882813,34.25213623046875,60.46527099609375,119.24494628906251,2026-04-16
2026-04-16 22:00:00,-51.16875076293945,-16.326953125000003,34.77117309570312,56.39453125,85.42119750976562,152.7862487792969,2026-04-16
2026-04-16 23:00:00,73.0,-4.2686767578125,58.608447265625,85.22567749023438,109.22139282226563,183.17959594726562,2026-04-16
2026-04-17 00:00:00,116.19100189208984,-66.97907714843751,-38.16719970703125,17.45086669921875,39.11801147460936,104.46494750976564,2026-04-17
2026-04-17 01:00:00,239.75,-89.90884399414062,-55.916052246093756,-3.331451416015625,30.974438476562504,92.68325195312502,2026-04-17
2026-04-17 02:00:00,397.5,-72.19579467773438,-26.30069274902344,19.12811279296875,46.67551879882812,136.90167846679688,2026-04-17
2026-04-17 03:00:00,-37.5,-100.64711303710938,-56.19500427246094,7.190032958984375,31.340771484375,100.97921142578126,2026-04-17
2026-04-17 04:00:00,-50.0,-112.64591064453126,-58.11060791015626,0.157440185546875,22.888763427734364,78.68579711914064,2026-04-17
2026-04-17 05:00:00,17.5,-74.87434997558594,-45.85736389160156,0.23931884765625,53.42770080566407,116.75116271972657,2026-04-17
2026-04-17 06:00:00,20.795499801635746,-45.52640991210938,-11.509405517578127,8.92242431640625,87.19472656250001,164.30533447265626,2026-04-17
2026-04-17 07:00:00,45.0,-66.9391845703125,-37.97071533203126,8.614837646484375,61.19066162109375,148.9859313964844,2026-04-17
2026-04-17 08:00:00,-50.0,-49.14472045898438,-29.950653076171875,-17.497772216796875,16.860427856445312,90.99971313476563,2026-04-17
2026-04-17 09:00:00,-50.0,-70.07140502929688,-42.891021728515625,-25.15228271484375,0.2920166015625014,88.27102050781251,2026-04-17
2026-04-17 10:00:00,-50.0,-48.89732055664062,-31.190875244140628,-20.17950439453125,0.23196105957031676,105.13265991210938,2026-04-17
2026-04-17 11:00:00,-50.0,-43.57167358398438,-30.6508056640625,-15.450592041015623,-2.0446960449218725,91.31758422851563,2026-04-17
2026-04-17 12:00:00,-50.0,-51.285003662109375,-40.139617919921875,-24.889068603515625,-18.63218994140625,3.0229705810546896,2026-04-17
2026-04-17 13:00:00,-50.0,-57.44270629882813,-46.951715087890626,-35.68707275390625,-26.99920654296875,3.0131683349609375,2026-04-17
2026-04-17 14:00:00,-50.0,-61.920935058593756,-45.8062255859375,-38.02471923828125,-28.956677246093747,56.810455322265625,2026-04-17
2026-04-17 15:00:00,-50.0,-50.7072265625,-40.19012451171875,-33.0311279296875,-22.87115478515625,52.7590270996094,2026-04-17
2026-04-17 16:00:00,-49.16450119018555,-55.833367919921876,-40.07008666992188,-29.394683837890625,-13.373779296875,107.64635620117187,2026-04-17
2026-04-17 17:00:00,289.3160095214844,136.78860473632812,146.4083740234375,159.37310791015625,174.80088500976564,261.6580505371094,2026-04-17
2026-04-17 18:00:00,182.5,189.73510131835934,204.2057983398437,217.5814514160156,235.9658508300781,311.16865234374995,2026-04-17
2026-04-17 19:00:00,158.87750244140625,200.2552001953125,218.83704833984376,228.79229736328125,241.7188232421875,340.9834411621094,2026-04-17
2026-04-17 20:00:00,16.036500930786133,193.6732482910156,215.37490234374997,225.76596069335935,243.59574279785153,327.2085510253906,2026-04-17
2026-04-17 21:00:00,-8.5,100.64114685058593,118.63404846191406,132.8013458251953,146.75806274414063,223.0255889892578,2026-04-17
2026-04-17 22:00:00,-50.30149841308594,28.948956298828122,48.87815551757812,62.1767578125,86.197998046875,167.32015991210938,2026-04-17
2026-04-17 23:00:00,-52.20600128173828,10.902523803710942,37.08900451660156,57.01722717285156,118.77405090332032,186.4678497314453,2026-04-17
