ts,actual,p10,p30,p50,p70,p90,date
2026-01-27 00:00:00,485.0,829.8230163574218,902.305645751953,935.0958251953124,974.5682739257812,1042.8767028808593,2026-01-27
2026-01-27 01:00:00,382.5,755.7868637084961,857.744287109375,934.9097290039062,1002.8362731933594,1076.8902770996094,2026-01-27
2026-01-27 02:00:00,392.5,719.0977264404297,826.3509033203125,893.86474609375,949.7219848632812,1039.8085571289062,2026-01-27
2026-01-27 03:00:00,375.0,582.7408386230469,709.0017364501953,783.7274169921875,858.6100097656249,943.3729370117187,2026-01-27
2026-01-27 04:00:00,350.0,643.1271255493164,745.050244140625,808.1514282226562,861.6221069335937,1019.5989135742187,2026-01-27
2026-01-27 05:00:00,360.0,729.992755126953,843.0193023681641,908.0324096679688,962.5349517822266,1048.2692901611329,2026-01-27
2026-01-27 06:00:00,397.5,786.2589195251464,878.460009765625,963.28369140625,1039.5550659179687,1133.8901062011719,2026-01-27
2026-01-27 07:00:00,395.0,696.1612426757813,780.6325103759766,854.62353515625,949.5959197998047,1086.9947296142577,2026-01-27
2026-01-27 08:00:00,392.5,512.444524383545,593.249853515625,658.6528930664062,750.7122802734375,830.1276947021485,2026-01-27
2026-01-27 09:00:00,315.03125,332.26601181030276,420.0896133422852,490.8717651367188,564.6759399414063,691.5999176025391,2026-01-27
2026-01-27 10:00:00,299.7330017089844,274.3130737304688,362.9848403930664,424.1376953125,509.2442199707031,616.057421875,2026-01-27
2026-01-27 11:00:00,552.5872802734375,385.9830009460449,456.36023101806643,551.8389892578125,621.0318725585937,803.3135681152344,2026-01-27
2026-01-27 12:00:00,324.2122497558594,268.4259620666504,353.1912445068359,440.65277099609375,523.4133026123047,661.1327758789063,2026-01-27
2026-01-27 13:00:00,281.8592529296875,167.18482971191403,250.66613998413084,339.3945617675781,408.50092773437495,569.2692779541015,2026-01-27
2026-01-27 14:00:00,268.1832580566406,291.92268981933603,404.3169326782227,480.3189086914063,549.9670242309571,721.4459457397461,2026-01-27
2026-01-27 15:00:00,270.23223876953125,333.0857704162597,426.2633392333984,514.866455078125,589.4764221191406,716.7568786621093,2026-01-27
2026-01-27 16:00:00,725.718994140625,545.8927803039551,629.2994247436524,727.9775390625,835.506967163086,1033.3867218017579,2026-01-27
2026-01-27 17:00:00,736.25,648.0055564880371,731.4777206420898,827.0770263671875,916.4583862304687,1126.6068481445313,2026-01-27
2026-01-27 18:00:00,452.5,516.8094802856446,626.5297195434571,709.3302001953125,805.7968078613281,1018.8487365722656,2026-01-27
2026-01-27 19:00:00,720.083251953125,477.4136512756347,588.6167907714844,717.815185546875,804.8832916259765,974.4619903564453,2026-01-27
2026-01-27 20:00:00,337.5,608.5325721740722,687.0298522949219,784.9521484375,898.922119140625,1049.2519470214843,2026-01-27
2026-01-27 21:00:00,887.5,669.5064682006836,806.5806182861328,873.45458984375,967.7108032226563,1235.7882232666016,2026-01-27
2026-01-27 22:00:00,773.5,568.7914291381836,663.4238967895508,732.9008178710938,831.3226348876954,1031.7828033447265,2026-01-27
2026-01-27 23:00:00,846.0,546.8559295654297,616.8118408203125,710.49072265625,799.1884033203125,1005.5630065917969,2026-01-27
2026-01-28 00:00:00,808.0,421.6821044921875,476.1722045898438,522.0842895507812,581.6470520019532,659.3698852539062,2026-01-28
2026-01-28 01:00:00,649.0,529.0731811523438,629.0243225097656,698.4005126953125,742.8368041992187,839.2285949707032,2026-01-28
2026-01-28 02:00:00,763.75,598.8536941528321,696.7011322021484,766.5768432617188,831.4552307128906,946.6208984375,2026-01-28
2026-01-28 03:00:00,924.5,405.4268295288086,479.42827758789065,541.4130859375,603.7196838378907,717.9200927734375,2026-01-28
2026-01-28 04:00:00,1030.0,243.82333221435547,320.22310943603514,385.64404296875,446.38404541015626,559.8089294433594,2026-01-28
2026-01-28 05:00:00,1055.0,237.1232437133789,321.7837371826172,374.2353515625,437.6263000488281,532.8116821289063,2026-01-28
2026-01-28 06:00:00,1091.75,228.49918975830076,323.850080871582,383.2306213378906,476.146337890625,582.649560546875,2026-01-28
2026-01-28 07:00:00,971.0,235.42311553955076,310.7704025268555,378.396484375,449.49346313476565,556.8513122558593,2026-01-28
2026-01-28 08:00:00,808.75,271.97236328125007,326.1642120361329,384.2747192382813,456.4243804931641,611.1179504394532,2026-01-28
2026-01-28 09:00:00,662.875,234.1495079040527,286.2833770751953,358.4783020019531,418.7542694091797,551.4320892333984,2026-01-28
2026-01-28 10:00:00,396.9392395019531,165.4107940673828,266.83583374023436,316.6246643066406,413.15361938476565,558.3643127441406,2026-01-28
2026-01-28 11:00:00,677.5,208.91201553344726,302.2563018798828,378.7333679199219,434.80299987792966,578.5675079345702,2026-01-28
2026-01-28 12:00:00,872.0,219.37646484375,285.86102600097655,341.42303466796875,381.0313293457031,573.2821838378907,2026-01-28
2026-01-28 13:00:00,462.5,193.1999069213867,269.6128128051758,319.36114501953125,364.9598724365234,453.21345825195317,2026-01-28
2026-01-28 14:00:00,292.5,189.41720733642575,261.2588394165039,335.9988708496094,376.8872924804688,537.6217773437501,2026-01-28
2026-01-28 15:00:00,378.75,196.24516220092772,256.2471237182617,309.1202697753906,356.8594909667969,508.0867919921875,2026-01-28
2026-01-28 16:00:00,887.3295288085938,381.30697402954104,446.01464080810547,497.94049072265625,545.2193984985352,686.7162734985352,2026-01-28
2026-01-28 17:00:00,579.25,548.0812606811523,631.2292251586914,682.982177734375,752.91982421875,865.975732421875,2026-01-28
2026-01-28 18:00:00,362.5,252.94456939697264,343.76929931640626,388.684814453125,469.9787261962891,631.0619995117188,2026-01-28
2026-01-28 19:00:00,497.5,269.17594146728516,333.15040130615233,395.61669921875,482.27284545898436,598.124609375,2026-01-28
2026-01-28 20:00:00,808.75,297.3118217468262,360.84391021728516,405.6095581054688,465.30319519042973,579.5117889404297,2026-01-28
2026-01-28 21:00:00,925.5,237.2150512695313,340.5942565917969,401.2389526367188,472.31876525878914,632.778564453125,2026-01-28
2026-01-28 22:00:00,1068.0,275.1419174194336,324.18748168945314,394.5179443359375,491.7815002441406,574.5198669433594,2026-01-28
2026-01-28 23:00:00,1034.25,211.76628570556645,318.9260375976563,373.6506958007813,425.0022216796876,558.9502258300781,2026-01-28
2026-01-29 00:00:00,1021.75,491.5570922851563,558.1791748046875,603.23388671875,646.6141174316406,705.2915466308593,2026-01-29
2026-01-29 01:00:00,1019.25,545.9864013671875,621.620458984375,659.994384765625,729.8218383789062,849.6016540527344,2026-01-29
2026-01-29 02:00:00,1045.25,544.9610229492188,653.4092102050781,701.946533203125,770.3115966796875,877.3022277832031,2026-01-29
2026-01-29 03:00:00,874.5,536.8690338134766,642.4966735839844,702.2938842773438,783.5417358398438,869.6599914550782,2026-01-29
2026-01-29 04:00:00,905.25,496.14161987304686,614.647982788086,671.6741943359375,742.3279296875,862.5397277832031,2026-01-29
2026-01-29 05:00:00,558.7935180664062,468.7668807983398,579.6779968261719,631.0985717773438,690.15810546875,860.4790954589844,2026-01-29
2026-01-29 06:00:00,764.0,496.7779373168945,577.3687103271484,637.3768310546875,714.6307952880859,843.8408355712891,2026-01-29
2026-01-29 07:00:00,470.0,384.4922622680664,483.1814727783203,583.6046142578125,687.6183349609375,818.3600341796875,2026-01-29
2026-01-29 08:00:00,345.0,282.01002960205085,351.46198425292977,405.5183715820313,466.8695434570313,600.1086822509766,2026-01-29
2026-01-29 09:00:00,474.5032348632813,298.0705749511719,396.4587051391602,458.7688598632813,545.3457397460938,742.6607421875001,2026-01-29
2026-01-29 10:00:00,672.2529907226562,403.85448913574214,492.73524322509763,557.8803100585938,605.1133636474609,794.5057678222656,2026-01-29
2026-01-29 11:00:00,943.1799926757812,535.0324005126953,646.2763061523438,707.6030883789062,757.2957611083984,947.7846557617188,2026-01-29
2026-01-29 12:00:00,855.0,526.2685501098633,583.5996597290039,670.355712890625,765.4690246582031,950.8510070800781,2026-01-29
2026-01-29 13:00:00,692.5,437.58419952392575,498.46604919433594,567.59765625,614.5459167480469,752.1423156738281,2026-01-29
2026-01-29 14:00:00,372.5,417.79333877563477,488.05420989990233,535.2626953125,644.7314575195312,796.3895874023438,2026-01-29
2026-01-29 15:00:00,564.4657592773438,410.51100463867186,504.92472076416016,615.422119140625,712.8687896728516,878.5877990722656,2026-01-29
2026-01-29 16:00:00,915.75,483.2383499145508,573.9658782958984,657.140869140625,712.0757232666016,894.6355926513672,2026-01-29
2026-01-29 17:00:00,633.75,267.45742950439455,339.26928863525393,416.9317932128906,489.51170654296874,752.5474182128906,2026-01-29
2026-01-29 18:00:00,437.5,230.88798828125,336.6153289794922,425.17724609375,508.2020263671875,672.0065856933594,2026-01-29
2026-01-29 19:00:00,395.0,235.84191589355473,338.827783203125,415.0725708007813,521.7488830566407,741.8712280273438,2026-01-29
2026-01-29 20:00:00,836.5,248.97989807128903,340.0017364501953,389.36767578125,441.65545654296875,596.89150390625,2026-01-29
2026-01-29 21:00:00,1248.5,205.7152328491211,292.1340057373047,397.9452819824219,494.9501098632812,659.4597717285156,2026-01-29
2026-01-29 22:00:00,1184.5,245.45147247314452,330.8852111816406,401.735107421875,479.6908233642578,672.5992370605469,2026-01-29
2026-01-29 23:00:00,814.5,201.76987762451176,300.40011901855473,399.9500122070313,470.047592163086,670.1914367675781,2026-01-29
2026-01-30 00:00:00,954.5,372.31373596191406,478.26714782714845,515.7379150390625,574.4812347412109,649.1292144775391,2026-01-30
2026-01-30 01:00:00,805.0,321.5332626342773,419.093408203125,497.3165588378906,552.8920532226562,624.9166076660156,2026-01-30
2026-01-30 02:00:00,445.0,354.82001953124995,471.6048248291016,534.529541015625,592.7330474853516,684.1441314697265,2026-01-30
2026-01-30 03:00:00,458.082763671875,418.8573928833008,517.1830932617188,576.261962890625,653.5569885253906,730.8702514648437,2026-01-30
2026-01-30 04:00:00,527.75,409.5560073852539,512.638540649414,573.8858642578125,630.5183532714843,720.5181884765625,2026-01-30
2026-01-30 05:00:00,393.75,357.39989318847654,439.2176879882812,507.74359130859375,568.058203125,653.4198303222656,2026-01-30
2026-01-30 06:00:00,350.0,349.16173095703124,471.12628784179685,515.571533203125,603.40458984375,730.6359375,2026-01-30
2026-01-30 07:00:00,350.0,294.87529449462886,391.48240356445314,463.0565185546875,524.8052856445313,696.300439453125,2026-01-30
2026-01-30 08:00:00,487.5,235.72332458496092,339.79358367919923,411.397705078125,480.73228454589844,614.1255615234375,2026-01-30
2026-01-30 09:00:00,410.1545104980469,233.80719451904295,312.88844604492186,389.6075134277344,452.20708923339845,579.301547241211,2026-01-30
2026-01-30 10:00:00,416.8030090332031,204.1966194152832,287.82923889160156,376.6450500488281,438.42466125488284,558.930810546875,2026-01-30
2026-01-30 11:00:00,418.6889953613281,252.8818260192871,330.05729980468755,411.739990234375,475.38609619140624,590.7684967041015,2026-01-30
2026-01-30 12:00:00,337.5,248.10291137695313,313.26903076171874,395.4804382324219,465.0067565917969,617.7491271972656,2026-01-30
2026-01-30 13:00:00,195.0,184.78403167724608,276.77504272460936,336.4850769042969,378.20818481445315,540.63681640625,2026-01-30
2026-01-30 14:00:00,220.0,202.06456909179687,274.34881286621095,335.818115234375,432.32158203125,523.1728576660156,2026-01-30
2026-01-30 15:00:00,140.0,162.58635864257812,271.97913665771483,349.6922607421875,411.3881561279297,561.4336029052735,2026-01-30
2026-01-30 16:00:00,280.0,512.7402954101562,603.9423782348633,648.946044921875,705.2674835205078,836.7109344482421,2026-01-30
2026-01-30 17:00:00,562.5,368.68469467163084,482.5763397216797,565.51171875,649.3361389160157,847.7424682617188,2026-01-30
2026-01-30 18:00:00,342.5,359.66089706420894,455.44357147216795,531.6363525390625,635.3462463378906,793.8275451660156,2026-01-30
2026-01-30 19:00:00,342.5,243.05702209472662,356.11298522949227,443.7633666992188,512.4951538085938,616.677294921875,2026-01-30
2026-01-30 20:00:00,330.0,250.93671188354492,351.61444091796875,406.8245849609375,471.52488403320314,556.5017150878906,2026-01-30
2026-01-30 21:00:00,345.0,344.98265838623047,451.93233795166014,545.30029296875,607.801156616211,802.9757476806641,2026-01-30
2026-01-30 22:00:00,350.0,373.73924865722654,455.8027252197266,539.7780151367188,611.8473663330078,828.14814453125,2026-01-30
2026-01-30 23:00:00,537.5,254.54076995849616,352.9427566528321,443.2536010742188,513.7851409912109,675.0595764160157,2026-01-30
2026-01-31 00:00:00,345.0,354.305110168457,386.0041275024414,410.190185546875,432.0641296386719,490.9482116699219,2026-01-31
2026-01-31 01:00:00,372.5,342.87340087890624,388.6509307861328,432.6648254394531,457.05701446533203,512.347770690918,2026-01-31
2026-01-31 02:00:00,340.0,362.0388580322266,399.0738525390625,435.0145263671875,478.36194915771483,556.1376541137695,2026-01-31
2026-01-31 03:00:00,352.5,325.8601776123047,365.1898727416992,404.9266662597656,436.78942108154297,490.7890090942383,2026-01-31
2026-01-31 04:00:00,460.0,288.6575912475586,362.1089401245117,398.0971984863281,448.4001068115235,523.1072204589844,2026-01-31
2026-01-31 05:00:00,397.5,275.5055320739746,333.4179214477539,372.0845642089844,422.4210632324219,528.9088363647461,2026-01-31
2026-01-31 06:00:00,117.5,244.8806015014648,304.9201293945312,349.6868896484375,387.3045989990234,477.74169006347654,2026-01-31
2026-01-31 07:00:00,230.0,280.3909255981445,323.6362991333008,369.9674987792969,429.44688873291017,509.44981079101564,2026-01-31
2026-01-31 08:00:00,100.0,241.5811340332031,282.8139358520508,338.278564453125,404.25572204589844,470.4286285400391,2026-01-31
2026-01-31 09:00:00,-10.0,153.32626037597657,197.84433135986325,256.4320983886719,305.6691268920898,382.8434127807617,2026-01-31
2026-01-31 10:00:00,-25.0,-34.09865036010743,28.78214111328125,78.532958984375,123.879508972168,187.9252151489258,2026-01-31
2026-01-31 11:00:00,-50.0,-33.162625122070324,43.007311248779295,103.35653686523438,166.153825378418,256.2027420043945,2026-01-31
2026-01-31 12:00:00,-50.0,-84.70914688110352,-36.236595153808594,15.073333740234377,55.988287353515624,106.46015167236328,2026-01-31
2026-01-31 13:00:00,-50.0,-133.7573066711426,-81.86631774902347,-30.467742919921875,9.811706542968729,70.72243652343748,2026-01-31
2026-01-31 14:00:00,-50.0,-145.49317474365233,-79.1626968383789,-38.51953125,3.576342773437503,41.436369323730474,2026-01-31
2026-01-31 15:00:00,-50.0,-183.95370788574218,-113.0834732055664,-56.61614990234375,-1.2523208618164077,56.14823608398437,2026-01-31
2026-01-31 16:00:00,-50.0,-84.4764945983887,-21.95854034423831,27.30499267578125,83.24597473144529,153.89888610839841,2026-01-31
2026-01-31 17:00:00,405.0,79.93554534912109,135.84947357177734,176.12948608398438,220.41862945556642,326.2750869750977,2026-01-31
2026-01-31 18:00:00,282.5,131.39630889892578,196.16480560302733,259.0307312011719,299.88488922119143,408.71191253662107,2026-01-31
2026-01-31 19:00:00,212.5,64.31515197753903,130.2181243896484,183.67416381835935,230.41627960205076,300.46615142822264,2026-01-31
2026-01-31 20:00:00,222.2400054931641,-15.345168304443376,59.22044830322264,111.75944519042967,156.1494155883789,259.86796112060546,2026-01-31
2026-01-31 21:00:00,265.0,40.19685516357421,91.9281234741211,123.9415283203125,168.92215118408205,296.62382354736326,2026-01-31
2026-01-31 22:00:00,280.0,-37.508122253417966,45.74043579101562,86.97544860839844,142.78187561035156,236.10194396972656,2026-01-31
2026-01-31 23:00:00,318.0692443847656,-58.11367187500001,1.697972106933591,49.572174072265625,109.54151306152343,202.50647583007813,2026-01-31
2026-02-01 00:00:00,327.5,102.0606559753418,134.12159729003906,158.5818328857422,182.34748535156248,212.2677749633789,2026-02-01
2026-02-01 01:00:00,320.0,39.31138534545899,86.90836791992186,121.07980346679688,143.8760498046875,193.6922088623047,2026-02-01
2026-02-01 02:00:00,311.25,56.653101348876945,106.2970977783203,134.5941162109375,162.61481475830078,206.57542572021487,2026-02-01
2026-02-01 03:00:00,362.5,60.69889984130862,124.62451858520512,160.49830627441406,186.65189208984378,241.3726501464844,2026-02-01
2026-02-01 04:00:00,205.0,78.4302619934082,126.33322067260741,174.02548217773438,198.57294921875,271.3350296020508,2026-02-01
2026-02-01 05:00:00,231.0,6.558506774902341,77.33979339599611,129.48223876953125,171.09769439697266,275.5158630371094,2026-02-01
2026-02-01 06:00:00,25.0,-13.500503540039062,59.69559173583984,111.1021728515625,155.76864166259764,235.1758026123047,2026-02-01
2026-02-01 07:00:00,122.25,-106.36815490722657,-15.450968170166014,25.32586669921875,72.33375549316406,127.95198669433594,2026-02-01
2026-02-01 08:00:00,68.32849884033203,-146.54427642822264,-87.64886474609375,-23.779296875,17.993675231933572,84.18833465576172,2026-02-01
2026-02-01 09:00:00,-50.0,-162.1276596069336,-90.32119064331053,-29.8236083984375,5.943769836425794,50.83177795410158,2026-02-01
2026-02-01 10:00:00,-50.0,-161.79930419921874,-96.99149017333986,-39.143157958984375,0.6541015625000028,59.33161315917971,2026-02-01
2026-02-01 11:00:00,-50.0,-132.3795997619629,-73.91350631713868,-29.438934326171875,23.88152694702145,81.74931869506837,2026-02-01
2026-02-01 12:00:00,-50.0,-191.05357360839844,-102.15155410766602,-53.1719970703125,-18.104585266113283,69.53621063232423,2026-02-01
2026-02-01 13:00:00,-50.0,-166.0250473022461,-90.12201004028321,-47.168701171875,14.689064025878906,66.97206573486328,2026-02-01
2026-02-01 14:00:00,-50.0,-140.76732711791993,-82.65318069458009,-43.86929321289063,15.995586395263665,109.34901199340823,2026-02-01
2026-02-01 15:00:00,-50.0,-150.61932296752929,-90.45439987182618,-43.276641845703125,-3.8082099914550795,70.90887374877933,2026-02-01
2026-02-01 16:00:00,-50.0,-133.06116027832033,-42.01155395507813,-2.53564453125,42.84862976074219,100.00957489013672,2026-02-01
2026-02-01 17:00:00,215.2567443847656,78.79172210693359,157.21784515380858,192.17987060546875,239.67217407226562,303.49031219482424,2026-02-01
2026-02-01 18:00:00,415.0,134.80391387939454,196.78883895874023,260.3570861816406,322.3242614746094,401.9450103759766,2026-02-01
2026-02-01 19:00:00,310.0,176.38045654296874,256.65501556396487,300.3067321777344,341.09413452148436,424.23240356445314,2026-02-01
2026-02-01 20:00:00,295.0,224.35794677734373,273.9775672912598,320.1120910644531,370.51239318847655,434.76407928466796,2026-02-01
2026-02-01 21:00:00,400.0,252.44705200195312,318.2688903808594,360.6492004394531,424.04869079589844,493.9016052246094,2026-02-01
2026-02-01 22:00:00,307.5,238.78868865966797,321.61633987426757,370.4832458496094,423.8142883300781,525.2397674560547,2026-02-01
2026-02-01 23:00:00,562.5,287.6299507141113,338.561661529541,367.4989013671875,431.3931198120117,505.1083740234375,2026-02-01
2026-02-02 00:00:00,495.0,307.1481689453125,368.6854217529297,399.033203125,433.4218383789063,499.49122619628906,2026-02-02
2026-02-02 01:00:00,480.0,272.0102493286132,370.01269073486327,420.9948425292969,462.40736694335936,538.8329895019531,2026-02-02
2026-02-02 02:00:00,502.5,279.4957740783691,329.77642822265625,381.3163146972656,430.28855895996094,535.6043243408203,2026-02-02
2026-02-02 03:00:00,600.0,279.21879119873046,338.2993362426758,394.51861572265625,431.1634857177734,593.814096069336,2026-02-02
2026-02-02 04:00:00,507.5,306.4315246582031,375.0308441162109,409.683837890625,483.9967071533203,587.7410705566406,2026-02-02
2026-02-02 05:00:00,430.0,252.86734466552736,331.9383239746094,371.024658203125,410.41659088134764,530.8902206420898,2026-02-02
2026-02-02 06:00:00,112.5,259.2461753845215,319.789323425293,379.2023010253906,434.0595642089844,527.0193908691406,2026-02-02
2026-02-02 07:00:00,255.0,280.5971984863281,358.378458404541,415.2640380859375,474.5322570800781,597.4966384887696,2026-02-02
2026-02-02 08:00:00,272.5,282.3013214111328,335.2057647705078,387.9040222167969,435.35310821533204,543.8476852416992,2026-02-02
2026-02-02 09:00:00,-23.221250534057617,253.9863296508789,325.6231971740723,378.7691955566406,445.1796539306641,516.9874206542969,2026-02-02
2026-02-02 10:00:00,-50.0,-44.66544647216797,44.713599395751956,100.66462707519533,177.79224853515626,369.5146606445313,2026-02-02
2026-02-02 11:00:00,277.5,-99.6960189819336,-15.207756805419926,30.174835205078125,87.1546569824219,177.9626190185547,2026-02-02
2026-02-02 12:00:00,12.5,-181.52350769042968,-52.42885818481445,1.32159423828125,80.39751739501953,196.61858673095705,2026-02-02
2026-02-02 13:00:00,-50.0,-154.3338348388672,-91.2393798828125,-16.23956298828125,44.31669311523438,164.92539978027344,2026-02-02
2026-02-02 14:00:00,-50.0,-185.10951080322266,-118.12846374511719,-30.989166259765625,47.591644287109375,190.65975646972657,2026-02-02
2026-02-02 15:00:00,-50.0,-168.220654296875,-74.19492721557617,-12.2967529296875,29.983952331542973,132.4572937011719,2026-02-02
2026-02-02 16:00:00,20.0,138.52242126464841,204.01847381591796,261.1426696777344,313.1329681396484,496.3102142333985,2026-02-02
2026-02-02 17:00:00,458.75,254.6849746704102,333.52679977416994,405.7532348632813,486.89155273437507,657.1680206298829,2026-02-02
2026-02-02 18:00:00,197.5,266.8713104248047,359.9620529174805,419.8944091796875,502.2552444458008,638.4789291381836,2026-02-02
2026-02-02 19:00:00,35.0,255.27127838134766,355.66885604858396,399.7230224609375,494.6890213012695,616.5252029418946,2026-02-02
2026-02-02 20:00:00,10.006750106811523,152.05379943847655,245.63994293212892,307.2051696777344,376.19337768554686,556.2420471191406,2026-02-02
2026-02-02 21:00:00,123.63400268554688,88.51151580810546,177.1311180114746,260.8460388183594,329.0134307861328,664.7556182861329,2026-02-02
2026-02-02 22:00:00,-36.65975189208984,-60.60675811767577,31.780378723144537,115.5693817138672,180.64044189453125,411.55918884277344,2026-02-02
2026-02-02 23:00:00,-50.0,48.69998703002932,137.9079620361328,202.85806274414065,269.66790161132815,412.18669738769535,2026-02-02
2026-02-03 00:00:00,191.19325256347656,79.70779266357422,118.83429565429688,143.32452392578125,156.7860855102539,186.47369842529298,2026-02-03
2026-02-03 01:00:00,245.0,38.740953063964845,72.7321990966797,101.89999389648438,123.96409072875977,162.57202529907227,2026-02-03
2026-02-03 02:00:00,170.0,-1.6706085205078125,39.17136840820312,65.94090270996094,91.05349960327148,146.15700073242186,2026-02-03
2026-02-03 03:00:00,165.0,-22.27527542114258,32.41540756225586,66.91009521484375,81.92654495239258,193.32041397094727,2026-02-03
2026-02-03 04:00:00,197.5,-19.756610107421878,24.637370300292968,53.69245910644531,82.20501556396485,151.36101226806642,2026-02-03
2026-02-03 05:00:00,225.0,-39.72745666503907,7.751058959960936,38.45570373535156,76.483203125,172.75801696777344,2026-02-03
2026-02-03 06:00:00,186.9812469482422,-51.703187561035165,-8.52156219482422,37.22590637207031,80.64557800292968,164.8330825805664,2026-02-03
2026-02-03 07:00:00,42.65549850463867,-11.533464813232428,27.661840057373045,56.00929260253906,102.33870697021484,195.5785682678223,2026-02-03
2026-02-03 08:00:00,-48.74325180053711,-77.87347412109375,-38.322747802734376,-5.37249755859375,25.24087142944336,173.9941818237305,2026-02-03
2026-02-03 09:00:00,-50.0,-112.26364822387696,-65.29292068481445,-27.38079833984375,8.964350891113284,129.81512069702148,2026-02-03
2026-02-03 10:00:00,-50.0,-112.6987533569336,-65.32615966796875,-27.415802001953125,-1.0535583496093786,54.846746826171895,2026-02-03
2026-02-03 11:00:00,-50.0,9.648248291015626,50.027549743652344,68.0701904296875,106.61263275146484,205.83172760009765,2026-02-03
2026-02-03 12:00:00,-50.0,-143.37640380859375,-96.14116668701172,-49.55096435546875,-22.337287139892577,37.26621398925782,2026-02-03
2026-02-03 13:00:00,-50.0,-125.08235168457031,-76.80486907958985,-33.365325927734375,-0.11811523437499716,89.23154907226562,2026-02-03
2026-02-03 14:00:00,-50.0,-98.02870025634766,-54.76642150878906,-25.87240600585937,15.452921295166018,167.7139877319336,2026-02-03
2026-02-03 15:00:00,-50.0,-129.77176208496093,-66.80426788330078,-28.222686767578125,26.838983917236327,89.10507659912109,2026-02-03
2026-02-03 16:00:00,-50.0,-68.4461784362793,-19.00459823608399,23.71054077148437,106.93400192260742,175.1575065612793,2026-02-03
2026-02-03 17:00:00,-22.77775001525879,55.46080703735352,94.92063522338867,155.6558380126953,197.95324935913087,271.7299995422363,2026-02-03
2026-02-03 18:00:00,27.833499908447266,24.289663696289054,87.77632369995116,134.61236572265625,194.51185913085936,322.1819320678711,2026-02-03
2026-02-03 19:00:00,60.0,-56.288757324218736,-12.291349029541003,48.7147216796875,114.37074890136721,211.18755950927735,2026-02-03
2026-02-03 20:00:00,151.2532501220703,-35.064394378662115,20.11620330810547,50.12309265136719,114.65853500366211,388.88747482299806,2026-02-03
2026-02-03 21:00:00,184.65550231933597,-68.38244323730468,-17.072253417968753,31.943084716796875,81.93847885131837,213.55774536132813,2026-02-03
2026-02-03 22:00:00,125.0,-60.77353973388672,-15.190344238281252,16.353271484375,82.73435516357422,157.32182769775392,2026-02-03
2026-02-03 23:00:00,125.0,-109.44554290771485,-44.013746643066405,-5.18310546875,68.40255126953126,252.42681579589845,2026-02-03
2026-02-04 00:00:00,155.0,-6.745429229736331,11.656842041015626,27.85162353515625,42.313394165039064,89.53695831298825,2026-02-04
2026-02-04 01:00:00,205.0,-4.519158935546876,26.790489196777344,48.73204040527344,79.81244506835938,154.56930618286134,2026-02-04
2026-02-04 02:00:00,257.5,49.54045486450195,99.45947341918945,126.96340942382812,149.95511627197266,214.83812484741213,2026-02-04
2026-02-04 03:00:00,102.5,-4.485783386230466,39.61325531005859,75.32106018066406,110.6082878112793,197.30489807128907,2026-02-04
2026-02-04 04:00:00,-50.0,-47.426639556884766,-5.471363067626953,26.06121826171875,65.62741470336914,160.26109085083007,2026-02-04
2026-02-04 05:00:00,-50.0,-127.39053802490234,-80.37482833862305,-36.061370849609375,11.144450378417972,87.42122192382813,2026-02-04
2026-02-04 06:00:00,-50.0,-107.80482406616211,-63.49437408447265,-33.62396240234375,-5.117668151855469,107.99868545532226,2026-02-04
2026-02-04 07:00:00,-50.0,-117.25008010864258,-66.37488021850587,-37.536407470703125,9.18946914672852,82.0255973815918,2026-02-04
2026-02-04 08:00:00,-50.0,-111.8503890991211,-65.47566986083984,-42.354736328125,-13.356659698486329,67.06759490966797,2026-02-04
2026-02-04 09:00:00,-50.0,-102.37518920898438,-63.929193115234376,-37.93218994140625,-0.5268463134765611,63.27364501953126,2026-02-04
2026-02-04 10:00:00,-50.0,-114.65765991210938,-75.67191925048829,-43.73794555664063,-14.2594711303711,90.55008544921873,2026-02-04
2026-02-04 11:00:00,-50.0,-114.11476135253906,-55.63434448242188,-25.051483154296875,7.1026153564453125,58.75591506958007,2026-02-04
2026-02-04 12:00:00,-50.0,-111.20820922851563,-78.988330078125,-46.87518310546875,-10.892136383056638,110.09040069580078,2026-02-04
2026-02-04 13:00:00,-50.0,-118.88624420166016,-84.6210678100586,-46.4918212890625,-15.754993438720696,79.0109375,2026-02-04
2026-02-04 14:00:00,-50.0,-109.30847091674805,-62.31608657836914,-42.145263671875,10.34136962890625,109.93185043334961,2026-02-04
2026-02-04 15:00:00,-50.0,-134.6558578491211,-84.2079849243164,-33.386810302734375,3.7942955017090014,106.69928283691408,2026-02-04
2026-02-04 16:00:00,-50.0,-118.55472946166992,-74.22172317504884,-37.1640625,7.480866241455082,152.00531234741212,2026-02-04
2026-02-04 17:00:00,27.0,-73.7439079284668,-23.456600189208984,32.374237060546875,80.76993942260742,155.72940902709962,2026-02-04
2026-02-04 18:00:00,131.333251953125,151.55362319946292,208.8868476867676,255.60716247558597,299.49102706909184,437.6183540344239,2026-02-04
2026-02-04 19:00:00,25.10650062561035,116.54421386718752,174.5446929931641,242.63150024414065,323.2397689819336,483.69219360351565,2026-02-04
2026-02-04 20:00:00,55.09149932861328,139.71993713378907,191.31665725708007,237.3398895263672,306.70179748535156,369.6317321777344,2026-02-04
2026-02-04 21:00:00,83.56575012207031,171.8325958251953,222.45282363891602,261.296875,330.70160217285155,446.6732406616211,2026-02-04
2026-02-04 22:00:00,24.95249938964844,188.45107727050777,239.44085769653316,293.0062866210937,334.64365997314445,452.4403198242187,2026-02-04
2026-02-04 23:00:00,194.1000061035156,196.76902389526367,232.8182632446289,267.423095703125,303.52932662963866,444.82226791381834,2026-02-04
2026-02-05 00:00:00,365.0,354.52718963623045,381.15194473266604,395.8963317871094,410.3917205810547,443.6457015991211,2026-02-05
2026-02-05 01:00:00,232.5,310.20323181152344,348.4737213134766,366.767578125,393.6337440490723,440.1987533569336,2026-02-05
2026-02-05 02:00:00,330.0,287.98707580566406,319.0213172912598,355.0595703125,382.01696395874023,442.3949600219727,2026-02-05
2026-02-05 03:00:00,287.5,313.83063354492185,359.49553298950195,380.2339782714844,418.4855026245117,508.2358383178711,2026-02-05
2026-02-05 04:00:00,292.5,273.4317543029785,353.65983428955076,381.2893371582031,423.86522445678713,495.1462242126465,2026-02-05
2026-02-05 05:00:00,325.0,301.41951446533204,344.548583984375,368.1282653808594,400.65698394775393,470.0220916748047,2026-02-05
2026-02-05 06:00:00,327.5,335.6468017578125,382.62089385986326,410.6486511230469,440.6768196105957,515.8036178588867,2026-02-05
2026-02-05 07:00:00,476.0,381.088663482666,425.02422561645506,453.98681640625,479.87033767700194,548.9729270935059,2026-02-05
2026-02-05 08:00:00,558.5,297.83728408813477,334.12023696899416,367.7344665527344,394.1412803649902,469.71550369262695,2026-02-05
2026-02-05 09:00:00,394.47650146484375,204.59152450561524,241.01147689819337,265.24658203125,297.6422630310059,386.7029319763184,2026-02-05
2026-02-05 10:00:00,189.4620056152344,-28.30048751831055,0.5809898376464808,28.33578491210937,62.40140838623047,132.95988540649412,2026-02-05
2026-02-05 11:00:00,142.1875,25.915736389160173,74.82776184082033,102.2827606201172,146.84586181640626,222.61216735839844,2026-02-05
2026-02-05 12:00:00,-50.0,-80.56506271362305,-41.070943450927736,-21.724822998046875,10.935408782958987,107.65475692749024,2026-02-05
2026-02-05 13:00:00,-50.0,-107.69237976074218,-62.388511657714844,-28.995086669921875,-4.96375045776367,103.45133361816409,2026-02-05
2026-02-05 14:00:00,-50.0,-91.82249984741212,-55.80227127075195,-20.2578125,8.410276031494135,93.24001388549804,2026-02-05
2026-02-05 15:00:00,-50.0,-119.52574310302735,-65.3259017944336,-19.74188232421875,8.91703262329101,92.00022583007815,2026-02-05
2026-02-05 16:00:00,700.0,50.15536727905271,101.20807876586912,124.5517120361328,167.98931884765625,233.0334831237793,2026-02-05
2026-02-05 17:00:00,665.25,370.9279815673828,417.5215896606445,444.854736328125,481.32628326416017,575.6016815185546,2026-02-05
2026-02-05 18:00:00,627.0,590.6100059509278,636.6432838439941,680.1743774414062,716.7576072692871,797.4582710266113,2026-02-05
2026-02-05 19:00:00,712.75,483.5178787231445,532.069051361084,560.493408203125,609.2483428955078,702.3330429077148,2026-02-05
2026-02-05 20:00:00,412.1292419433594,525.6850891113281,574.9365989685059,618.2303466796875,655.3164413452148,752.708592224121,2026-02-05
2026-02-05 21:00:00,534.2857666015625,579.8048088073731,619.4606536865234,670.033935546875,712.7999824523926,797.7171028137207,2026-02-05
2026-02-05 22:00:00,500.0,300.12525100708007,346.0077964782715,391.26177978515625,450.64304122924807,503.3726234436035,2026-02-05
2026-02-05 23:00:00,487.5,331.3332145690918,370.96946945190433,419.06591796875,480.74074020385746,554.8105369567871,2026-02-05
2026-02-06 00:00:00,477.5,348.79573211669924,366.39651641845705,384.91412353515625,409.54886322021486,441.55809326171874,2026-02-06
2026-02-06 01:00:00,430.0,345.71399078369143,383.7756713867187,408.122802734375,432.31119537353516,465.25402984619143,2026-02-06
2026-02-06 02:00:00,500.0,335.42945251464846,390.74837493896484,416.2781982421875,443.6025695800781,544.422152709961,2026-02-06
2026-02-06 03:00:00,590.6875,313.4049766540528,390.11339416503915,426.3442993164063,462.201010131836,529.1818237304688,2026-02-06
2026-02-06 04:00:00,793.5,257.88495483398435,352.92821502685547,383.26702880859375,418.76925201416014,487.9793014526367,2026-02-06
2026-02-06 05:00:00,751.9614868164062,207.2606620788574,332.1625579833984,373.03326416015625,401.1424575805664,482.8305999755859,2026-02-06
2026-02-06 06:00:00,425.0,257.4725471496582,302.9528694152832,376.2100830078125,414.1879653930664,468.66268463134764,2026-02-06
2026-02-06 07:00:00,537.5,253.2292526245117,332.2596443176269,401.03070068359375,431.02911682128905,520.7056243896484,2026-02-06
2026-02-06 08:00:00,436.5352478027344,187.08497924804686,278.9052558898926,363.44921875,409.41697692871094,490.2128509521484,2026-02-06
2026-02-06 09:00:00,367.35101318359375,208.4827697753906,282.7301124572754,345.2939758300781,417.29501953125003,526.1885238647461,2026-02-06
2026-02-06 10:00:00,195.0,220.03398895263672,281.59413452148436,323.8216247558594,386.25977020263673,498.5258850097656,2026-02-06
2026-02-06 11:00:00,393.7027587890625,229.98681564331054,281.62864837646487,330.7976989746094,409.74658584594727,499.3817985534668,2026-02-06
2026-02-06 12:00:00,380.8664855957031,235.09848022460938,298.70923080444334,332.62548828125,406.3645553588867,475.2641998291016,2026-02-06
2026-02-06 13:00:00,233.6202545166016,125.85254516601562,178.7399528503418,210.8847198486328,272.05931396484374,388.8541442871094,2026-02-06
2026-02-06 14:00:00,186.2875061035156,98.15339965820313,146.25727767944335,193.0596466064453,249.38808898925782,320.2652587890625,2026-02-06
2026-02-06 15:00:00,-37.5,143.47890472412112,201.62357940673832,254.5852203369141,338.865284729004,440.74982757568364,2026-02-06
2026-02-06 16:00:00,-50.0,171.9929992675781,229.8030303955078,303.352294921875,359.2566513061523,426.99457397460935,2026-02-06
2026-02-06 17:00:00,135.93374633789062,227.45132904052736,299.36432418823244,337.461181640625,394.27398376464845,508.1437042236328,2026-02-06
2026-02-06 18:00:00,64.0,229.60833282470705,285.30161437988284,338.0039367675781,458.1049514770508,536.7241867065429,2026-02-06
2026-02-06 19:00:00,60.98199844360352,114.23211517333985,231.8990264892578,318.3376159667969,368.8836242675781,483.73700561523435,2026-02-06
2026-02-06 20:00:00,60.0,119.40849761962883,197.03914871215812,278.1112670898437,326.2415328979492,496.66554718017574,2026-02-06
2026-02-06 21:00:00,91.0,130.89648818969727,214.50022735595704,276.834716796875,341.9406997680664,455.3176834106446,2026-02-06
2026-02-06 22:00:00,170.0,75.8427619934082,166.7557258605957,228.6647491455078,298.16884765625,432.5524047851562,2026-02-06
2026-02-06 23:00:00,107.5,105.27072601318358,188.97748260498048,265.6185607910156,316.5355361938477,470.7318649291992,2026-02-06
2026-02-07 00:00:00,20.0,64.37680206298828,81.96736907958984,93.23556518554688,104.64593124389648,129.83769149780272,2026-02-07
2026-02-07 01:00:00,-50.0,9.465815734863288,27.76218566894532,40.29409790039063,56.96040573120118,91.6979461669922,2026-02-07
2026-02-07 02:00:00,97.5,-15.550428009033205,16.535706329345707,37.29142761230469,59.89485015869141,102.28336563110352,2026-02-07
2026-02-07 03:00:00,-50.0,-76.45628890991212,-24.32675247192383,3.6337890625,28.780883026123046,109.16612930297855,2026-02-07
2026-02-07 04:00:00,120.0,-88.26877136230469,-32.783165740966794,-1.00823974609375,27.63594665527344,83.01096801757812,2026-02-07
2026-02-07 05:00:00,0.0,-97.19325561523438,-45.90461959838867,-11.6708984375,39.645745849609376,99.40377655029297,2026-02-07
2026-02-07 06:00:00,50.0,-88.91866531372071,-45.13888931274414,-14.461456298828123,22.30398178100586,102.79910507202152,2026-02-07
2026-02-07 07:00:00,140.0,-99.60556182861329,-59.606195068359376,-28.31158447265625,2.329573059082005,104.35274963378907,2026-02-07
2026-02-07 08:00:00,-50.0,-115.8395835876465,-59.34162902832032,-36.28778076171875,-10.888159179687506,87.7356346130371,2026-02-07
2026-02-07 09:00:00,-50.0,-118.6526969909668,-71.50804214477539,-37.171722412109375,12.28315811157227,97.45623245239261,2026-02-07
2026-02-07 10:00:00,-50.0,-119.06153793334961,-69.64616012573242,-40.427093505859375,-0.727358245849608,76.8715217590332,2026-02-07
2026-02-07 11:00:00,-50.0,-103.46203918457032,-71.34876861572266,-26.549530029296875,12.231947326660155,66.58184814453125,2026-02-07
2026-02-07 12:00:00,-50.0,-138.97711944580078,-70.56312561035156,-36.541351318359375,3.7700958251953125,84.61727600097656,2026-02-07
2026-02-07 13:00:00,-50.0,-108.24822998046875,-63.248532104492185,-34.90350341796875,5.865963745117192,105.65077209472656,2026-02-07
2026-02-07 14:00:00,-50.0,-133.5408058166504,-67.94635696411133,-32.60992431640625,-7.8262786865234375,87.44285354614259,2026-02-07
2026-02-07 15:00:00,-50.0,-106.53383789062501,-65.84527130126953,-33.529083251953125,9.94878158569336,116.77115020751955,2026-02-07
2026-02-07 16:00:00,-50.0,-130.2761283874512,-72.65730743408204,-33.91680908203125,-6.906241607666015,92.44484024047851,2026-02-07
2026-02-07 17:00:00,289.8699951171875,119.56632614135737,158.31910171508784,198.04788208007807,226.93402175903316,347.89442825317377,2026-02-07
2026-02-07 18:00:00,310.0,193.06733627319335,245.52429275512696,308.9145202636719,365.17197036743164,445.48136978149415,2026-02-07
2026-02-07 19:00:00,302.5,223.4443878173828,270.076887512207,302.1561279296875,351.0868850708008,425.4075134277344,2026-02-07
2026-02-07 20:00:00,305.0,161.0785873413086,230.50572662353517,267.728271484375,334.6205627441406,418.5385864257813,2026-02-07
2026-02-07 21:00:00,330.0,204.12584762573243,249.92213668823243,286.2376708984375,358.7610664367676,413.8210273742676,2026-02-07
2026-02-07 22:00:00,325.0,164.42995300292966,227.08947982788087,276.2819519042969,321.60118713378904,398.08638305664067,2026-02-07
2026-02-07 23:00:00,265.0,176.678857421875,235.4171371459961,283.8306579589844,341.45201263427737,406.2966995239258,2026-02-07
2026-02-08 00:00:00,175.0,242.62216186523438,276.93775177001953,287.41424560546875,305.384822845459,337.070622253418,2026-02-08
2026-02-08 01:00:00,287.5,228.13771591186523,256.02279510498045,279.9283447265625,301.84048690795896,351.0827476501465,2026-02-08
2026-02-08 02:00:00,330.0,223.89740295410158,259.42464752197264,289.7698059082031,323.0646148681641,375.63916625976566,2026-02-08
2026-02-08 03:00:00,270.0,174.8775924682617,238.4241485595703,278.34393310546875,319.15196228027344,358.00184326171876,2026-02-08
2026-02-08 04:00:00,135.0,152.28522338867185,215.32428665161132,247.54676818847656,290.41329193115234,336.6623413085938,2026-02-08
2026-02-08 05:00:00,210.0,116.31954956054688,173.45074920654298,199.92633056640625,248.16269683837888,310.5366409301758,2026-02-08
2026-02-08 06:00:00,245.0,64.17133407592773,122.1418685913086,155.37091064453125,195.51000289916993,281.54877243041994,2026-02-08
2026-02-08 07:00:00,180.0,112.67455139160158,165.93449172973635,194.2291412353516,231.0126449584961,312.1109725952149,2026-02-08
2026-02-08 08:00:00,-50.0,-2.592662811279297,65.54054107666015,98.88307189941406,151.45644912719726,226.74005661010744,2026-02-08
2026-02-08 09:00:00,-50.0,-84.39886093139648,-38.91641006469727,-6.115814208984375,21.942279052734374,111.73505630493165,2026-02-08
2026-02-08 10:00:00,-50.0,-115.11533279418946,-69.31594009399414,-31.0086669921875,-6.671505737304692,86.09757766723634,2026-02-08
2026-02-08 11:00:00,-50.0,-104.10812759399414,-44.80484848022461,-22.347564697265625,8.343779754638671,91.06264572143554,2026-02-08
2026-02-08 12:00:00,-50.0,-99.46839065551758,-54.122032928466794,-22.11117553710937,6.3040077209472685,91.3618766784668,2026-02-08
2026-02-08 13:00:00,-50.0,-111.61477508544922,-56.35019378662109,-25.401885986328125,24.91882019042969,94.42129821777344,2026-02-08
2026-02-08 14:00:00,-50.0,-100.31181411743164,-57.91106948852539,-27.826568603515625,8.371267700195311,85.3095329284668,2026-02-08
2026-02-08 15:00:00,-50.0,-99.3529167175293,-70.82445755004883,-28.44842529296875,10.841471862792972,116.29917373657227,2026-02-08
2026-02-08 16:00:00,-49.47174835205078,-66.99942169189454,-32.46760711669922,-0.366119384765625,55.53282623291017,117.20923461914066,2026-02-08
2026-02-08 17:00:00,288.0,98.35920028686526,154.18258743286134,191.8321228027344,259.6695610046387,336.6024909973145,2026-02-08
2026-02-08 18:00:00,-29.5,165.93686065673825,218.56439361572262,253.8070373535156,313.68278656005856,390.4589141845703,2026-02-08
2026-02-08 19:00:00,24.0,9.624943542480466,64.53089675903321,136.22950744628906,187.80680236816409,231.3250900268555,2026-02-08
2026-02-08 20:00:00,42.0,-67.91706542968748,-14.03016967773435,20.54803466796875,75.64203948974611,121.24529876708988,2026-02-08
2026-02-08 21:00:00,24.75,-78.97029495239258,-14.28128433227539,35.399200439453125,77.89697494506837,166.8530403137207,2026-02-08
2026-02-08 22:00:00,12.25,-73.75259399414062,-32.747353363037114,6.266876220703125,70.92879180908203,128.3859832763672,2026-02-08
2026-02-08 23:00:00,-37.5,-138.02253341674805,-75.68702087402346,-17.82952880859375,50.69134140014647,115.87002639770509,2026-02-08
2026-02-09 00:00:00,32.04425048828125,-52.824415588378905,-27.18509979248047,-11.76190185546875,2.083453369140626,24.8988639831543,2026-02-09
2026-02-09 01:00:00,20.0575008392334,-59.41433563232422,-35.70224151611329,-18.124267578125,0.7430068969726555,30.747293853759764,2026-02-09
2026-02-09 02:00:00,-50.0,-56.699301147460936,-26.42852020263672,-6.6400146484375,16.19169692993164,59.97990493774414,2026-02-09
2026-02-09 03:00:00,-50.0,-66.16058959960938,-33.38941650390625,-8.936981201171875,14.888313293457031,53.16088333129883,2026-02-09
2026-02-09 04:00:00,-50.0,-60.85954055786133,-28.66281509399414,-8.628662109375,10.905310821533202,67.14849243164063,2026-02-09
2026-02-09 05:00:00,-50.0,-92.13850708007813,-49.280181884765625,-24.83917236328125,5.089590454101565,90.22047729492188,2026-02-09
2026-02-09 06:00:00,-50.0,-77.91252288818359,-44.58075866699219,-28.415008544921875,-8.091242218017577,63.16807327270509,2026-02-09
2026-02-09 07:00:00,5.791749954223633,-69.71423797607422,-36.65146026611328,1.27978515625,24.548848724365236,71.65452270507812,2026-02-09
2026-02-09 08:00:00,54.10699844360352,-62.531552124023435,-10.997900390625002,6.807037353515625,29.76281204223633,71.29631652832032,2026-02-09
2026-02-09 09:00:00,-50.0,-80.17216339111329,-47.949180603027344,-23.72412109375,-4.374361419677733,41.83921585083009,2026-02-09
2026-02-09 10:00:00,-50.0,-89.7516830444336,-43.69353485107422,-31.258453369140625,-13.648248291015623,28.80714645385742,2026-02-09
2026-02-09 11:00:00,0.0,-69.8788833618164,-47.917762756347656,-25.328155517578125,-2.345217132568358,48.05759124755859,2026-02-09
2026-02-09 12:00:00,35.0,-74.79297943115235,-45.15930938720703,-30.3656005859375,-15.69081878662109,10.784604644775392,2026-02-09
2026-02-09 13:00:00,-37.5,-79.5986068725586,-49.95967712402344,-27.27886962890625,-4.809569549560546,52.47710037231445,2026-02-09
2026-02-09 14:00:00,-50.0,-67.96419525146484,-41.06599731445313,-26.515594482421875,19.16807098388673,124.2220458984375,2026-02-09
2026-02-09 15:00:00,-50.0,-79.84098281860352,-53.479521942138675,-27.194793701171875,-7.61399154663086,72.67321548461915,2026-02-09
2026-02-09 16:00:00,222.5,-87.9885269165039,-53.50545043945313,-24.277862548828125,5.955194091796876,61.48839111328125,2026-02-09
2026-02-09 17:00:00,207.5,-92.17662506103515,-35.376443481445314,-1.317535400390625,51.93760528564453,122.19043579101563,2026-02-09
2026-02-09 18:00:00,-49.605751037597656,-95.46192932128906,-46.60149154663086,-5.63043212890625,30.00424499511719,124.5452651977539,2026-02-09
2026-02-09 19:00:00,-49.25,-65.96083984375001,-14.144489288330082,21.61947631835937,66.9698715209961,164.858659362793,2026-02-09
2026-02-09 20:00:00,-48.01300048828125,-52.55390777587891,-19.74384307861328,17.362548828125,67.17703247070312,162.44641876220703,2026-02-09
2026-02-09 21:00:00,-50.0,-56.54903259277344,-0.15910110473632955,28.6708984375,70.09420318603516,126.80038299560547,2026-02-09
2026-02-09 22:00:00,-49.260501861572266,-87.89735107421875,-28.95284423828125,3.147064208984375,33.84451293945314,103.66349334716797,2026-02-09
2026-02-09 23:00:00,-50.0,-85.66784820556641,-38.565737915039065,-9.44403076171875,22.265629577636734,122.10057678222657,2026-02-09
2026-02-10 00:00:00,245.09625244140625,3.1230484008789006,21.101693725585932,25.90829467773437,31.829170227050778,51.44951629638672,2026-02-10
2026-02-10 01:00:00,257.5,123.29925689697265,137.0056625366211,143.5690460205078,153.29742584228515,176.9662887573242,2026-02-10
2026-02-10 02:00:00,102.5,143.29043426513672,157.30408630371093,167.4239501953125,178.85229949951173,208.57118225097656,2026-02-10
2026-02-10 03:00:00,200.0,166.3267471313477,184.97605285644534,193.96597290039065,206.3586334228516,222.44397735595706,2026-02-10
2026-02-10 04:00:00,110.03150177001952,114.45964202880859,136.18713836669923,149.03953552246094,156.4186538696289,212.0600112915039,2026-02-10
2026-02-10 05:00:00,182.8757476806641,118.55610504150391,135.81293487548828,145.7152557373047,157.84786987304688,203.65442428588867,2026-02-10
2026-02-10 06:00:00,141.6165008544922,168.96760101318355,189.2312103271484,199.62738037109372,210.31207885742185,239.54110183715818,2026-02-10
2026-02-10 07:00:00,216.15475463867188,203.42289123535156,222.20721893310548,234.03884887695312,250.64063262939453,281.2892333984375,2026-02-10
2026-02-10 08:00:00,152.1540069580078,203.77294311523437,230.03529357910156,244.46652221679688,254.9361083984375,337.9713256835937,2026-02-10
2026-02-10 09:00:00,1.0577499866485596,150.1889678955078,175.1260513305664,185.55796813964844,198.20455017089844,232.30915451049805,2026-02-10
2026-02-10 10:00:00,-50.0,-55.03267059326172,-28.47510375976563,-18.252655029296875,-7.295193481445311,38.901485443115234,2026-02-10
2026-02-10 11:00:00,-50.0,-63.30621032714844,-38.573733520507815,-24.242095947265625,-12.521482849121094,35.744484710693364,2026-02-10
2026-02-10 12:00:00,-50.0,-80.29712371826173,-46.717645263671876,-30.62152099609375,-15.798780822753907,59.355709838867185,2026-02-10
2026-02-10 13:00:00,-50.0,-80.98327941894532,-42.84193420410156,-31.75,-19.565983581542966,16.83241500854492,2026-02-10
2026-02-10 14:00:00,-50.0,-69.23259735107422,-47.641152954101564,-31.668487548828125,-12.585276794433593,117.81614837646484,2026-02-10
2026-02-10 15:00:00,262.9327392578125,-59.349873352050786,-38.34519500732422,-21.3026123046875,-4.303363800048828,131.07661895751954,2026-02-10
2026-02-10 16:00:00,563.4555053710938,164.81934356689453,194.59910430908204,212.31427001953125,231.85628356933594,394.6063888549805,2026-02-10
2026-02-10 17:00:00,602.1957397460938,324.4016311645508,353.35530242919924,367.34228515625,386.15264358520506,526.5952774047852,2026-02-10
2026-02-10 18:00:00,405.0,354.95885772705077,373.8812286376953,386.7218017578125,405.79453430175784,534.4885192871094,2026-02-10
2026-02-10 19:00:00,355.0,301.82593231201173,321.8862533569336,337.1617126464844,367.2991539001465,506.5235961914062,2026-02-10
2026-02-10 20:00:00,187.5,239.87493438720702,286.25586090087893,302.8187255859375,324.1868865966797,454.93539733886723,2026-02-10
2026-02-10 21:00:00,247.89149475097656,246.82762298583984,278.0504516601562,289.913818359375,316.77230072021484,497.82473602294925,2026-02-10
2026-02-10 22:00:00,215.7227478027344,204.94906311035152,231.73975982666013,250.5317230224609,265.06463699340816,407.55221099853514,2026-02-10
2026-02-10 23:00:00,82.5,106.4824234008789,137.34076690673828,155.34193420410156,177.91096954345704,353.00907592773444,2026-02-10
2026-02-11 00:00:00,250.0,209.55685195922848,231.7927680969238,249.3539123535156,264.26805877685547,299.44182510375975,2026-02-11
2026-02-11 01:00:00,-25.0,36.917127990722655,64.79585571289063,92.73878479003906,111.4436882019043,166.83801803588867,2026-02-11
2026-02-11 02:00:00,115.0,-43.147053527832036,-5.557290649414064,19.179718017578125,67.82842178344727,188.83694152832035,2026-02-11
2026-02-11 03:00:00,75.0,-87.52624816894532,-41.64054412841797,-1.04931640625,50.61485290527344,146.5644714355469,2026-02-11
2026-02-11 04:00:00,-49.00650024414063,-85.44339904785157,-45.95425109863282,0.30865478515625,45.70208892822266,113.25894317626954,2026-02-11
2026-02-11 05:00:00,-50.0,-97.77253417968748,-53.11490936279296,-7.424652099609375,64.86284637451173,129.27971191406255,2026-02-11
2026-02-11 06:00:00,-50.0,-89.44705047607422,-54.346047973632814,-18.524932861328125,25.60409851074219,133.12218322753907,2026-02-11
2026-02-11 07:00:00,-50.0,-87.3539665222168,-50.84892501831054,-20.209930419921875,22.7857032775879,128.32917404174805,2026-02-11
2026-02-11 08:00:00,-50.0,-113.7105323791504,-53.38454971313477,-19.981353759765625,5.160301971435548,85.44715194702148,2026-02-11
2026-02-11 09:00:00,-50.0,-102.93245315551758,-65.43104782104493,-32.62445068359375,-7.769517517089838,129.92609481811525,2026-02-11
2026-02-11 10:00:00,-50.0,-101.37271652221679,-62.38664627075195,-41.00762939453125,-14.994400787353516,100.70422744750977,2026-02-11
2026-02-11 11:00:00,-50.0,-107.94162902832032,-56.78681335449219,-34.48602294921875,-20.709284210205077,25.35282592773438,2026-02-11
2026-02-11 12:00:00,-50.0,-106.84502258300782,-60.41627807617188,-32.980010986328125,-5.857128906250001,108.61087951660153,2026-02-11
2026-02-11 13:00:00,-50.0,-76.92088470458984,-51.17928619384766,-33.7830810546875,-6.6332550048828125,47.163236999511724,2026-02-11
2026-02-11 14:00:00,-50.0,-94.87268829345703,-59.34541625976563,-30.1087646484375,2.6799041748046832,115.25691833496097,2026-02-11
2026-02-11 15:00:00,-50.0,-95.77629852294922,-51.14705963134766,-23.88897705078125,12.577186584472656,181.90604248046876,2026-02-11
2026-02-11 16:00:00,-50.0,-128.44430084228514,-77.71994323730469,-24.90814208984375,43.535212707519534,166.20590209960938,2026-02-11
2026-02-11 17:00:00,-7.0,110.49412994384765,165.84418487548828,203.0804901123047,292.2981811523438,436.4720123291016,2026-02-11
2026-02-11 18:00:00,22.75,147.6720230102539,207.56856384277344,268.2055969238281,344.40271759033203,451.1564285278321,2026-02-11
2026-02-11 19:00:00,129.5,167.08448867797853,211.44574356079102,266.2164001464844,339.94842224121095,433.4758575439453,2026-02-11
2026-02-11 20:00:00,54.75,124.9547103881836,172.08400497436523,230.7696533203125,286.99839477539064,387.41160736083987,2026-02-11
2026-02-11 21:00:00,129.5,122.50062866210938,169.27713851928712,216.7603302001953,296.3458679199219,390.3500274658203,2026-02-11
2026-02-11 22:00:00,233.09625244140625,118.51997909545898,150.32404632568358,192.0245361328125,275.3607307434082,354.36362228393557,2026-02-11
2026-02-11 23:00:00,240.0,65.67495651245117,109.31629791259766,131.3311004638672,210.0655616760254,289.54186782836916,2026-02-11
2026-02-12 00:00:00,260.0,232.42837142944336,260.88977279663084,277.8961486816406,292.34152908325194,342.91015548706054,2026-02-12
2026-02-12 01:00:00,260.0,221.2960266113281,247.27070693969725,268.1181640625,290.5594284057617,344.3624160766601,2026-02-12
2026-02-12 02:00:00,262.5,189.97501220703123,226.3051856994629,267.8167724609375,299.30887603759766,385.2405288696289,2026-02-12
2026-02-12 03:00:00,305.0,183.83895263671874,239.8253288269043,274.1492614746094,305.4447647094727,378.5066345214844,2026-02-12
2026-02-12 04:00:00,260.0,151.72898559570308,206.12121124267574,244.18783569335935,284.51802825927734,396.5598709106445,2026-02-12
2026-02-12 05:00:00,2.5,80.58763275146487,113.71441955566408,161.83895874023438,210.61505584716798,303.8570663452149,2026-02-12
2026-02-12 06:00:00,198.156005859375,12.750852203369135,35.92511749267578,76.95390319824219,143.03825302124022,223.86175765991212,2026-02-12
2026-02-12 07:00:00,214.062255859375,-47.90992736816408,6.4455352783203,40.88775634765625,101.77198181152343,204.25098114013673,2026-02-12
2026-02-12 08:00:00,24.97450065612793,-89.51497879028321,-14.476853942871095,15.18731689453125,53.203287506103514,169.27939224243167,2026-02-12
2026-02-12 09:00:00,-37.445499420166016,-113.20635833740235,-62.281568908691405,-7.608917236328125,27.098143005371085,129.70149383544924,2026-02-12
2026-02-12 10:00:00,-50.0,-125.06935424804688,-65.29032592773439,-31.550323486328125,45.20162048339844,142.360009765625,2026-02-12
2026-02-12 11:00:00,-50.0,-53.21537551879884,14.884821319580077,41.23829650878906,82.12430114746095,166.3882911682129,2026-02-12
2026-02-12 12:00:00,-50.0,-110.2117401123047,-65.02754058837891,-19.487548828125,35.34873046875,106.22782287597659,2026-02-12
2026-02-12 13:00:00,-50.0,-106.79929580688477,-56.56751022338867,-17.12725830078125,8.311302947998048,104.67928085327151,2026-02-12
2026-02-12 14:00:00,-50.0,-126.74480895996093,-68.99271011352539,-23.010498046875,41.82692413330078,117.13382263183595,2026-02-12
2026-02-12 15:00:00,-50.0,-110.17337799072266,-62.7905876159668,-24.82244873046875,40.80094909667969,167.4020523071289,2026-02-12
2026-02-12 16:00:00,342.25,-141.61936645507814,-70.1408462524414,-30.08050537109375,47.465571594238284,188.37237091064455,2026-02-12
2026-02-12 17:00:00,429.4557495117188,-91.40360260009766,-29.301803588867188,23.8944091796875,106.47698974609375,253.03155822753908,2026-02-12
2026-02-12 18:00:00,113.5,158.9876281738281,195.51881713867186,256.6971740722656,335.47371978759764,521.27470703125,2026-02-12
2026-02-12 19:00:00,88.25,107.52917633056641,154.34316329956056,205.1832275390625,261.7555526733399,327.9512969970703,2026-02-12
2026-02-12 20:00:00,-49.5,147.75107574462888,201.90849609374996,242.8871154785156,302.7023712158203,372.88207397460934,2026-02-12
2026-02-12 21:00:00,25.25,178.0931854248047,219.88588485717773,249.6779022216797,326.7987945556641,436.6180480957031,2026-02-12
2026-02-12 22:00:00,14.25,154.5670539855957,193.45760498046874,231.82977294921875,309.65418167114257,400.5129554748535,2026-02-12
2026-02-12 23:00:00,162.78924560546875,143.15656433105468,186.86859588623048,229.80279541015625,298.88076171875,467.6563461303711,2026-02-12
2026-02-13 00:00:00,100.38574981689452,-4.622480010986322,19.905472564697263,33.980682373046875,64.49291534423828,120.0001708984375,2026-02-13
2026-02-13 01:00:00,262.5,-41.893767547607425,18.24320907592773,58.01542663574219,99.07724685668946,171.95208816528321,2026-02-13
2026-02-13 02:00:00,165.0,-10.94104614257813,23.309202575683592,67.03669738769531,112.71720428466797,158.49303131103517,2026-02-13
2026-02-13 03:00:00,65.0,-30.708860778808592,19.71125106811524,56.39474487304688,111.12771148681642,148.00859527587892,2026-02-13
2026-02-13 04:00:00,62.91849899291992,-90.57252807617185,-37.20873947143552,13.84686279296875,55.57481842041018,135.04789733886722,2026-02-13
2026-02-13 05:00:00,-48.5,-90.27825317382813,-36.41113967895508,7.639923095703125,60.90139465332029,136.85010070800783,2026-02-13
2026-02-13 06:00:00,-52.089500427246094,-88.73135375976562,-47.64920196533203,-7.452301025390625,30.9724365234375,110.76888427734376,2026-02-13
2026-02-13 07:00:00,-17.344499588012695,-89.56527404785156,-53.059339904785155,-16.81103515625,44.756004333496094,151.70608215332032,2026-02-13
2026-02-13 08:00:00,-50.0,-108.0935287475586,-57.87342987060546,-27.30673217773437,11.42728424072266,121.52784271240236,2026-02-13
2026-02-13 09:00:00,-50.0,-103.3599838256836,-65.13996276855468,-30.096954345703125,2.6212989807128935,102.54169921875001,2026-02-13
2026-02-13 10:00:00,-50.0,-101.16231613159181,-64.40692367553712,-40.52603149414063,-8.745063018798835,115.18665084838867,2026-02-13
2026-02-13 11:00:00,-50.0,-90.0715545654297,-54.5754150390625,-40.286376953125,-18.833394622802732,83.71372680664062,2026-02-13
2026-02-13 12:00:00,-50.0,-95.30520324707032,-64.59119262695313,-38.02438354492188,-14.72597961425782,72.0377227783203,2026-02-13
2026-02-13 13:00:00,-50.0,-102.64741134643555,-60.14145889282227,-35.005859375,0.05548248291015767,135.58170700073242,2026-02-13
2026-02-13 14:00:00,-50.0,-98.59460830688477,-64.35367050170899,-30.55157470703125,-6.739772796630859,71.9601020812988,2026-02-13
2026-02-13 15:00:00,-50.0,-108.33980026245118,-53.71151275634766,-24.99472045898437,6.141522216796872,136.54980697631837,2026-02-13
2026-02-13 16:00:00,-50.0,-89.97236785888673,-50.819889068603516,-11.39019775390625,30.413501739501953,149.97444915771484,2026-02-13
2026-02-13 17:00:00,-48.69525146484375,-47.47500915527344,-4.148144531250004,35.3690185546875,79.0696792602539,182.83418884277344,2026-02-13
2026-02-13 18:00:00,-26.132999420166016,140.58984222412107,172.20628356933594,220.89727783203125,295.63295593261716,364.488037109375,2026-02-13
2026-02-13 19:00:00,11.484999656677246,105.69318313598633,149.03367767333984,183.88699340820312,247.9685905456543,350.13310623168945,2026-02-13
2026-02-13 20:00:00,8.925000190734863,61.306264495849604,108.04708938598633,144.76429748535156,173.82322463989257,246.56921005249023,2026-02-13
2026-02-13 21:00:00,181.10174560546875,116.89636001586913,152.06091842651367,176.6868896484375,223.878572845459,287.3680961608887,2026-02-13
2026-02-13 22:00:00,13.243000030517578,7.228964233398415,47.24950714111326,99.69146728515624,154.33637847900388,268.52040405273436,2026-02-13
2026-02-13 23:00:00,32.07500076293945,-50.33721084594727,-17.71547927856445,21.7763671875,50.61654281616211,170.04648513793947,2026-02-13
2026-02-14 00:00:00,-49.49325180053711,8.945030975341798,26.000000762939454,33.48162841796875,41.65858764648438,76.03273468017579,2026-02-14
2026-02-14 01:00:00,-50.0,29.609046173095702,49.79892349243164,58.17555236816406,71.18413391113282,92.21808395385742,2026-02-14
2026-02-14 02:00:00,-50.0,45.04155731201172,71.22602844238281,84.10804748535156,101.71475067138672,200.28264465332032,2026-02-14
2026-02-14 03:00:00,-50.0,106.82870330810547,127.36024169921875,140.85787963867188,161.87087326049806,299.4764114379883,2026-02-14
2026-02-14 04:00:00,-37.5,25.714126586914062,51.453294372558595,67.43649291992188,80.58310394287109,142.27257232666017,2026-02-14
2026-02-14 05:00:00,45.0,70.94015960693358,93.97695159912108,103.6173858642578,118.23876037597655,170.14376373291014,2026-02-14
2026-02-14 06:00:00,-12.5,63.64145202636718,78.3863540649414,90.91970825195312,101.17397613525391,218.54237518310543,2026-02-14
2026-02-14 07:00:00,-50.0,2.6474990844726562,23.686248779296875,34.976348876953125,46.47970733642578,76.32528991699219,2026-02-14
2026-02-14 08:00:00,-50.0,-38.35860748291015,-19.51158905029297,-11.838531494140623,0.30846099853515696,45.88680877685547,2026-02-14
2026-02-14 09:00:00,-50.0,-45.64685974121094,-30.7468994140625,-20.38580322265625,-10.558670043945312,2.14990234375,2026-02-14
2026-02-14 10:00:00,-50.0,-43.41387481689453,-32.21588134765625,-26.697174072265625,-22.354978942871092,-4.364056396484372,2026-02-14
2026-02-14 11:00:00,-50.0,-56.61688385009766,-34.18096160888672,-27.0498046875,-20.199925231933594,-3.211134338378905,2026-02-14
2026-02-14 12:00:00,-50.0,-44.63331756591797,-27.636616516113282,-18.50537109375,-11.342257690429687,12.742108154296876,2026-02-14
2026-02-14 13:00:00,-50.0,-36.113153076171876,-21.27567749023438,-14.894378662109377,-9.983860778808594,2.3138778686523427,2026-02-14
2026-02-14 14:00:00,-50.0,-46.57097625732422,-30.542761230468756,-19.6358642578125,-10.639256286621093,2.1382278442382834,2026-02-14
2026-02-14 15:00:00,-50.0,-45.194941711425784,-29.17164306640625,-20.651580810546875,-12.29345703125,16.92329559326172,2026-02-14
2026-02-14 16:00:00,-50.0,-53.1997055053711,-32.897726440429686,-21.316680908203125,-9.077581787109375,105.98783569335937,2026-02-14
2026-02-14 17:00:00,-50.0,-59.50797729492188,-24.94178924560547,-13.784912109375,-2.7098144531250004,40.791210937500004,2026-02-14
2026-02-14 18:00:00,-46.479251861572266,-41.25303497314453,-9.421714782714844,1.755706787109375,22.333696746826174,131.00191955566407,2026-02-14
2026-02-14 19:00:00,-12.49625015258789,-29.728237915039067,1.8283004760742205,13.234100341796877,25.37643051147461,79.93022384643555,2026-02-14
2026-02-14 20:00:00,-50.0,-38.742431640625,1.5904113769531243,16.80389404296875,43.54943008422852,141.69904022216798,2026-02-14
2026-02-14 21:00:00,-50.0,-17.849385833740236,14.95514450073242,31.0233154296875,45.99112319946289,170.9863410949707,2026-02-14
2026-02-14 22:00:00,-50.0,-28.472660827636723,-3.3889099121093746,8.81695556640625,23.85096969604492,97.6752426147461,2026-02-14
2026-02-14 23:00:00,-50.0,-33.93761978149414,-6.986151885986327,10.83367919921875,27.797647857666018,157.7878273010254,2026-02-14
2026-02-15 00:00:00,212.5,140.51175842285156,147.5656951904297,151.0942840576172,153.79806060791014,163.79913482666015,2026-02-15
2026-02-15 01:00:00,195.0,156.03278045654298,165.6614730834961,171.1362762451172,177.22406158447265,194.49768676757813,2026-02-15
2026-02-15 02:00:00,272.5,218.89422149658202,223.99344329833986,233.4977569580078,240.23027496337892,256.28385467529296,2026-02-15
2026-02-15 03:00:00,290.0,261.66714630126955,281.93760833740237,290.2732238769531,296.4309371948242,312.42178497314455,2026-02-15
2026-02-15 04:00:00,292.5,284.31398925781247,293.7554061889648,299.5516967773437,307.70334625244135,331.95309066772455,2026-02-15
2026-02-15 05:00:00,280.0,280.23634185791013,291.27366027832034,296.0920715332031,303.936213684082,316.998779296875,2026-02-15
2026-02-15 06:00:00,142.5,273.6184600830078,285.1693481445312,291.68621826171875,298.43790740966796,313.44624786376954,2026-02-15
2026-02-15 07:00:00,175.0,270.0357955932617,283.00806732177733,286.79034423828125,291.33202362060547,303.4329147338867,2026-02-15
2026-02-15 08:00:00,-50.0,144.76027221679686,158.25692138671874,162.1761016845703,167.24236450195312,178.32846221923828,2026-02-15
2026-02-15 09:00:00,-50.0,-27.06705780029296,-12.349813842773434,-6.06829833984375,-1.3685394287109345,8.576683044433597,2026-02-15
2026-02-15 10:00:00,-50.0,-34.84869384765624,-23.247172546386718,-16.17852783203125,-10.125816345214844,14.998309326171874,2026-02-15
2026-02-15 11:00:00,-50.0,-33.83091583251953,-25.35663909912109,-21.28094482421875,-16.566162109375,1.9324249267578146,2026-02-15
2026-02-15 12:00:00,-50.0,-32.13387603759766,-22.761508178710937,-17.835540771484375,-12.724179077148438,-2.489796447753905,2026-02-15
2026-02-15 13:00:00,-50.0,-30.597434997558594,-19.80724029541016,-13.755462646484377,-5.291004943847657,8.121063232421873,2026-02-15
2026-02-15 14:00:00,-50.0,-26.300311279296878,-18.39617004394531,-11.640869140625,-6.3053039550781245,11.622186279296876,2026-02-15
2026-02-15 15:00:00,-50.0,-25.439056396484375,-16.462429809570313,-10.633880615234377,-2.7459854125976575,5.9148941040039045,2026-02-15
2026-02-15 16:00:00,-25.0,-13.685839843750001,3.8508804321289043,11.501251220703123,17.14024505615234,48.445196533203124,2026-02-15
2026-02-15 17:00:00,342.5,359.16849822998046,375.3739501953125,385.1860046386719,393.63869323730466,422.94634399414065,2026-02-15
2026-02-15 18:00:00,370.0,485.2453018188477,507.7178497314453,520.0861206054688,529.8216415405274,547.1319404602051,2026-02-15
2026-02-15 19:00:00,317.5,444.0417724609376,467.5137329101563,480.4215698242188,491.389454650879,532.4941902160645,2026-02-15
2026-02-15 20:00:00,290.0,393.21824951171874,410.7753219604492,419.7039794921875,429.8414764404297,467.0118774414062,2026-02-15
2026-02-15 21:00:00,300.0,519.7316986083985,540.6506698608398,548.908447265625,563.695166015625,594.8127937316895,2026-02-15
2026-02-15 22:00:00,322.5,694.1753509521484,716.1710372924805,732.255859375,750.4389122009277,880.3591705322266,2026-02-15
2026-02-15 23:00:00,435.0,391.5572875976562,405.2873962402344,418.2510986328125,433.6637222290039,487.70937728881836,2026-02-15
2026-02-16 00:00:00,340.0,384.07355346679685,418.5885314941406,436.2366943359375,453.5001159667969,483.7112548828125,2026-02-16
2026-02-16 01:00:00,340.0,348.6949966430665,399.07099151611334,416.8308715820313,442.74899291992193,495.0355377197266,2026-02-16
2026-02-16 02:00:00,340.0,303.2163223266602,351.3740676879883,383.4928588867188,417.3333038330079,477.33785400390633,2026-02-16
2026-02-16 03:00:00,340.0,302.04883270263673,370.8900848388672,409.008056640625,433.75050354003906,500.6322616577148,2026-02-16
2026-02-16 04:00:00,340.0,281.3639533996582,343.34956512451174,387.2262268066406,427.928938293457,476.31404571533204,2026-02-16
2026-02-16 05:00:00,340.0,186.3944282531738,287.257730102539,330.0751037597656,362.57814178466793,429.83022155761716,2026-02-16
2026-02-16 06:00:00,340.0,196.2834274291992,282.7490707397461,332.4254150390625,353.2134292602539,460.23668975830077,2026-02-16
2026-02-16 07:00:00,332.5,237.7210968017578,290.51286163330076,333.3721618652344,411.9106475830078,498.56941680908204,2026-02-16
2026-02-16 08:00:00,130.0,198.54254989624025,239.36296615600588,274.4302062988281,310.50730285644534,447.3731178283691,2026-02-16
2026-02-16 09:00:00,-50.0,78.12666702270508,118.67289886474609,137.1832275390625,162.78652877807616,267.4100730895996,2026-02-16
2026-02-16 10:00:00,-50.0,-20.832578277587892,24.679288482666013,41.70567321777344,77.01875305175781,185.8429267883301,2026-02-16
2026-02-16 11:00:00,62.5,81.43231582641602,113.55478744506836,141.07362365722656,158.37069091796874,252.22725601196288,2026-02-16
2026-02-16 12:00:00,-25.0,32.9643669128418,68.9098747253418,90.13340759277344,116.00248870849609,202.9975700378418,2026-02-16
2026-02-16 13:00:00,-50.0,-35.43956451416017,-2.5355392456054737,21.47177124023437,49.41588821411132,137.74339141845704,2026-02-16
2026-02-16 14:00:00,-50.0,-4.9602882385253935,35.61238632202148,58.8775634765625,96.5154327392578,232.45849227905276,2026-02-16
2026-02-16 15:00:00,-50.0,61.256941986083994,91.23580245971681,123.64520263671876,165.1220314025879,298.4852607727051,2026-02-16
2026-02-16 16:00:00,110.0,151.8134826660156,195.0249359130859,222.62591552734372,292.06151428222654,417.9146545410156,2026-02-16
2026-02-16 17:00:00,257.5,238.33797912597657,266.9680549621582,308.643310546875,393.1298080444336,488.88988494873047,2026-02-16
2026-02-16 18:00:00,295.0,253.3129295349121,292.10385513305664,320.1406555175781,408.70039596557615,512.5165000915528,2026-02-16
2026-02-16 19:00:00,280.0,223.9261672973633,271.35176315307615,330.08160400390625,374.20056228637696,443.9674949645996,2026-02-16
2026-02-16 20:00:00,257.5,278.0171600341797,320.22256088256836,353.75341796875,408.1048156738281,471.19765014648436,2026-02-16
2026-02-16 21:00:00,265.0,335.49327545166017,383.0319343566895,427.42388916015625,492.54139404296876,585.4900146484375,2026-02-16
2026-02-16 22:00:00,275.0,267.7063522338867,306.46814346313477,351.51123046875,406.37078018188475,467.6618843078613,2026-02-16
2026-02-16 23:00:00,315.0,238.61402969360353,284.1316711425781,323.6609191894531,404.0718116760254,470.0144721984864,2026-02-16
2026-02-17 00:00:00,215.0,215.22906799316405,243.45662536621094,255.2496795654297,267.89161987304686,300.64623107910154,2026-02-17
2026-02-17 01:00:00,242.5,174.3882209777832,221.60791931152343,236.992431640625,253.93024597167968,281.70583953857425,2026-02-17
2026-02-17 02:00:00,265.0,211.2654769897461,251.37064208984376,268.9565124511719,288.8248748779297,318.6418655395508,2026-02-17
2026-02-17 03:00:00,-12.5,179.74468231201172,229.08582000732423,257.73944091796875,283.91185455322267,335.38412017822264,2026-02-17
2026-02-17 04:00:00,12.5,176.10582885742187,224.92190246582032,240.52438354492188,263.7724838256836,301.03029479980466,2026-02-17
2026-02-17 05:00:00,-37.5,122.4046875,208.64822845458986,228.22000122070312,247.59514617919922,305.47425384521483,2026-02-17
2026-02-17 06:00:00,-50.0,78.55158462524413,137.04243850708008,184.2996826171875,200.68947143554686,243.95196990966798,2026-02-17
2026-02-17 07:00:00,-50.0,-16.88963699340819,33.97740554809572,103.6897430419922,133.8984375,189.20259704589847,2026-02-17
2026-02-17 08:00:00,-50.0,-89.8752830505371,-36.97332534790039,-4.97418212890625,33.57988510131836,111.342578125,2026-02-17
2026-02-17 09:00:00,-50.0,-73.99031295776368,-44.8269401550293,-16.81329345703125,9.673480224609374,124.58929138183595,2026-02-17
2026-02-17 10:00:00,-50.0,-80.29086227416992,-61.253519439697264,-25.14642333984375,3.242825317382813,91.33800201416015,2026-02-17
2026-02-17 11:00:00,-50.0,-64.83869628906251,-37.27436981201172,-19.26861572265625,4.851531219482421,32.33275299072266,2026-02-17
2026-02-17 12:00:00,-50.0,-47.92102127075195,-34.81812210083008,-16.9796142578125,-6.498650360107423,31.644981384277344,2026-02-17
2026-02-17 13:00:00,-50.0,-76.31890258789063,-43.66786499023438,-27.6669921875,-7.3800918579101555,54.00589981079102,2026-02-17
2026-02-17 14:00:00,-50.0,-78.73219909667968,-51.28224029541016,-22.44696044921875,-3.1691474914550746,109.23012161254883,2026-02-17
2026-02-17 15:00:00,-50.0,-83.68937149047852,-42.23113021850586,-21.5699462890625,7.242873382568355,119.1898284912109,2026-02-17
2026-02-17 16:00:00,-50.0,-77.58418350219728,-48.31947555541993,-25.331085205078125,36.40331726074219,144.30054016113283,2026-02-17
2026-02-17 17:00:00,-50.0,-114.89153060913087,-67.7246078491211,-16.30487060546875,48.886723327636716,133.66497650146485,2026-02-17
2026-02-17 18:00:00,-50.0,57.07941818237305,109.59162902832031,148.5019073486328,201.00850830078124,274.54925842285155,2026-02-17
2026-02-17 19:00:00,-50.0,25.59286193847656,85.41113891601563,145.1623992919922,173.50679626464844,232.44782867431644,2026-02-17
2026-02-17 20:00:00,-50.0,29.95471267700195,75.22255249023436,115.91017150878906,144.97687149047852,210.00952072143554,2026-02-17
2026-02-17 21:00:00,-50.0,-6.138522338867176,30.377519226074227,73.52908325195312,122.9371276855469,172.67739868164062,2026-02-17
2026-02-17 22:00:00,-50.0,-69.5331527709961,-24.61956024169922,28.77392578125,58.66334381103516,132.77966766357423,2026-02-17
2026-02-17 23:00:00,-50.0,-68.1295555114746,-16.746231079101562,23.7110595703125,59.85480194091797,101.98351135253907,2026-02-17
2026-02-18 00:00:00,-50.0,71.33162536621094,73.47798309326171,75.04258728027344,76.46392974853515,81.53607025146485,2026-02-18
2026-02-18 01:00:00,-50.0,104.71874084472657,111.1729751586914,113.22084045410156,115.57850646972656,135.6869338989258,2026-02-18
2026-02-18 02:00:00,-50.0,210.51012725830083,215.22021331787113,217.68814086914065,221.30731201171878,240.6201095581055,2026-02-18
2026-02-18 03:00:00,-50.0,244.48087463378903,250.05127258300777,253.8251037597656,256.01518707275386,287.514404296875,2026-02-18
2026-02-18 04:00:00,-50.0,221.62714538574218,228.21947784423827,231.8523406982422,238.20747833251954,402.9388854980469,2026-02-18
2026-02-18 05:00:00,12.5,226.83297576904297,235.59536895751953,239.57421875,244.2339599609375,377.92823486328126,2026-02-18
2026-02-18 06:00:00,0.0,228.4811782836914,233.60049133300782,237.73709106445312,241.2792205810547,270.19812698364257,2026-02-18
2026-02-18 07:00:00,-50.0,102.11084747314453,107.90506439208984,113.35171508789062,120.33882751464844,271.8515258789063,2026-02-18
2026-02-18 08:00:00,-50.0,-30.403567504882815,-20.02552490234375,-16.648712158203125,-11.619720458984375,129.30682678222658,2026-02-18
2026-02-18 09:00:00,-50.0,-38.32454986572265,-30.935131835937494,-27.26278686523437,-20.87094116210937,109.35543060302734,2026-02-18
2026-02-18 10:00:00,-50.0,-45.49135284423828,-35.89541320800781,-30.831512451171875,-24.998857116699217,152.69785919189454,2026-02-18
2026-02-18 11:00:00,-50.0,-37.66921997070312,-26.31289978027343,-23.55892944335937,-17.901643371582026,17.739350891113286,2026-02-18
2026-02-18 12:00:00,-50.0,-27.103982543945314,-19.53209533691406,-12.87237548828125,-6.758827209472656,146.46934509277344,2026-02-18
2026-02-18 13:00:00,-50.0,-38.39736785888672,-26.55450439453125,-23.138580322265625,-18.74451599121094,125.26612701416016,2026-02-18
2026-02-18 14:00:00,-50.0,-41.40902862548828,-34.21666412353515,-29.108612060546875,-24.60401153564453,181.56378784179688,2026-02-18
2026-02-18 15:00:00,-50.0,-39.069708251953124,-29.098269653320312,-24.763641357421875,-19.770382690429688,-8.953381347656249,2026-02-18
2026-02-18 16:00:00,-50.0,-31.536650085449217,-22.035769653320315,-17.047454833984375,-10.290245056152344,125.1319320678711,2026-02-18
2026-02-18 17:00:00,-50.0,-21.850567626953126,-9.953981018066408,-3.29010009765625,7.916510772705079,160.8924575805664,2026-02-18
2026-02-18 18:00:00,-50.0,133.6881103515625,147.56289520263672,158.29212951660156,210.60949096679687,337.0072784423828,2026-02-18
2026-02-18 19:00:00,-50.34600067138672,43.7066879272461,54.967427062988286,61.87319946289063,85.24138717651368,303.33033447265626,2026-02-18
2026-02-18 20:00:00,-50.0,-44.42456207275391,-27.202435302734376,-19.71783447265625,-2.3856796264648423,184.96170196533203,2026-02-18
2026-02-18 21:00:00,-50.0,-45.89314270019531,-28.666978454589845,-23.09857177734375,-8.949011993408202,157.36507873535157,2026-02-18
2026-02-18 22:00:00,-50.0,-48.69190063476563,-36.268890380859375,-27.753662109375,-2.516315460205078,154.34631958007816,2026-02-18
2026-02-18 23:00:00,-50.0,-46.41846466064453,-36.252993774414065,-26.847076416015625,3.5769363403320327,259.45265197753906,2026-02-18
2026-02-19 00:00:00,-50.0,-17.75404510498047,-14.054412841796873,-12.703643798828123,-11.773609924316407,-3.1630203247070288,2026-02-19
2026-02-19 01:00:00,-50.0,-23.264083862304684,-18.32674560546875,-16.56805419921875,-15.300259399414063,-10.506800842285152,2026-02-19
2026-02-19 02:00:00,-50.0,-23.260462951660156,-20.468067932128907,-18.8358154296875,-17.049740600585938,-14.296058654785156,2026-02-19
2026-02-19 03:00:00,-50.0,-21.534112548828126,-19.267056274414063,-17.595458984375,-16.543984985351564,-11.664997863769532,2026-02-19
2026-02-19 04:00:00,-50.0,-20.64549255371094,-18.738829040527342,-17.438446044921875,-16.22993621826172,-12.132269287109374,2026-02-19
2026-02-19 05:00:00,-50.0,-24.74725494384765,-20.290898132324212,-18.96200561523437,-17.440522766113276,-13.155278015136712,2026-02-19
2026-02-19 06:00:00,-50.0,-26.04160919189453,-21.748426818847655,-20.789031982421875,-19.540243530273436,-15.246772766113281,2026-02-19
2026-02-19 07:00:00,-50.0,-22.559895324707032,-20.477725219726562,-19.5947265625,-18.17386474609375,-12.756053161621093,2026-02-19
2026-02-19 08:00:00,-50.0,-28.453387451171874,-26.586878967285156,-25.16204833984375,-24.268255615234374,-21.052763366699217,2026-02-19
2026-02-19 09:00:00,-50.0,-24.87101593017578,-21.914938354492186,-20.68548583984375,-19.14856719970703,-16.25353240966797,2026-02-19
2026-02-19 10:00:00,-50.0,-22.2361328125,-20.91992950439453,-19.71575927734375,-18.480690002441406,-16.22008819580078,2026-02-19
2026-02-19 11:00:00,-50.0,-26.82465667724609,-24.632678222656246,-23.561676025390625,-22.399226379394527,-20.27383880615234,2026-02-19
2026-02-19 12:00:00,-50.0,-30.988984680175783,-27.754898071289062,-26.129608154296875,-25.196690368652344,-22.352536010742188,2026-02-19
2026-02-19 13:00:00,-50.0,-28.419740295410154,-26.584391784667964,-24.88201904296875,-23.130482482910153,-18.555322265624998,2026-02-19
2026-02-19 14:00:00,-50.0,-27.760041809082033,-24.750474548339845,-23.3387451171875,-21.898945617675782,-18.87730712890625,2026-02-19
2026-02-19 15:00:00,-50.0,-26.643952941894533,-21.483592224121093,-19.71722412109375,-17.698252868652343,-9.231584167480468,2026-02-19
2026-02-19 16:00:00,-50.0,-21.57355651855469,-17.751673889160152,-16.62017822265625,-13.221337890625,-9.65940551757812,2026-02-19
2026-02-19 17:00:00,-50.0,-8.909684753417972,-5.163113403320313,-2.82244873046875,-0.5482925415039062,126.15609588623047,2026-02-19
2026-02-19 18:00:00,-50.08649826049805,1.1015914916992182,4.44095458984375,6.760223388671875,8.771833801269532,13.989776611328125,2026-02-19
2026-02-19 19:00:00,-51.21200180053711,-10.463168334960933,-6.746260070800778,-4.009552001953125,-1.449105834960934,138.99213409423828,2026-02-19
2026-02-19 20:00:00,-50.0,-22.522514343261722,-17.14136962890625,-14.6025390625,-11.974746704101562,-6.7075782775878885,2026-02-19
2026-02-19 21:00:00,-50.0,-27.379228210449217,-23.567631530761716,-20.20077514648437,-16.953134155273435,-1.406875610351559,2026-02-19
2026-02-19 22:00:00,-50.0,-24.005757141113286,-17.97394714355469,-14.950042724609377,-12.61250915527344,-2.9994926452636737,2026-02-19
2026-02-19 23:00:00,-50.0,-16.1970947265625,-11.544343566894534,-7.885498046875,-4.95577392578125,5.664839935302735,2026-02-19
2026-02-20 00:00:00,-50.0,-0.5734832763671875,0.37272796630859373,0.892669677734375,1.4284454345703126,3.4144714355468753,2026-02-20
2026-02-20 01:00:00,-50.0,-8.53494873046875,-7.3689422607421875,-6.740386962890625,-6.102287292480469,-3.7417373657226562,2026-02-20
2026-02-20 02:00:00,-50.0,-11.967521667480469,-9.455621337890625,-8.545074462890625,-7.5832763671875,121.04827880859375,2026-02-20
2026-02-20 03:00:00,-50.0,-4.413227844238282,-2.163832092285156,-1.32391357421875,-0.7216567993164062,1.5081146240234378,2026-02-20
2026-02-20 04:00:00,-50.0,4.621080017089843,6.794862365722656,7.6588134765625,8.59298095703125,11.1151123046875,2026-02-20
2026-02-20 05:00:00,-50.0,0.1350006103515624,2.2488800048828126,3.11083984375,4.297006225585937,11.511872100830079,2026-02-20
2026-02-20 06:00:00,-50.0,-1.6283737182617188,-0.1600234985351563,0.7279052734375,1.473052978515625,4.474716949462891,2026-02-20
2026-02-20 07:00:00,-50.0,-18.778900146484375,-16.940489196777342,-16.2479248046875,-15.165414428710937,-4.6423110961914045,2026-02-20
2026-02-20 08:00:00,-50.0,-29.879548645019533,-27.879034423828124,-26.842803955078125,-26.043411254882812,-23.518601989746095,2026-02-20
2026-02-20 09:00:00,-50.0,-23.968975830078126,-22.34246368408203,-21.203826904296875,-19.946730041503905,132.62483749389648,2026-02-20
2026-02-20 10:00:00,-50.0,-21.602593994140623,-20.21879730224609,-19.48080444335937,-18.374467468261717,-5.7371826171874964,2026-02-20
2026-02-20 11:00:00,-50.0,-25.154917907714843,-22.956814575195313,-22.068817138671875,-20.863754272460938,130.03676528930666,2026-02-20
2026-02-20 12:00:00,-50.0,-28.08525695800781,-26.035304260253906,-24.8192138671875,-23.61243438720703,-18.79658432006836,2026-02-20
2026-02-20 13:00:00,-50.0,-28.59708557128906,-26.295875549316403,-25.33505249023437,-23.72497863769531,97.12430801391602,2026-02-20
2026-02-20 14:00:00,-50.0,-28.719509887695313,-26.55060272216797,-25.812774658203125,-24.649583435058595,139.88496932983395,2026-02-20
2026-02-20 15:00:00,-50.0,-29.255757141113282,-25.355857849121094,-23.888427734375,-21.85321044921875,123.21378860473632,2026-02-20
2026-02-20 16:00:00,-50.0,-25.070648193359375,-21.232862854003905,-19.92327880859375,-17.863438415527344,137.4670295715332,2026-02-20
2026-02-20 17:00:00,-50.0,-11.68043212890625,-9.154936218261719,-7.0684814453125,-5.496063232421875,148.31529769897458,2026-02-20
2026-02-20 18:00:00,-50.0,9.368806457519531,11.337831115722656,13.14495849609375,14.520762634277343,143.92938079833985,2026-02-20
2026-02-20 19:00:00,-50.0,16.45887908935547,18.721142578125,20.721588134765625,22.63230972290039,211.41898269653322,2026-02-20
2026-02-20 20:00:00,-50.0,10.996476745605468,15.022746276855468,16.06036376953125,17.410569763183595,154.92876663208008,2026-02-20
2026-02-20 21:00:00,-50.0,3.3978271484375,6.12298583984375,8.133209228515625,10.528805541992188,255.3285514831543,2026-02-20
2026-02-20 22:00:00,-50.0,19.16075897216797,21.56042022705078,23.316680908203125,26.800926208496094,258.41471633911135,2026-02-20
2026-02-20 23:00:00,-50.0,-3.012797546386719,-0.4686935424804688,1.221649169921875,4.267794036865235,185.3009071350098,2026-02-20
2026-02-21 00:00:00,-50.0,2.115419006347656,3.0732070922851564,3.427886962890625,4.141469573974609,5.352320861816406,2026-02-21
2026-02-21 01:00:00,-50.0,-13.861460113525391,-12.6689697265625,-12.15667724609375,-11.784439849853516,-9.5123779296875,2026-02-21
2026-02-21 02:00:00,-50.0,-21.196054840087882,-20.008741760253898,-19.46737670898437,-18.87024230957031,-17.03315658569335,2026-02-21
2026-02-21 03:00:00,-50.0,-21.200393676757812,-20.19343490600586,-19.64459228515625,-19.177062225341796,94.84487380981446,2026-02-21
2026-02-21 04:00:00,-50.0,-20.940281677246094,-20.138142395019532,-19.702301025390625,-19.226627349853516,-16.525350189208986,2026-02-21
2026-02-21 05:00:00,-50.0,-28.054680633544923,-26.600997161865234,-26.103790283203125,-25.658514404296874,-24.16843185424805,2026-02-21
2026-02-21 06:00:00,-50.0,-33.91759033203125,-33.20104141235352,-32.78753662109375,-32.34459533691407,85.32557067871092,2026-02-21
2026-02-21 07:00:00,-50.0,-39.2298469543457,-38.21793746948242,-37.879180908203125,-37.51670761108399,-36.16181182861328,2026-02-21
2026-02-21 08:00:00,-50.0,-35.52578506469727,-34.80653076171875,-34.331756591796875,-33.86898498535156,-32.05988693237305,2026-02-21
2026-02-21 09:00:00,-50.0,-31.843120574951172,-30.851460266113282,-30.373321533203125,-29.72915191650391,130.94012908935548,2026-02-21
2026-02-21 10:00:00,-50.0,-30.89817886352539,-30.211560821533205,-29.932830810546875,-29.347383117675783,92.7947608947754,2026-02-21
2026-02-21 11:00:00,-50.0,-34.369405364990236,-33.78224105834961,-33.420440673828125,-32.897422790527344,-31.662312316894536,2026-02-21
2026-02-21 12:00:00,-50.0,-36.44578323364258,-35.81584091186524,-35.314239501953125,-34.84331741333008,-33.00916366577148,2026-02-21
2026-02-21 13:00:00,-50.0,-34.899923706054686,-34.04724044799805,-33.518585205078125,-33.16309509277344,-31.000285339355468,2026-02-21
2026-02-21 14:00:00,-50.0,-34.307909393310545,-32.88031845092773,-32.207000732421875,-31.636226654052734,101.03690338134766,2026-02-21
2026-02-21 15:00:00,-50.0,-32.304910278320314,-31.388190460205074,-30.739715576171875,-30.21849670410156,96.01452331542968,2026-02-21
2026-02-21 16:00:00,-50.0,-28.084017944335937,-26.90243148803711,-26.333648681640625,-25.73531265258789,-22.082413482666016,2026-02-21
2026-02-21 17:00:00,41.75,-32.35431900024414,-31.380147552490236,-30.822021484375,-29.872562408447266,84.78872985839844,2026-02-21
2026-02-21 18:00:00,93.270751953125,-3.9302772521972686,-2.995862579345703,-2.34991455078125,-1.5412452697753904,168.6291633605957,2026-02-21
2026-02-21 19:00:00,163.95199584960938,-19.21974105834961,-18.191427612304686,-17.471466064453125,-16.541542053222656,141.7979919433594,2026-02-21
2026-02-21 20:00:00,243.29849243164065,-11.045191955566406,-9.592009735107421,-8.935638427734375,-7.559779357910156,171.0437484741211,2026-02-21
2026-02-21 21:00:00,249.0865020751953,83.24160156250001,85.2031623840332,86.07052612304688,86.73742370605468,213.78437271118165,2026-02-21
2026-02-21 22:00:00,285.0,162.4460662841797,164.26108322143554,165.25930786132812,166.15739212036132,333.698429107666,2026-02-21
2026-02-21 23:00:00,285.0,160.5990882873535,162.43037872314454,163.26744079589844,164.48711547851562,301.93293991088865,2026-02-21
2026-02-22 00:00:00,-37.5,184.98432006835935,242.97389526367186,253.85821533203125,273.1135681152344,310.09952239990236,2026-02-22
2026-02-22 01:00:00,-50.0,168.4760093688965,215.5045593261719,233.87106323242188,255.51580505371095,282.3972625732422,2026-02-22
2026-02-22 02:00:00,-50.0,131.52420043945312,171.1502243041992,201.733154296875,235.86009521484374,280.3119873046875,2026-02-22
2026-02-22 03:00:00,-50.0,75.93051376342773,151.92657775878905,179.91867065429688,199.0328903198242,241.80500030517578,2026-02-22
2026-02-22 04:00:00,-50.0,38.087928009033206,137.2020553588867,149.99246215820312,179.7253387451172,227.4101089477539,2026-02-22
2026-02-22 05:00:00,-50.0,61.40763397216797,138.77470245361326,163.1834259033203,194.91358947753906,252.7857894897461,2026-02-22
2026-02-22 06:00:00,-50.0,72.79637069702147,131.4238395690918,203.74343872070312,237.58253784179686,304.9626495361328,2026-02-22
2026-02-22 07:00:00,-50.0,68.99286804199217,118.59261360168455,177.53759765625,210.28148345947264,288.97854309082027,2026-02-22
2026-02-22 08:00:00,-50.0,-82.22386627197265,-54.70045700073241,-11.31182861328125,49.51300201416016,150.68183364868165,2026-02-22
2026-02-22 09:00:00,-50.0,-80.45090103149414,-50.22282257080079,-27.011993408203125,5.0854190826416,101.05770034790038,2026-02-22
2026-02-22 10:00:00,-50.0,-73.00847396850585,-46.93116073608398,-18.99334716796875,-0.15345611572265483,96.79577407836915,2026-02-22
2026-02-22 11:00:00,-50.0,-64.93507385253906,-36.877193450927734,-16.70330810546875,3.2969932556152344,105.34766998291016,2026-02-22
2026-02-22 12:00:00,-50.0,-63.31834335327149,-39.675813293457026,-22.23764038085937,-4.411794281005854,87.043660736084,2026-02-22
2026-02-22 13:00:00,-50.0,-65.88863525390624,-48.44130935668945,-23.54232788085937,10.767305374145511,100.18898162841798,2026-02-22
2026-02-22 14:00:00,-50.0,-63.33446426391602,-43.40710525512695,-23.319091796875,6.733250045776369,129.00194625854493,2026-02-22
2026-02-22 15:00:00,-50.0,-62.40762634277344,-38.672804260253905,-22.81787109375,31.683098602294926,113.3088592529297,2026-02-22
2026-02-22 16:00:00,-50.0,-78.0273208618164,-39.83807525634766,-22.85693359375,58.430001831054696,135.83269348144532,2026-02-22
2026-02-22 17:00:00,127.5,169.46558380126953,189.89924087524415,210.19210815429688,296.52830505371094,379.4061981201172,2026-02-22
2026-02-22 18:00:00,125.7354965209961,276.0976921081543,312.9936065673828,345.9486083984375,433.8092544555664,551.4881889343262,2026-02-22
2026-02-22 19:00:00,97.70475006103516,373.91720657348634,411.8928161621094,483.15338134765625,551.9111373901367,668.3405349731445,2026-02-22
2026-02-22 20:00:00,152.04925537109375,338.1517356872559,381.1067680358887,430.4839477539063,501.6706504821778,575.247682952881,2026-02-22
2026-02-22 21:00:00,225.0,272.49256896972656,341.33841476440426,414.3470764160156,470.0255676269531,583.5620864868164,2026-02-22
2026-02-22 22:00:00,220.0,199.57273330688474,231.85110092163086,319.1487731933594,351.10831756591796,427.91273498535156,2026-02-22
2026-02-22 23:00:00,252.5,217.3336212158203,240.5908264160156,307.5069580078125,367.7202484130859,478.3850784301758,2026-02-22
2026-02-23 00:00:00,100.0,146.89057006835935,214.854642868042,256.17877197265625,290.32334594726564,365.7263473510742,2026-02-23
2026-02-23 01:00:00,222.5,103.71768951416018,158.9378929138184,231.04710388183597,252.41345214843753,320.8894500732422,2026-02-23
2026-02-23 02:00:00,280.0,142.7955307006836,169.9844337463379,237.1150665283203,259.0070625305176,328.82864532470705,2026-02-23
2026-02-23 03:00:00,242.5,161.6348266601562,178.71863555908197,257.8124389648437,281.4819198608398,326.15542678833003,2026-02-23
2026-02-23 04:00:00,25.0,173.4782936096191,192.0805641174316,208.90219116210935,281.66176528930663,342.88318862915037,2026-02-23
2026-02-23 05:00:00,-37.5,83.82621307373049,98.28542251586916,111.20149230957033,178.1434211730957,221.05876541137695,2026-02-23
2026-02-23 06:00:00,122.5,87.25901870727539,97.45944671630859,104.85397338867188,138.85741424560547,235.7832504272461,2026-02-23
2026-02-23 07:00:00,150.0,92.13600387573243,102.77814407348633,107.87840270996094,118.39391860961913,220.35118408203127,2026-02-23
2026-02-23 08:00:00,-37.5,12.593167877197265,21.919104766845702,27.889068603515625,33.52776031494141,134.84503784179688,2026-02-23
2026-02-23 09:00:00,-50.0,-33.23220672607422,-26.247628021240235,-20.79718017578125,-14.278243255615234,69.58773956298829,2026-02-23
2026-02-23 10:00:00,-50.0,-32.372683715820315,-26.13528518676758,-22.95166015625,-18.4020637512207,6.102728271484377,2026-02-23
2026-02-23 11:00:00,-50.0,-39.377821350097655,-31.585369873046876,-27.755645751953125,-24.820826721191402,-18.3399299621582,2026-02-23
2026-02-23 12:00:00,-50.0,-39.45054397583008,-30.455391693115235,-27.288726806640625,-25.178479766845705,23.660345840454106,2026-02-23
2026-02-23 13:00:00,-50.0,-32.72255096435547,-27.322241973876952,-23.925811767578125,-20.987511444091798,1.5764427185058594,2026-02-23
2026-02-23 14:00:00,-50.0,-32.22215957641602,-25.809446716308592,-22.831451416015625,-17.372681427001954,80.40699157714845,2026-02-23
2026-02-23 15:00:00,-50.0,-33.1085205078125,-24.847783660888673,-22.35894775390625,-18.547804260253905,49.5257438659668,2026-02-23
2026-02-23 16:00:00,-50.0,-28.74021453857422,-20.27824935913086,-15.63623046875,0.7115013122558587,132.43739013671876,2026-02-23
2026-02-23 17:00:00,347.5,116.04131927490235,128.06535415649415,132.76153564453125,140.7381591796875,230.2250015258789,2026-02-23
2026-02-23 18:00:00,352.5,256.98561706542966,275.8331298828125,284.2324523925781,317.1665355682373,474.7780158996582,2026-02-23
2026-02-23 19:00:00,270.0,236.47681884765626,252.10607223510743,282.3096923828125,364.22621994018556,428.5888610839844,2026-02-23
2026-02-23 20:00:00,282.5,208.87809524536132,225.71161499023435,310.5423278808594,347.08390579223635,435.8237464904785,2026-02-23
2026-02-23 21:00:00,212.5,236.8382125854492,255.20091247558594,339.2835388183594,369.1493980407715,448.9580955505371,2026-02-23
2026-02-23 22:00:00,197.5,212.2939544677734,226.69708557128902,253.53273010253903,321.9979202270507,389.43028564453124,2026-02-23
2026-02-23 23:00:00,232.5,147.58731231689453,164.91563568115234,181.80877685546875,266.7991004943848,339.4684013366699,2026-02-23
2026-02-24 00:00:00,317.5,238.76826553344728,277.4161491394043,338.08172607421875,362.81838455200193,419.29212112426757,2026-02-24
2026-02-24 01:00:00,240.0,249.95405044555662,276.55669555664065,358.1023864746094,385.27450103759764,416.1784378051758,2026-02-24
2026-02-24 02:00:00,187.5,293.8793701171875,314.28403701782224,392.4125061035156,421.94694900512695,476.4501777648926,2026-02-24
2026-02-24 03:00:00,275.0,360.0053291320801,374.3890007019043,458.8631591796875,489.8447074890137,586.15228805542,2026-02-24
2026-02-24 04:00:00,280.0,215.99658432006834,233.5637435913086,310.5244140625,344.96139602661134,418.5287467956543,2026-02-24
2026-02-24 05:00:00,175.0,157.47412872314447,172.39595184326166,256.0917358398437,281.38554534912106,367.028450012207,2026-02-24
2026-02-24 06:00:00,-50.0,168.85333328247071,178.8418212890625,195.20700073242188,299.9387603759766,370.5681953430176,2026-02-24
2026-02-24 07:00:00,-50.0,99.05104370117188,104.1835334777832,109.02528381347656,199.54346084594727,333.89291915893557,2026-02-24
2026-02-24 08:00:00,-50.0,-28.25171661376953,-21.488299560546878,-15.723388671875,75.47309799194336,130.36239318847657,2026-02-24
2026-02-24 09:00:00,-50.0,-27.916871643066408,-19.561741638183594,-16.486846923828125,-11.71271743774414,108.4187225341797,2026-02-24
2026-02-24 10:00:00,-50.0,-17.763538360595703,-14.017639923095704,-10.772491455078123,-6.859511566162107,118.66799392700196,2026-02-24
2026-02-24 11:00:00,-50.0,-10.963062286376953,-4.3541404724121096,-1.061187744140625,1.4299415588378905,123.0314208984375,2026-02-24
2026-02-24 12:00:00,-50.0,-13.766098022460938,-8.904002380371093,-6.597381591796875,0.35880432128906303,117.38868026733398,2026-02-24
2026-02-24 13:00:00,-50.0,-19.71345672607422,-15.037098693847659,-12.180145263671877,-1.5473571777343764,108.05597381591797,2026-02-24
2026-02-24 14:00:00,-50.0,-24.859170532226564,-19.216764068603517,-14.80950927734375,-7.208240509033201,121.6419631958008,2026-02-24
2026-02-24 15:00:00,-50.0,-28.203411102294922,-21.715160369873047,-17.564422607421875,-4.944461822509766,126.05532684326172,2026-02-24
2026-02-24 16:00:00,-50.0,-23.107232666015626,-19.398131561279296,-15.67327880859375,-1.427094268798827,237.91284484863283,2026-02-24
2026-02-24 17:00:00,-51.0,-15.497705841064455,-7.894953918457033,-1.6358642578125,103.97557754516602,202.2225814819336,2026-02-24
2026-02-24 18:00:00,68.5,-6.718479919433591,2.22952041625976,95.101806640625,129.5767189025879,208.14408493041992,2026-02-24
2026-02-24 19:00:00,-53.99625015258789,78.20382766723633,85.64275283813477,96.7242431640625,193.07458114624023,259.75007781982424,2026-02-24
2026-02-24 20:00:00,-50.0,-74.78598403930664,-63.502661132812506,27.086700439453125,47.549848937988294,162.77868118286133,2026-02-24
2026-02-24 21:00:00,-50.0,-92.29345932006837,-83.38389053344727,8.634002685546875,44.39829788208008,111.1922203063965,2026-02-24
2026-02-24 22:00:00,-50.0,-109.3954559326172,-97.59721069335937,-2.4664306640625,25.334005737304675,101.02679901123047,2026-02-24
2026-02-24 23:00:00,-50.0,-111.17614135742188,-103.85565567016602,-5.008331298828125,23.30250244140625,134.84479675292968,2026-02-24
2026-02-25 00:00:00,-50.0,-6.256205749511719,-4.807424926757813,-4.28466796875,-3.6254058837890626,-1.1243682861328126,2026-02-25
2026-02-25 01:00:00,-50.0,-9.51485366821289,-8.540064239501953,-8.055450439453125,-7.591024017333984,139.3110763549805,2026-02-25
2026-02-25 02:00:00,-50.0,-10.30523681640625,-9.1491455078125,-8.540283203125,-7.95764389038086,145.71353836059572,2026-02-25
2026-02-25 03:00:00,-50.0,-8.627629852294922,-7.806113433837891,-7.140472412109375,-6.717416381835937,-3.8888832092285157,2026-02-25
2026-02-25 04:00:00,-50.0,-7.155510711669922,-6.153083801269531,-5.481201171875,-4.871830749511722,101.7941680908203,2026-02-25
2026-02-25 05:00:00,-50.0,-1.7563674926757813,-0.8497413635253906,-0.351531982421875,0.2962974548339844,138.04343566894528,2026-02-25
2026-02-25 06:00:00,-36.28324890136719,65.58848876953125,66.19461822509766,66.61669921875,66.95437088012696,67.89071502685547,2026-02-25
2026-02-25 07:00:00,-50.0,35.73607559204102,36.474212646484375,36.8743896484375,37.4653579711914,149.29249343872073,2026-02-25
2026-02-25 08:00:00,47.5,-7.680667114257813,-7.009477996826172,-6.606781005859375,-6.274684906005859,-5.487569427490234,2026-02-25
2026-02-25 09:00:00,-50.0,-22.40346755981445,-21.838275909423828,-21.305816650390625,-20.92282638549805,-17.33424530029297,2026-02-25
2026-02-25 10:00:00,-50.0,-16.589315795898436,-15.522591400146483,-15.115142822265623,-14.815030670166013,-13.65448303222656,2026-02-25
2026-02-25 11:00:00,-50.0,-16.46141128540039,-15.89133071899414,-15.50457763671875,-14.916719818115238,-13.425943756103516,2026-02-25
2026-02-25 12:00:00,-50.0,-18.092449188232425,-17.591891479492187,-17.2744140625,-16.987423706054688,-14.823226928710938,2026-02-25
2026-02-25 13:00:00,-50.0,-17.53665771484375,-16.850362396240236,-16.435882568359375,-15.956816864013671,-15.330637359619141,2026-02-25
2026-02-25 14:00:00,-50.0,-17.01731948852539,-15.98672637939453,-15.338409423828123,-14.807694244384765,-3.190270233154294,2026-02-25
2026-02-25 15:00:00,-50.0,-13.924377441406252,-12.918716430664064,-12.537078857421877,-12.053433227539065,121.3234603881836,2026-02-25
2026-02-25 16:00:00,145.80799865722656,53.81852569580078,54.839080047607425,55.47264099121094,56.014651489257815,87.50851287841797,2026-02-25
2026-02-25 17:00:00,312.5,291.43194580078125,292.20849380493166,292.67449951171875,292.94678192138673,295.9085723876953,2026-02-25
2026-02-25 18:00:00,302.5,338.1068054199219,339.2587837219238,339.7552490234375,340.57625045776365,343.0352241516113,2026-02-25
2026-02-25 19:00:00,280.0,326.11166152954104,327.24451675415037,327.7529296875,328.68633499145506,475.164493560791,2026-02-25
2026-02-25 20:00:00,277.5,287.2691284179688,288.51421585083006,289.066162109375,290.1045623779297,449.35410079956057,2026-02-25
2026-02-25 21:00:00,285.0,362.82319869995115,364.4076812744141,364.9956970214844,366.145093536377,492.3536964416504,2026-02-25
2026-02-25 22:00:00,297.5,366.3448768615723,367.25512847900393,367.831787109375,368.8826019287109,498.68981094360356,2026-02-25
2026-02-25 23:00:00,372.5,347.7179443359375,348.6931526184082,349.1737976074219,350.3901969909668,519.3588043212891,2026-02-25
2026-02-26 00:00:00,400.0,503.0504440307617,519.7591247558594,529.1873168945312,554.7018142700196,586.7845565795899,2026-02-26
2026-02-26 01:00:00,329.4742431640625,627.2937942504883,648.970327758789,667.9340209960938,695.0644836425781,741.7932922363282,2026-02-26
2026-02-26 02:00:00,441.5527648925781,622.684162902832,655.8739700317383,674.5534057617188,699.9181869506835,762.1078628540039,2026-02-26
2026-02-26 03:00:00,482.3464965820313,398.77674407958983,437.04602508544923,456.9751281738281,496.63358917236326,588.8779861450196,2026-02-26
2026-02-26 04:00:00,326.69073486328125,317.5830337524414,386.1956604003906,424.69927978515625,448.6651306152344,535.5480346679688,2026-02-26
2026-02-26 05:00:00,251.13499450683597,259.86307525634766,342.6640090942383,378.5013427734375,406.8307708740235,504.33481750488284,2026-02-26
2026-02-26 06:00:00,385.7554931640625,221.30930023193355,317.1178131103515,348.1952514648437,396.8637374877929,574.6367401123047,2026-02-26
2026-02-26 07:00:00,286.8955078125,182.88213653564452,242.0953483581543,326.1521911621094,355.23720397949216,515.2565612792969,2026-02-26
2026-02-26 08:00:00,281.75,165.8080467224121,199.48211746215821,290.7913513183594,366.07734832763674,524.270832824707,2026-02-26
2026-02-26 09:00:00,209.73374938964844,154.3937324523925,180.55995254516597,274.8290405273437,320.3124389648437,540.4038299560547,2026-02-26
2026-02-26 10:00:00,390.0,183.75546035766598,200.11950683593747,244.49740600585935,314.91835479736324,403.70372009277344,2026-02-26
2026-02-26 11:00:00,375.0,171.35172958374022,194.20334014892578,227.3602294921875,319.93836364746096,425.0889770507813,2026-02-26
2026-02-26 12:00:00,247.5,111.73279800415033,129.5200889587402,193.88528442382807,267.7202209472656,587.2303009033203,2026-02-26
2026-02-26 13:00:00,197.5,151.6904155731201,169.26507301330565,195.0448455810547,320.4912342071533,484.84398384094237,2026-02-26
2026-02-26 14:00:00,257.5,113.8778579711914,135.8466003417969,206.5988006591797,297.6388214111328,570.8966522216797,2026-02-26
2026-02-26 15:00:00,-13.023500442504885,137.06420707702637,156.125101852417,180.53369140625,287.98395957946775,467.85360679626467,2026-02-26
2026-02-26 16:00:00,193.9057464599609,81.1728675842285,104.54196166992188,209.20870971679688,246.58443145751954,357.0306060791016,2026-02-26
2026-02-26 17:00:00,39.938751220703125,221.58867492675782,234.2567283630371,260.0132751464844,380.91618194580076,530.5839187622071,2026-02-26
2026-02-26 18:00:00,70.9384994506836,210.36549987792966,227.97851333618163,311.8568420410156,357.81694412231445,567.5100364685059,2026-02-26
2026-02-26 19:00:00,-29.25,195.3241310119629,209.58582000732423,293.63250732421875,356.6131301879883,453.1428817749023,2026-02-26
2026-02-26 20:00:00,20.75,217.0501625061035,231.3183334350586,246.51329040527344,346.3782989501953,640.1238945007324,2026-02-26
2026-02-26 21:00:00,129.6792449951172,191.32034645080566,212.71478538513185,251.31874084472656,365.05675926208494,458.96676597595217,2026-02-26
2026-02-26 22:00:00,262.5,151.23598937988282,168.39130554199218,260.9476318359375,326.65074920654297,496.9245803833008,2026-02-26
2026-02-26 23:00:00,147.5,194.45497779846193,209.47074775695802,245.332275390625,348.4407398223877,504.08589057922364,2026-02-26
2026-02-27 00:00:00,63.17300033569336,247.29846725463867,259.43042907714846,267.3486328125,336.569881439209,474.24841690063477,2026-02-27
2026-02-27 01:00:00,-0.7917500138282776,271.60096282958983,283.7070037841797,295.3052978515625,377.6718048095703,443.46974792480466,2026-02-27
2026-02-27 02:00:00,117.5,287.1949012756348,296.9510009765625,306.1073913574219,388.94773864746094,445.41921615600586,2026-02-27
2026-02-27 03:00:00,162.5,212.37483139038085,223.90855331420897,307.8517150878906,324.8756553649902,452.43740310668943,2026-02-27
2026-02-27 04:00:00,152.5,260.3020324707031,269.0993003845215,276.9471435546875,359.1793357849121,433.90239334106445,2026-02-27
2026-02-27 05:00:00,175.0,258.8840476989746,268.1680854797363,273.5054016113281,359.0808364868164,431.9373580932617,2026-02-27
2026-02-27 06:00:00,197.5,299.7971481323242,305.40211181640626,311.0082702636719,386.65926055908204,470.63176269531255,2026-02-27
2026-02-27 07:00:00,209.8637542724609,280.5869995117188,285.6996726989746,290.5790100097656,378.12673110961913,457.49396362304685,2026-02-27
2026-02-27 08:00:00,461.75,220.63287429809571,228.79123916625977,233.946044921875,250.14247436523436,381.0695610046387,2026-02-27
2026-02-27 09:00:00,311.25201416015625,123.13822860717774,127.91247482299805,133.14793395996094,218.86676788330078,259.73362197875974,2026-02-27
2026-02-27 10:00:00,235.95425415039065,97.49630737304688,103.03638305664063,107.63778686523438,190.90977325439454,300.3694786071777,2026-02-27
2026-02-27 11:00:00,440.1784973144531,68.0372314453125,74.52446594238282,79.35411071777344,86.29833526611328,215.10189514160155,2026-02-27
2026-02-27 12:00:00,482.0870056152344,10.625062561035156,18.44135437011719,20.8328857421875,32.61388931274414,155.32024307250978,2026-02-27
2026-02-27 13:00:00,357.2787475585937,-12.738822937011722,-5.148519897460938,-0.77532958984375,30.15799217224121,161.6782684326172,2026-02-27
2026-02-27 14:00:00,326.55926513671875,-21.48220367431641,-16.694979858398437,-12.371337890625,11.890542984008789,123.54194183349611,2026-02-27
2026-02-27 15:00:00,222.0,-29.94522933959961,-23.515762329101562,-18.09112548828125,14.82091293334961,105.5887680053711,2026-02-27
2026-02-27 16:00:00,458.75,-5.141802978515626,-0.029500579833987572,4.716339111328125,66.26942596435546,141.48362045288087,2026-02-27
2026-02-27 17:00:00,518.75,112.6355712890625,119.578271484375,129.95384216308594,233.68494644165042,374.36154098510747,2026-02-27
2026-02-27 18:00:00,62.084251403808594,205.5673858642578,214.48454208374022,219.1590118408203,310.0703552246094,370.44852981567385,2026-02-27
2026-02-27 19:00:00,51.73025131225586,289.49794998168943,295.95316619873046,302.2112121582031,385.10706787109376,447.0389907836914,2026-02-27
2026-02-27 20:00:00,-23.0314998626709,666.6690422058106,678.6598365783691,700.861083984375,795.8597328186036,863.4467102050781,2026-02-27
2026-02-27 21:00:00,156.42274475097656,237.6738067626953,247.4542068481445,329.8620910644531,361.2136039733887,492.2189338684082,2026-02-27
2026-02-27 22:00:00,185.0,99.70811614990234,111.72080078124999,198.9878692626953,231.01776733398435,345.2848770141602,2026-02-27
2026-02-27 23:00:00,137.5,91.37054290771485,102.23977737426758,123.49977111816406,217.90582427978518,298.8147888183594,2026-02-27
2026-02-28 00:00:00,132.5,-16.44872283935547,-4.175257110595702,4.085205078125,72.32592391967773,137.89728088378908,2026-02-28
2026-02-28 01:00:00,187.5,18.3533203125,26.93594970703125,38.370025634765625,117.9089744567871,195.2707420349121,2026-02-28
2026-02-28 02:00:00,172.5,77.42983551025392,85.6389228820801,95.43377685546876,187.60235443115238,258.5107391357422,2026-02-28
2026-02-28 03:00:00,157.5,119.87288970947266,128.43220062255858,136.07273864746094,209.90936431884768,283.26294860839846,2026-02-28
2026-02-28 04:00:00,160.0,79.42255630493165,85.50980606079102,97.086669921875,196.88429794311526,316.09138946533204,2026-02-28
2026-02-28 05:00:00,45.0,110.7224510192871,115.60380706787109,122.56874084472656,204.19324493408203,257.97776184082034,2026-02-28
2026-02-28 06:00:00,50.0,158.60661239624022,166.7990966796875,174.58230590820312,271.4851669311523,402.85641708374027,2026-02-28
2026-02-28 07:00:00,82.5,78.94565277099609,86.97865676879883,96.62571716308594,181.95678863525393,293.08579101562503,2026-02-28
2026-02-28 08:00:00,107.96749877929688,61.85515518188477,67.83758850097657,76.35092163085938,180.9507148742676,261.46879959106445,2026-02-28
2026-02-28 09:00:00,157.5,-9.456844329833984,-2.4786376953125,3.899749755859375,86.7791259765625,227.39982070922852,2026-02-28
2026-02-28 10:00:00,190.1454925537109,62.991668701171875,72.21861877441407,77.21415710449219,105.23406600952148,228.68224411010743,2026-02-28
2026-02-28 11:00:00,90.50675201416016,244.8449279785156,249.96869049072265,254.7419891357422,354.65594177246095,508.5404991149902,2026-02-28
2026-02-28 12:00:00,96.11824798583984,149.68569869995116,154.81750869750977,158.7779083251953,250.59493713378907,321.04137420654297,2026-02-28
2026-02-28 13:00:00,334.3862609863281,16.052626037597655,24.39979782104492,29.828369140625,127.32476654052735,213.67102966308593,2026-02-28
2026-02-28 14:00:00,391.3125,-17.3836311340332,-12.411376953125,-7.56365966796875,72.39752807617188,161.5927520751953,2026-02-28
2026-02-28 15:00:00,205.0,-29.952896881103516,-19.547148132324217,-14.60150146484375,78.39207382202149,265.13792648315433,2026-02-28
2026-02-28 16:00:00,359.75,10.882970428466797,15.727261352539063,20.4266357421875,126.2649314880371,296.9305076599121,2026-02-28
2026-02-28 17:00:00,626.7877197265625,292.6625091552734,303.3314147949219,381.01568603515625,426.3046195983887,477.2734230041504,2026-02-28
2026-02-28 18:00:00,266.56024169921875,409.7018447875977,418.9758918762207,431.35247802734375,518.0489852905273,601.7589553833009,2026-02-28
2026-02-28 19:00:00,260.0,410.93840942382815,417.9298889160156,426.3389892578125,522.6082344055176,619.6731300354004,2026-02-28
2026-02-28 20:00:00,267.5,351.4910942077637,356.6056762695313,363.266357421875,462.6053268432617,622.2284622192383,2026-02-28
2026-02-28 21:00:00,242.5,334.02269439697267,342.290950012207,351.677490234375,458.23534240722654,610.5555633544923,2026-02-28
2026-02-28 22:00:00,265.0,340.51063385009763,346.94756469726565,360.15252685546875,476.5432594299316,595.5668861389161,2026-02-28
2026-02-28 23:00:00,372.5,289.0063388824463,295.6963878631592,327.074951171875,415.99783439636235,526.107621383667,2026-02-28
2026-03-01 00:00:00,721.5,347.9847961425781,381.90531768798826,409.3148193359375,447.98201141357424,523.2094375610352,2026-03-01
2026-03-01 01:00:00,819.75,474.76866989135743,537.6257446289062,564.0397338867188,600.2258422851562,673.3953231811523,2026-03-01
2026-03-01 02:00:00,719.3672485351562,653.0269187927246,703.9425552368164,731.0071411132812,775.2075973510742,828.7776885986328,2026-03-01
2026-03-01 03:00:00,655.2442626953125,497.63358001708986,560.1343200683593,597.9501953125,638.8281799316406,691.5541641235352,2026-03-01
2026-03-01 04:00:00,674.8257446289062,302.5071399688721,357.25762634277345,419.1485290527344,432.6772033691406,486.91632080078125,2026-03-01
2026-03-01 05:00:00,331.3930053710937,209.15070381164554,259.0008758544922,314.3922119140625,363.74344329833986,451.1137008666992,2026-03-01
2026-03-01 06:00:00,592.2852783203125,218.852938079834,297.31676483154297,326.4017639160156,362.89897766113285,443.5575225830078,2026-03-01
2026-03-01 07:00:00,343.5,226.26353187561034,267.1987930297852,329.94708251953125,364.4559494018555,439.76271057128906,2026-03-01
2026-03-01 08:00:00,342.5,277.12306518554686,307.90505027770996,363.4540710449219,402.5758773803711,501.33479614257817,2026-03-01
2026-03-01 09:00:00,203.6522521972656,126.49879722595212,155.34163017272945,218.4496154785156,256.8088813781738,326.7876579284668,2026-03-01
2026-03-01 10:00:00,278.94500732421875,232.45656814575193,257.77585220336914,302.5245056152344,352.7788303375244,425.7404224395752,2026-03-01
2026-03-01 11:00:00,290.0,327.42401084899905,357.933922958374,393.7147216796875,439.85426483154293,480.27899475097655,2026-03-01
2026-03-01 12:00:00,300.0,304.142036819458,329.3667251586914,366.7398376464844,431.53751678466796,559.4470504760742,2026-03-01
2026-03-01 13:00:00,271.4472351074219,285.92684783935545,319.6090003967285,351.5928039550781,402.1369960784912,476.43852882385255,2026-03-01
2026-03-01 14:00:00,385.0,280.8436351776123,308.4220859527588,348.93218994140625,409.78366928100587,525.6618553161621,2026-03-01
2026-03-01 15:00:00,487.4750061035156,156.78181648254397,214.53398742675785,263.3428649902344,322.86061096191406,441.6094558715821,2026-03-01
2026-03-01 16:00:00,344.906005859375,12.657455062866205,100.95495529174804,134.24166870117188,179.63544616699218,277.56282348632817,2026-03-01
2026-03-01 17:00:00,417.5,71.99095764160154,155.84677124023435,184.87045288085935,222.08956451416014,304.517333984375,2026-03-01
2026-03-01 18:00:00,380.0,127.45817985534667,178.4662971496582,235.29318237304688,263.61060791015626,329.9210906982422,2026-03-01
2026-03-01 19:00:00,302.5,131.94535369873046,168.12936782836914,223.24142456054688,255.75859375,359.3823547363281,2026-03-01
2026-03-01 20:00:00,282.5,69.08519783020019,111.28236923217773,167.42124938964844,206.27709045410157,262.53868103027344,2026-03-01
2026-03-01 21:00:00,307.5,76.96117858886721,118.18412017822268,168.27896118164062,210.36755676269533,351.05357208251957,2026-03-01
2026-03-01 22:00:00,210.0,32.58608589172363,75.96563339233398,123.23049926757812,157.8890548706055,245.47406768798828,2026-03-01
2026-03-01 23:00:00,207.0072479248047,-68.70874176025391,-26.894004440307633,34.878997802734375,79.20822067260741,165.87668533325197,2026-03-01
2026-03-02 00:00:00,-49.45975112915039,9.068998718261724,34.05997009277344,53.14956665039063,76.32138061523438,112.66714782714847,2026-03-02
2026-03-02 01:00:00,250.6467437744141,78.6225959777832,134.11330337524413,161.123046875,187.70455017089844,236.40228729248048,2026-03-02
2026-03-02 02:00:00,285.0,121.84146995544434,176.41626434326173,198.27099609375,229.34788513183594,350.0982330322266,2026-03-02
2026-03-02 03:00:00,232.5,94.33168678283688,155.17578811645504,192.77182006835935,242.793244934082,308.56913299560546,2026-03-02
2026-03-02 04:00:00,13.006750106811523,58.57453460693358,129.96804122924803,160.4332733154297,197.89798431396483,267.32333831787105,2026-03-02
2026-03-02 05:00:00,-50.0,-107.26303863525389,-55.01928901672362,-5.97698974609375,35.228813171386705,112.52655792236328,2026-03-02
2026-03-02 06:00:00,-50.0,-121.05825805664061,-78.31288776397705,-12.65423583984375,24.420062255859392,132.63948669433594,2026-03-02
2026-03-02 07:00:00,-49.27925109863281,-138.8765998840332,-96.69302406311036,-21.96591186523437,35.615480041503915,233.7237777709961,2026-03-02
2026-03-02 08:00:00,-17.75,-123.0073112487793,-90.36048278808593,-27.07244873046875,23.775971984863283,94.73552551269532,2026-03-02
2026-03-02 09:00:00,-19.17799949645996,-82.08134689331055,-55.06352157592774,-24.5030517578125,54.19279937744142,189.23099060058595,2026-03-02
2026-03-02 10:00:00,-50.0,-56.93835983276367,-41.03513145446777,-19.736846923828125,59.150543975830075,163.66242599487305,2026-03-02
2026-03-02 11:00:00,-51.0,-60.460166931152344,-40.204227447509766,-16.165557861328125,53.431484985351545,177.28163909912112,2026-03-02
2026-03-02 12:00:00,-50.81999969482422,-52.91904296875,-33.294734954833984,-17.33245849609375,55.44182357788087,177.27255325317387,2026-03-02
2026-03-02 13:00:00,-50.0,-71.07296524047851,-51.024787521362306,-23.469940185546875,45.23524627685548,151.2919776916504,2026-03-02
2026-03-02 14:00:00,-50.0,-78.93071594238282,-58.401453781127934,-25.89495849609375,53.95225296020507,157.485026550293,2026-03-02
2026-03-02 15:00:00,-50.0,-131.4797950744629,-112.23426818847656,-24.598663330078125,14.391849517822244,165.48761672973635,2026-03-02
2026-03-02 16:00:00,-50.0,-143.91132278442382,-105.66657562255858,-23.41876220703125,29.57048187255861,153.1175094604492,2026-03-02
2026-03-02 17:00:00,-51.14300155639648,-109.42900772094728,-78.51587677001955,-8.977020263671875,46.2060218811035,155.17559280395508,2026-03-02
2026-03-02 18:00:00,-4.5,-114.60482406616211,-79.59315757751463,4.931884765625,72.10892791748049,237.3946502685547,2026-03-02
2026-03-02 19:00:00,15.25,-107.71327667236328,-55.07594871520996,7.9468994140625,61.902899169921874,157.78198547363283,2026-03-02
2026-03-02 20:00:00,94.37774658203124,-92.4273696899414,-19.705973052978507,21.43560791015625,80.70763778686525,200.71079177856447,2026-03-02
2026-03-02 21:00:00,59.75,-114.33947448730468,-83.38411827087403,-8.339508056640625,26.561096954345707,157.7201805114746,2026-03-02
2026-03-02 22:00:00,130.0,-142.74214706420898,-107.36132278442383,-21.21273803710937,15.453960418701175,106.39550247192383,2026-03-02
2026-03-02 23:00:00,41.22150039672852,-134.55375747680665,-56.71742172241211,-21.645965576171875,31.759124755859375,134.50668487548828,2026-03-02
2026-03-03 00:00:00,209.72674560546875,-30.717446899414064,-15.779061889648437,-0.972869873046875,51.68849411010742,116.14513702392576,2026-03-03
2026-03-03 01:00:00,-49.49325180053711,-11.22134017944336,-3.4133705139160178,2.89715576171875,62.150762939453124,127.62046203613282,2026-03-03
2026-03-03 02:00:00,160.9929962158203,-3.245339965820314,4.000685882568359,13.4202880859375,73.69885444641113,121.63789978027346,2026-03-03
2026-03-03 03:00:00,224.1767425537109,69.43570442199707,74.22702751159667,79.70875549316406,149.42617073059083,201.44458045959473,2026-03-03
2026-03-03 04:00:00,220.0,126.05932083129883,133.74969558715821,140.20643615722656,210.61674880981445,282.91913375854494,2026-03-03
2026-03-03 05:00:00,257.5,181.1230049133301,185.49124450683595,189.5455017089844,262.3747772216797,364.77550582885743,2026-03-03
2026-03-03 06:00:00,250.0,163.1999771118164,166.58827056884766,169.7764892578125,238.63961791992188,294.1412635803223,2026-03-03
2026-03-03 07:00:00,74.69249725341797,120.13855514526367,126.32422180175782,128.1228485107422,131.93125228881837,225.36762466430665,2026-03-03
2026-03-03 08:00:00,30.381999969482425,117.06004180908205,119.56539154052736,122.05853271484376,128.09635086059572,228.96787872314457,2026-03-03
2026-03-03 09:00:00,-35.18424987792969,2.0542633056640627,6.473184204101562,8.05364990234375,11.577995300292969,108.8204231262207,2026-03-03
2026-03-03 10:00:00,-50.0,-12.088875579833985,-9.077481842041019,-7.435760498046875,-5.552305603027344,124.40236053466796,2026-03-03
2026-03-03 11:00:00,-50.0,-15.613646697998046,-12.971503448486327,-11.3306884765625,-9.290499877929687,58.67731857299805,2026-03-03
2026-03-03 12:00:00,-50.0,-19.995961761474607,-16.55536651611328,-14.551666259765623,-10.7820442199707,76.65612258911133,2026-03-03
2026-03-03 13:00:00,-50.0,-13.769212341308595,-11.244952392578126,-9.606781005859377,-7.447397613525395,71.50471649169923,2026-03-03
2026-03-03 14:00:00,-50.0,-16.55052490234375,-14.629359436035154,-13.135040283203123,-11.597812652587889,83.35358123779297,2026-03-03
2026-03-03 15:00:00,-50.0,-19.108734130859375,-17.0787971496582,-14.816925048828123,-9.736929321289061,131.4172203063965,2026-03-03
2026-03-03 16:00:00,196.25,16.663423919677733,22.93648681640625,25.602813720703125,32.1533878326416,154.63923568725588,2026-03-03
2026-03-03 17:00:00,337.2239990234375,302.8421516418457,307.172371673584,309.812255859375,313.3101722717285,431.66285705566406,2026-03-03
2026-03-03 18:00:00,362.5,338.4371109008789,343.97096557617186,347.95587158203125,418.3138790130615,515.4149917602539,2026-03-03
2026-03-03 19:00:00,292.5,294.2347747802734,299.76799087524415,305.98907470703125,386.84279861450193,450.8955360412598,2026-03-03
2026-03-03 20:00:00,280.0,292.2609348297119,302.34268989562986,309.8014831542969,388.3891773223877,452.1495960235596,2026-03-03
2026-03-03 21:00:00,290.0,316.70546569824216,322.60368194580076,327.38409423828125,410.07542572021487,497.25883331298826,2026-03-03
2026-03-03 22:00:00,340.0,324.1461475372314,332.92414817810055,353.6967163085937,441.0188709259033,490.4434566497802,2026-03-03
2026-03-03 23:00:00,370.1025085449219,335.41417083740237,340.77647399902344,343.3053894042969,418.9622230529785,487.2076866149902,2026-03-03
2026-03-04 00:00:00,332.5,187.65182933807372,277.19452514648435,296.991943359375,320.24581146240234,365.4517227172852,2026-03-04
2026-03-04 01:00:00,297.5,252.24489135742186,347.80371246337893,378.9204406738281,415.7741195678711,463.19075469970704,2026-03-04
2026-03-04 02:00:00,315.0,275.33791694641116,376.0882141113281,404.2312316894531,441.78651123046876,506.72084655761716,2026-03-04
2026-03-04 03:00:00,310.0,250.3338069915772,372.42043914794925,395.7799682617188,431.9429916381837,513.4145523071289,2026-03-04
2026-03-04 04:00:00,297.5,224.127982711792,328.94631118774413,362.0592346191406,402.1506805419922,486.23402099609376,2026-03-04
2026-03-04 05:00:00,292.5,214.72791481018066,307.4572723388672,350.8128662109375,384.04730529785155,463.4126907348633,2026-03-04
2026-03-04 06:00:00,295.0,221.1190700531006,249.90718421936037,346.8451843261719,387.8828002929688,460.6679656982422,2026-03-04
2026-03-04 07:00:00,335.0,186.90916175842284,211.27729072570799,304.9653015136719,340.5809722900391,403.37048797607423,2026-03-04
2026-03-04 08:00:00,320.0,187.35241050720214,200.5513988494873,302.4739990234375,348.87320404052736,435.78844909667976,2026-03-04
2026-03-04 09:00:00,439.27349853515625,298.02249908447266,309.4845901489258,330.9841613769531,428.9125171661377,504.57396507263184,2026-03-04
2026-03-04 10:00:00,391.4567565917969,289.7509620666504,297.3770805358887,306.7584228515625,412.3738368988037,536.9887218475342,2026-03-04
2026-03-04 11:00:00,461.0,307.304451751709,313.6644577026367,317.9822082519531,400.39771766662597,477.4504535675049,2026-03-04
2026-03-04 12:00:00,487.0,272.57593994140626,281.3635398864746,286.8231201171875,321.73458614349363,463.05701713562013,2026-03-04
2026-03-04 13:00:00,453.635009765625,206.08650894165038,212.33079452514647,218.3758087158203,290.37036018371583,381.6426593780518,2026-03-04
2026-03-04 14:00:00,200.0,195.48357238769532,202.73552398681642,210.0182647705078,298.7598873138428,382.3211437225342,2026-03-04
2026-03-04 15:00:00,220.8654937744141,121.66192512512207,128.84516410827638,142.53302001953125,236.9174301147461,342.1269165039063,2026-03-04
2026-03-04 16:00:00,289.5222473144531,58.931502914428705,70.23368797302247,82.12889099121094,190.44962310791016,299.3892768859863,2026-03-04
2026-03-04 17:00:00,403.6315002441406,78.16891899108886,90.86049003601073,153.51954650878906,221.45364379882812,294.9651977539063,2026-03-04
2026-03-04 18:00:00,262.5,199.6091053009033,214.88464698791503,308.3280334472656,355.2592514038086,450.0560470581055,2026-03-04
2026-03-04 19:00:00,268.2092590332031,188.31806526184081,201.5199993133545,290.32330322265625,331.8095733642578,472.9965789794922,2026-03-04
2026-03-04 20:00:00,287.60400390625,126.47070274353027,144.19026985168455,249.66249084472656,296.7439468383789,371.0184326171875,2026-03-04
2026-03-04 21:00:00,279.0564880371094,82.26061286926272,101.68317756652834,188.41275024414065,254.56394500732426,319.0687698364258,2026-03-04
2026-03-04 22:00:00,357.2852478027344,43.67379264831541,60.83491783142088,153.36526489257812,185.5381637573242,269.725764465332,2026-03-04
2026-03-04 23:00:00,267.5,-25.649993515014643,-12.150467300415045,106.69705200195312,145.62032165527344,240.18365783691408,2026-03-04
2026-03-05 00:00:00,297.5,239.32010345458986,267.83411560058596,293.6592102050781,324.1808776855469,377.1126770019531,2026-03-05
2026-03-05 01:00:00,297.5,204.1247245788574,260.26050796508787,287.2698669433594,314.5888069152832,399.09660415649415,2026-03-05
2026-03-05 02:00:00,217.5,179.24720840454103,262.59324951171874,287.2879333496094,315.1632553100586,384.78582763671875,2026-03-05
2026-03-05 03:00:00,207.5,189.48021392822267,262.8410285949707,291.7810974121094,327.21282958984375,386.99029235839845,2026-03-05
2026-03-05 04:00:00,190.0,167.32391853332518,261.3007530212402,285.93603515625,321.0681632995605,406.1921562194824,2026-03-05
2026-03-05 05:00:00,-50.0,85.56405563354495,173.2599548339844,206.68179321289065,236.31557312011722,296.2373550415039,2026-03-05
2026-03-05 06:00:00,-50.0,157.02482528686522,228.2516143798828,262.0793151855469,314.5175537109375,377.6203308105469,2026-03-05
2026-03-05 07:00:00,187.5,96.78919029235837,189.66108169555662,221.33839416503903,257.7422241210937,391.44701843261714,2026-03-05
2026-03-05 08:00:00,15.0,132.398921585083,221.03984756469725,257.6681213378906,291.4176681518554,393.3561264038086,2026-03-05
2026-03-05 09:00:00,-50.0,10.353353500366211,95.16584625244141,140.5636749267578,193.86410675048828,335.550276184082,2026-03-05
2026-03-05 10:00:00,-50.0,67.88763236999512,92.21020584106445,176.76065063476562,214.30512237548828,392.78697662353517,2026-03-05
2026-03-05 11:00:00,-50.0,147.10292739868163,167.13743057250977,191.21481323242188,269.80820655822754,347.31148490905764,2026-03-05
2026-03-05 12:00:00,-50.0,45.02012748718261,63.3202465057373,88.27828979492188,185.22668228149416,329.9875541687012,2026-03-05
2026-03-05 13:00:00,-50.0,-34.85429077148438,-13.322399139404297,1.89678955078125,88.2995121002197,166.48522682189943,2026-03-05
2026-03-05 14:00:00,-50.0,-37.58901443481446,-28.118401336669923,-11.91632080078125,61.03492012023926,185.8190975189209,2026-03-05
2026-03-05 15:00:00,-50.0,-52.943210983276366,-42.06737098693848,-26.970916748046875,60.339506530761696,145.0158477783203,2026-03-05
2026-03-05 16:00:00,-50.0,-123.41001853942872,-98.6289478302002,-27.634674072265625,39.30520172119141,119.8815689086914,2026-03-05
2026-03-05 17:00:00,-2.5472500324249268,8.5988063812256,27.601933670043962,107.50701904296876,152.283708190918,230.6473327636719,2026-03-05
2026-03-05 18:00:00,265.64599609375,174.76011314392088,205.74308967590332,285.4354248046875,329.25045318603514,442.2169189453125,2026-03-05
2026-03-05 19:00:00,300.0,147.55461311340332,183.75894165039062,287.6014404296875,312.8638427734375,388.950276184082,2026-03-05
2026-03-05 20:00:00,300.0,188.25581245422364,214.87482376098632,289.46649169921875,326.9049591064453,453.6878311157227,2026-03-05
2026-03-05 21:00:00,300.0,354.4400218963623,451.0707275390625,500.2352600097656,536.43955078125,641.0049087524415,2026-03-05
2026-03-05 22:00:00,300.0,290.5490962982178,328.4467853546143,399.9514770507813,453.5589904785157,566.877362060547,2026-03-05
2026-03-05 23:00:00,307.5,192.95518150329582,225.3941040039062,311.3676147460937,350.96011657714837,433.95041351318355,2026-03-05
2026-03-06 00:00:00,359.5,428.7727767944336,480.694108581543,494.2301025390625,520.1201400756836,557.3884841918946,2026-03-06
2026-03-06 01:00:00,355.0,646.4713806152344,683.6139450073242,702.084228515625,729.5177764892578,760.3820938110351,2026-03-06
2026-03-06 02:00:00,405.0,792.7021858215332,859.3652130126953,879.0709228515625,910.2039108276367,964.908106994629,2026-03-06
2026-03-06 03:00:00,402.5,711.5770179748536,748.3155532836914,781.6446533203125,815.6660430908203,876.3340713500977,2026-03-06
2026-03-06 04:00:00,295.0,371.8916877746583,475.1820892333985,503.3482055664063,541.5867935180664,623.4932342529297,2026-03-06
2026-03-06 05:00:00,450.0,252.95573616027832,345.8821746826172,370.2117004394531,398.4958236694336,458.30785217285154,2026-03-06
2026-03-06 06:00:00,500.0,273.405591583252,358.0129043579102,396.2267456054688,432.2089752197266,505.45566253662116,2026-03-06
2026-03-06 07:00:00,402.5,265.54756622314454,292.97490348815916,386.463134765625,425.0102325439453,555.922755432129,2026-03-06
2026-03-06 08:00:00,285.0,190.38235931396486,219.7102523803711,311.4139709472656,364.75783996582027,442.1864318847656,2026-03-06
2026-03-06 09:00:00,315.0,167.78132019042968,186.14603538513182,262.8941650390625,301.89068603515625,456.08141174316404,2026-03-06
2026-03-06 10:00:00,277.5,158.53107757568358,191.37029037475585,262.2996520996094,328.71480026245115,446.75487594604493,2026-03-06
2026-03-06 11:00:00,537.6307373046875,191.73837127685547,209.74389877319337,228.6517333984375,318.5469856262207,403.13134384155273,2026-03-06
2026-03-06 12:00:00,388.0,182.9648380279541,196.7493839263916,217.90017700195312,318.63523750305177,415.2363933563232,2026-03-06
2026-03-06 13:00:00,322.0037536621094,78.41450347900395,96.90283203125006,195.7608337402344,232.93006744384772,361.94139251708987,2026-03-06
2026-03-06 14:00:00,282.8125,44.002075576782204,78.05304603576658,120.95426940917967,205.3645595550537,329.7194942474365,2026-03-06
2026-03-06 15:00:00,271.5,114.76308097839355,133.19493980407714,186.139404296875,262.45919761657717,400.3271511077881,2026-03-06
2026-03-06 16:00:00,566.25,215.79353179931638,238.35997505187987,335.9325866699219,392.4724266052246,557.6044502258301,2026-03-06
2026-03-06 17:00:00,340.0,204.06097335815429,300.397770690918,357.1398620605469,391.48379669189455,514.9492645263672,2026-03-06
2026-03-06 18:00:00,402.5,207.49826431274414,291.0514320373535,342.90692138671875,384.5450775146484,477.26801147460935,2026-03-06
2026-03-06 19:00:00,262.5,191.67274780273436,287.37767333984374,329.1621398925781,409.2602996826172,566.2572357177735,2026-03-06
2026-03-06 20:00:00,285.0,156.35515670776365,189.44873733520507,303.4645690917969,371.4697067260742,468.82451782226565,2026-03-06
2026-03-06 21:00:00,407.5,157.99893951416016,254.51075592041016,299.6260986328125,360.7303527832031,474.8294677734375,2026-03-06
2026-03-06 22:00:00,447.5,158.53246841430663,211.12168998718263,300.18267822265625,357.83298187255866,433.28727569580076,2026-03-06
2026-03-06 23:00:00,260.0,154.02867584228517,215.2631935119629,277.25933837890625,320.8916297912598,448.8433372497559,2026-03-06
2026-03-07 00:00:00,267.5,202.22443084716798,225.7603385925293,250.38619995117188,275.86996307373045,316.9972549438477,2026-03-07
2026-03-07 01:00:00,100.0,30.207319641113273,100.98633346557617,129.7787322998047,159.00899810791014,203.94986419677736,2026-03-07
2026-03-07 02:00:00,195.0,111.70296936035156,182.21400604248046,214.88131713867188,239.2389129638672,303.1934875488281,2026-03-07
2026-03-07 03:00:00,230.0,23.019892120361334,130.79623107910157,163.27989196777344,198.60074462890626,265.25373992919924,2026-03-07
2026-03-07 04:00:00,25.0,-50.09367980957032,32.26548690795898,74.79032897949219,97.2665023803711,176.6055892944336,2026-03-07
2026-03-07 05:00:00,162.5,-89.88892822265626,-42.416788101196275,44.05009460449219,66.40107879638673,130.95756683349612,2026-03-07
2026-03-07 06:00:00,-25.0,-41.3341033935547,59.3996421813965,89.71798706054688,125.39482421875002,177.9770248413086,2026-03-07
2026-03-07 07:00:00,-50.0,-40.68948669433594,-2.8907363891601534,73.21041870117188,116.0422462463379,176.08732223510742,2026-03-07
2026-03-07 08:00:00,-50.0,-58.34762115478516,-39.34515647888183,31.360870361328125,84.37024688720703,170.41482543945312,2026-03-07
2026-03-07 09:00:00,-50.0,-43.18885669708252,-20.677945899963383,12.015411376953123,88.64144344329834,155.30827465057374,2026-03-07
2026-03-07 10:00:00,-50.0,-64.89332389831543,-44.69191780090332,5.97808837890625,67.55343971252441,152.3384494781494,2026-03-07
2026-03-07 11:00:00,-50.0,-22.39750862121582,-1.2723720550537116,22.763458251953125,96.95302314758301,177.2966724395752,2026-03-07
2026-03-07 12:00:00,-50.0,-29.836680603027347,-10.931448364257815,2.470855712890625,83.81016159057617,144.30975570678712,2026-03-07
2026-03-07 13:00:00,-50.0,-113.71442260742188,-95.44406967163086,-8.56103515625,28.723026275634766,105.56294326782229,2026-03-07
2026-03-07 14:00:00,-50.0,-74.3927391052246,-52.61647720336914,-13.909576416015623,50.15237579345704,129.16996841430665,2026-03-07
2026-03-07 15:00:00,-50.0,-71.22138595581055,-49.02600936889648,-22.66830444335937,73.12906417846678,147.64082717895508,2026-03-07
2026-03-07 16:00:00,-50.0,-82.83609161376954,-53.55086669921876,24.375762939453125,54.132143402099615,118.4453666687012,2026-03-07
2026-03-07 17:00:00,25.25,-89.26357040405273,-51.515882492065415,41.679473876953125,69.28446350097657,140.48960266113284,2026-03-07
2026-03-07 18:00:00,185.75,49.37121505737305,81.24473991394042,161.65567016601562,192.47749786376954,259.7436950683594,2026-03-07
2026-03-07 19:00:00,169.0,52.80527343749999,98.09010429382325,171.7115936279297,211.7099578857422,312.4871887207031,2026-03-07
2026-03-07 20:00:00,91.5,19.999810791015648,57.24004707336428,137.03353881835938,181.4914321899414,245.94265747070315,2026-03-07
2026-03-07 21:00:00,144.0,114.19851989746094,160.3923303604126,233.50320434570312,291.7008743286133,350.6396820068359,2026-03-07
2026-03-07 22:00:00,160.97674560546875,144.59729690551757,186.3952354431152,269.1803283691406,303.7484046936035,380.1532356262207,2026-03-07
2026-03-07 23:00:00,280.0,167.02368545532227,191.80504455566404,280.0152893066406,320.79553680419923,402.9950927734375,2026-03-07
2026-03-08 00:00:00,295.0,206.98028144836417,263.7007675170898,279.0863647460937,296.5900985717773,333.7016815185546,2026-03-08
2026-03-08 01:00:00,300.0,216.59525337219236,284.67772445678713,307.8698425292969,332.0421058654785,372.67736129760743,2026-03-08
2026-03-08 02:00:00,290.0,216.29399032592775,298.60704879760743,318.49285888671875,334.41967010498047,373.93271331787116,2026-03-08
2026-03-08 03:00:00,292.5,253.0165496826172,327.7499549865723,346.5366516113281,367.5171463012695,412.75745849609376,2026-03-08
2026-03-08 04:00:00,285.0,207.90533561706545,298.42035751342775,320.8474426269531,339.27768783569337,400.81752243041996,2026-03-08
2026-03-08 05:00:00,282.5,194.56071548461912,283.75951690673827,307.2604675292969,328.0373031616211,381.17164916992186,2026-03-08
2026-03-08 06:00:00,280.0,176.00923843383788,218.94638195037842,269.642822265625,299.69994659423827,352.9403793334961,2026-03-08
2026-03-08 07:00:00,287.5,183.0318229675293,216.24609184265137,287.8504638671875,319.39746475219727,407.86612167358396,2026-03-08
2026-03-08 08:00:00,185.0,160.74986877441404,187.02648773193357,210.2069396972656,286.3120635986328,327.6250656127929,2026-03-08
2026-03-08 09:00:00,110.0,-17.167226791381836,2.1591251373291005,17.030242919921875,81.40116844177247,134.38094367980955,2026-03-08
2026-03-08 10:00:00,-50.0,-31.453297805786132,-17.98316688537598,-3.936676025390625,19.123417282104494,106.7229663848877,2026-03-08
2026-03-08 11:00:00,-50.0,6.979521560668946,21.854803848266602,29.350799560546875,36.45518074035645,117.86573295593261,2026-03-08
2026-03-08 12:00:00,-50.0,-60.5330192565918,-43.73111267089844,-33.665191650390625,-24.780548095703125,55.34021606445313,2026-03-08
2026-03-08 13:00:00,-50.0,-54.48970375061036,-43.677316665649414,-30.69647216796875,-12.899520111083984,64.74768257141115,2026-03-08
2026-03-08 14:00:00,-50.0,-50.78329010009766,-38.15511016845703,-26.46075439453125,-17.812615585327148,82.72618103027345,2026-03-08
2026-03-08 15:00:00,-50.0,-57.645158767700195,-34.70199775695801,-24.146453857421875,46.51371192932129,108.71779365539552,2026-03-08
2026-03-08 16:00:00,-50.0,-15.441364288330078,5.71580429077148,41.80705261230469,116.80400619506837,188.20769577026368,2026-03-08
2026-03-08 17:00:00,273.5852355957031,241.25425243377686,266.31469173431395,298.0597229003906,357.45466060638427,422.30155849456787,2026-03-08
2026-03-08 18:00:00,362.8580017089844,253.8061611175537,280.2113166809082,332.9229431152344,369.88403739929197,489.6071086883545,2026-03-08
2026-03-08 19:00:00,271.6932373046875,207.90092239379877,255.19082336425777,320.6698608398437,355.4799797058105,437.66008987426756,2026-03-08
2026-03-08 20:00:00,290.0,226.34077072143555,264.3608646392822,325.0146484375,363.4901977539063,452.31447525024413,2026-03-08
2026-03-08 21:00:00,295.0,253.56476974487305,284.38563957214353,349.46405029296875,387.2831871032715,447.44751968383787,2026-03-08
2026-03-08 22:00:00,300.0,267.28441619873047,297.9098941802979,374.43798828125,420.3220581054688,492.8813720703125,2026-03-08
2026-03-08 23:00:00,305.0,284.7139579772949,311.1079040527344,388.8388671875,416.27904815673827,518.8811561584473,2026-03-08
2026-03-09 00:00:00,292.5,353.3923141479492,369.9542724609375,386.136474609375,396.3113388061523,416.25535583496094,2026-03-09
2026-03-09 01:00:00,462.5,371.05724792480464,391.42406005859374,404.8945617675781,415.3676223754883,439.01051635742186,2026-03-09
2026-03-09 02:00:00,425.0,260.4331768035889,333.7482025146484,348.71270751953125,373.397998046875,405.76345977783205,2026-03-09
2026-03-09 03:00:00,500.0,290.06934661865233,322.7100570678711,340.0562744140625,353.96009063720703,387.4965301513672,2026-03-09
2026-03-09 04:00:00,340.0,219.98090438842775,287.9175765991211,313.6015930175781,339.4210571289062,375.9762786865235,2026-03-09
2026-03-09 05:00:00,175.0,154.1028377532959,252.3757797241211,273.8084716796875,290.32178802490233,326.66173248291017,2026-03-09
2026-03-09 06:00:00,37.5,122.13744621276855,216.17502136230468,246.0457763671875,268.26617431640625,305.9546630859375,2026-03-09
2026-03-09 07:00:00,-50.0,19.19672508239745,108.8836456298828,166.9591064453125,194.10313720703124,252.1879364013672,2026-03-09
2026-03-09 08:00:00,-50.0,-126.55722007751466,-81.6870819091797,1.28680419921875,33.22482910156249,106.89885711669923,2026-03-09
2026-03-09 09:00:00,-50.0,-61.15328578948975,-44.37509593963623,-9.085968017578123,105.5622968673706,154.56872234344482,2026-03-09
2026-03-09 10:00:00,-50.0,-27.252521133422853,-14.456710433959959,-0.997528076171875,87.77823791503907,131.6949447631836,2026-03-09
2026-03-09 11:00:00,-50.0,-4.277085876464845,10.045728302001951,17.64556884765625,44.86635284423828,146.09314765930176,2026-03-09
2026-03-09 12:00:00,-50.0,-27.022150802612305,-16.807893753051758,-7.0870361328125,34.92967109680176,149.37134323120117,2026-03-09
2026-03-09 13:00:00,-50.0,-32.327951812744146,-22.426654052734374,-13.753387451171877,80.50153160095215,128.04938468933105,2026-03-09
2026-03-09 14:00:00,-50.0,-31.465067291259768,-20.949908447265624,-13.00970458984375,16.45090675354004,136.57271995544434,2026-03-09
2026-03-09 15:00:00,-50.0,-41.83908195495606,-22.644861221313477,-12.377777099609377,78.08355255126955,159.1720199584961,2026-03-09
2026-03-09 16:00:00,-50.0,15.084363174438476,24.968206405639652,41.62754821777344,147.26681289672854,215.0602165222168,2026-03-09
2026-03-09 17:00:00,-7.547249794006348,92.32685947418213,112.01736698150634,154.27236938476562,239.59697780609133,318.50018215179443,2026-03-09
2026-03-09 18:00:00,92.5,138.76491737365723,155.06430587768557,247.48374938964844,287.3785675048828,336.2633056640625,2026-03-09
2026-03-09 19:00:00,-29.5,108.78048591613769,207.3718734741211,235.32769775390625,277.14392852783203,324.9248291015625,2026-03-09
2026-03-09 20:00:00,72.25,-54.876848220825195,50.73780364990235,81.86820983886719,125.20100708007813,202.41187744140626,2026-03-09
2026-03-09 21:00:00,43.25,-104.4758312225342,-20.089673233032237,37.91915893554688,66.13594970703124,132.86498413085937,2026-03-09
2026-03-09 22:00:00,66.5,-102.32205963134766,-1.46063232421875,26.361968994140625,58.291864013671876,100.68795318603516,2026-03-09
2026-03-09 23:00:00,-28.0,-117.13494148254395,-80.4593132019043,22.294708251953125,47.48737487792969,92.29806671142579,2026-03-09
2026-03-10 00:00:00,267.5,-5.925545501708983,6.395614624023439,12.068817138671877,20.81026420593262,121.58040199279786,2026-03-10
2026-03-10 01:00:00,126.29199981689452,-6.5855167388916005,2.140305709838869,9.773651123046877,26.49974174499512,128.73940734863282,2026-03-10
2026-03-10 02:00:00,166.26300048828125,13.248055267333985,30.761683654785156,41.86442565917969,114.42852210998535,189.82568702697753,2026-03-10
2026-03-10 03:00:00,387.5,66.0082820892334,80.10417366027832,102.29283142089844,174.10958633422854,234.01858978271486,2026-03-10
2026-03-10 04:00:00,239.09750366210935,49.238160324096675,64.46868553161622,87.10038757324219,167.406827545166,301.459366607666,2026-03-10
2026-03-10 05:00:00,180.4900054931641,105.25352897644044,122.025394821167,132.1361846923828,211.98259963989258,272.5821075439453,2026-03-10
2026-03-10 06:00:00,292.5,240.47097969055176,250.32623786926268,267.313720703125,353.9099433898926,493.9224143981934,2026-03-10
2026-03-10 07:00:00,191.1947479248047,186.11723785400392,203.34210433959962,211.13946533203125,286.4071048736572,361.01731910705564,2026-03-10
2026-03-10 08:00:00,217.5,28.308776092529296,36.74333038330078,42.42750549316406,70.38874740600586,166.53755836486818,2026-03-10
2026-03-10 09:00:00,12.5,-11.310384368896486,-1.239375305175784,7.447418212890625,22.294400405883792,149.68525581359864,2026-03-10
2026-03-10 10:00:00,-50.0,3.4232315063476566,12.67943954467773,18.259429931640625,38.28223266601563,140.45074119567872,2026-03-10
2026-03-10 11:00:00,-50.0,94.87282714843748,102.93902359008787,107.17375183105467,123.07596054077148,244.65865669250485,2026-03-10
2026-03-10 12:00:00,-50.0,38.16485061645508,47.82943420410156,53.7691650390625,77.07025375366212,176.99718742370607,2026-03-10
2026-03-10 13:00:00,-50.0,-17.76641082763672,-5.710941314697266,-2.005218505859375,68.67150573730468,135.35044593811037,2026-03-10
2026-03-10 14:00:00,-50.0,-45.84178924560547,-35.422637176513675,-27.19613647460937,44.616769790649414,90.5417018890381,2026-03-10
2026-03-10 15:00:00,-50.0,-39.996496582031256,-31.788185119628906,-24.22979736328125,50.852798080444344,137.11934852600098,2026-03-10
2026-03-10 16:00:00,-50.0,-39.94105262756348,-25.90296287536621,-9.7169189453125,72.33507690429688,131.22278442382813,2026-03-10
2026-03-10 17:00:00,142.75,156.88255577087398,180.58250656127927,246.50440979003903,298.336148071289,401.5671203613281,2026-03-10
2026-03-10 18:00:00,285.75,304.5492954254151,381.0337463378907,420.4817504882813,465.1594802856446,545.9143341064454,2026-03-10
2026-03-10 19:00:00,220.3302459716797,468.60685234069825,514.1654779434205,578.5225830078125,612.3724899291992,681.9610458374024,2026-03-10
2026-03-10 20:00:00,231.29049682617188,511.8460781097412,569.7035530090332,619.8428955078125,665.0973869323731,728.2220268249512,2026-03-10
2026-03-10 21:00:00,300.0,928.2968814849853,1014.0320816040039,1047.32470703125,1078.4553054809571,1179.695637512207,2026-03-10
2026-03-10 22:00:00,337.5,976.3393894195557,1051.8385040283204,1082.27587890625,1108.9349182128906,1222.617953491211,2026-03-10
2026-03-10 23:00:00,350.0,883.109168624878,903.5953163146972,976.708251953125,1005.7774169921875,1079.310009765625,2026-03-10
2026-03-11 00:00:00,663.5,557.2145156860352,576.8266494750976,589.333251953125,602.1555328369141,631.8190994262695,2026-03-11
2026-03-11 01:00:00,417.43951416015625,931.1292953491211,959.2704177856446,977.487548828125,999.8631561279296,1022.1367279052735,2026-03-11
2026-03-11 02:00:00,970.2349853515624,589.5079177856445,619.8243606567382,641.2373046875,657.3906814575196,693.2211761474609,2026-03-11
2026-03-11 03:00:00,925.0,353.2383522033691,379.0686721801758,392.0201110839844,416.08529205322264,454.95703582763673,2026-03-11
2026-03-11 04:00:00,487.5,263.07556991577144,294.8264633178711,312.5380859375,331.1884490966797,362.8488494873047,2026-03-11
2026-03-11 05:00:00,460.896240234375,251.2427490234375,280.02474517822264,302.3960266113281,322.2908935546875,372.4996078491211,2026-03-11
2026-03-11 06:00:00,467.25,199.58128089904784,296.14688568115236,312.2475280761719,343.7863510131836,402.3149841308594,2026-03-11
2026-03-11 07:00:00,32.5,175.06518745422363,215.73707885742186,295.5927429199219,322.3901138305664,375.8097885131836,2026-03-11
2026-03-11 08:00:00,187.5,117.56455574035638,149.31497192382807,243.16458129882807,274.9615005493163,348.1659866333007,2026-03-11
2026-03-11 09:00:00,275.0,58.614755630493164,72.52373542785645,90.43299865722656,202.14012908935547,272.40834045410156,2026-03-11
2026-03-11 10:00:00,318.3080139160156,4.281935882568355,15.847428894042967,25.50277709960937,38.528706741333,161.99713401794435,2026-03-11
2026-03-11 11:00:00,403.0567626953125,131.66939010620118,144.84251251220704,154.06153869628906,235.35407371520995,328.12434501647954,2026-03-11
2026-03-11 12:00:00,490.97650146484375,160.53238677978518,170.88991241455082,180.92747497558597,197.23185539245608,316.71188850402837,2026-03-11
2026-03-11 13:00:00,322.2852478027344,8.283660888671875,18.127218627929686,25.13531494140625,113.59576988220215,161.96100578308105,2026-03-11
2026-03-11 14:00:00,368.2522583007813,7.5677467346191385,19.291793060302734,27.316131591796875,39.96583442687988,156.79163246154786,2026-03-11
2026-03-11 15:00:00,195.0,-31.523734283447265,-21.064454650878908,-7.4566650390625,80.63791770935057,189.4678249359131,2026-03-11
2026-03-11 16:00:00,375.0,38.22180213928222,60.194259262084955,145.856201171875,189.64738922119142,250.18014831542968,2026-03-11
2026-03-11 17:00:00,452.5,104.07659721374512,131.3194808959961,212.62744140625,249.43059692382812,304.01052398681645,2026-03-11
2026-03-11 18:00:00,59.25,117.30830345153808,146.31787452697753,247.2551727294922,289.59786834716795,356.70619201660156,2026-03-11
2026-03-11 19:00:00,106.5,107.43106956481937,200.8445594787598,232.3726501464844,264.15089950561526,309.730428314209,2026-03-11
2026-03-11 20:00:00,124.0,-32.41266136169435,16.489816284179682,116.4146728515625,143.10281219482422,207.2569808959961,2026-03-11
2026-03-11 21:00:00,121.25,-42.447987747192386,-7.14010925292969,83.83146667480469,114.11944122314453,161.9072494506836,2026-03-11
2026-03-11 22:00:00,-31.99625015258789,-60.88602180480956,-8.522552108764629,75.68226623535156,111.24584808349613,141.06450042724612,2026-03-11
2026-03-11 23:00:00,-50.99625015258789,-87.44837608337403,-32.471918106079094,42.92843627929688,71.73668975830078,129.43942565917973,2026-03-11
2026-03-12 00:00:00,-49.25,-55.26915588378906,-32.26061935424804,-9.497833251953123,51.57690887451172,117.39060363769532,2026-03-12
2026-03-12 01:00:00,-51.0,-94.4647647857666,-66.25132484436035,-19.35516357421875,43.38079032897951,118.12263450622561,2026-03-12
2026-03-12 02:00:00,-50.0,-121.47214660644532,-99.90001068115235,-12.71417236328125,52.97681884765623,150.33602447509767,2026-03-12
2026-03-12 03:00:00,-50.0,-107.46184005737305,-88.23677520751953,-10.16302490234375,43.95255126953125,123.86273498535158,2026-03-12
2026-03-12 04:00:00,-50.0,-136.31133499145508,-108.15884170532227,-17.195526123046875,17.357286071777345,136.43333129882814,2026-03-12
2026-03-12 05:00:00,-50.0,-135.12725067138672,-104.47495574951172,-20.80990600585937,42.19111022949217,193.2304901123047,2026-03-12
2026-03-12 06:00:00,-51.0,-126.62728958129883,-107.81088523864746,-28.969482421875,31.600678253173832,114.05890731811525,2026-03-12
2026-03-12 07:00:00,-51.74625015258789,-133.63241653442384,-101.13153457641602,-24.59716796875,37.326151275634764,146.8748390197754,2026-03-12
2026-03-12 08:00:00,-50.0,-96.44082622528077,-72.41815547943116,-35.372100830078125,75.00486164093017,201.275372505188,2026-03-12
2026-03-12 09:00:00,-50.0,-83.3946575164795,-62.234330368041995,-34.908355712890625,89.5582103729248,289.142013168335,2026-03-12
2026-03-12 10:00:00,-50.0,-105.4729820251465,-87.91689147949218,-24.13705444335937,25.52419738769532,164.0130157470703,2026-03-12
2026-03-12 11:00:00,-50.0,-37.55271835327149,-14.144629669189452,6.019134521484375,116.331502532959,244.64069137573242,2026-03-12
2026-03-12 12:00:00,-50.0,-59.49932632446289,-35.46611557006836,-21.128936767578125,108.03098526000977,251.05572891235352,2026-03-12
2026-03-12 13:00:00,-50.0,-77.6070697784424,-55.9056453704834,-36.152862548828125,55.53140678405761,130.1673839569092,2026-03-12
2026-03-12 14:00:00,-50.0,-78.20238189697267,-55.99609451293945,-38.006195068359375,82.55633468627927,196.07688217163087,2026-03-12
2026-03-12 15:00:00,-50.0,-111.56554946899416,-92.7800064086914,-36.51235961914063,48.018350982666014,167.6105339050293,2026-03-12
2026-03-12 16:00:00,-50.0,-134.38973159790038,-108.89819564819337,-30.898101806640625,24.510276794433594,198.5740478515625,2026-03-12
2026-03-12 17:00:00,-50.99625015258789,-59.01803703308106,-40.28667030334473,-8.710723876953125,50.81436576843261,161.46312828063967,2026-03-12
2026-03-12 18:00:00,70.0,-92.21739807128907,-61.96037406921387,22.89852905273437,68.35757904052734,170.62701416015625,2026-03-12
2026-03-12 19:00:00,106.75,-91.37648696899414,-60.05167083740234,34.42315673828125,79.85588073730466,209.6604187011719,2026-03-12
2026-03-12 20:00:00,150.0,-119.13948516845703,-86.56466865539551,7.642425537109375,69.59546279907227,215.93620986938478,2026-03-12
2026-03-12 21:00:00,154.63400268554688,-86.04208068847656,-54.868913650512695,27.41925048828125,76.711279296875,172.93904418945314,2026-03-12
2026-03-12 22:00:00,50.80350112915039,-101.96385040283204,-63.85572509765626,25.30865478515625,82.29990921020507,174.04198379516603,2026-03-12
2026-03-12 23:00:00,83.10150146484375,-109.03632049560547,-80.89906730651856,15.591033935546877,60.50594482421875,218.82214660644533,2026-03-12
2026-03-13 00:00:00,250.24549865722656,-33.140692520141606,-1.1694236755371108,17.970703125,57.85206985473633,137.57633056640626,2026-03-13
2026-03-13 01:00:00,280.0,-51.891597366333016,-17.931878662109376,21.609619140625,44.061883544921876,102.41260681152345,2026-03-13
2026-03-13 02:00:00,279.3475036621094,-54.52928886413575,-20.763077163696288,17.91143798828125,44.181636810302734,129.83055648803713,2026-03-13
2026-03-13 03:00:00,238.29299926757807,-3.0220462799072294,21.550576019287107,63.17942810058594,95.65511703491211,188.34101333618165,2026-03-13
2026-03-13 04:00:00,40.0,-5.83863716125488,16.782765197753903,63.971282958984375,99.03495941162112,157.3621856689453,2026-03-13
2026-03-13 05:00:00,-50.0,-50.97474403381348,-30.519505691528323,23.07550048828125,57.88378601074219,119.58947296142576,2026-03-13
2026-03-13 06:00:00,-50.0,-43.634444046020505,-9.153266143798831,38.82334899902344,84.9021240234375,195.79849090576175,2026-03-13
2026-03-13 07:00:00,-50.0,-10.866081619262694,20.59691505432129,39.32945251464844,96.84520111083984,176.6425621032715,2026-03-13
2026-03-13 08:00:00,34.138999938964844,-54.091613960266116,-18.19227619171143,15.200408935546877,71.6148141860962,221.4505319595337,2026-03-13
2026-03-13 09:00:00,251.42349243164065,-23.104800415039065,0.25912322998046733,33.961181640625,105.21127891540525,256.0934307098389,2026-03-13
2026-03-13 10:00:00,-10.558250427246094,52.342306518554686,71.87494735717773,93.15354919433594,149.873376083374,264.21187629699705,2026-03-13
2026-03-13 11:00:00,95.39350128173828,141.09285087585448,154.65988807678224,172.13339233398438,230.74112701416016,313.86008071899414,2026-03-13
2026-03-13 12:00:00,-49.1150016784668,80.19075469970703,101.98831634521484,118.95262145996094,172.78476066589354,222.73024940490723,2026-03-13
2026-03-13 13:00:00,-50.0,116.7874755859375,134.26564559936523,150.41140747070312,171.11467590332032,324.35576744079594,2026-03-13
2026-03-13 14:00:00,185.0,91.54315414428712,103.52080612182618,118.98846435546876,173.1933662414551,297.9664920806885,2026-03-13
2026-03-13 15:00:00,234.01649475097656,15.777989959716798,36.393209838867186,51.0472412109375,118.11178779602051,220.19449653625492,2026-03-13
2026-03-13 16:00:00,217.0034942626953,142.16168708801268,159.1380359649658,179.61917114257812,239.24603881835938,368.7300506591797,2026-03-13
2026-03-13 17:00:00,432.5,213.89068183898925,245.53040733337403,306.53350830078125,337.3168083190918,480.46484603881834,2026-03-13
2026-03-13 18:00:00,342.25,227.3498134613037,249.5419593811035,317.28741455078125,342.65748291015626,418.3967826843262,2026-03-13
2026-03-13 19:00:00,482.25,239.71808052062988,263.89824028015136,313.06072998046875,339.69219360351565,473.7955032348633,2026-03-13
2026-03-13 20:00:00,450.0,211.87969474792482,253.58708877563475,305.51629638671875,360.84208526611326,486.2343490600586,2026-03-13
2026-03-13 21:00:00,457.5,235.54645957946775,255.75251426696778,316.1236267089844,367.3914024353027,481.0194374084473,2026-03-13
2026-03-13 22:00:00,500.0,243.20884895324707,286.00499839782714,337.05157470703125,371.5739410400391,478.54930114746094,2026-03-13
2026-03-13 23:00:00,550.0,269.60681838989257,296.65380210876464,321.6147155761719,370.4106327056885,455.44556083679197,2026-03-13
2026-03-14 00:00:00,577.5,519.5786483764648,553.1644439697266,602.9697265625,643.2579925537109,736.9323150634766,2026-03-14
2026-03-14 01:00:00,500.0,672.4178588867187,703.7375183105469,748.6224365234375,793.4204254150391,862.5414031982422,2026-03-14
2026-03-14 02:00:00,500.0,604.463493347168,659.2646850585937,698.63232421875,749.2379608154297,902.3219787597657,2026-03-14
2026-03-14 03:00:00,485.0,869.2303733825684,951.8049682617187,1012.17626953125,1069.819239807129,1216.0072219848632,2026-03-14
2026-03-14 04:00:00,497.5,559.9666820526123,661.9533050537109,696.457763671875,759.7725494384765,889.0534652709961,2026-03-14
2026-03-14 05:00:00,500.0,462.14928817749023,507.74355239868163,575.023681640625,640.6330444335938,784.246696472168,2026-03-14
2026-03-14 06:00:00,608.3914794921875,487.1083637237549,532.4166709899903,631.2894287109375,712.5466873168946,828.0373306274414,2026-03-14
2026-03-14 07:00:00,487.5,433.3820796966553,485.9348369598389,559.858642578125,628.3892082214355,780.191561126709,2026-03-14
2026-03-14 08:00:00,437.5,280.377046585083,359.43846435546874,412.2526550292969,484.8365646362305,628.8258804321289,2026-03-14
2026-03-14 09:00:00,165.0,166.35836067199708,194.04414443969728,313.3222351074219,392.1869186401367,574.3259567260743,2026-03-14
2026-03-14 10:00:00,278.04376220703125,154.5523860931396,178.28455429077144,277.0663452148437,338.9982955932617,451.62940368652335,2026-03-14
2026-03-14 11:00:00,287.5,266.6330089569092,297.4363590240479,390.939208984375,460.88293914794923,587.9260635375977,2026-03-14
2026-03-14 12:00:00,302.5,239.68205680847169,265.09424743652346,348.0065002441406,398.16467742919923,502.55061492919924,2026-03-14
2026-03-14 13:00:00,290.0,186.18195991516114,199.97868690490722,280.6736755371094,357.2277145385742,431.17225341796876,2026-03-14
2026-03-14 14:00:00,287.5,266.40869522094727,295.0793930053711,323.5894775390625,413.924694442749,667.7618419647217,2026-03-14
2026-03-14 15:00:00,185.0,210.11534767150874,238.80619506835933,335.0336303710937,451.2686317443847,605.7905540466309,2026-03-14
2026-03-14 16:00:00,420.0,242.1462215423584,271.26351699829104,387.3540344238281,439.9114334106445,602.4474151611328,2026-03-14
2026-03-14 17:00:00,339.5,607.8785793304444,630.7217029571533,723.037109375,810.0155876159669,988.2907066345215,2026-03-14
2026-03-14 18:00:00,377.5,571.8086910247803,609.9728534698486,722.4571533203125,797.8382507324219,901.3423843383789,2026-03-14
2026-03-14 19:00:00,290.0,495.0456661224365,522.0365062713623,602.4775390625,674.6243644714356,830.6474586486817,2026-03-14
2026-03-14 20:00:00,292.5,578.8062709808349,610.5906761169433,715.9788208007812,781.2340530395508,1015.2006958007812,2026-03-14
2026-03-14 21:00:00,285.0,805.6263729095459,837.4430778503418,920.8103637695312,1024.4280960083008,1228.1353286743165,2026-03-14
2026-03-14 22:00:00,290.0,651.2748485565186,756.347119140625,806.7030639648438,871.4072219848633,1052.1296005249023,2026-03-14
2026-03-14 23:00:00,290.0,482.45006294250487,550.975983428955,623.4969482421875,701.3930908203125,859.266941833496,2026-03-14
2026-03-15 00:00:00,292.5,264.0639343261719,284.8002166748047,299.0927429199219,317.56799774169923,346.6459106445312,2026-03-15
2026-03-15 01:00:00,290.0,222.1592311859131,271.4319412231445,295.9551696777344,317.46703186035154,357.5222640991211,2026-03-15
2026-03-15 02:00:00,280.0,225.53242034912108,291.0580604553223,314.9632873535156,350.65998229980465,432.54583740234375,2026-03-15
2026-03-15 03:00:00,282.5,207.06253814697266,279.2664375305176,308.3344421386719,326.5081085205078,372.25159454345703,2026-03-15
2026-03-15 04:00:00,295.0,207.07064208984374,273.47448806762696,307.1653747558594,327.55446166992186,363.50901947021487,2026-03-15
2026-03-15 05:00:00,352.5,168.78482055664062,260.10057067871094,291.048095703125,320.6299789428711,409.5453811645508,2026-03-15
2026-03-15 06:00:00,500.0,196.466780090332,243.54291458129882,293.9566955566406,331.3482925415039,427.1796020507813,2026-03-15
2026-03-15 07:00:00,395.0,151.382234954834,221.30634765625,287.1434020996094,305.8456756591797,365.17632446289065,2026-03-15
2026-03-15 08:00:00,177.5,192.63902053833007,235.58967208862305,274.21392822265625,336.13877868652344,405.324479675293,2026-03-15
2026-03-15 09:00:00,75.0,224.44951133728028,264.9014667510986,288.26104736328125,359.8194690704346,436.0885364532471,2026-03-15
2026-03-15 10:00:00,261.1467590332031,175.18439903259278,201.97511978149413,221.0081024169922,288.8749118804932,386.4581424713135,2026-03-15
2026-03-15 11:00:00,440.0,202.7706645965576,221.5678943634033,238.17953491210935,274.25452003479,387.2816440582275,2026-03-15
2026-03-15 12:00:00,285.0,279.8417655944824,303.8379180908203,317.9616394042969,344.0086166381836,421.85830764770503,2026-03-15
2026-03-15 13:00:00,337.5,138.1110134124756,165.05257301330568,180.3823699951172,204.57198829650878,284.50093803405764,2026-03-15
2026-03-15 14:00:00,285.0,153.29325408935543,170.62959060668942,191.74261474609372,235.94828605651853,362.3134407043457,2026-03-15
2026-03-15 15:00:00,404.6694946289063,109.7813762664795,137.26812553405762,156.83465576171875,205.36146278381347,292.90115013122556,2026-03-15
2026-03-15 16:00:00,571.25,190.94120597839355,235.2386989593506,268.1726379394531,341.7562107086182,420.798694229126,2026-03-15
2026-03-15 17:00:00,392.5,205.92133102416992,247.9446849822998,321.152099609375,357.983895111084,432.02978286743166,2026-03-15
2026-03-15 18:00:00,365.0,570.3923835754395,636.9431716918946,704.4863891601562,733.4134735107422,821.7528076171875,2026-03-15
2026-03-15 19:00:00,310.0,543.3615287780761,590.8222877502442,655.552490234375,699.6131591796875,764.6327346801758,2026-03-15
2026-03-15 20:00:00,259.8905029296875,435.1005661010742,511.8069580078125,569.15185546875,591.3671997070312,692.0603851318359,2026-03-15
2026-03-15 21:00:00,287.5,380.7854042053223,437.0429607391358,485.4265747070313,538.8529029846192,604.9600700378419,2026-03-15
2026-03-15 22:00:00,290.0,242.02374191284179,325.89555435180665,393.067138671875,433.04796600341797,514.5789077758789,2026-03-15
2026-03-15 23:00:00,312.5,263.34196548461915,333.65108032226567,385.2177734375,437.67646026611334,519.5201004028321,2026-03-15
2026-03-16 00:00:00,410.0,310.55395050048827,356.40631103515625,376.767822265625,400.6258972167969,442.4184112548828,2026-03-16
2026-03-16 01:00:00,300.0,336.4663787841797,363.14475402832034,376.34381103515625,404.7716491699219,456.4189956665039,2026-03-16
2026-03-16 02:00:00,110.0,269.5572677612305,342.7035537719727,367.00628662109375,389.47114410400394,436.56756896972655,2026-03-16
2026-03-16 03:00:00,52.5,176.6828342437744,255.96605224609374,285.45379638671875,316.9590148925781,382.8791809082031,2026-03-16
2026-03-16 04:00:00,150.0,165.71276626586913,249.8619903564453,278.0412902832031,302.51267700195314,400.628662109375,2026-03-16
2026-03-16 05:00:00,222.5,169.42253036499022,223.91455993652343,242.5275421142578,271.99511260986327,316.23483123779295,2026-03-16
2026-03-16 06:00:00,188.25,133.3076282501221,208.21521148681643,243.2362060546875,268.7965301513672,353.94708251953125,2026-03-16
2026-03-16 07:00:00,-50.0,-16.715856933593756,62.60165557861328,117.42893981933594,148.5904098510742,222.58706512451172,2026-03-16
2026-03-16 08:00:00,-50.67850112915039,-123.3308219909668,-47.05355606079102,2.82171630859375,37.4084213256836,103.3979248046875,2026-03-16
2026-03-16 09:00:00,-50.0,-118.52081680297853,-84.29400329589845,-14.92218017578125,11.023661041259729,74.22874832153319,2026-03-16
2026-03-16 10:00:00,-50.0,-113.93410797119141,-53.68482360839844,-11.217803955078123,56.298455810546855,132.85345611572265,2026-03-16
2026-03-16 11:00:00,-50.0,-46.111793518066406,-10.079651641845707,25.5369873046875,95.7212905883789,163.3758544921875,2026-03-16
2026-03-16 12:00:00,-50.0,-92.63827362060547,-56.51826858520508,-0.54248046875,55.05454711914063,133.02129058837892,2026-03-16
2026-03-16 13:00:00,-50.0,-129.8589912414551,-91.6353858947754,-14.2474365234375,16.701956176757815,61.46091613769532,2026-03-16
2026-03-16 14:00:00,-50.0,-84.92557792663574,-44.17293357849121,-7.91552734375,58.91487998962404,145.05872001647953,2026-03-16
2026-03-16 15:00:00,-50.0,-127.73125610351563,-75.45559806823731,-18.9149169921875,48.37843017578125,113.2525604248047,2026-03-16
2026-03-16 16:00:00,-50.0,-156.05205764770508,-92.93584289550782,-16.131988525390625,18.975207519531253,78.40098419189454,2026-03-16
2026-03-16 17:00:00,6.25,-112.66667633056642,-56.21502227783205,23.82879638671875,49.49587326049803,147.90527572631837,2026-03-16
2026-03-16 18:00:00,82.5,92.67395629882812,142.35768547058103,218.1742706298828,264.65830383300784,345.12818603515626,2026-03-16
2026-03-16 19:00:00,126.25,59.90633926391601,107.63836784362793,206.8099365234375,242.86346740722655,314.0944519042969,2026-03-16
2026-03-16 20:00:00,-15.75,28.578879547119143,75.97599678039549,152.4019317626953,192.26469039916992,249.92644729614256,2026-03-16
2026-03-16 21:00:00,-31.5,-17.83642425537107,76.65600891113283,132.1121368408203,164.71951751708986,227.97720184326175,2026-03-16
2026-03-16 22:00:00,-49.5,-1.9648345947265682,52.913498306274406,129.44834899902344,170.31519622802733,234.07395324707034,2026-03-16
2026-03-16 23:00:00,-52.25,0.6824508666992131,66.11798934936525,119.57980346679688,153.80130920410156,219.8762176513672,2026-03-16
2026-03-17 00:00:00,-14.49625015258789,23.93214645385742,29.207334899902342,31.160552978515625,33.50912094116211,39.41531600952148,2026-03-17
2026-03-17 01:00:00,94.5,65.62746963500976,69.61280136108398,71.80677795410156,74.23759231567382,164.07398529052733,2026-03-17
2026-03-17 02:00:00,196.5,230.74269638061523,235.69987869262695,238.6829071044922,242.6155662536621,390.1774711608887,2026-03-17
2026-03-17 03:00:00,198.6719970703125,240.0983856201172,245.32177352905273,248.53887939453125,252.56964645385742,404.8468902587891,2026-03-17
2026-03-17 04:00:00,240.46925354003903,164.15504608154296,168.37406387329102,172.73826599121094,176.48054580688478,404.58164978027344,2026-03-17
2026-03-17 05:00:00,282.5,197.25729904174804,201.18422470092773,204.362548828125,208.0256103515625,345.71952667236326,2026-03-17
2026-03-17 06:00:00,455.0,239.0846954345703,245.86550521850586,248.50857543945312,263.39498138427734,429.0423393249512,2026-03-17
2026-03-17 07:00:00,612.9307250976562,40.22631607055664,45.50254135131836,48.71385192871094,53.196658325195315,189.54840240478512,2026-03-17
2026-03-17 08:00:00,445.0050048828125,-13.197187042236328,-8.434112548828125,-5.13409423828125,-1.90499267578125,110.97896575927734,2026-03-17
2026-03-17 09:00:00,285.0,-30.88678894042969,-22.814790344238283,-20.567138671875,-16.432420349121095,112.29229888916015,2026-03-17
2026-03-17 10:00:00,380.01025390625,-24.200769042968748,-20.663590240478513,-18.840484619140625,-15.425755310058591,136.8060531616211,2026-03-17
2026-03-17 11:00:00,483.2309875488281,-18.31015548706055,-14.609678649902344,-11.6297607421875,-6.815029907226562,153.74129791259767,2026-03-17
2026-03-17 12:00:00,115.25,-44.86225967407226,-41.835052490234375,-36.92333984375,-32.760572052001955,71.24568481445313,2026-03-17
2026-03-17 13:00:00,-49.50149917602539,-31.922614288330077,-27.723619079589845,-24.442840576171875,-16.21815948486328,136.13884506225585,2026-03-17
2026-03-17 14:00:00,-50.0,-18.876753997802737,-12.312917327880859,-9.17327880859375,-4.811425018310547,96.9381576538086,2026-03-17
2026-03-17 15:00:00,-50.0,-45.02299194335937,-39.58089370727539,-35.717132568359375,31.584598541259766,130.5580665588379,2026-03-17
2026-03-17 16:00:00,-50.0,-24.618019104003913,-18.59549255371094,-15.300994873046877,-9.778284454345705,124.10897216796874,2026-03-17
2026-03-17 17:00:00,-54.75,-19.468335723876955,-12.803575897216799,-7.730865478515625,7.03950424194336,162.3039649963379,2026-03-17
2026-03-17 18:00:00,239.0,-0.570332336425782,5.349636840820312,8.732574462890625,95.09546127319337,151.38210067749023,2026-03-17
2026-03-17 19:00:00,252.5,30.856729888916014,36.16629180908203,39.676300048828125,55.90334014892578,220.94962234497072,2026-03-17
2026-03-17 20:00:00,199.0,-0.8594558715820302,7.638668060302736,13.212615966796877,21.38903274536133,133.56546478271486,2026-03-17
2026-03-17 21:00:00,164.0,15.189083099365234,19.50453338623047,25.81866455078125,118.15984420776367,205.55690841674806,2026-03-17
2026-03-17 22:00:00,121.5,20.375076293945312,28.143337249755856,32.858428955078125,48.92653121948243,274.4863670349121,2026-03-17
2026-03-17 23:00:00,211.0570068359375,46.90153274536132,59.72406768798828,65.46929931640625,164.91583862304688,231.77715530395508,2026-03-17
2026-03-18 00:00:00,335.0,137.49705772399903,184.605330657959,223.48614501953125,248.2214027404785,301.16031570434575,2026-03-18
2026-03-18 01:00:00,297.5,185.05849647521973,253.58011856079102,279.368896484375,304.40759658813477,352.42392044067384,2026-03-18
2026-03-18 02:00:00,295.0,192.31724014282224,252.90747833251953,278.96368408203125,299.1201629638672,332.17156982421875,2026-03-18
2026-03-18 03:00:00,282.5,204.89982376098632,282.70706634521486,301.5306701660156,337.7624267578125,396.8862991333008,2026-03-18
2026-03-18 04:00:00,242.5,204.36095275878904,286.900700378418,309.9779357910156,335.05711364746094,382.93189239501953,2026-03-18
2026-03-18 05:00:00,247.7010040283203,175.1787899017334,247.0243392944336,276.1015930175781,305.8767944335938,380.8628784179688,2026-03-18
2026-03-18 06:00:00,168.88299560546875,174.9085926055908,238.26204681396484,264.1887512207031,299.91337890625,407.7638275146485,2026-03-18
2026-03-18 07:00:00,-47.81949996948242,103.63443984985352,177.5822540283203,231.6547088623047,256.26286163330076,325.49576263427736,2026-03-18
2026-03-18 08:00:00,-49.837249755859375,-91.89398880004883,-39.57860488891602,23.4586181640625,69.12642898559571,140.0949363708496,2026-03-18
2026-03-18 09:00:00,-50.0,-110.63658905029297,-72.6858772277832,-14.200592041015623,29.670301818847655,112.55081787109376,2026-03-18
2026-03-18 10:00:00,-50.0,-64.29343605041504,-33.18603248596192,-0.9207763671875,58.648340988159184,134.6394817352295,2026-03-18
2026-03-18 11:00:00,-50.0,-65.37846794128419,-41.45360984802247,-14.987274169921877,52.21532936096193,125.15716667175295,2026-03-18
2026-03-18 12:00:00,-50.0,-82.18609466552735,-56.252111816406256,-39.797943115234375,10.482553100585932,92.56416397094725,2026-03-18
2026-03-18 13:00:00,-50.0,-68.31553573608399,-54.26381607055664,-35.977203369140625,-10.91187515258789,89.44389266967774,2026-03-18
2026-03-18 14:00:00,-50.0,-65.61969146728515,-47.57270431518555,-31.34799194335937,55.05360794067384,120.79994277954103,2026-03-18
2026-03-18 15:00:00,-50.0,-61.822313690185545,-43.14701843261719,-26.31829833984375,4.842962265014648,199.9010124206543,2026-03-18
2026-03-18 16:00:00,-11.0,-2.2199016571044936,18.127361679077147,44.886627197265625,133.59533195495604,212.24806175231933,2026-03-18
2026-03-18 17:00:00,266.0,147.21669807434083,180.7034107208252,209.05300903320312,289.26876029968264,410.010387802124,2026-03-18
2026-03-18 18:00:00,231.0,230.99796600341796,260.3154975891113,348.95428466796875,385.94589004516604,455.885733795166,2026-03-18
2026-03-18 19:00:00,193.75,246.5603218078613,269.2259407043457,350.5267944335937,386.56583709716796,434.5125076293945,2026-03-18
2026-03-18 20:00:00,208.6267547607422,154.45449752807616,182.2153007507324,261.8033447265625,296.6072769165039,371.8568679809571,2026-03-18
2026-03-18 21:00:00,217.0554962158203,202.69401054382325,225.89596138000488,262.2901611328125,344.4477184295654,408.9766445159912,2026-03-18
2026-03-18 22:00:00,221.0,149.4840644836426,173.04894866943363,264.1279296875,293.377668762207,350.3999252319336,2026-03-18
2026-03-18 23:00:00,134.25,94.36070327758789,133.17147979736328,211.06964111328125,251.37405700683593,327.9082794189453,2026-03-18
2026-03-19 00:00:00,270.6885070800781,169.0779647827148,208.94542007446285,260.4823608398437,280.68312835693354,321.4242713928222,2026-03-19
2026-03-19 01:00:00,280.0,172.37899627685545,228.68111267089844,289.8177490234375,314.57659301757815,356.6055740356445,2026-03-19
2026-03-19 02:00:00,282.5,177.03703765869136,229.90594024658196,279.3656616210937,295.0053932189941,327.59126815795895,2026-03-19
2026-03-19 03:00:00,285.0,157.03698959350584,239.37023544311523,260.61151123046875,302.2762817382812,350.785205078125,2026-03-19
2026-03-19 04:00:00,203.69200134277344,133.70088424682615,213.86975479125977,235.35787963867188,256.62697143554686,306.4130828857422,2026-03-19
2026-03-19 05:00:00,119.0,98.57973327636718,178.93732833862305,203.8021697998047,231.8810546875,284.6787384033203,2026-03-19
2026-03-19 06:00:00,-1.8227499723434448,122.74034118652344,170.70533142089846,244.4529266357422,281.00821685791016,342.7493209838867,2026-03-19
2026-03-19 07:00:00,209.04299926757807,138.8408195495606,163.58078765869143,240.46702575683597,276.0995948791504,338.89401321411134,2026-03-19
2026-03-19 08:00:00,75.33625030517578,101.50127449035645,122.76520271301268,162.63926696777344,248.8262592315674,369.87966499328616,2026-03-19
2026-03-19 09:00:00,-50.0,-26.994152450561522,-6.314010238647462,15.88397216796875,93.88761253356934,156.37661781311036,2026-03-19
2026-03-19 10:00:00,-50.0,27.99131927490235,45.352656555175784,57.91671752929688,76.24055328369141,181.61260299682618,2026-03-19
2026-03-19 11:00:00,-50.0,98.96213912963867,109.91900329589843,117.77955627441406,131.27871856689453,248.46996994018556,2026-03-19
2026-03-19 12:00:00,-50.0,60.79185333251953,67.89912185668945,76.10678100585938,90.86570434570312,201.2730972290039,2026-03-19
2026-03-19 13:00:00,-50.0,3.8132194519042955,15.494817352294922,27.85015869140625,96.17957153320313,155.7270561218262,2026-03-19
2026-03-19 14:00:00,-50.0,-56.229061126708984,-38.155006408691406,-20.75204467773437,64.64114761352539,153.203044128418,2026-03-19
2026-03-19 15:00:00,-50.0,-62.761907958984374,-38.3413330078125,-22.79534912109375,76.91049499511719,196.58747863769534,2026-03-19
2026-03-19 16:00:00,-47.13874816894531,36.658809661865234,53.89570617675781,72.97373962402344,150.78243103027344,220.82225036621094,2026-03-19
2026-03-19 17:00:00,460.552001953125,236.34735641479492,263.3012825012207,350.9928283691406,382.11974639892577,554.6984817504883,2026-03-19
2026-03-19 18:00:00,329.9880065917969,396.13675384521486,430.95063896179204,503.423095703125,545.5677352905274,638.9782760620117,2026-03-19
2026-03-19 19:00:00,333.2720031738281,503.564461517334,549.1373401641846,631.34521484375,659.07646484375,738.4855895996094,2026-03-19
2026-03-19 20:00:00,500.0,493.83244094848635,528.4759555816651,609.483642578125,639.1466186523437,774.20078125,2026-03-19
2026-03-19 21:00:00,500.0,549.3865943908692,578.0891799926758,664.3510131835938,685.4107124328614,769.573861694336,2026-03-19
2026-03-19 22:00:00,430.0,518.9254791259766,560.170743560791,628.9417724609375,672.0020401000977,752.1793014526368,2026-03-19
2026-03-19 23:00:00,447.5,488.45406341552734,522.698547744751,600.8538818359375,626.0594436645508,707.8854095458985,2026-03-19
2026-03-20 00:00:00,420.0,290.0341506958008,324.59174194335935,358.656005859375,386.17615356445316,447.5320770263672,2026-03-20
2026-03-20 01:00:00,442.5,215.26286430358886,308.08665618896487,341.32305908203125,370.2289672851563,419.1702026367187,2026-03-20
2026-03-20 02:00:00,475.0,224.90962753295898,307.6958740234375,330.2363586425781,361.89769287109374,418.5506164550781,2026-03-20
2026-03-20 03:00:00,305.0,212.6059257507324,278.49896240234375,311.4384460449219,336.5913970947266,384.53880920410154,2026-03-20
2026-03-20 04:00:00,352.5,213.98637390136716,248.88540649414062,274.46405029296875,307.6892059326172,350.76695556640624,2026-03-20
2026-03-20 05:00:00,205.0,160.0960998535156,235.26966552734373,267.94366455078125,305.2116241455078,384.1236175537109,2026-03-20
2026-03-20 06:00:00,117.5,115.0447822570801,194.31840438842775,252.41966247558597,298.63189392089845,356.05177307128906,2026-03-20
2026-03-20 07:00:00,87.5,106.58482055664061,167.07305755615232,240.33029174804688,283.72474975585936,348.6510375976562,2026-03-20
2026-03-20 08:00:00,-50.0,59.730445861816406,114.60332336425782,173.95220947265625,246.77266845703127,354.05817260742185,2026-03-20
2026-03-20 09:00:00,102.5,41.06334495544432,65.33314628601073,98.5021514892578,179.6201961517334,249.41632499694828,2026-03-20
2026-03-20 10:00:00,-50.0,102.55167694091797,129.0963623046875,169.27105712890625,233.80061492919924,311.68992538452153,2026-03-20
2026-03-20 11:00:00,-50.0,194.65316734313961,213.72023506164547,239.42042541503903,324.25391578674316,434.2341739654541,2026-03-20
2026-03-20 12:00:00,-50.0,100.5441650390625,127.8100959777832,147.88609313964844,182.09631729125977,302.2934967041016,2026-03-20
2026-03-20 13:00:00,-50.0,-54.92143287658691,-28.962236404418945,-4.21771240234375,27.94024505615235,147.6433795928955,2026-03-20
2026-03-20 14:00:00,-50.0,-86.61882209777832,-63.27374687194824,-30.0213623046875,44.18825950622559,131.9769588470459,2026-03-20
2026-03-20 15:00:00,-50.0,-89.73837890625,-62.45442352294922,-33.4464111328125,-17.170238113403318,105.92380599975587,2026-03-20
2026-03-20 16:00:00,-50.0,-95.66335029602051,-65.19107322692871,-34.30828857421875,43.882799148559585,134.15543861389162,2026-03-20
2026-03-20 17:00:00,-15.494500160217283,-112.64949951171876,-70.50263175964355,-20.209930419921875,42.77540969848633,119.05702896118166,2026-03-20
2026-03-20 18:00:00,127.5,12.063807678222645,78.74019699096681,144.52674865722656,179.59038391113282,285.1180892944336,2026-03-20
2026-03-20 19:00:00,228.5,52.98288574218749,111.83842735290528,179.32008361816406,216.16411514282228,299.49508438110354,2026-03-20
2026-03-20 20:00:00,61.5,-98.18882980346677,-28.013538742065407,65.82432556152344,96.91953430175784,163.34627990722657,2026-03-20
2026-03-20 21:00:00,168.5,-83.44922943115235,-29.62721138000488,44.48042297363281,81.465869140625,164.66868286132814,2026-03-20
2026-03-20 22:00:00,128.5,-99.87863235473633,-55.029917526245114,27.257965087890625,64.09568634033204,149.108154296875,2026-03-20
2026-03-20 23:00:00,131.0,-131.11633758544923,-65.715673828125,10.888092041015623,63.46088562011719,117.30655517578126,2026-03-20
2026-03-21 00:00:00,139.5,-66.24598236083985,-48.20652084350586,-26.557830810546875,-8.408828735351548,38.04690780639649,2026-03-21
2026-03-21 01:00:00,78.5,-92.71810951232911,-63.31608619689942,-32.67669677734375,-14.546021270751964,37.51475448608399,2026-03-21
2026-03-21 02:00:00,-11.026249885559082,-94.69119720458986,-65.2738136291504,-38.05245971679688,-3.741710662841804,54.61248703002929,2026-03-21
2026-03-21 03:00:00,-50.0,-115.41533584594725,-87.05655364990233,-40.1805419921875,-17.06507415771483,14.539852142333999,2026-03-21
2026-03-21 04:00:00,-44.0,-117.16274337768554,-83.02705459594728,-41.70782470703125,-24.330612182617173,46.30251693725586,2026-03-21
2026-03-21 05:00:00,-49.5,-131.42920150756837,-79.32635498046875,-39.62176513671875,-14.115864562988282,32.759213256835935,2026-03-21
2026-03-21 06:00:00,-45.5,-96.79593696594239,-65.03085060119629,-38.1744384765625,2.8670124053955064,54.12032051086426,2026-03-21
2026-03-21 07:00:00,-40.12125015258789,-78.76143722534181,-54.70177001953125,-35.293212890625,6.3070266723632855,82.57106094360351,2026-03-21
2026-03-21 08:00:00,-50.0,-73.8096061706543,-51.484288787841805,-38.07394409179688,-19.872180175781256,58.21795349121093,2026-03-21
2026-03-21 09:00:00,-50.0,-81.60815887451173,-60.300594329833984,-45.48309326171875,-37.40422134399414,35.76033630371094,2026-03-21
2026-03-21 10:00:00,-50.0,-40.73997344970704,-26.115357971191408,-14.558441162109377,-1.9787040710449233,82.20792846679689,2026-03-21
2026-03-21 11:00:00,-50.0,-43.024782562255865,-34.09339218139648,-23.521392822265625,-14.789706420898437,54.98434677124024,2026-03-21
2026-03-21 12:00:00,-50.0,-78.72394180297852,-59.86849136352539,-48.37445068359375,-37.1664321899414,62.500431060791016,2026-03-21
2026-03-21 13:00:00,-50.0,-76.66245040893554,-56.71574172973634,-45.51715087890625,-38.093929290771484,2.099370193481448,2026-03-21
2026-03-21 14:00:00,-50.0,-68.88554000854492,-58.85769348144531,-46.147308349609375,-32.49775009155273,57.3023536682129,2026-03-21
2026-03-21 15:00:00,-50.0,-76.99165267944338,-54.36563262939454,-44.04660034179688,-26.000375366210942,64.870352935791,2026-03-21
2026-03-21 16:00:00,-49.0,-90.41314239501955,-58.05248031616212,-40.16452026367188,-10.354756546020514,57.82010269165037,2026-03-21
2026-03-21 17:00:00,-14.5,-76.85531768798828,-48.11776123046875,-29.264068603515625,18.570149993896486,102.83009567260743,2026-03-21
2026-03-21 18:00:00,95.0,-96.68785934448242,-47.99603424072266,7.00604248046875,38.05777969360352,118.03025588989259,2026-03-21
2026-03-21 19:00:00,-48.5,-75.28363876342773,-21.28799896240235,30.82162475585937,70.8953483581543,116.12299880981446,2026-03-21
2026-03-21 20:00:00,64.0,-89.83840713500977,-27.526573562622076,17.27618408203125,56.960401153564455,144.2920967102051,2026-03-21
2026-03-21 21:00:00,18.87874984741211,-92.61035842895505,-9.819422149658177,19.8072509765625,52.4232421875,196.4491149902344,2026-03-21
2026-03-21 22:00:00,-48.24250030517578,-111.39875793457031,-44.77763671875,-13.12701416015625,9.415750122070314,60.312606811523466,2026-03-21
2026-03-21 23:00:00,81.6624984741211,-125.74071350097654,-55.662551879882784,-29.17822265625,4.546481323242212,71.64885864257818,2026-03-21
2026-03-22 00:00:00,260.0,79.38601150512696,97.08495864868163,108.85507202148438,122.17250328063965,192.45202713012696,2026-03-22
2026-03-22 01:00:00,234.96749877929688,106.92660484313964,137.0468593597412,154.86520385742188,163.80468635559083,229.20468406677247,2026-03-22
2026-03-22 02:00:00,162.1219940185547,109.76684799194337,139.21416931152345,150.1775360107422,187.31262283325196,268.7488418579102,2026-03-22
2026-03-22 03:00:00,235.2140045166016,183.53814277648925,218.79114112854003,233.0953369140625,264.8682544708252,343.5849178314209,2026-03-22
2026-03-22 04:00:00,244.36700439453125,211.61506996154785,232.6699420928955,256.4773254394531,286.4520488739014,359.60897789001467,2026-03-22
2026-03-22 05:00:00,275.0,245.59373893737794,265.2336612701416,279.0892028808594,294.21364135742186,379.2768009185791,2026-03-22
2026-03-22 06:00:00,280.0,254.41514892578124,281.4933853149414,291.0643310546875,310.99024467468263,393.3144096374512,2026-03-22
2026-03-22 07:00:00,272.5,214.11368255615236,234.75379333496093,252.6273956298828,274.5107982635498,403.45124435424805,2026-03-22
2026-03-22 08:00:00,247.5,138.14507369995118,156.951806640625,170.67340087890625,185.98122520446776,260.6296890258789,2026-03-22
2026-03-22 09:00:00,145.0,-35.019308471679686,-15.16388931274414,-9.602081298828123,-2.400309753417967,14.703446197509768,2026-03-22
2026-03-22 10:00:00,62.5,-16.705471801757813,-7.267172241210938,3.391021728515625,14.266772460937501,34.33830299377442,2026-03-22
2026-03-22 11:00:00,112.5,105.38596878051757,119.54537506103516,126.57630920410156,133.76934661865235,217.66907806396483,2026-03-22
2026-03-22 12:00:00,237.5,139.12372436523438,152.90799560546876,163.84356689453125,176.08228149414063,260.02428283691404,2026-03-22
2026-03-22 13:00:00,237.5,65.64720916748047,84.9573356628418,92.65194702148438,101.37848358154297,124.73569526672364,2026-03-22
2026-03-22 14:00:00,262.5,-13.804302978515626,-0.6961097717285192,6.741668701171875,13.40270004272461,28.25340042114258,2026-03-22
2026-03-22 15:00:00,265.0,49.76725921630859,64.52240600585938,71.05259704589844,78.73168334960937,97.54904556274414,2026-03-22
2026-03-22 16:00:00,477.5,278.52075424194334,289.12032928466795,299.45721435546875,310.0694236755371,326.8429065704346,2026-03-22
2026-03-22 17:00:00,887.25,476.4366775512696,494.5103065490723,510.2164916992188,529.1367511749268,618.6127342224122,2026-03-22
2026-03-22 18:00:00,497.5,918.1152420043945,938.8999534606934,950.1886596679688,961.7551071166993,1063.3928009033202,2026-03-22
2026-03-22 19:00:00,477.5,502.62330436706543,523.2840831756591,540.9444580078125,606.5266193389892,707.9812191009521,2026-03-22
2026-03-22 20:00:00,365.0,459.8940956115723,491.2768852233887,505.0359497070313,564.2435516357423,636.1186851501466,2026-03-22
2026-03-22 21:00:00,576.75,575.3531997680664,595.7445251464844,606.0789794921875,667.4185607910156,728.2133438110352,2026-03-22
2026-03-22 22:00:00,472.5,641.7304740905762,663.8263832092285,678.77978515625,703.470414352417,796.7093109130859,2026-03-22
2026-03-22 23:00:00,455.0,438.11142921447754,468.0950584411621,497.0286865234375,550.0570384979249,630.5893161773681,2026-03-22
2026-03-23 00:00:00,397.5,331.5128768920898,357.6443801879883,379.9454040527344,391.2542358398438,447.3871078491211,2026-03-23
2026-03-23 01:00:00,322.5,262.83166351318357,322.019091796875,346.0718994140625,363.78099517822267,428.1735534667969,2026-03-23
2026-03-23 02:00:00,397.5,248.96121673583986,299.1834716796875,327.2373352050781,372.3854446411133,437.3447601318359,2026-03-23
2026-03-23 03:00:00,295.0,234.27406921386716,283.2800689697266,321.8902282714844,353.8077224731445,438.2137451171875,2026-03-23
2026-03-23 04:00:00,200.0,204.02098312377927,261.4703399658203,294.6630859375,344.42576904296874,408.59533233642577,2026-03-23
2026-03-23 05:00:00,42.5,144.77829971313474,237.4297882080078,264.5655517578125,299.67858428955077,355.3777709960938,2026-03-23
2026-03-23 06:00:00,128.00924682617188,143.56583557128906,221.59739837646484,266.9399108886719,291.99049682617186,382.7854537963867,2026-03-23
2026-03-23 07:00:00,124.67575073242188,92.11044082641604,136.11476364135746,208.3355407714844,240.62014999389652,322.61813430786134,2026-03-23
2026-03-23 08:00:00,-50.0,-39.70082778930664,-2.1361206054687543,34.534759521484375,96.01227416992185,209.90193481445314,2026-03-23
2026-03-23 09:00:00,-50.0,-54.59766159057617,-33.58908309936523,-15.950347900390623,1.3349948883056673,94.34901504516601,2026-03-23
2026-03-23 10:00:00,-50.0,-39.54067459106445,-12.851841735839844,-1.80224609375,15.517432403564452,92.09044342041015,2026-03-23
2026-03-23 11:00:00,-50.0,12.070038604736329,27.219718170166015,38.0875244140625,51.18992233276367,69.64945983886719,2026-03-23
2026-03-23 12:00:00,-50.0,-47.40394744873047,-29.724514770507813,-17.726043701171875,-4.7546234130859375,73.63458557128907,2026-03-23
2026-03-23 13:00:00,-50.0,-49.114985656738284,-33.30109329223633,-25.50958251953125,-12.487824249267579,16.824179840087893,2026-03-23
2026-03-23 14:00:00,-50.0,-60.768359375,-42.90896377563477,-27.782623291015625,-10.548150634765623,71.43272933959962,2026-03-23
2026-03-23 15:00:00,-50.0,-70.0178237915039,-46.202973175048825,-32.60650634765625,-13.288771820068359,119.11436233520507,2026-03-23
2026-03-23 16:00:00,-50.0,-122.7326271057129,-88.61192779541015,-12.414642333984377,29.01265869140625,197.40644073486328,2026-03-23
2026-03-23 17:00:00,-9.0,54.39098777770995,89.21110076904296,125.8658447265625,183.68058280944825,249.57605018615723,2026-03-23
2026-03-23 18:00:00,-18.25,95.17306900024414,170.25378646850584,236.83761596679688,282.9380340576172,421.8210144042969,2026-03-23
2026-03-23 19:00:00,73.75,131.90570907592772,234.6078338623047,260.677978515625,304.66660461425784,399.92041778564453,2026-03-23
2026-03-23 20:00:00,-19.25,101.05008239746093,203.88492889404296,248.48883056640625,294.86981201171875,368.53321075439453,2026-03-23
2026-03-23 21:00:00,68.92424774169922,110.73459892272952,188.66397171020512,217.27903747558597,261.36871032714845,354.2863082885742,2026-03-23
2026-03-23 22:00:00,78.32424926757812,81.9433361053467,171.07438278198245,214.4055938720703,252.80211029052737,321.9053039550781,2026-03-23
2026-03-23 23:00:00,148.26425170898438,42.58733520507815,103.26656951904299,185.34349060058597,225.1905593872071,372.554655456543,2026-03-23
2026-03-24 00:00:00,225.8267517089844,165.09969177246094,199.05860710144043,223.10467529296875,254.7677947998047,311.9341506958008,2026-03-24
2026-03-24 01:00:00,230.0,121.69893608093258,167.13924407958982,195.66009521484372,224.65123672485348,281.0675422668457,2026-03-24
2026-03-24 02:00:00,187.5,56.878902053833,120.32487487792969,134.5150909423828,166.44281616210938,209.97897033691407,2026-03-24
2026-03-24 03:00:00,148.60850524902344,6.242952728271476,68.14443664550781,98.26686096191406,121.58849411010742,189.4985038757324,2026-03-24
2026-03-24 04:00:00,87.5,-70.10774993896484,-20.005960083007814,6.29962158203125,20.71368408203125,89.7471832275391,2026-03-24
2026-03-24 05:00:00,-50.0,-118.68356018066405,-64.89704513549803,-29.510528564453125,3.889859008789074,69.01587829589845,2026-03-24
2026-03-24 06:00:00,-48.5,-112.71953125,-71.14713172912599,-23.72467041015625,20.736244201660156,120.87711944580082,2026-03-24
2026-03-24 07:00:00,-41.9739990234375,-105.70557479858398,-60.32338104248047,-20.72674560546875,23.20276718139649,71.38440780639648,2026-03-24
2026-03-24 08:00:00,-50.0,-79.4882667541504,-58.5796501159668,-37.75128173828125,3.8884811401367188,79.60932388305665,2026-03-24
2026-03-24 09:00:00,-50.0,-85.73846588134765,-60.07108688354492,-39.6072998046875,-28.692499542236327,55.286072540283214,2026-03-24
2026-03-24 10:00:00,-50.0,-63.01793289184571,-41.87150344848633,-21.46197509765625,-2.51235122680664,102.41398315429687,2026-03-24
2026-03-24 11:00:00,-50.0,-40.70087280273438,-21.927579498291017,-10.823333740234377,12.685417175292967,133.4911018371582,2026-03-24
2026-03-24 12:00:00,-50.0,-84.76267700195314,-60.74126281738281,-45.400970458984375,-24.634424209594727,97.11856002807619,2026-03-24
2026-03-24 13:00:00,-50.0,-62.333559417724615,-50.18671798706055,-36.81103515625,-19.293080902099607,67.02101974487304,2026-03-24
2026-03-24 14:00:00,-50.0,-79.09492187500001,-53.93583221435547,-30.910369873046875,39.29488296508789,87.17633590698243,2026-03-24
2026-03-24 15:00:00,-50.0,-64.61872024536133,-46.35074996948242,-28.40557861328125,47.08106307983398,125.42870254516603,2026-03-24
2026-03-24 16:00:00,-50.0,-64.61327056884767,-48.58660049438477,-25.387725830078125,22.053566741943364,105.36044158935547,2026-03-24
2026-03-24 17:00:00,-51.25,-70.58392448425293,-47.76262245178223,-20.478759765625,43.29392585754393,115.8822162628174,2026-03-24
2026-03-24 18:00:00,7.5,141.66478805541993,169.09557571411133,186.48434448242188,206.06820220947264,306.0972160339355,2026-03-24
2026-03-24 19:00:00,162.0,211.7242218017578,233.67031173706056,254.20925903320312,338.117195892334,446.00889129638676,2026-03-24
2026-03-24 20:00:00,215.0,202.58572082519532,219.593408203125,243.1812744140625,277.9896354675293,349.5595275878906,2026-03-24
2026-03-24 21:00:00,242.5,194.53636512756347,223.04967002868653,243.35809326171875,320.7734157562256,380.29833717346196,2026-03-24
2026-03-24 22:00:00,292.5,172.33351974487303,208.09309082031248,242.62625122070312,297.0067283630371,354.94521713256836,2026-03-24
2026-03-24 23:00:00,347.5,149.19756240844725,187.62389984130857,258.8838195800781,281.33440856933595,361.1952362060547,2026-03-24
2026-03-25 00:00:00,500.0,231.43788452148436,249.56072540283202,278.9827575683594,314.6610778808594,369.2190734863281,2026-03-25
2026-03-25 01:00:00,405.0,205.0418754577637,236.22789306640624,254.18328857421875,288.1191772460937,359.1828811645508,2026-03-25
2026-03-25 02:00:00,297.5,161.4538833618164,231.15996551513672,258.3992614746094,286.4757843017578,351.2919616699219,2026-03-25
2026-03-25 03:00:00,450.0,154.94625778198247,221.44977722167968,249.3967437744141,294.5848983764649,359.4243118286133,2026-03-25
2026-03-25 04:00:00,230.0,137.73349609374998,209.03047409057618,245.6548614501953,279.19667053222656,371.4384033203125,2026-03-25
2026-03-25 05:00:00,157.5,147.4543258666992,212.0401954650879,258.27667236328125,288.7727897644043,377.9346977233887,2026-03-25
2026-03-25 06:00:00,107.5,198.00282821655267,240.29688529968257,266.3427124023437,326.0939247131347,407.0876075744628,2026-03-25
2026-03-25 07:00:00,55.76475143432617,202.85711402893065,229.52207221984864,251.49490356445312,304.52857704162597,393.9219806671143,2026-03-25
2026-03-25 08:00:00,-44.95375061035156,-5.565438079833989,26.632152557373047,51.61578369140625,69.11768417358398,152.7133346557617,2026-03-25
2026-03-25 09:00:00,-50.0,-56.00079040527344,-36.93909912109375,-15.59002685546875,9.325928497314454,96.37360000610352,2026-03-25
2026-03-25 10:00:00,-50.0,-36.554457855224605,-15.255242919921878,-0.0089111328125,19.43803634643555,161.07830352783205,2026-03-25
2026-03-25 11:00:00,-50.0,-9.31938705444336,17.36229095458984,38.067138671875,76.46558799743651,171.6448211669922,2026-03-25
2026-03-25 12:00:00,-50.0,18.801020812988277,36.3803955078125,51.06645202636719,75.67924995422364,175.99975509643554,2026-03-25
2026-03-25 13:00:00,-50.0,-35.39659881591797,-7.2976432800292965,7.278350830078125,40.37064056396485,134.53310623168946,2026-03-25
2026-03-25 14:00:00,-50.0,-16.908357238769533,5.845838928222655,24.39129638671875,54.1185287475586,130.9904296875,2026-03-25
2026-03-25 15:00:00,-50.0,53.90068893432618,80.44629440307618,105.92425537109376,139.94524345397951,234.99563446044925,2026-03-25
2026-03-25 16:00:00,-5.0,174.14489822387696,197.3536674499512,211.5074157714844,247.6677886962891,368.4616287231446,2026-03-25
2026-03-25 17:00:00,348.25,291.5346256256104,319.0553981781006,341.0182800292969,397.6249752044678,454.0025127410889,2026-03-25
2026-03-25 18:00:00,271.0,397.83888549804686,434.6810562133789,493.77825927734375,518.4700317382812,568.0170669555664,2026-03-25
2026-03-25 19:00:00,311.6090087890625,277.98907546997066,317.47545967102053,370.590576171875,405.86286239624025,476.9166374206543,2026-03-25
2026-03-25 20:00:00,412.5,262.70627059936527,321.40092773437505,369.2418823242188,405.7285766601563,475.15055236816414,2026-03-25
2026-03-25 21:00:00,407.5,303.50838928222663,343.37115821838387,385.3609008789063,431.904322052002,518.9016487121582,2026-03-25
2026-03-25 22:00:00,480.0,287.5764041900635,347.1205139160156,387.34228515625,420.91644897460935,501.68304443359375,2026-03-25
2026-03-25 23:00:00,515.0,240.29784431457517,313.26259155273436,340.5909729003906,389.7487213134766,478.8709686279297,2026-03-25
2026-03-26 00:00:00,775.0,335.4602828979492,353.0911697387695,382.52545166015625,401.2158462524414,471.6981948852539,2026-03-26
2026-03-26 01:00:00,1000.0,734.4945922851563,763.3917251586914,790.2235107421875,815.4485595703125,889.129426574707,2026-03-26
2026-03-26 02:00:00,825.0,359.4424766540527,412.94742584228516,448.9476318359375,499.0172317504883,553.7482345581054,2026-03-26
2026-03-26 03:00:00,615.0,227.2795715332031,260.2924163818359,298.2732238769531,330.9894653320312,396.6580169677734,2026-03-26
2026-03-26 04:00:00,462.5,202.277864074707,237.18409271240233,270.4237365722656,311.79827575683595,383.82554931640624,2026-03-26
2026-03-26 05:00:00,312.5,169.6794059753418,232.9209197998047,264.986083984375,308.74383239746095,406.9635284423828,2026-03-26
2026-03-26 06:00:00,84.0,156.96102752685545,205.80095520019532,261.72265625,312.1985717773438,438.62217712402344,2026-03-26
2026-03-26 07:00:00,50.81449890136719,201.07289276123043,221.56907577514644,247.41351318359372,314.62832870483396,422.61289978027344,2026-03-26
2026-03-26 08:00:00,222.91900634765625,129.72113265991214,159.69546813964845,188.99136352539065,235.5416786193848,320.1787986755371,2026-03-26
2026-03-26 09:00:00,207.5,120.6174705505371,136.2778564453125,146.6784210205078,162.44953536987305,247.74540252685546,2026-03-26
2026-03-26 10:00:00,238.8000030517578,17.334741210937505,35.01664581298829,48.62814331054688,61.211176300048834,139.98192672729493,2026-03-26
2026-03-26 11:00:00,179.87550354003906,64.41353836059568,87.6947898864746,93.81681823730467,108.57411422729491,203.4799766540527,2026-03-26
2026-03-26 12:00:00,152.5,76.47256393432616,87.87057037353514,99.15568542480467,109.66293411254881,218.9207176208496,2026-03-26
2026-03-26 13:00:00,-50.0,-25.8975830078125,-12.97213363647461,1.71380615234375,22.42641296386719,130.1399238586426,2026-03-26
2026-03-26 14:00:00,97.75,-67.61649017333984,-55.16632995605469,-43.94854736328125,-31.278646850585936,58.60932693481446,2026-03-26
2026-03-26 15:00:00,277.5,-13.054377746582034,7.12058563232422,20.557098388671875,40.893897247314456,162.24065170288085,2026-03-26
2026-03-26 16:00:00,410.0,184.17607650756835,209.12851333618164,236.96563720703125,283.30333251953124,416.634447479248,2026-03-26
2026-03-26 17:00:00,487.5,182.3641555786133,234.85375175476074,303.2063903808594,328.65319137573243,440.24419631958006,2026-03-26
2026-03-26 18:00:00,475.0,243.13725357055665,322.87668228149414,362.06158447265625,410.3926116943359,535.1681030273437,2026-03-26
2026-03-26 19:00:00,412.5,216.54783935546874,279.14667358398435,329.8170471191406,406.5304016113281,471.68841857910155,2026-03-26
2026-03-26 20:00:00,450.0,227.41722106933594,305.8356674194336,341.9586181640625,394.9060455322266,479.77183227539064,2026-03-26
2026-03-26 21:00:00,440.0,378.9299209594727,414.9697875976563,440.5481567382813,510.68009643554694,637.4840209960938,2026-03-26
2026-03-26 22:00:00,500.0,278.0011993408203,349.22375183105464,384.04791259765625,439.2410827636719,530.815396118164,2026-03-26
2026-03-26 23:00:00,714.8690185546875,279.79295120239254,326.04343566894534,352.1401672363281,406.75475616455077,473.0068054199219,2026-03-26
2026-03-27 00:00:00,665.833251953125,548.6530853271485,580.747802734375,608.4476318359375,646.3281616210937,724.3371887207031,2026-03-27
2026-03-27 01:00:00,490.7634887695313,755.4565460205079,797.6429611206055,829.0103149414062,877.6544799804688,949.3845184326171,2026-03-27
2026-03-27 02:00:00,715.4044799804688,867.7647399902345,904.5558380126954,949.3934326171876,997.101287841797,1122.178353881836,2026-03-27
2026-03-27 03:00:00,589.4012451171875,705.0506118774414,760.377897644043,799.4423828125,832.9754302978515,959.8599670410156,2026-03-27
2026-03-27 04:00:00,638.6827392578125,625.4276657104492,675.3246154785156,713.0546875,763.0468200683594,858.3443450927734,2026-03-27
2026-03-27 05:00:00,532.8252563476562,431.9772789001465,487.5368774414062,524.7218627929688,549.1049880981445,625.2659088134766,2026-03-27
2026-03-27 06:00:00,500.0,421.44617042541506,505.3655090332031,549.0919189453125,570.7413436889649,646.4179046630859,2026-03-27
2026-03-27 07:00:00,450.0,271.78872909545896,353.16277236938475,398.1543884277344,444.15772857666013,545.7362197875976,2026-03-27
2026-03-27 08:00:00,295.0,219.3181510925293,265.4939937591553,327.5157470703125,375.7996292114258,497.108837890625,2026-03-27
2026-03-27 09:00:00,210.0,222.86229248046874,284.10144844055174,300.9576721191406,344.8958297729492,444.5253875732422,2026-03-27
2026-03-27 10:00:00,300.0,235.45093612670897,267.2215431213379,289.9586486816406,337.6898017883301,467.35718231201173,2026-03-27
2026-03-27 11:00:00,297.5,269.21433334350587,293.8448295593262,311.41571044921875,332.14348526000975,463.1185752868653,2026-03-27
2026-03-27 12:00:00,297.5,270.6442535400391,294.37124786376955,314.66973876953125,350.5271362304687,423.5029350280762,2026-03-27
2026-03-27 13:00:00,277.5,283.2703666687012,311.29320068359374,337.353759765625,366.78825454711915,449.7070030212402,2026-03-27
2026-03-27 14:00:00,280.0,354.74054794311525,378.5957733154297,403.9849853515625,433.6376583099365,548.0259437561035,2026-03-27
2026-03-27 15:00:00,42.5,424.53706855773925,456.5474796295166,483.3944091796875,515.0636981964111,615.8793537139893,2026-03-27
2026-03-27 16:00:00,455.0,481.0376323699951,497.96422004699707,531.46728515625,604.1386150360107,741.4356777191163,2026-03-27
2026-03-27 17:00:00,415.0,717.7003311157226,761.3726402282715,840.3027954101562,889.0301956176758,1018.1010665893555,2026-03-27
2026-03-27 18:00:00,371.7007446289063,845.3135116577148,897.6957302093506,970.3982543945312,1018.6568542480469,1247.15606842041,2026-03-27
2026-03-27 19:00:00,500.0,357.4988273620605,425.57626190185545,479.2896423339844,533.3993682861328,618.668408203125,2026-03-27
2026-03-27 20:00:00,500.0,278.651309967041,330.39477996826173,394.619384765625,452.8829040527344,603.1405517578125,2026-03-27
2026-03-27 21:00:00,985.0,328.57731475830076,386.9498802185059,446.5570068359375,490.8864974975586,600.2462478637696,2026-03-27
2026-03-27 22:00:00,500.0,363.27075233459476,443.148454284668,473.2694091796875,512.8922332763672,639.8525756835938,2026-03-27
2026-03-27 23:00:00,500.0,381.7405502319336,487.2683792114258,529.912841796875,575.1136581420899,675.0068603515625,2026-03-27
2026-03-28 00:00:00,400.0,568.4395080566406,595.6498962402344,628.242431640625,658.1494140625,715.0911682128906,2026-03-28
2026-03-28 01:00:00,302.5,577.8922332763672,616.7994079589844,638.7459716796875,665.5246520996094,741.3455871582031,2026-03-28
2026-03-28 02:00:00,355.0,498.1992721557617,545.8930786132812,579.0109252929688,614.5160461425781,748.4993438720703,2026-03-28
2026-03-28 03:00:00,412.5,485.3251083374023,578.7021545410156,614.9988403320312,646.3422164916992,728.7196273803711,2026-03-28
2026-03-28 04:00:00,455.0,356.0644836425781,462.0723327636719,503.7286987304688,539.5937042236328,632.9304443359375,2026-03-28
2026-03-28 05:00:00,355.0,300.6851646423339,391.14431762695307,445.36761474609375,499.5600677490234,591.0395965576172,2026-03-28
2026-03-28 06:00:00,470.2862548828125,326.13775024414065,393.2670715332032,431.0181274414063,472.80034179687505,558.1622161865234,2026-03-28
2026-03-28 07:00:00,302.5,288.1401962280274,325.69697265625007,364.0602416992188,426.44539184570317,527.6255599975586,2026-03-28
2026-03-28 08:00:00,302.5,279.73423728942873,310.55715675354,352.9006042480469,406.91679191589355,469.13196296691893,2026-03-28
2026-03-28 09:00:00,305.0,274.3434257507324,329.76026382446287,350.0509338378906,392.2310592651367,473.90761795043943,2026-03-28
2026-03-28 10:00:00,297.5,304.2600387573242,344.63246688842776,372.0101013183594,412.9385818481445,496.1910125732422,2026-03-28
2026-03-28 11:00:00,345.0,338.7609638214111,384.32305870056155,422.4437255859375,466.1446643829346,554.7549900054933,2026-03-28
2026-03-28 12:00:00,373.78424072265625,298.17800178527835,330.0903873443604,361.2966918945313,403.17845268249516,499.8036136627198,2026-03-28
2026-03-28 13:00:00,453.5327453613281,271.2717826843262,298.5455825805664,325.5099182128906,353.3790054321289,434.23104705810545,2026-03-28
2026-03-28 14:00:00,448.5012512207031,320.3815086364746,349.0546028137207,379.6927185058594,404.4736759185791,453.85265121459963,2026-03-28
2026-03-28 15:00:00,398.2539978027344,314.9163600921631,344.06972846984866,374.2275390625,409.57240715026853,483.728316116333,2026-03-28
2026-03-28 16:00:00,276.7244873046875,233.35552215576172,283.8406078338623,306.925537109375,352.6106101989746,457.21504516601567,2026-03-28
2026-03-28 17:00:00,200.78775024414065,165.03872985839843,211.5583381652832,253.53912353515625,286.34311828613284,376.6340087890625,2026-03-28
2026-03-28 18:00:00,281.3104858398437,161.17992477416993,219.13270950317383,272.3102111816406,333.404069519043,431.04028167724607,2026-03-28
2026-03-28 19:00:00,222.99349975585935,173.94397125244137,222.09122467041013,267.73907470703125,296.2661468505859,370.9485687255859,2026-03-28
2026-03-28 20:00:00,260.0,157.61086807250976,224.43016204833984,271.0792236328125,335.2882827758789,435.93017578125,2026-03-28
2026-03-28 21:00:00,225.0,167.12265624999998,240.75821838378906,279.7872314453125,325.90502166748047,426.3848937988281,2026-03-28
2026-03-28 22:00:00,210.9750061035156,155.01485214233395,213.15537261962888,270.82720947265625,312.91393737792964,429.1559356689453,2026-03-28
2026-03-28 23:00:00,115.69650268554688,54.083276367187494,137.1588134765625,185.59478759765625,224.82229614257812,357.62860107421875,2026-03-28
2026-03-29 00:00:00,179.2480010986328,207.90553398132323,244.7390392303467,268.2076110839844,312.72180595397947,378.20701637268064,2026-03-29
2026-03-29 01:00:00,250.2845001220703,220.83544769287107,267.93871841430666,298.6360778808594,345.1848342895508,430.62841949462893,2026-03-29
2026-03-29 02:00:00,267.5,178.47322463989258,234.0685562133789,304.5867614746094,343.60798797607424,401.39290161132817,2026-03-29
2026-03-29 03:00:00,166.354248046875,176.40042724609373,238.6846954345703,289.4500732421875,329.237321472168,448.0451080322266,2026-03-29
2026-03-29 04:00:00,285.0,133.1261428833008,192.71832122802735,277.0596618652344,323.9606674194336,418.6244186401367,2026-03-29
2026-03-29 05:00:00,292.5,169.98811416625978,220.02307624816893,280.00665283203125,314.38431549072266,388.3896087646484,2026-03-29
2026-03-29 06:00:00,292.5,163.8880470275879,216.90161209106446,275.32958984375,313.1913124084473,374.86369705200195,2026-03-29
2026-03-29 07:00:00,277.5,72.17636795043946,124.94384613037109,173.0392303466797,208.67803421020508,338.42997512817385,2026-03-29
2026-03-29 08:00:00,253.4302520751953,36.222225189208984,88.62462768554687,133.12249755859375,178.95221939086915,243.00450363159183,2026-03-29
2026-03-29 09:00:00,275.0,13.708167266845706,78.0605224609375,110.36134338378906,163.19779510498046,254.0284439086914,2026-03-29
2026-03-29 10:00:00,280.0,63.875064086914065,117.68951530456542,150.4010772705078,204.49056091308594,257.102067565918,2026-03-29
2026-03-29 11:00:00,287.5,92.68997802734374,143.22974815368653,189.79571533203125,240.6962043762207,302.6278663635254,2026-03-29
2026-03-29 12:00:00,295.25,113.84237518310546,166.57114028930664,229.49859619140625,270.00452880859376,326.1698654174805,2026-03-29
2026-03-29 13:00:00,273.6507568359375,59.09837722778323,110.69068222045901,185.28016662597656,229.42330169677737,299.9864135742188,2026-03-29
2026-03-29 14:00:00,287.5,21.504042053222648,73.00728225708008,121.99789428710938,161.84260101318358,231.26248931884766,2026-03-29
2026-03-29 15:00:00,305.0,-138.31520767211913,-89.46202087402344,-19.96786499023437,25.297056579589846,96.34239959716797,2026-03-29
2026-03-29 16:00:00,447.5,-145.5116035461426,-67.06856155395508,-13.2801513671875,27.010229492187527,104.00208740234375,2026-03-29
2026-03-29 17:00:00,405.0,-79.08523406982422,-22.40517082214356,46.7962646484375,95.8063705444336,226.45919036865234,2026-03-29
2026-03-29 18:00:00,412.5,194.36506729125978,287.4647705078125,315.03485107421875,359.45434722900393,446.9026077270508,2026-03-29
2026-03-29 19:00:00,284.9027404785156,220.1712188720703,300.9247817993164,349.0783386230469,388.5609634399414,513.0896469116211,2026-03-29
2026-03-29 20:00:00,256.4339904785156,258.2951942443848,299.2686019897461,344.5688171386719,380.74060211181643,438.76685791015626,2026-03-29
2026-03-29 21:00:00,249.04649353027344,400.3506507873536,453.21343879699714,509.6121215820313,535.3266799926758,625.2341613769531,2026-03-29
2026-03-29 22:00:00,282.5,296.2762252807617,341.4532871246338,387.72802734375,426.2853012084961,497.8540603637695,2026-03-29
2026-03-29 23:00:00,297.5,337.59704818725584,390.12710494995116,438.8858642578125,468.5649559020996,515.8222068786621,2026-03-29
2026-03-30 00:00:00,300.0,384.6285758972168,400.57619934082027,417.1435546875,426.9405029296875,445.70765075683596,2026-03-30
2026-03-30 01:00:00,312.5,410.01581954956055,437.31199035644534,455.86138916015625,470.2897476196289,504.03343048095707,2026-03-30
2026-03-30 02:00:00,447.7777404785156,342.2891143798829,392.5703247070313,412.9539184570313,424.4416763305665,465.08231506347664,2026-03-30
2026-03-30 03:00:00,682.9337768554688,356.30235595703124,399.78988189697264,423.0321044921875,442.50710144042966,485.7242401123047,2026-03-30
2026-03-30 04:00:00,682.509521484375,290.8194564819336,347.3290222167969,379.44573974609375,399.48000946044925,436.3034210205078,2026-03-30
2026-03-30 05:00:00,612.0905151367188,264.84763641357415,330.9727111816406,349.2841186523437,369.92512207031245,410.31424255371087,2026-03-30
2026-03-30 06:00:00,630.75,256.6965843200684,307.1061080932617,350.8493957519531,373.85121002197263,417.1265899658203,2026-03-30
2026-03-30 07:00:00,312.5,231.16403884887694,280.7568664550781,328.7055969238281,348.5884750366211,412.2294174194336,2026-03-30
2026-03-30 08:00:00,257.5,191.04809188842773,245.01725120544432,289.8294982910156,317.7466094970703,364.87863006591795,2026-03-30
2026-03-30 09:00:00,290.0,53.54643020629882,104.20074653625488,145.92886352539062,178.78762512207032,238.33663406372074,2026-03-30
2026-03-30 10:00:00,300.0,64.31778717041016,110.7138816833496,160.0378875732422,192.54293060302734,244.1667045593262,2026-03-30
2026-03-30 11:00:00,387.0,15.227827453613273,48.94447708129883,88.99372863769531,127.55891952514648,179.9253074645996,2026-03-30
2026-03-30 12:00:00,402.5,-12.455561828613284,36.590606689453125,72.29617309570312,119.27596435546874,158.7300247192383,2026-03-30
2026-03-30 13:00:00,450.0,46.198401641845706,97.86259155273437,129.09408569335938,184.58992919921874,242.9468734741211,2026-03-30
2026-03-30 14:00:00,645.13623046875,88.8834358215332,144.99514198303223,187.1292724609375,213.25765838623047,256.7105224609375,2026-03-30
2026-03-30 15:00:00,302.5,37.79368286132812,85.91666679382324,132.7847442626953,176.32473678588866,277.6312339782715,2026-03-30
2026-03-30 16:00:00,302.5,34.97883834838866,101.9265968322754,153.77684020996094,188.24892349243163,264.26242141723634,2026-03-30
2026-03-30 17:00:00,455.0,108.64357376098633,167.05706329345702,210.967041015625,250.78337554931642,318.5951126098633,2026-03-30
2026-03-30 18:00:00,297.5,206.81695022583006,268.63491744995116,304.4800720214844,339.25720443725584,401.38381881713866,2026-03-30
2026-03-30 19:00:00,297.5,198.60235443115232,250.6272186279297,305.2514343261719,334.70177001953124,401.24740142822264,2026-03-30
2026-03-30 20:00:00,295.0,170.17888565063475,247.9137420654297,293.66314697265625,342.2409133911133,408.5889694213867,2026-03-30
2026-03-30 21:00:00,295.0,142.66433868408205,224.86825485229494,266.2648010253906,294.2769989013672,372.53662414550786,2026-03-30
2026-03-30 22:00:00,280.0,181.05638351440433,241.22639465332034,287.72369384765625,313.61627197265625,361.04529418945316,2026-03-30
2026-03-30 23:00:00,215.0,152.13210525512693,217.93425064086915,253.43829345703125,272.57311248779297,341.2931442260742,2026-03-30
2026-03-31 00:00:00,262.5,241.40996475219728,266.7233711242676,298.28631591796875,312.79926910400394,355.70561828613285,2026-03-31
2026-03-31 01:00:00,277.5,228.63804550170897,260.7531768798828,282.6725769042969,296.412353515625,329.8731658935547,2026-03-31
2026-03-31 02:00:00,250.0,185.90813140869142,225.47101135253905,250.9185333251953,270.3834365844727,334.9758773803711,2026-03-31
2026-03-31 03:00:00,118.91999816894533,142.11939392089846,190.2334686279297,211.0279235839844,237.07667236328132,283.3209564208985,2026-03-31
2026-03-31 04:00:00,74.80774688720703,105.34762649536133,161.71266021728516,187.64244079589844,210.10477142333986,246.50682983398437,2026-03-31
2026-03-31 05:00:00,-47.83000183105469,-47.77619667053223,9.597653198242188,38.10357666015625,53.50366210937497,91.5939208984375,2026-03-31
2026-03-31 06:00:00,-50.0,-86.45079650878907,-31.162141418457047,1.941436767578125,25.931224060058593,95.16786041259766,2026-03-31
2026-03-31 07:00:00,-43.2822494506836,-91.64066009521484,-47.94839706420898,-5.60223388671875,16.630159759521487,55.69068984985352,2026-03-31
2026-03-31 08:00:00,-50.0,-122.86033325195311,-80.6420269012451,-22.45611572265625,-2.776416015624985,63.29610290527346,2026-03-31
2026-03-31 09:00:00,-50.0,-107.51267547607422,-58.967033767700194,-17.127288818359375,25.384349060058597,70.84687347412113,2026-03-31
2026-03-31 10:00:00,-50.0,-111.24229354858399,-61.85767059326172,-3.57373046875,54.18268737792969,117.71483764648438,2026-03-31
2026-03-31 11:00:00,-50.0,-50.33524017333984,-19.5510612487793,20.141876220703125,80.33391494750977,128.28309860229493,2026-03-31
2026-03-31 12:00:00,-50.0,-55.671491622924805,0.18060417175292542,34.1483154296875,93.82181663513182,167.92205924987795,2026-03-31
2026-03-31 13:00:00,-50.0,-77.15144081115723,-34.388531875610354,4.719146728515625,52.9986515045166,139.48257331848146,2026-03-31
2026-03-31 14:00:00,-50.0,-115.63492088317871,-55.986568069458016,-11.54638671875,48.15971641540525,93.88153190612793,2026-03-31
2026-03-31 15:00:00,-50.0,-138.7898162841797,-68.82980575561524,-16.358642578125,29.59683837890625,101.79720153808594,2026-03-31
2026-03-31 16:00:00,-50.03799819946289,-119.03119735717775,-28.371866607666014,23.911773681640625,46.22434692382812,124.08618469238282,2026-03-31
2026-03-31 17:00:00,197.5,140.96459350585934,193.52311859130856,252.19808959960935,276.1154357910156,341.5274703979492,2026-03-31
2026-03-31 18:00:00,207.5,258.68960723876955,339.3743408203125,369.132568359375,394.14400177001954,498.06002655029295,2026-03-31
2026-03-31 19:00:00,211.75,224.4377182006836,305.04582901000975,349.6298522949219,375.3126876831055,449.357600402832,2026-03-31
2026-03-31 20:00:00,231.4564971923828,243.43505401611333,319.99196319580085,371.8595581054688,399.505485534668,474.003337097168,2026-03-31
2026-03-31 21:00:00,290.0,374.9984474182129,417.65158920288087,490.907470703125,517.108023071289,586.7216827392579,2026-03-31
2026-03-31 22:00:00,300.0,533.4706634521484,611.8211799621582,651.79443359375,690.6172470092773,763.8142623901367,2026-03-31
2026-03-31 23:00:00,347.5,672.8229293823242,728.8538619995118,778.8108520507812,813.1515731811523,884.7509841918945,2026-03-31
2026-04-01 00:00:00,412.5,274.923087310791,293.37464599609376,306.6640930175781,337.6140899658203,381.2020858764648,2026-04-01
2026-04-01 01:00:00,567.8695068359375,260.1114112854004,283.11460571289064,308.963623046875,330.74846801757815,381.38249053955076,2026-04-01
2026-04-01 02:00:00,500.0,254.46246871948236,294.17729644775386,326.2450561523437,356.10240783691404,392.95229644775384,2026-04-01
2026-04-01 03:00:00,500.0,204.97056274414058,255.15403594970698,282.5492553710937,301.4603652954101,361.54335784912104,2026-04-01
2026-04-01 04:00:00,452.5,201.6981658935547,263.77102279663086,286.4493103027344,318.2500061035156,407.07265625,2026-04-01
2026-04-01 05:00:00,500.0,273.8901393890381,328.91343688964844,366.35498046875,388.7525604248047,453.49493713378905,2026-04-01
2026-04-01 06:00:00,457.5,212.40752792358398,258.65027389526364,299.249267578125,336.5936508178711,385.61917877197266,2026-04-01
2026-04-01 07:00:00,372.5,185.29520950317385,213.9981555938721,253.7877349853516,291.0470153808594,352.95744628906255,2026-04-01
2026-04-01 08:00:00,160.0,-59.5977180480957,-21.91774711608887,21.602020263671875,61.64590911865235,128.13323059082032,2026-04-01
2026-04-01 09:00:00,260.0,-63.43733215332031,-23.04050750732422,13.97906494140625,54.49062805175782,130.5506462097168,2026-04-01
2026-04-01 10:00:00,268.3697509765625,97.06360397338867,122.78610000610351,150.87612915039062,201.34683990478513,258.2171691894531,2026-04-01
2026-04-01 11:00:00,156.2364959716797,108.4576545715332,170.90227508544922,200.86398315429688,249.25092391967775,293.7235939025879,2026-04-01
2026-04-01 12:00:00,237.5,4.114855194091788,48.154581451416014,88.64210510253906,123.6325508117676,235.02030868530275,2026-04-01
2026-04-01 13:00:00,117.03900146484376,-63.20922622680665,-36.59192123413085,6.29119873046875,58.41005783081055,132.59540328979494,2026-04-01
2026-04-01 14:00:00,62.5,-78.35482177734374,-37.2130485534668,-16.6453857421875,33.792661285400406,109.42562713623047,2026-04-01
2026-04-01 15:00:00,-50.0,-121.81731491088867,-84.70828285217286,-31.239166259765625,19.819539642333986,98.03699111938477,2026-04-01
2026-04-01 16:00:00,32.5,-104.74045791625979,-56.164469909667986,-19.3173828125,7.9390861511230355,131.9260612487793,2026-04-01
2026-04-01 17:00:00,295.0,9.128121185302732,67.01844177246093,108.74185180664062,150.08753814697266,262.51935424804685,2026-04-01
2026-04-01 18:00:00,302.5,146.06355895996091,209.32796554565425,245.72608947753903,285.6963836669922,349.26021575927734,2026-04-01
2026-04-01 19:00:00,370.0,191.68227119445802,244.63607406616214,280.270263671875,317.13724975585944,379.48007507324223,2026-04-01
2026-04-01 20:00:00,450.0,147.6632251739502,188.47629776000977,222.2116241455078,245.7410980224609,377.8434265136719,2026-04-01
2026-04-01 21:00:00,450.0,114.73918457031249,181.77745666503907,199.5301818847656,230.42357177734377,296.6771179199219,2026-04-01
2026-04-01 22:00:00,327.854736328125,100.791060256958,163.1344451904297,188.20703125,220.28054504394532,313.4451431274414,2026-04-01
2026-04-01 23:00:00,273.468994140625,123.88694305419922,169.98239669799804,206.1238250732422,233.61208496093752,307.4241973876953,2026-04-01
2026-04-02 00:00:00,287.5,160.21222839355468,193.25057525634764,208.038818359375,220.94506225585937,245.0607940673828,2026-04-02
2026-04-02 01:00:00,350.0,250.59135894775392,288.60611419677736,305.72216796875,324.8588409423828,365.41888122558595,2026-04-02
2026-04-02 02:00:00,285.0,216.84842834472656,269.73121490478513,285.6171569824219,305.9702911376953,351.94871978759767,2026-04-02
2026-04-02 03:00:00,280.0,191.73084259033203,252.84962615966796,282.31854248046875,301.9812683105469,378.91355285644534,2026-04-02
2026-04-02 04:00:00,127.75,171.94462661743165,242.1556610107422,271.4075012207031,287.4704193115234,352.6906463623047,2026-04-02
2026-04-02 05:00:00,10.0,101.70765609741211,158.2553924560547,215.36471557617188,248.92430877685547,298.97395477294924,2026-04-02
2026-04-02 06:00:00,-50.0,140.24465103149413,216.0529998779297,251.72772216796875,272.8600341796875,335.08861541748047,2026-04-02
2026-04-02 07:00:00,-47.21749877929688,70.37775955200195,108.22960815429687,146.0428466796875,194.59949188232423,253.78937835693358,2026-04-02
2026-04-02 08:00:00,-50.0,-58.53072128295899,-17.404170989990234,16.193634033203125,63.97169876098633,126.29724807739258,2026-04-02
2026-04-02 09:00:00,-50.0,-55.7410026550293,-21.38569030761719,4.455718994140625,31.842204284667968,123.21823501586914,2026-04-02
2026-04-02 10:00:00,-50.0,-33.48423538208007,-12.785608673095705,8.54144287109375,26.12289810180664,111.88119354248047,2026-04-02
2026-04-02 11:00:00,-50.0,-47.933663940429696,-26.465341949462896,-9.053680419921877,4.948319244384763,49.79253654479981,2026-04-02
2026-04-02 12:00:00,-50.0,-45.99853973388672,-28.87989044189453,-12.852691650390623,5.773364257812501,47.73781776428223,2026-04-02
2026-04-02 13:00:00,-50.0,-52.72867965698242,-36.21272659301758,-18.25155639648437,-3.3898834228515593,47.49483337402344,2026-04-02
2026-04-02 14:00:00,-50.0,-60.953077697753905,-39.885962677001956,-20.57391357421875,-5.905586242675781,35.36995239257812,2026-04-02
2026-04-02 15:00:00,-50.0,-75.6783966064453,-49.73724517822266,-28.92269897460937,-6.090300750732418,68.7352180480957,2026-04-02
2026-04-02 16:00:00,-51.0359992980957,-62.07892532348633,-44.38624725341797,-18.058074951171875,5.431024169921876,72.51157302856446,2026-04-02
2026-04-02 17:00:00,1.5,-46.22468566894531,-25.719589996337895,13.19720458984375,36.882382202148435,123.92999877929688,2026-04-02
2026-04-02 18:00:00,186.5,-23.145146942138666,19.605635833740234,38.33999633789063,85.13935775756835,193.28122558593753,2026-04-02
2026-04-02 19:00:00,165.88475036621094,-82.59020919799802,-23.054603576660135,38.68272399902344,77.28316040039064,154.9136672973633,2026-04-02
2026-04-02 20:00:00,-30.572250366210938,-80.69520797729491,-31.58199882507322,13.011077880859377,61.995510101318374,127.39845352172853,2026-04-02
2026-04-02 21:00:00,-27.17374992370605,-97.19150924682617,-29.73658065795899,11.271942138671877,32.70454483032227,112.28947830200195,2026-04-02
2026-04-02 22:00:00,-54.85599899291992,-123.46835784912109,-65.91323013305664,1.795928955078125,46.57067489624022,127.2348503112793,2026-04-02
2026-04-02 23:00:00,-50.946998596191406,-99.22121124267576,-44.2605255126953,-4.9898681640625,17.253038024902356,84.79666748046878,2026-04-02
2026-04-03 00:00:00,-50.946998596191406,-29.80069808959961,-20.451126861572266,-15.8026123046875,-9.821758270263672,57.44236869812012,2026-04-03
2026-04-03 01:00:00,-50.0,-39.66131439208985,-27.063278198242188,-21.93609619140625,-16.17573776245117,5.271071624755859,2026-04-03
2026-04-03 02:00:00,-50.0,-38.236348724365236,-30.79118881225586,-23.82666015625,-15.796416473388671,113.31221313476564,2026-04-03
2026-04-03 03:00:00,-50.0,-44.7540153503418,-34.022789764404294,-26.466949462890625,-13.473851776123047,106.2193572998047,2026-04-03
2026-04-03 04:00:00,-50.0,-34.52580184936524,-22.889131164550783,-15.103271484375,-8.86651153564453,94.08709030151365,2026-04-03
2026-04-03 05:00:00,-50.0,-42.88144378662109,-27.984539031982425,-20.80157470703125,-10.1640625,110.5727653503418,2026-04-03
2026-04-03 06:00:00,-50.0,-39.53318786621094,-32.58234405517578,-24.325225830078125,-4.772493743896483,116.39254684448244,2026-04-03
2026-04-03 07:00:00,-50.0,-49.89275283813477,-37.803836822509766,-29.788726806640625,-19.152869415283202,104.86650848388672,2026-04-03
2026-04-03 08:00:00,-50.0,-52.55195999145508,-37.49376907348633,-26.83636474609375,-17.180515289306637,91.54575653076172,2026-04-03
2026-04-03 09:00:00,-50.0,-49.90339584350585,-34.05586471557617,-27.93588256835937,-17.62517929077148,98.26202239990235,2026-04-03
2026-04-03 10:00:00,-50.0,-36.91141433715821,-24.968177032470706,-15.467742919921877,-0.6062278747558612,133.03408355712892,2026-04-03
2026-04-03 11:00:00,-50.0,-38.21029357910156,-25.149760437011718,-17.949554443359375,-12.108879089355469,102.7326644897461,2026-04-03
2026-04-03 12:00:00,-50.0,-44.642174530029294,-35.98170700073242,-27.296417236328125,-16.695070648193358,109.81390533447265,2026-04-03
2026-04-03 13:00:00,-50.0,-49.3375114440918,-36.52859954833985,-27.603759765625,-15.938236236572266,103.69332580566407,2026-04-03
2026-04-03 14:00:00,-50.0,-44.5692008972168,-34.65541305541993,-28.475006103515625,-13.186466217041016,113.14974975585938,2026-04-03
2026-04-03 15:00:00,-50.0,-49.26188659667969,-36.028462982177736,-23.808349609375,27.321743392944335,172.1160926818848,2026-04-03
2026-04-03 16:00:00,-50.0,-65.37415924072266,-44.68818054199219,-27.01702880859375,71.74033126831056,133.05629196166993,2026-04-03
2026-04-03 17:00:00,294.0,112.45069961547851,131.5374397277832,145.7776641845703,253.38306274414063,318.45438385009766,2026-04-03
2026-04-03 18:00:00,371.75,258.9988441467285,283.02270965576173,303.7752380371094,400.8325668334961,466.9568862915039,2026-04-03
2026-04-03 19:00:00,423.25,307.58003158569335,341.1598808288574,360.8529357910156,478.2140838623047,561.1707626342774,2026-04-03
2026-04-03 20:00:00,525.0,682.4513397216797,704.4377563476562,728.5989990234375,831.108780670166,909.3209175109863,2026-04-03
2026-04-03 21:00:00,500.0,549.2048789978028,583.4588012695312,615.9349365234375,700.2914932250976,767.7900650024415,2026-04-03
2026-04-03 22:00:00,367.0,311.7191352844238,333.7587944030762,354.379150390625,454.48806228637693,554.0972747802734,2026-04-03
2026-04-03 23:00:00,212.5,256.0722717285156,276.1953521728516,290.1953125,381.9651824951172,488.323804473877,2026-04-03
2026-04-04 00:00:00,277.5,217.70120162963866,259.20702056884767,302.33526611328125,330.3791114807129,362.20815200805663,2026-04-04
2026-04-04 01:00:00,89.72474670410156,140.11676101684571,204.71358261108398,240.8914031982422,259.92374725341796,319.4469589233399,2026-04-04
2026-04-04 02:00:00,-48.99599838256836,29.265685272216786,118.43878555297853,161.50653076171875,180.95870361328127,228.69873504638673,2026-04-04
2026-04-04 03:00:00,-50.0,-93.61371231079102,-46.67783889770509,26.9110107421875,49.65275115966797,106.84201354980469,2026-04-04
2026-04-04 04:00:00,94.60749816894533,-92.03501892089844,-54.7518913269043,-0.077117919921875,42.471028900146486,70.01646575927735,2026-04-04
2026-04-04 05:00:00,-48.75,-97.54402503967286,-68.32180671691896,-15.48260498046875,40.891688156127934,160.46296272277831,2026-04-04
2026-04-04 06:00:00,-51.25,-96.64990844726563,-63.11489028930664,-27.65911865234375,35.031856536865234,83.49721908569336,2026-04-04
2026-04-04 07:00:00,-50.0,-97.61698913574219,-56.59724655151368,-31.25091552734375,42.23366012573241,103.72000503540036,2026-04-04
2026-04-04 08:00:00,-50.0,-72.85859146118163,-46.34930267333985,-27.63201904296875,-5.744019317626954,99.67354125976563,2026-04-04
2026-04-04 09:00:00,-50.0,-66.074951171875,-40.41608657836914,-28.215240478515625,-12.241668701171875,79.31757278442383,2026-04-04
2026-04-04 10:00:00,-50.0,-67.73383178710938,-36.88135223388672,-23.275787353515625,-8.186381530761718,117.53741531372071,2026-04-04
2026-04-04 11:00:00,-50.0,-50.62915954589844,-31.947059631347656,-21.865936279296875,-3.835765075683593,98.75083847045899,2026-04-04
2026-04-04 12:00:00,-50.0,-70.42140197753906,-45.365350341796876,-27.07086181640625,-6.246489715576171,84.65349655151365,2026-04-04
2026-04-04 13:00:00,-50.0,-57.85265579223633,-36.369893646240236,-25.6285400390625,-7.558907318115235,101.25693054199219,2026-04-04
2026-04-04 14:00:00,-50.0,-58.122116851806645,-40.41084442138672,-21.88653564453125,-1.0839370727539048,114.52924499511718,2026-04-04
2026-04-04 15:00:00,-50.0,-71.53295440673828,-53.83816833496094,-23.07647705078125,59.70165328979492,161.9618186950684,2026-04-04
2026-04-04 16:00:00,-50.0,-78.93659362792968,-53.84209671020508,-24.20443725585937,49.27191925048827,138.60995864868167,2026-04-04
2026-04-04 17:00:00,-52.140750885009766,-79.47783508300782,-47.84267578125,-9.3072509765625,65.16700057983398,151.76132125854494,2026-04-04
2026-04-04 18:00:00,90.5,-87.03662567138673,-29.68045349121094,46.22749328613281,85.47949447631837,174.4844352722168,2026-04-04
2026-04-04 19:00:00,181.5,57.28215026855469,103.0380130767822,180.2286376953125,226.16600494384764,341.7444839477539,2026-04-04
2026-04-04 20:00:00,133.0,103.35712966918945,159.50678329467775,215.77381896972656,261.59356384277345,337.45045166015626,2026-04-04
2026-04-04 21:00:00,115.75,79.5749137878418,116.37255554199218,193.53390502929688,230.31777954101562,301.6993865966797,2026-04-04
2026-04-04 22:00:00,25.75,99.50312881469729,149.70885276794436,211.824951171875,247.66714630126953,312.33176727294926,2026-04-04
2026-04-04 23:00:00,36.97724914550781,158.1107036590576,177.22815055847167,205.55877685546875,278.1211429595947,345.407239151001,2026-04-04
2026-04-05 00:00:00,-4.130000114440918,228.94183120727538,249.76629257202148,259.7995910644531,266.9599098205566,285.3016326904297,2026-04-05
2026-04-05 01:00:00,16.727249145507812,226.27366485595698,248.2500839233398,257.1010131835937,268.8915542602538,307.1262660980224,2026-04-05
2026-04-05 02:00:00,193.2144927978516,226.65360336303712,238.42826232910156,247.8462371826172,262.3460823059082,352.8733093261719,2026-04-05
2026-04-05 03:00:00,52.64400100708008,229.25395660400392,240.2035285949707,254.3576202392578,261.4284828186035,297.8223701477051,2026-04-05
2026-04-05 04:00:00,283.229736328125,269.0876129150391,285.2700141906738,296.233154296875,307.60405883789065,350.7469264984131,2026-04-05
2026-04-05 05:00:00,267.5,203.1454734802246,219.74844512939453,225.04400634765625,234.22184066772462,282.1759922027588,2026-04-05
2026-04-05 06:00:00,-45.69649887084961,103.35852355957032,117.52789993286133,125.95797729492188,133.64129333496095,190.02021102905275,2026-04-05
2026-04-05 07:00:00,27.054750442504883,-13.344051361083984,2.771147918701171,10.77227783203125,20.850407409667966,122.32897796630861,2026-04-05
2026-04-05 08:00:00,-50.0,-35.96965408325195,-25.042652130126953,-16.3489990234375,-5.526909637451171,43.530609130859375,2026-04-05
2026-04-05 09:00:00,-50.0,-42.2078353881836,-30.023269653320312,-24.68817138671875,-19.753799438476562,34.03621063232422,2026-04-05
2026-04-05 10:00:00,-50.0,-38.814484405517575,-29.295394134521487,-20.100860595703125,-13.892548370361332,4.183216094970703,2026-04-05
2026-04-05 11:00:00,-50.0,-49.89813079833985,-33.45928802490234,-26.41058349609375,-17.104627990722655,11.640879821777347,2026-04-05
2026-04-05 12:00:00,-50.0,-50.086024475097645,-34.80991287231445,-27.412811279296875,-18.818041992187496,6.16495056152344,2026-04-05
2026-04-05 13:00:00,-50.0,-47.442649841308594,-35.25970458984375,-23.130523681640625,-12.938733673095703,36.2421615600586,2026-04-05
2026-04-05 14:00:00,-50.0,-40.69770660400391,-30.797507476806643,-22.2159423828125,-4.922706604003906,103.27032318115235,2026-04-05
2026-04-05 15:00:00,-50.0,-42.56932144165039,-31.681513214111327,-21.13534545898437,-1.5598030090332031,119.40922775268555,2026-04-05
2026-04-05 16:00:00,-50.0,-41.67516555786133,-32.206303405761716,-20.83700561523437,-6.329545593261715,92.20302047729493,2026-04-05
2026-04-05 17:00:00,-0.3597500026226043,-43.362185668945315,-24.46697158813477,-10.856414794921877,8.868679046630854,130.5025817871094,2026-04-05
2026-04-05 18:00:00,101.3582534790039,87.85750808715821,119.51733856201172,130.3806610107422,216.89842758178713,284.01928939819334,2026-04-05
2026-04-05 19:00:00,171.5,204.2583480834961,227.37597198486327,250.55474853515625,330.11642532348634,404.5944534301758,2026-04-05
2026-04-05 20:00:00,138.0,221.5462615966797,253.3396858215332,266.57452392578125,320.31934585571287,439.7107467651367,2026-04-05
2026-04-05 21:00:00,307.5,345.19982147216797,374.85608901977537,389.0205078125,411.2417366027832,527.9757232666016,2026-04-05
2026-04-05 22:00:00,295.0,480.3081512451172,510.938459777832,525.6170043945312,623.7647399902344,671.8456909179688,2026-04-05
2026-04-05 23:00:00,355.0,419.3551429748535,448.4961654663086,459.7752380371094,482.6591175079346,582.8344245910645,2026-04-05
2026-04-06 00:00:00,397.5,337.87633590698243,361.8932250976562,386.6064758300781,409.4493865966797,459.2307189941406,2026-04-06
2026-04-06 01:00:00,465.0,504.8882827758789,551.7747039794922,571.7369995117188,606.1416748046875,687.3283599853515,2026-04-06
2026-04-06 02:00:00,440.0,159.16437110900878,227.77422027587892,253.41525268554688,280.3639739990234,325.30580139160156,2026-04-06
2026-04-06 03:00:00,257.5,133.7703861236572,200.19247970581054,232.4783935546875,274.2087387084961,370.9701919555664,2026-04-06
2026-04-06 04:00:00,285.0,132.68682365417482,185.67627029418946,225.63650512695312,262.3791534423828,333.06886901855466,2026-04-06
2026-04-06 05:00:00,277.9945068359375,116.54208869934082,165.18503494262694,202.7069091796875,245.58426818847656,301.76162109375,2026-04-06
2026-04-06 06:00:00,-45.64925003051758,77.99604568481445,115.30568809509276,151.38284301757812,193.76945648193362,237.99383544921875,2026-04-06
2026-04-06 07:00:00,74.36849975585938,1.4933631896972628,40.58302764892578,62.662017822265625,84.30715103149414,170.93410110473633,2026-04-06
2026-04-06 08:00:00,-50.0,-45.404736328125004,-26.25066375732422,-10.29364013671875,12.550506591796875,67.70109786987304,2026-04-06
2026-04-06 09:00:00,-50.0,-50.68068618774414,-32.95314712524414,-17.644927978515625,-8.104167175292968,12.969034957885743,2026-04-06
2026-04-06 10:00:00,-50.0,-52.14359359741211,-34.26073532104492,-20.3179931640625,-11.816278076171875,-2.0556602478027344,2026-04-06
2026-04-06 11:00:00,-50.0,-44.45208587646485,-31.791166687011717,-22.17742919921875,-14.24186019897461,2.4300918579101562,2026-04-06
2026-04-06 12:00:00,-50.0,-53.325904083251956,-42.79629821777344,-29.53857421875,-20.1123664855957,-7.689115905761717,2026-04-06
2026-04-06 13:00:00,-50.0,-45.28835830688477,-32.86737365722656,-27.28717041015625,-16.72688522338867,-3.7279853820800746,2026-04-06
2026-04-06 14:00:00,-50.0,-56.789145660400386,-39.11037902832031,-26.80429077148437,-18.338130187988277,7.3328880310058615,2026-04-06
2026-04-06 15:00:00,-50.0,-61.586838531494145,-41.59850540161133,-26.683349609375,-15.740795135498047,12.257762527465822,2026-04-06
2026-04-06 16:00:00,-50.0,-7.147359466552736,13.973567962646484,29.652740478515625,48.505828857421875,80.39518432617189,2026-04-06
2026-04-06 17:00:00,69.8324966430664,119.9527717590332,149.5542106628418,178.38223266601562,214.49771957397462,297.10680465698243,2026-04-06
2026-04-06 18:00:00,225.6647491455078,245.09719200134276,276.65676536560056,310.5039978027344,363.7573429107666,472.76393089294436,2026-04-06
2026-04-06 19:00:00,204.0,236.47791824340823,284.27868690490726,352.799560546875,404.73020324707034,531.8848251342774,2026-04-06
2026-04-06 20:00:00,162.92825317382812,256.2578903198242,312.33413467407223,343.7436828613281,386.52555694580076,482.97203216552737,2026-04-06
2026-04-06 21:00:00,245.8789978027344,254.95848655700684,299.76036529541017,331.77154541015625,362.08400573730466,449.384211730957,2026-04-06
2026-04-06 22:00:00,392.5,198.77853469848634,281.17291259765625,313.6454772949219,374.15122375488284,481.2491088867188,2026-04-06
2026-04-06 23:00:00,455.0,194.0067054748535,265.855485534668,299.88922119140625,347.68305816650394,442.20165252685547,2026-04-06
2026-04-07 00:00:00,396.5,235.6938491821289,259.60616912841795,275.5048828125,295.79702911376955,353.15740356445315,2026-04-07
2026-04-07 01:00:00,392.5,282.4202575683594,305.0784881591797,327.21453857421875,370.9766540527344,418.69761047363284,2026-04-07
2026-04-07 02:00:00,917.0,258.71568603515624,307.6130172729492,333.620361328125,353.1402648925781,411.1478302001953,2026-04-07
2026-04-07 03:00:00,677.5,177.4421356201172,269.8623275756836,290.23297119140625,325.4012649536133,369.1130905151367,2026-04-07
2026-04-07 04:00:00,500.0,116.7062141418457,210.7987518310547,243.5690460205078,276.0091323852539,345.3313385009766,2026-04-07
2026-04-07 05:00:00,417.5,121.17751693725589,184.58390464782715,237.926513671875,265.380200958252,318.58238754272463,2026-04-07
2026-04-07 06:00:00,285.0,126.52094078063968,176.53340492248537,212.8503570556641,265.12161369323735,333.07995643615726,2026-04-07
2026-04-07 07:00:00,115.0,-40.67576904296875,-3.958286285400394,26.04623413085937,88.98560333251953,155.89376296997074,2026-04-07
2026-04-07 08:00:00,282.5,-62.382643127441405,-38.617258453369146,-20.584869384765625,2.6580604553222678,81.5372871398926,2026-04-07
2026-04-07 09:00:00,132.5,-49.13630676269531,-33.36817932128906,-23.7220458984375,-1.8579826354980469,99.88395080566404,2026-04-07
2026-04-07 10:00:00,0.0,-53.25466461181641,-29.358796691894533,-19.07464599609375,-4.3669189453125,87.65448989868165,2026-04-07
2026-04-07 11:00:00,0.0,11.92462615966797,28.979568481445312,43.001007080078125,59.134306335449224,168.22258453369142,2026-04-07
2026-04-07 12:00:00,0.0,-12.153294372558594,3.8650260925292965,19.371246337890625,29.276519775390625,117.79914703369141,2026-04-07
2026-04-07 13:00:00,0.0,-42.28116989135742,-24.184531402587893,-11.118896484375,1.1941337585449219,49.26420135498047,2026-04-07
2026-04-07 14:00:00,0.0,-46.80940704345703,-29.99368515014649,-16.840667724609375,-3.0844596862792972,21.643186569213867,2026-04-07
2026-04-07 15:00:00,-50.0,-47.88992691040039,-31.63439102172852,-19.192779541015625,-5.985118865966797,28.115039443969728,2026-04-07
2026-04-07 16:00:00,-11.5,-58.23644256591797,-33.401586914062506,-10.3729248046875,8.865697860717773,104.7877784729004,2026-04-07
2026-04-07 17:00:00,202.5,-20.48572616577149,2.6489540100097635,25.540802001953125,55.04865112304688,152.79420471191406,2026-04-07
2026-04-07 18:00:00,129.75,20.271804809570312,64.24153442382811,99.8472900390625,166.72877349853516,222.42778167724612,2026-04-07
2026-04-07 19:00:00,-9.0,42.54146194458008,85.85834274291992,145.62490844726562,172.1999984741211,241.47153015136718,2026-04-07
2026-04-07 20:00:00,-55.75,-76.89165267944337,-9.186634063720703,35.98162841796875,67.35278625488282,127.47044067382812,2026-04-07
2026-04-07 21:00:00,88.0,-117.89215927124023,-31.469527435302737,4.9620361328125,31.820147705078124,86.81957397460938,2026-04-07
2026-04-07 22:00:00,-33.324501037597656,-118.44855728149412,-31.75851135253904,-6.950531005859375,21.08226623535159,85.29348144531252,2026-04-07
2026-04-07 23:00:00,-51.75775146484375,-120.28246078491212,-43.955996704101565,-13.12811279296875,27.58502197265625,99.44052429199219,2026-04-07
2026-04-08 00:00:00,-53.74274826049805,-51.12875061035157,-22.21286544799805,-4.713958740234375,30.355533599853516,122.05990447998047,2026-04-08
2026-04-08 01:00:00,-52.598751068115234,-64.2275074005127,-42.8460735321045,-16.528533935546875,67.5027416229248,160.20014610290528,2026-04-08
2026-04-08 02:00:00,-51.31475067138672,-139.37883224487305,-78.22380065917969,-9.55224609375,31.926464080810547,104.98571090698245,2026-04-08
2026-04-08 03:00:00,-50.0,-124.88094177246094,-70.1759147644043,-6.88275146484375,38.370730590820315,121.87454223632812,2026-04-08
2026-04-08 04:00:00,-50.56499862670898,-127.10015487670897,-78.74528388977052,-15.340667724609377,30.44298019409181,120.14702224731445,2026-04-08
2026-04-08 05:00:00,-48.83174896240234,-77.64246063232422,-50.75350494384766,-6.73577880859375,59.38404998779298,117.05300292968751,2026-04-08
2026-04-08 06:00:00,-46.853248596191406,-59.49262466430664,-25.850592803955077,0.079345703125,89.6349281311035,168.63422164916992,2026-04-08
2026-04-08 07:00:00,-48.067501068115234,-41.85320892333984,-22.84640121459961,-10.106964111328123,29.95681343078614,140.63104705810548,2026-04-08
2026-04-08 08:00:00,-50.0,-53.718831634521486,-36.20683059692383,-24.5638427734375,-12.587255096435547,89.44729232788085,2026-04-08
2026-04-08 09:00:00,-50.0,-45.6352653503418,-35.07322235107422,-23.4908447265625,-10.602989196777344,130.39265518188478,2026-04-08
2026-04-08 10:00:00,-50.54850006103516,-39.854956817626956,-29.974780273437503,-20.00018310546875,-4.2818855285644535,32.65451698303223,2026-04-08
2026-04-08 11:00:00,-41.979000091552734,18.823223114013672,34.72188186645508,41.47761535644531,47.80100936889649,67.89052658081054,2026-04-08
2026-04-08 12:00:00,-52.53350067138672,-1.7798255920410178,13.1234375,24.438751220703125,33.37482452392578,125.76384963989256,2026-04-08
2026-04-08 13:00:00,-51.747501373291016,-2.469412994384765,14.1953498840332,22.2601318359375,30.88750305175781,90.04085998535155,2026-04-08
2026-04-08 14:00:00,30.75,4.061974334716798,19.518234252929688,28.563140869140625,43.751959228515624,135.8650695800781,2026-04-08
2026-04-08 15:00:00,149.2657470703125,-9.322198486328126,9.276824188232421,21.165191650390625,37.333777618408206,180.16815567016602,2026-04-08
2026-04-08 16:00:00,179.72850036621094,88.97000427246093,107.02216873168945,127.46571350097656,160.00309410095215,284.03493804931645,2026-04-08
2026-04-08 17:00:00,150.9147491455078,202.0834228515625,232.22489471435546,260.9705810546875,341.81158142089845,415.8091705322266,2026-04-08
2026-04-08 18:00:00,199.0,223.30622634887695,243.26738891601562,300.1885986328125,376.2196128845215,475.6905693054199,2026-04-08
2026-04-08 19:00:00,209.0,188.3849838256836,235.99714469909668,305.01739501953125,331.9485794067383,398.7988479614258,2026-04-08
2026-04-08 20:00:00,70.5,180.14735717773436,236.90104598999022,307.69549560546875,349.9547981262207,451.22160720825195,2026-04-08
2026-04-08 21:00:00,208.9960021972656,175.79050521850587,223.85417327880856,301.60552978515625,342.4076606750488,492.7389717102051,2026-04-08
2026-04-08 22:00:00,185.34649658203125,164.8140953063965,196.3218029022217,262.94879150390625,309.9904426574707,384.0664741516113,2026-04-08
2026-04-08 23:00:00,257.2304992675781,116.21276550292963,169.04934768676753,234.88430786132807,266.8189132690429,353.4205673217773,2026-04-08
2026-04-09 00:00:00,282.5,123.25902023315432,176.895565032959,192.9810943603516,225.89371643066409,286.8820785522461,2026-04-09
2026-04-09 01:00:00,280.0,58.05890655517578,120.44876708984376,149.55654907226562,177.54202270507812,222.68654785156252,2026-04-09
2026-04-09 02:00:00,247.5,111.67064018249512,164.72881317138672,211.00439453125,238.688623046875,323.3074783325195,2026-04-09
2026-04-09 03:00:00,55.89125061035156,110.41509704589843,194.80908966064453,233.66807556152344,263.4885955810547,337.37284698486326,2026-04-09
2026-04-09 04:00:00,198.19924926757807,140.1692558288574,208.13938140869138,241.49407958984372,279.66111907958987,344.64574432373047,2026-04-09
2026-04-09 05:00:00,197.9982452392578,50.51344451904296,121.64858016967773,170.20098876953125,204.2516845703125,281.02952880859374,2026-04-09
2026-04-09 06:00:00,57.98949813842773,35.80577926635742,94.7203311920166,136.3021240234375,193.85122299194336,236.12874221801758,2026-04-09
2026-04-09 07:00:00,0.0,-60.866004180908206,-21.678080749511718,1.8255615234375,41.58995819091797,142.86658630371093,2026-04-09
2026-04-09 08:00:00,-50.0,-71.09141693115234,-40.81872711181641,-15.483306884765623,7.545952606201174,106.59254150390625,2026-04-09
2026-04-09 09:00:00,-50.0,-80.70653228759767,-47.98277893066407,-20.94012451171875,19.53683853149414,126.41596527099611,2026-04-09
2026-04-09 10:00:00,-37.5,-62.078546142578126,-37.84828872680664,-6.031463623046875,29.41334915161132,94.17846069335938,2026-04-09
2026-04-09 11:00:00,19.03274917602539,-63.45497512817383,-37.44559860229492,-17.029052734375,7.643672180175777,87.60518264770508,2026-04-09
2026-04-09 12:00:00,273.5,-63.44273376464844,-40.59115753173828,-22.59185791015625,10.233673477172857,86.39116439819337,2026-04-09
2026-04-09 13:00:00,170.0,-59.684051513671875,-31.6092041015625,-8.162841796875,12.393796920776367,133.60830688476562,2026-04-09
2026-04-09 14:00:00,140.0,-69.40743408203124,-38.00200576782227,-15.81414794921875,17.358290481567387,106.22907104492188,2026-04-09
2026-04-09 15:00:00,17.5,-99.4586883544922,-56.05192565917969,-27.728759765625,15.070500183105473,91.64756927490235,2026-04-09
2026-04-09 16:00:00,-50.0,-84.36659965515138,-56.0034366607666,-19.184539794921875,28.464452743530288,94.37738838195804,2026-04-09
2026-04-09 17:00:00,155.75,-29.853916168212905,20.457101440429675,72.62191772460938,116.63130111694335,204.61555709838868,2026-04-09
2026-04-09 18:00:00,250.0,146.76140975952148,186.8738052368164,246.19732666015625,289.6895149230957,382.6230018615723,2026-04-09
2026-04-09 19:00:00,267.8659973144531,178.1892143249512,223.53702774047852,276.1914978027344,318.3746170043945,362.2207504272461,2026-04-09
2026-04-09 20:00:00,350.0,108.00147552490236,149.78745613098147,203.0650329589844,235.53121871948244,317.8116340637207,2026-04-09
2026-04-09 21:00:00,256.5385131835937,12.284349060058602,65.44758224487306,108.57595825195312,141.37439117431643,194.02384185791016,2026-04-09
2026-04-09 22:00:00,324.07000732421875,-34.97264251708985,14.961372375488281,75.67134094238281,121.88239135742188,197.37807617187502,2026-04-09
2026-04-09 23:00:00,282.5,27.976699066162112,85.41186294555663,145.48377990722656,185.14800872802735,288.8103317260742,2026-04-09
2026-04-10 00:00:00,267.5,123.02429962158203,164.73943901062012,223.2662353515625,248.56502304077148,299.4929573059082,2026-04-10
2026-04-10 01:00:00,230.0,100.86005630493166,169.8505783081055,203.3965759277344,238.84421081542973,302.5064804077149,2026-04-10
2026-04-10 02:00:00,156.6719970703125,-18.29548416137696,70.95767211914062,106.55831909179688,140.044921875,217.18482055664063,2026-04-10
2026-04-10 03:00:00,200.0,-66.8577491760254,-17.396400451660156,30.12091064453125,57.32581253051758,137.70167922973633,2026-04-10
2026-04-10 04:00:00,262.5,-86.8757423400879,-46.6616683959961,28.65399169921875,68.22692413330078,124.92686920166015,2026-04-10
2026-04-10 05:00:00,262.5,-98.55498580932618,-39.64175567626954,34.63006591796875,55.55430374145506,162.79794998168947,2026-04-10
2026-04-10 06:00:00,99.9187469482422,-82.4982421875,-33.53820648193359,15.97705078125,71.30513992309571,114.5604835510254,2026-04-10
2026-04-10 07:00:00,8.789250373840332,-52.30693664550781,-20.401795196533204,-1.8524169921875,19.80972785949707,101.35038223266599,2026-04-10
2026-04-10 08:00:00,-47.37749862670898,-72.08707962036132,-39.634578704833984,-22.046051025390625,-6.622090911865234,43.0243637084961,2026-04-10
2026-04-10 09:00:00,-50.0,-71.855224609375,-43.246647644042966,-18.76708984375,1.0133407592773445,51.42705307006837,2026-04-10
2026-04-10 10:00:00,-50.0,-55.667553710937504,-33.8922119140625,-19.925018310546875,2.4216537475585938,92.30027542114259,2026-04-10
2026-04-10 11:00:00,-50.0,-61.494030761718754,-42.30489807128906,-24.5877685546875,-2.017483520507813,28.365285873413086,2026-04-10
2026-04-10 12:00:00,-50.0,-54.232913208007815,-36.04363250732422,-21.251434326171875,-7.313155364990234,37.1946159362793,2026-04-10
2026-04-10 13:00:00,-50.0,-60.151465606689456,-39.75965270996094,-21.07666015625,-6.289900207519532,17.810213851928715,2026-04-10
2026-04-10 14:00:00,-50.0,-72.72554626464844,-46.41804885864258,-21.13531494140625,-5.0171768188476555,53.00281677246093,2026-04-10
2026-04-10 15:00:00,-50.0,-78.45173110961915,-49.81425323486329,-20.111053466796875,16.01801528930664,82.4757080078125,2026-04-10
2026-04-10 16:00:00,-50.0,-90.86242828369141,-55.68830490112305,-18.135284423828125,14.507389831542973,119.57682800292969,2026-04-10
2026-04-10 17:00:00,19.098249435424805,-97.17751693725586,-49.08341331481934,-5.020111083984375,43.8788200378418,109.70411911010743,2026-04-10
2026-04-10 18:00:00,136.75625610351562,64.08650588989258,107.76752853393555,179.4618682861328,217.29571990966798,279.43323822021483,2026-04-10
2026-04-10 19:00:00,175.25799560546875,207.52406997680666,257.08417892456055,309.2537536621094,348.40707702636723,485.0548751831055,2026-04-10
2026-04-10 20:00:00,286.49725341796875,310.4105949401856,356.3724067687989,419.2418823242188,445.43271179199223,535.0527770996094,2026-04-10
2026-04-10 21:00:00,432.0,317.29924926757815,369.7939231872559,421.5083618164063,470.6912002563477,563.8114685058595,2026-04-10
2026-04-10 22:00:00,1300.0,144.04119720458982,203.5252426147461,255.35671997070312,290.84358978271484,373.1245681762695,2026-04-10
2026-04-10 23:00:00,1050.0,122.35084609985351,191.4682258605957,239.41574096679688,289.0797805786133,391.26436004638674,2026-04-10
2026-04-11 00:00:00,1050.0,112.83162689208979,146.25518188476556,231.90042114257807,321.8273071289062,470.24957885742185,2026-04-11
2026-04-11 01:00:00,487.5,8.043409729003912,70.24650268554687,155.9708709716797,237.99704895019534,383.6207733154297,2026-04-11
2026-04-11 02:00:00,450.0,-30.814237213134774,64.5969482421875,122.68682861328124,181.47137451171875,373.1094116210937,2026-04-11
2026-04-11 03:00:00,317.5,12.396743774414062,112.702880859375,165.1483154296875,255.21719970703126,398.89013671875006,2026-04-11
2026-04-11 04:00:00,275.0,-18.90670089721681,45.697213745117175,90.81402587890624,142.1256164550781,314.1687957763672,2026-04-11
2026-04-11 05:00:00,280.0,-55.99001731872559,11.510391235351562,60.0115966796875,117.89530487060547,330.9239288330079,2026-04-11
2026-04-11 06:00:00,77.5,-98.02424392700195,-46.907200622558584,2.93841552734375,50.426626586914075,171.5462661743164,2026-04-11
2026-04-11 07:00:00,53.78575134277344,-110.80404129028321,-64.272265625,-24.53021240234375,35.8103889465332,104.23891220092773,2026-04-11
2026-04-11 08:00:00,-49.05974960327149,-86.87076416015624,-57.301659393310544,-28.01156616210937,27.66084136962891,88.88729095458984,2026-04-11
2026-04-11 09:00:00,-50.0,-16.357222747802737,9.939755249023438,30.04278564453125,85.76654052734375,261.33665390014653,2026-04-11
2026-04-11 10:00:00,-50.0,-68.24980735778809,-30.76693458557129,-5.946014404296875,20.973428344726564,102.05571937561035,2026-04-11
2026-04-11 11:00:00,-50.0,-89.69845733642578,-51.841094970703125,-30.2186279296875,11.667393493652348,154.40921173095705,2026-04-11
2026-04-11 12:00:00,-50.0,-106.19058303833008,-61.23202209472656,-31.4090576171875,2.921549224853514,98.98458786010744,2026-04-11
2026-04-11 13:00:00,-50.0,-84.74662857055665,-58.469398498535156,-30.945281982421875,-11.402471923828124,93.96722946166993,2026-04-11
2026-04-11 14:00:00,-50.0,-82.74878463745117,-54.433041381835935,-33.77294921875,8.67380065917969,126.62163238525392,2026-04-11
2026-04-11 15:00:00,-50.0,-86.02722549438477,-61.20091857910157,-33.494964599609375,-0.4280052185058594,101.27539367675783,2026-04-11
2026-04-11 16:00:00,-50.0,-87.78158645629884,-57.14765243530273,-33.691436767578125,-1.5882186889648438,132.50981750488282,2026-04-11
2026-04-11 17:00:00,-48.42974853515625,-96.2392204284668,-63.017061996459965,-28.70050048828125,15.313600158691422,137.33307495117188,2026-04-11
2026-04-11 18:00:00,13.344499588012695,-120.80785675048828,-69.4882667541504,-10.5703125,63.86292572021485,258.78382873535156,2026-04-11
2026-04-11 19:00:00,-45.5,-106.26084442138672,-46.749717712402344,-8.735992431640625,53.00110168457034,245.54861450195312,2026-04-11
2026-04-11 20:00:00,15.64150047302246,-119.73452453613281,-50.253909301757815,-5.246246337890625,61.91737976074219,284.48876953125,2026-04-11
2026-04-11 21:00:00,133.8767547607422,-135.80002975463867,-61.996177673339844,15.0621337890625,66.90698699951173,166.3988998413086,2026-04-11
2026-04-11 22:00:00,191.604248046875,-130.73490066528322,-41.57610321044922,12.20245361328125,74.25653076171875,226.27517700195307,2026-04-11
2026-04-11 23:00:00,213.71499633789065,-116.48925704956055,-39.880567932128905,8.286529541015625,87.62535552978515,214.61805267333986,2026-04-11
2026-04-12 00:00:00,340.0,79.18322753906251,107.43763961791993,143.40586853027344,181.91176757812502,220.9537033081055,2026-04-12
2026-04-12 01:00:00,285.0,17.329124450683608,52.454403305053724,101.79949951171876,122.14545822143556,161.61776962280274,2026-04-12
2026-04-12 02:00:00,-27.868000030517575,-90.81834030151369,-33.41149368286134,6.329193115234375,37.98748550415036,103.14242630004881,2026-04-12
2026-04-12 03:00:00,-39.30950164794922,-105.22396545410156,-71.68625564575196,-3.93109130859375,31.188601684570315,104.82041473388672,2026-04-12
2026-04-12 04:00:00,37.119998931884766,-92.16139602661133,-54.10763931274414,3.362152099609375,41.2104850769043,81.6220314025879,2026-04-12
2026-04-12 05:00:00,95.385498046875,-9.928272247314453,17.354920959472654,46.46870422363281,111.69826278686523,162.5357383728027,2026-04-12
2026-04-12 06:00:00,138.0332489013672,11.984645080566402,29.71265106201172,51.919769287109375,80.29943923950195,153.3405860900879,2026-04-12
2026-04-12 07:00:00,8.397000312805176,-10.741143798828126,20.325933074951166,34.96807861328125,49.894921112060544,130.68828201293945,2026-04-12
2026-04-12 08:00:00,-49.385501861572266,-47.91508712768555,-33.400630187988284,-17.10113525390625,-7.188974761962893,70.2707633972168,2026-04-12
2026-04-12 09:00:00,37.5,-52.00302352905274,-30.962550354003902,-22.61166381835937,-13.759182739257808,6.988642120361334,2026-04-12
2026-04-12 10:00:00,117.2125015258789,-46.36799697875976,-28.498699951171876,-19.18048095703125,-5.513420104980469,81.43187255859375,2026-04-12
2026-04-12 11:00:00,25.0,-46.133026885986325,-30.947188568115237,-16.580841064453125,-6.671749877929686,80.72354278564454,2026-04-12
2026-04-12 12:00:00,21.294750213623047,-55.784541320800784,-33.01834259033203,-19.36962890625,-3.0100044250488267,74.567342376709,2026-04-12
2026-04-12 13:00:00,0.0,-54.06515655517578,-35.69244537353516,-21.370819091796875,-11.304994201660156,68.93959274291991,2026-04-12
2026-04-12 14:00:00,60.0,-54.25849075317383,-33.397438049316406,-21.750762939453125,-12.721621704101562,71.80349960327149,2026-04-12
2026-04-12 15:00:00,231.57974243164065,-63.14905166625976,-39.953040313720706,-24.8223876953125,-4.3356803894042955,139.5715744018555,2026-04-12
2026-04-12 16:00:00,227.5,-10.137443542480469,13.450855255126953,32.19061279296875,52.74836044311523,143.7058532714844,2026-04-12
2026-04-12 17:00:00,280.0,253.42629852294922,286.94638900756837,305.515625,325.1951221466064,416.6132957458496,2026-04-12
2026-04-12 18:00:00,282.5,462.1066158294678,487.10152168273925,510.3851318359375,562.8230785369873,641.907303237915,2026-04-12
2026-04-12 19:00:00,215.7387542724609,350.41955642700196,380.072713470459,409.6816711425781,462.58689727783207,569.4466949462891,2026-04-12
2026-04-12 20:00:00,29.75,262.34497146606446,296.2234909057617,349.75323486328125,397.6165740966797,493.7286254882813,2026-04-12
2026-04-12 21:00:00,88.75,317.9320816040039,349.3682716369629,414.95123291015625,450.26892013549804,556.2519401550293,2026-04-12
2026-04-12 22:00:00,71.5,241.93777618408197,324.2507247924804,343.8515014648437,381.19316558837886,488.6530776977538,2026-04-12
2026-04-12 23:00:00,153.65725708007812,142.97474060058593,218.2365951538086,237.4601287841797,268.20777130126953,348.22468719482424,2026-04-12
2026-04-13 00:00:00,185.60874938964844,45.358788299560544,113.7396240234375,152.2320098876953,177.3311828613281,317.4507019042969,2026-04-13
2026-04-13 01:00:00,113.09925079345705,8.37219161987305,61.6325439453125,116.71475219726562,139.57286529541017,175.9014114379883,2026-04-13
2026-04-13 02:00:00,172.5,85.10257110595703,161.859912109375,194.78692626953125,239.47042388916014,345.77479400634763,2026-04-13
2026-04-13 03:00:00,150.0,92.27667083740235,150.38339805603027,203.80821228027344,244.66401824951174,310.8254165649414,2026-04-13
2026-04-13 04:00:00,208.989501953125,25.83468246459961,97.89457168579102,151.07968139648438,200.27439193725587,280.8520225524902,2026-04-13
2026-04-13 05:00:00,150.10174560546875,12.62858161926269,52.69010353088379,99.15408325195312,165.7694606781006,228.27349662780765,2026-04-13
2026-04-13 06:00:00,128.50050354003906,83.43774757385253,111.36868782043457,134.1719207763672,170.5797092437744,239.22462882995606,2026-04-13
2026-04-13 07:00:00,18.436250686645508,-35.10292739868164,-18.22221450805664,10.121337890625,44.0924617767334,141.9877006530762,2026-04-13
2026-04-13 08:00:00,85.34124755859375,-53.085713195800786,-32.73314208984375,-20.089141845703125,12.887104797363286,113.02988891601561,2026-04-13
2026-04-13 09:00:00,-45.47299957275391,-54.599073791503905,-31.91002655029297,-21.269561767578125,-1.3950881958007812,112.88572006225587,2026-04-13
2026-04-13 10:00:00,-14.018250465393066,-53.818624877929686,-35.3873291015625,-17.92071533203125,-1.1633377075195312,95.49557189941407,2026-04-13
2026-04-13 11:00:00,8.366000175476074,-35.19109954833985,-22.893992614746097,-9.90289306640625,7.3900886535644545,122.66249542236329,2026-04-13
2026-04-13 12:00:00,210.0,-42.52358703613282,-21.469126892089847,-7.317047119140625,6.2083793640136715,116.723836517334,2026-04-13
2026-04-13 13:00:00,217.5,-40.80763549804688,-22.68457489013672,-6.41949462890625,15.52633094787598,108.65174560546875,2026-04-13
2026-04-13 14:00:00,182.5,-52.7410385131836,-33.325319671630865,-13.16632080078125,1.1417373657226566,82.14409255981444,2026-04-13
2026-04-13 15:00:00,245.0,-68.18028945922852,-43.01518478393555,-16.62213134765625,12.605514907836916,117.98591766357421,2026-04-13
2026-04-13 16:00:00,282.5,-35.85910415649414,-9.14595718383789,9.953369140625,87.69487228393555,240.83673324584962,2026-04-13
2026-04-13 17:00:00,300.0,201.07902030944825,240.77431983947753,272.484375,320.70116844177244,444.59019355773927,2026-04-13
2026-04-13 18:00:00,287.5,273.4302505493164,319.0281127929687,351.1282958984375,411.53663482666013,500.39667282104494,2026-04-13
2026-04-13 19:00:00,285.0,256.59555740356444,301.00809783935546,339.02020263671875,391.7018569946289,469.4206939697266,2026-04-13
2026-04-13 20:00:00,280.0,212.77563133239744,244.5408000946045,277.3106994628906,338.81844367980955,379.6410915374756,2026-04-13
2026-04-13 21:00:00,280.0,257.4678359985352,286.18490982055664,301.3786926269531,366.8394653320313,453.11865005493166,2026-04-13
2026-04-13 22:00:00,285.0,192.71589126586906,245.43454208374018,273.0619506835937,321.02305450439445,371.052025604248,2026-04-13
2026-04-13 23:00:00,280.0,187.65326385498048,244.6588176727295,285.1062927246094,331.75414581298827,434.6745483398438,2026-04-13
2026-04-14 00:00:00,452.5,253.77488632202147,308.5107368469238,326.05633544921875,345.40470123291016,414.6735412597656,2026-04-14
2026-04-14 01:00:00,447.5,254.21044807434083,298.08116683959963,314.8072814941406,348.94816131591796,411.8849212646484,2026-04-14
2026-04-14 02:00:00,500.0,162.0837421417236,227.38593063354492,248.55519104003903,284.8925537109375,348.6842559814453,2026-04-14
2026-04-14 03:00:00,397.5,135.13409576416018,203.65202713012698,234.42593383789065,271.4736312866211,356.2813003540039,2026-04-14
2026-04-14 04:00:00,603.4404907226562,137.62995300292965,193.0984886169433,231.58937072753903,259.78969573974604,311.1577011108398,2026-04-14
2026-04-14 05:00:00,912.75,113.18038711547851,160.25047225952147,209.0864105224609,237.45617218017577,298.8780548095703,2026-04-14
2026-04-14 06:00:00,447.5,31.136031341552737,65.46788101196289,123.05032348632812,148.26151580810546,209.5123207092285,2026-04-14
2026-04-14 07:00:00,417.5,-56.55502624511719,-25.52318801879883,0.041839599609375,55.634630584716795,122.26057205200196,2026-04-14
2026-04-14 08:00:00,604.0,-60.84199523925781,-41.64493865966797,-18.0396728515625,15.41081237792968,91.17986450195313,2026-04-14
2026-04-14 09:00:00,218.25,-53.8028205871582,-31.224556732177735,-15.434326171875,0.37163543701171875,86.37792663574218,2026-04-14
2026-04-14 10:00:00,115.0,-53.63167190551758,-32.22733840942383,-12.1798095703125,9.70400161743164,95.78400421142578,2026-04-14
2026-04-14 11:00:00,-50.0,-41.09587097167969,-21.936305236816406,-5.17291259765625,15.98976287841797,110.68832015991211,2026-04-14
2026-04-14 12:00:00,-50.0,-51.904459381103514,-28.667633819580082,-13.384490966796877,11.371503448486328,82.5436149597168,2026-04-14
2026-04-14 13:00:00,-50.0,-48.30157928466797,-30.677922821044923,-7.98358154296875,13.439226150512695,126.39440002441407,2026-04-14
2026-04-14 14:00:00,-50.0,-36.45738983154297,-18.244873046875,-5.90228271484375,26.132487106323246,132.24339141845704,2026-04-14
2026-04-14 15:00:00,-50.0,-53.0972640991211,-30.44782257080078,-12.590576171875,22.11044845581055,149.3538055419922,2026-04-14
2026-04-14 16:00:00,-25.5,-63.81068153381348,-34.39369621276855,-10.002471923828123,34.48111915588379,133.48159980773926,2026-04-14
2026-04-14 17:00:00,149.0072479248047,-41.429456329345705,-3.1290016174316335,56.23648071289063,92.49822998046875,193.11758728027345,2026-04-14
2026-04-14 18:00:00,224.6957550048828,165.4322570800781,196.80878448486328,259.05780029296875,310.46919479370115,415.82918014526365,2026-04-14
2026-04-14 19:00:00,289.6762390136719,238.88528671264646,281.6512477874756,309.2613220214844,361.05597457885744,450.42012710571294,2026-04-14
2026-04-14 20:00:00,241.6374969482422,310.11841812133787,355.47298469543455,415.4737548828125,460.1623199462891,555.9850463867188,2026-04-14
2026-04-14 21:00:00,240.38525390625,372.7762275695801,422.84634590148926,469.9250793457031,511.07778396606443,652.3581871032715,2026-04-14
2026-04-14 22:00:00,260.0,206.86876678466797,261.861319732666,319.68359375,359.9205947875976,466.1694839477539,2026-04-14
2026-04-14 23:00:00,255.0,156.9505928039551,193.07856292724608,259.66363525390625,293.5107475280762,402.6775779724121,2026-04-14
2026-04-15 00:00:00,225.0,143.3800003051757,179.3772468566894,200.31838989257807,217.8976684570312,257.1654830932617,2026-04-15
2026-04-15 01:00:00,215.0,152.65932922363282,192.87680206298828,221.37466430664065,235.92718200683598,306.81706848144535,2026-04-15
2026-04-15 02:00:00,197.5,153.74537048339843,201.76934356689452,228.73922729492188,252.06182861328125,305.74532623291014,2026-04-15
2026-04-15 03:00:00,115.01074981689452,157.19844284057615,213.53256378173828,236.04122924804688,262.0786895751953,315.5072219848633,2026-04-15
2026-04-15 04:00:00,132.5,170.9702453613281,205.98766937255857,225.14877319335935,251.0963104248047,325.9592376708984,2026-04-15
2026-04-15 05:00:00,13.166749954223633,-56.78480224609375,-4.565219116210965,19.3701171875,51.69260864257813,124.56392059326173,2026-04-15
2026-04-15 06:00:00,-49.51499938964844,-82.34994125366212,-27.160616302490247,14.785919189453123,48.805619812011706,105.81532440185548,2026-04-15
2026-04-15 07:00:00,-52.01224899291992,-105.0062843322754,-65.98319702148437,-1.417205810546875,24.99478530883789,113.71250228881836,2026-04-15
2026-04-15 08:00:00,-49.76974868774414,-71.18274040222168,-31.993388748168947,-12.907867431640623,38.93484687805176,110.8550106048584,2026-04-15
2026-04-15 09:00:00,-50.0,-58.52245445251465,-27.05831108093262,-3.6734619140625,24.908243179321296,119.50998344421387,2026-04-15
2026-04-15 10:00:00,-50.0,-59.88203582763672,-27.493729400634766,-10.2625732421875,5.472787475585937,80.58094329833983,2026-04-15
2026-04-15 11:00:00,-50.0,-31.868943023681645,-7.0818229675292965,6.061553955078125,21.479293060302737,82.08645019531251,2026-04-15
2026-04-15 12:00:00,-50.0,-27.11777801513672,-6.060928344726564,14.985992431640623,28.360226440429685,124.63532867431638,2026-04-15
2026-04-15 13:00:00,-50.0,-60.949498748779305,-31.069405364990235,-11.73663330078125,19.31934394836426,115.5990089416504,2026-04-15
2026-04-15 14:00:00,-50.0,-56.078830337524415,-34.675423812866214,-11.60040283203125,39.197072219848636,119.41676826477052,2026-04-15
2026-04-15 15:00:00,-50.80974960327149,-80.42108840942383,-51.214628601074224,-26.28045654296875,13.465160369873047,108.33356628417968,2026-04-15
2026-04-15 16:00:00,-53.73550033569336,-89.55250244140625,-56.32006149291992,-22.13995361328125,38.64430313110352,145.1653579711914,2026-04-15
2026-04-15 17:00:00,-51.780250549316406,-127.29786605834961,-76.4581829071045,-10.8564453125,27.134414672851562,147.74787292480468,2026-04-15
2026-04-15 18:00:00,-32.40224838256836,-131.23813858032227,-77.64653129577637,-6.28790283203125,39.95103912353516,154.38360290527345,2026-04-15
2026-04-15 19:00:00,-30.43824958801269,-72.76905593872071,12.473534393310533,40.10374450683594,67.7450439453125,121.75114135742187,2026-04-15
2026-04-15 20:00:00,11.18274974822998,-87.75216369628906,-26.50267715454102,36.92387390136719,97.5546859741211,241.13583221435547,2026-04-15
2026-04-15 21:00:00,-22.902999877929688,-58.863581085205084,-2.0014984130859403,48.03131103515625,74.24275360107421,164.9610397338867,2026-04-15
2026-04-15 22:00:00,110.2614974975586,-106.72843704223634,-43.33810653686523,-2.009552001953125,34.66922454833987,174.27642364501955,2026-04-15
2026-04-15 23:00:00,302.1397399902344,-37.236573791503915,37.037541198730466,62.66978454589844,91.85540466308593,160.5711242675781,2026-04-15
2026-04-16 00:00:00,360.0,115.65994262695312,162.85481185913085,178.79177856445312,208.2101852416992,310.35274200439454,2026-04-16
2026-04-16 01:00:00,295.0,161.12530822753905,214.00175704956055,237.50791931152344,267.86442108154296,309.0989532470703,2026-04-16
2026-04-16 02:00:00,437.5,238.53815078735352,281.68493576049804,303.3942565917969,326.60816192626953,380.8337936401367,2026-04-16
2026-04-16 03:00:00,559.5,196.42949943542482,254.8983222961426,287.460693359375,308.1825973510742,398.7250885009766,2026-04-16
2026-04-16 04:00:00,335.0,185.79925231933595,223.43901329040528,274.4435119628906,302.0790023803711,402.91034774780275,2026-04-16
2026-04-16 05:00:00,332.5,238.6949317932129,263.99520950317384,312.0765380859375,340.41886138916016,382.49633331298827,2026-04-16
2026-04-16 06:00:00,300.0,318.9857627868652,338.7010101318359,356.2208251953125,403.9642074584961,471.869637298584,2026-04-16
2026-04-16 07:00:00,255.833251953125,214.2906005859375,232.85318298339845,247.1086578369141,267.86150550842285,390.0568954467774,2026-04-16
2026-04-16 08:00:00,310.0,42.419438171386716,54.885521697998044,63.51432800292969,74.73106002807617,165.32424621582032,2026-04-16
2026-04-16 09:00:00,265.0,-1.4553077697753949,18.805005645751947,28.72763061523437,38.729865264892574,129.7378402709961,2026-04-16
2026-04-16 10:00:00,265.0,23.400907897949224,33.99036865234376,41.87838745117188,52.620111846923834,154.03603973388672,2026-04-16
2026-04-16 11:00:00,277.5,12.903229522705079,23.49236068725586,30.59527587890625,36.708831024169925,53.745968627929685,2026-04-16
2026-04-16 12:00:00,165.0,-14.436487579345705,-4.880860900878904,6.760650634765625,14.94581527709961,112.05663375854492,2026-04-16
2026-04-16 13:00:00,40.0,-13.366142272949219,-2.753884887695313,3.669189453125,8.764126586914063,126.59523544311524,2026-04-16
2026-04-16 14:00:00,-50.0,-32.87683944702148,-21.225975799560548,-12.787109375,-6.534693908691407,11.742278289794921,2026-04-16
2026-04-16 15:00:00,-50.0,-39.51443710327149,-29.06702270507813,-23.07403564453125,-12.938578033447268,76.34176254272461,2026-04-16
2026-04-16 16:00:00,-50.0,-40.32713241577149,-26.210394287109374,-16.518310546875,-0.5670890808105469,71.56804275512697,2026-04-16
2026-04-16 17:00:00,-49.33324813842773,-2.7168289184570327,14.963619995117186,25.23388671875,50.10395698547363,135.80339660644532,2026-04-16
2026-04-16 18:00:00,-44.22124862670898,34.577868652343746,50.16503067016602,67.68327331542969,131.78555908203126,182.51107025146484,2026-04-16
2026-04-16 19:00:00,-49.75,41.13059005737303,76.69250679016112,137.58599853515625,164.7235885620117,228.92294540405277,2026-04-16
2026-04-16 20:00:00,5.803999900817871,-48.980003356933594,31.614051818847656,51.90037536621094,74.12735137939453,136.60184783935551,2026-04-16
2026-04-16 21:00:00,-51.760250091552734,-46.10383834838868,-21.424288177490233,34.25213623046875,63.741912841796875,129.86904754638672,2026-04-16
2026-04-16 22:00:00,-51.16875076293945,-25.41713867187501,32.06825332641601,56.39453125,89.04953079223634,164.835213470459,2026-04-16
2026-04-16 23:00:00,73.0,-15.45547103881836,55.28129348754882,85.22567749023438,112.22085723876953,195.42383575439453,2026-04-16
2026-04-17 00:00:00,116.19100189208984,-77.53282012939454,-45.119458007812504,17.45086669921875,41.82640457153319,115.34170761108399,2026-04-17
2026-04-17 01:00:00,239.75,-100.73101806640625,-62.48912734985352,-3.331451416015625,35.262674713134764,104.6850898742676,2026-04-17
2026-04-17 02:00:00,397.5,-83.61128311157226,-31.979293441772462,19.12811279296875,50.11894454956055,151.6233741760254,2026-04-17
2026-04-17 03:00:00,-37.5,-114.1267562866211,-64.11813392639161,7.190032958984375,34.359613800048834,112.70285873413086,2026-04-17
2026-04-17 04:00:00,-50.0,-126.74632949829102,-65.39411392211916,0.157440185546875,25.730178833007802,88.50184173583986,2026-04-17
2026-04-17 05:00:00,17.5,-84.26355857849121,-51.61944923400878,0.23931884765625,60.07624855041504,131.31514320373535,2026-04-17
2026-04-17 06:00:00,20.795499801635746,-52.33251419067383,-14.063384246826171,8.92242431640625,96.97876434326172,183.72819824218752,2026-04-17
2026-04-17 07:00:00,45.0,-76.38343734741211,-43.79390945434571,8.614837646484375,67.76263961791992,166.5323181152344,2026-04-17
2026-04-17 08:00:00,-50.0,-53.100588989257815,-31.50726318359375,-17.497772216796875,21.155202865600586,104.56189880371095,2026-04-17
2026-04-17 09:00:00,-50.0,-75.68629531860353,-45.10836410522461,-25.15228271484375,3.472554016113282,102.44893341064453,2026-04-17
2026-04-17 10:00:00,-50.0,-52.487047576904295,-32.5672966003418,-20.17950439453125,2.78339424133301,120.79668045043945,2026-04-17
2026-04-17 11:00:00,-50.0,-47.08680877685547,-32.55083236694336,-15.450592041015623,-0.3689590454101541,104.66360626220704,2026-04-17
2026-04-17 12:00:00,-50.0,-54.584495544433594,-42.045936584472656,-24.889068603515625,-17.85008010864258,6.511975479125976,2026-04-17
2026-04-17 13:00:00,-50.0,-60.16216049194336,-48.35979537963867,-35.68707275390625,-25.913223266601562,7.850698471069336,2026-04-17
2026-04-17 14:00:00,-50.0,-64.90796203613282,-46.77891387939453,-38.02471923828125,-27.82317199707031,68.66485214233398,2026-04-17
2026-04-17 15:00:00,-50.0,-52.91673889160157,-41.084999084472656,-33.0311279296875,-21.601158142089844,63.482796478271496,2026-04-17
2026-04-17 16:00:00,-49.16450119018555,-59.13820343017578,-41.40451202392578,-29.394683837890625,-11.371166229248047,124.7764862060547,2026-04-17
2026-04-17 17:00:00,289.3160095214844,133.9655418395996,144.78778228759765,159.37310791015625,176.7293571472168,274.4436683654785,2026-04-17
2026-04-17 18:00:00,182.5,186.25430755615233,202.53384170532223,217.5814514160156,238.2639007568359,322.8670524597168,2026-04-17
2026-04-17 19:00:00,158.87750244140625,196.6880630493164,217.59264221191407,228.79229736328125,243.3346389770508,355.00733413696287,2026-04-17
2026-04-17 20:00:00,16.036500930786133,189.66165924072263,214.0760200500488,225.76596069335935,245.82446556091307,339.8888748168945,2026-04-17
2026-04-17 21:00:00,-8.5,96.62112197875976,116.8631362915039,132.8013458251953,148.50265235900878,234.30361938476562,2026-04-17
2026-04-17 22:00:00,-50.30149841308594,24.79548110961914,47.21583023071289,62.1767578125,89.20065307617188,180.46308517456055,2026-04-17
2026-04-17 23:00:00,-52.20600128173828,5.138185882568365,34.59797668457031,57.01722717285156,126.49365386962891,202.64917755126953,2026-04-17
