ts,actual,p10,p30,p50,p70,p90,date
2026-01-27 00:00:00,485.0,818.1260375976561,898.6622924804686,935.0958251953124,978.9541015625,1054.8523559570312,2026-01-27
2026-01-27 01:00:00,382.5,735.8843231201172,849.1703491210938,934.9097290039062,1010.3836669921875,1092.6658935546875,2026-01-27
2026-01-27 02:00:00,392.5,699.6791687011719,818.849365234375,893.86474609375,955.9283447265625,1056.0245361328125,2026-01-27
2026-01-27 03:00:00,375.0,560.4089965820312,700.6988830566406,783.7274169921875,866.9302978515625,961.111328125,2026-01-27
2026-01-27 04:00:00,350.0,624.7910919189453,738.0390014648438,808.1514282226562,867.5632934570312,1043.0930786132812,2026-01-27
2026-01-27 05:00:00,360.0,710.2105712890625,835.7956237792969,908.0324096679688,968.5907897949219,1063.8511657714844,2026-01-27
2026-01-27 06:00:00,397.5,766.5895004272461,869.03515625,963.28369140625,1048.0296630859375,1152.8463745117188,2026-01-27
2026-01-27 07:00:00,395.0,678.5543212890625,772.4112854003906,854.62353515625,960.1484069824219,1112.8137512207031,2026-01-27
2026-01-27 08:00:00,392.5,496.1991500854492,585.9828491210938,658.6528930664062,760.9411010742188,849.1804504394531,2026-01-27
2026-01-27 09:00:00,315.03125,314.6431503295899,412.22492980957037,490.8717651367188,572.8764038085938,713.9030456542969,2026-01-27
2026-01-27 10:00:00,299.7330017089844,257.6658935546875,356.19007873535156,424.1376953125,518.7005004882812,637.3818359375,2026-01-27
2026-01-27 11:00:00,552.5872802734375,367.55455780029297,445.75148010253906,551.8389892578125,628.719970703125,831.2551879882812,2026-01-27
2026-01-27 12:00:00,324.2122497558594,249.2896499633789,343.4732971191406,440.65277099609375,532.6089172363281,685.6305541992188,2026-01-27
2026-01-27 13:00:00,281.8592529296875,148.05041503906247,240.8074264526367,339.3945617675781,416.1794128417969,594.8109130859375,2026-01-27
2026-01-27 14:00:00,268.1832580566406,270.9897766113282,395.87226867675787,480.3189086914063,557.7057037353516,748.2378387451172,2026-01-27
2026-01-27 15:00:00,270.23223876953125,312.8879165649414,416.4185485839844,514.866455078125,597.7664184570312,739.1891479492188,2026-01-27
2026-01-27 16:00:00,725.718994140625,525.6611404418945,618.3351898193359,727.9775390625,847.4546813964844,1067.3210754394531,2026-01-27
2026-01-27 17:00:00,736.25,628.1087265014648,720.8555755615234,827.0770263671875,926.3896484375,1159.887939453125,2026-01-27
2026-01-27 18:00:00,452.5,495.4182891845703,617.3296661376953,709.3302001953125,816.5153198242188,1053.2396850585938,2026-01-27
2026-01-27 19:00:00,720.083251953125,450.7023696899414,574.2614135742188,717.815185546875,814.5575256347656,1002.9783020019531,2026-01-27
2026-01-27 20:00:00,337.5,588.9303970336914,676.1495971679688,784.9521484375,911.58544921875,1078.6185913085938,2026-01-27
2026-01-27 21:00:00,887.5,646.8455657958984,799.1501770019531,873.45458984375,978.1837158203125,1276.0475158691406,2026-01-27
2026-01-27 22:00:00,773.5,550.5570526123047,655.7042388916016,732.9008178710938,842.2583923339844,1064.9919128417969,2026-01-27
2026-01-27 23:00:00,846.0,528.6742858886719,606.403076171875,710.49072265625,809.043701171875,1038.3488159179688,2026-01-27
2026-01-28 00:00:00,808.0,410.52630615234375,471.07086181640625,522.0842895507812,588.26513671875,674.6238403320312,2026-01-28
2026-01-28 01:00:00,649.0,510.259033203125,621.3158569335938,698.4005126953125,747.774169921875,854.8761596679688,2026-01-28
2026-01-28 02:00:00,763.75,580.2177886962891,688.9371643066406,766.5768432617188,838.6639404296875,966.6257934570312,2026-01-28
2026-01-28 03:00:00,924.5,390.31724548339844,472.54107666015625,541.4130859375,610.6426391601562,737.531982421875,2026-01-28
2026-01-28 04:00:00,1030.0,228.0654754638672,312.95411682128906,385.64404296875,453.1329345703125,579.1605834960938,2026-01-28
2026-01-28 05:00:00,1055.0,221.88856506347656,315.9557800292969,374.2353515625,444.66973876953125,550.4312744140625,2026-01-28
2026-01-28 06:00:00,1091.75,211.30680847167966,317.2522430419922,383.2306213378906,486.4703063964844,604.8072204589844,2026-01-28
2026-01-28 07:00:00,971.0,219.5371856689453,303.2563934326172,378.396484375,457.39312744140625,576.6796264648438,2026-01-28
2026-01-28 08:00:00,808.75,259.4943237304688,319.707489013672,384.2747192382813,464.44100952148443,636.3227539062501,2026-01-28
2026-01-28 09:00:00,662.875,220.33519744873047,278.26171875,358.4783020019531,425.45159912109375,572.8713989257812,2026-01-28
2026-01-28 10:00:00,396.9392395019531,148.6092529296875,261.3037414550781,316.6246643066406,423.8790588378906,585.2242736816406,2026-01-28
2026-01-28 11:00:00,677.5,190.04297637939453,293.75885009765625,378.7333679199219,441.032958984375,600.7713012695312,2026-01-28
2026-01-28 12:00:00,872.0,205.81573486328125,279.6874694824219,341.42303466796875,385.4322509765625,599.0443115234375,2026-01-28
2026-01-28 13:00:00,462.5,179.18199157714844,264.08522033691406,319.36114501953125,370.0263977050781,468.0859375,2026-01-28
2026-01-28 14:00:00,292.5,173.1303558349609,252.9543914794922,335.9988708496094,381.4304504394531,560.0243225097656,2026-01-28
2026-01-28 15:00:00,378.75,183.70348358154297,250.37232971191406,309.1202697753906,362.1638488769531,530.1941833496094,2026-01-28
2026-01-28 16:00:00,887.3295288085938,368.34769439697266,440.24510192871094,497.94049072265625,550.4726104736328,707.6913604736328,2026-01-28
2026-01-28 17:00:00,579.25,533.0922698974609,625.4788970947266,682.982177734375,760.690673828125,886.308349609375,2026-01-28
2026-01-28 18:00:00,362.5,237.86231994628906,338.7786865234375,388.684814453125,479.0113830566406,657.9927978515625,2026-01-28
2026-01-28 19:00:00,497.5,255.12696838378906,326.20970153808594,395.61669921875,491.90130615234375,620.62548828125,2026-01-28
2026-01-28 20:00:00,808.75,285.2787399291992,355.8699493408203,405.6095581054688,471.9358215332031,598.8342590332031,2026-01-28
2026-01-28 21:00:00,925.5,218.9901733398438,333.85595703125006,401.2389526367188,480.21652221679693,658.5051879882812,2026-01-28
2026-01-28 22:00:00,1068.0,261.87791442871094,316.37298583984375,394.5179443359375,502.58856201171875,594.5200805664062,2026-01-28
2026-01-28 23:00:00,1034.25,193.77912902832037,312.8455200195313,373.6506958007813,430.7079467773438,579.5390625,2026-01-28
2026-01-29 00:00:00,1021.75,479.1485595703125,553.173095703125,603.23388671875,651.4341430664062,716.6312866210938,2026-01-29
2026-01-29 01:00:00,1019.25,533.31884765625,617.356689453125,659.994384765625,737.5804443359375,870.6691284179688,2026-01-29
2026-01-29 02:00:00,1045.25,527.5181884765625,648.0161743164062,701.946533203125,777.90771484375,896.7861938476562,2026-01-29
2026-01-29 03:00:00,874.5,518.4884948730469,635.8525390625,702.2938842773438,792.5692749023438,888.2562255859375,2026-01-29
2026-01-29 04:00:00,905.25,476.63800048828125,608.3117370605469,671.6741943359375,750.1783447265625,883.7470092773438,2026-01-29
2026-01-29 05:00:00,558.7935180664062,450.7300262451172,573.964599609375,631.0985717773438,696.7202758789062,885.9658203125,2026-01-29
2026-01-29 06:00:00,764.0,481.1558380126953,570.7011413574219,637.3768310546875,723.2145690917969,866.7812805175781,2026-01-29
2026-01-29 07:00:00,470.0,362.36866760253906,472.0233459472656,583.6046142578125,699.1754150390625,844.4439697265625,2026-01-29
2026-01-29 08:00:00,345.0,268.2868804931641,345.4557189941407,405.5183715820313,473.6863403320313,621.7298278808594,2026-01-29
2026-01-29 09:00:00,474.5032348632813,280.21520996093756,389.53535461425787,458.7688598632813,554.9653930664062,774.2042846679688,2026-01-29
2026-01-29 10:00:00,672.2529907226562,386.7405090332031,485.4969024658203,557.8803100585938,610.3614807128906,820.7974853515625,2026-01-29
2026-01-29 11:00:00,943.1799926757812,515.8578796386719,639.4622192382812,707.6030883789062,762.8171691894531,974.4714965820312,2026-01-29
2026-01-29 12:00:00,855.0,510.2588653564453,573.9600982666016,670.355712890625,776.0371704101562,982.0171508789062,2026-01-29
2026-01-29 13:00:00,692.5,423.1382598876953,490.7847595214844,567.59765625,619.7623901367188,772.6472778320312,2026-01-29
2026-01-29 14:00:00,372.5,404.7411880493164,482.80882263183594,535.2626953125,656.8946533203125,825.4036865234375,2026-01-29
2026-01-29 15:00:00,564.4657592773438,387.74310302734375,492.64723205566406,615.422119140625,723.6961975097656,907.8284301757812,2026-01-29
2026-01-29 16:00:00,915.75,463.9158477783203,564.7242126464844,657.140869140625,718.1795959472656,921.0238952636719,2026-01-29
2026-01-29 17:00:00,633.75,250.8491668701172,330.64012145996094,416.9317932128906,497.5761413574219,789.8380432128906,2026-01-29
2026-01-29 18:00:00,437.5,209.30029296875,326.7751159667969,425.17724609375,517.427001953125,699.4320678710938,2026-01-29
2026-01-29 19:00:00,395.0,215.92739868164068,330.3561401367188,415.0725708007813,533.601806640625,778.1821899414062,2026-01-29
2026-01-29 20:00:00,836.5,233.3812561035156,334.5166320800781,389.36767578125,447.4652099609375,619.94970703125,2026-01-29
2026-01-29 21:00:00,1248.5,184.35633850097656,280.377197265625,397.9452819824219,505.7284240722656,688.5169372558594,2026-01-29
2026-01-29 22:00:00,1184.5,228.0866241455078,323.01300048828125,401.735107421875,488.3525695800781,702.6952514648438,2026-01-29
2026-01-29 23:00:00,814.5,179.7498626708985,289.33901977539074,399.9500122070313,477.8362121582032,700.21826171875,2026-01-29
2026-01-30 00:00:00,954.5,356.3777160644531,474.1037292480469,515.7379150390625,581.0082702636719,663.9504699707031,2026-01-30
2026-01-30 01:00:00,805.0,302.0017852783203,410.4019470214844,497.3165588378906,559.0671081542969,639.0943908691406,2026-01-30
2026-01-30 02:00:00,445.0,334.852294921875,464.6131896972656,534.529541015625,599.2001037597656,700.7679748535156,2026-01-30
2026-01-30 03:00:00,458.082763671875,401.3679962158203,510.6187744140625,576.261962890625,662.1453247070312,748.0489501953125,2026-01-30
2026-01-30 04:00:00,527.75,391.29713439941406,505.8332824707031,573.8858642578125,636.8108520507812,736.8106689453125,2026-01-30
2026-01-30 05:00:00,393.75,340.6950378417969,431.60369873046875,507.74359130859375,574.7598266601562,669.6060791015625,2026-01-30
2026-01-30 06:00:00,350.0,330.6717529296875,466.18792724609375,515.571533203125,613.163818359375,754.531982421875,2026-01-30
2026-01-30 07:00:00,350.0,276.18849182128906,383.52972412109375,463.0565185546875,531.666259765625,722.2164306640625,2026-01-30
2026-01-30 08:00:00,487.5,216.20394897460938,331.8375701904297,411.397705078125,488.4361267089844,636.65087890625,2026-01-30
2026-01-30 09:00:00,410.1545104980469,216.4960479736328,304.3641052246094,389.6075134277344,459.16259765625,600.378662109375,2026-01-30
2026-01-30 10:00:00,416.8030090332031,185.03568267822266,277.9608154296875,376.6450500488281,445.2890625,579.1847839355469,2026-01-30
2026-01-30 11:00:00,418.6889953613281,235.23091888427734,320.9814453125,411.739990234375,482.4578857421875,610.6605529785156,2026-01-30
2026-01-30 12:00:00,337.5,231.72763061523438,304.1344299316406,395.4804382324219,472.7319030761719,642.4456481933594,2026-01-30
2026-01-30 13:00:00,195.0,167.92835998535156,270.1405944824219,336.4850769042969,382.8440856933594,563.3203430175781,2026-01-30
2026-01-30 14:00:00,220.0,187.20306396484375,267.5188903808594,335.818115234375,443.044189453125,543.9900512695312,2026-01-30
2026-01-30 15:00:00,140.0,141.79681396484375,263.34434509277344,349.6922607421875,418.2432556152344,584.9604187011719,2026-01-30
2026-01-30 16:00:00,280.0,497.6063232421875,598.9419708251953,648.946044921875,711.5254211425781,857.5736999511719,2026-01-30
2026-01-30 17:00:00,562.5,346.81502532958984,473.3612976074219,565.51171875,658.6499633789062,879.1014404296875,2026-01-30
2026-01-30 18:00:00,342.5,340.5525131225586,446.9777069091797,531.6363525390625,646.8695678710938,822.9598999023438,2026-01-30
2026-01-30 19:00:00,342.5,220.75631713867193,346.37405395507824,443.7633666992188,520.1320190429688,635.8899536132812,2026-01-30
2026-01-30 20:00:00,330.0,233.61583709716797,345.47998046875,406.8245849609375,478.71380615234375,573.1325073242188,2026-01-30
2026-01-30 21:00:00,345.0,322.7251434326172,441.55812072753906,545.30029296875,614.7456970214844,831.6063537597656,2026-01-30
2026-01-30 22:00:00,350.0,355.2904968261719,446.4721374511719,539.7780151367188,619.8550720214844,860.1892700195312,2026-01-30
2026-01-30 23:00:00,537.5,233.57267761230474,342.9082183837891,443.2536010742188,521.6219787597656,700.8157958984375,2026-01-30
2026-01-31 00:00:00,345.0,348.0956573486328,383.31678771972656,410.190185546875,434.49456787109375,499.92132568359375,2026-01-31
2026-01-31 01:00:00,372.5,332.8965759277344,383.760498046875,432.6648254394531,459.7672576904297,521.2014312744141,2026-01-31
2026-01-31 02:00:00,340.0,353.9304504394531,395.0804443359375,435.0145263671875,483.17832946777344,569.5957794189453,2026-01-31
2026-01-31 03:00:00,352.5,317.07501220703125,360.77467346191406,404.9266662597656,440.32972717285156,500.3292694091797,2026-01-31
2026-01-31 04:00:00,460.0,276.4976348876953,358.11024475097656,398.0971984863281,453.98931884765625,536.9972229003906,2026-01-31
2026-01-31 05:00:00,397.5,264.77452850341797,329.1216278076172,372.0845642089844,428.0140075683594,546.3337554931641,2026-01-31
2026-01-31 06:00:00,117.5,233.2354583740234,299.94604492187494,349.6868896484375,391.4843444824219,491.9700012207031,2026-01-31
2026-01-31 07:00:00,230.0,270.43797302246094,318.48838806152344,369.9674987792969,436.0557098388672,524.9478454589844,2026-01-31
2026-01-31 08:00:00,100.0,230.83697509765625,276.6511993408203,338.278564453125,411.5865173339844,485.1119689941406,2026-01-31
2026-01-31 09:00:00,-10.0,141.87005615234375,191.3345794677734,256.4320983886719,311.13990783691406,396.8891143798828,2026-01-31
2026-01-31 10:00:00,-25.0,-46.61327362060547,23.2542724609375,78.532958984375,128.91801452636722,200.0799102783203,2026-01-31
2026-01-31 11:00:00,-50.0,-48.3314208984375,36.301841735839844,103.35653686523438,173.13130187988284,273.18565368652344,2026-01-31
2026-01-31 12:00:00,-50.0,-95.79608917236328,-41.93769836425781,15.073333740234377,60.534393310546875,116.61424255371094,2026-01-31
2026-01-31 13:00:00,-50.0,-145.23392486572268,-87.57727050781253,-30.467742919921875,14.287200927734347,81.96578979492185,2026-01-31
2026-01-31 14:00:00,-50.0,-157.37913513183594,-83.67860412597656,-38.51953125,8.253662109375,50.32035827636719,2026-01-31
2026-01-31 15:00:00,-50.0,-198.10232543945312,-119.35762023925781,-56.61614990234375,4.8992156982421875,68.6776123046875,2026-01-31
2026-01-31 16:00:00,-50.0,-96.89665985107425,-27.43226623535159,27.30499267578125,89.46163940429685,167.9648742675781,2026-01-31
2026-01-31 17:00:00,405.0,69.24732971191406,131.37391662597656,176.12948608398438,225.3396453857422,342.9579315185547,2026-01-31
2026-01-31 18:00:00,282.5,117.21470642089844,189.17970275878906,259.0307312011719,304.4242401123047,425.34315490722656,2026-01-31
2026-01-31 19:00:00,212.5,51.05303955078122,124.27856445312497,183.67416381835935,235.6098480224609,313.4430389404297,2026-01-31
2026-01-31 20:00:00,222.2400054931641,-29.467903137207045,53.38278198242186,111.75944519042967,161.08163452148438,276.324462890625,2026-01-31
2026-01-31 21:00:00,265.0,30.891891479492188,88.37107849121094,123.9415283203125,173.91999816894534,315.8107452392578,2026-01-31
2026-01-31 22:00:00,280.0,-51.339630126953125,41.15876770019531,86.97544860839844,148.9825897216797,252.6715545654297,2026-01-31
2026-01-31 23:00:00,318.0692443847656,-70.07876586914062,-3.6213836669921875,49.572174072265625,116.20477294921875,219.49917602539062,2026-01-31
2026-02-01 00:00:00,327.5,95.78052520751953,131.40379333496094,158.5818328857422,184.98811340332028,218.23287963867188,2026-02-01
2026-02-01 01:00:00,320.0,30.22600555419922,83.11154174804686,121.07980346679688,146.40896606445312,201.76025390625,2026-02-01
2026-02-01 02:00:00,311.25,47.99298858642578,103.15298461914062,134.5941162109375,165.7282257080078,214.57334899902344,2026-02-01
2026-02-01 03:00:00,362.5,49.6100769042969,120.63854217529301,160.49830627441406,189.55784606933597,250.35868835449222,2026-02-01
2026-02-01 04:00:00,205.0,67.8085708618164,121.0340805053711,174.02548217773438,201.30044555664062,282.14720153808594,2026-02-01
2026-02-01 05:00:00,231.0,-7.0996856689453125,71.5461883544922,129.48223876953125,175.7216339111328,291.7418212890625,2026-02-01
2026-02-01 06:00:00,25.0,-27.345245361328125,53.98374938964844,111.1021728515625,160.73158264160156,248.96176147460938,2026-02-01
2026-02-01 07:00:00,122.25,-121.00082397460938,-19.981727600097656,25.32586669921875,77.55685424804688,139.35488891601562,2026-02-01
2026-02-01 08:00:00,68.32849884033203,-160.18482971191406,-94.7454833984375,-23.779296875,22.63511657714841,96.18473815917969,2026-02-01
2026-02-01 09:00:00,-50.0,-176.82810974121094,-97.0431442260742,-29.8236083984375,9.917922973632827,59.79348754882814,2026-02-01
2026-02-01 10:00:00,-50.0,-175.42776489257812,-103.41908264160156,-39.143157958984375,5.076019287109375,70.27325439453128,2026-02-01
2026-02-01 11:00:00,-50.0,-143.81745147705078,-78.85512542724611,-29.438934326171875,29.806022644042926,94.10356903076173,2026-02-01
2026-02-01 12:00:00,-50.0,-206.37374877929688,-107.5937271118164,-53.1719970703125,-14.208206176757812,83.17045593261719,2026-02-01
2026-02-01 13:00:00,-50.0,-179.23130798339844,-94.89459991455078,-47.168701171875,21.562149047851562,79.65437316894531,2026-02-01
2026-02-01 14:00:00,-50.0,-151.53377532958984,-86.9625015258789,-43.86929321289063,22.647239685058587,126.37326812744143,2026-02-01
2026-02-01 15:00:00,-50.0,-162.5462875366211,-95.69637298583984,-43.276641845703125,0.5771713256835938,83.59615325927737,2026-02-01
2026-02-01 16:00:00,-50.0,-147.56399536132812,-46.39776611328125,-2.53564453125,47.891326904296875,111.40348815917969,2026-02-01
2026-02-01 17:00:00,215.2567443847656,66.19303894042969,153.3331756591797,192.17987060546875,244.9490966796875,315.85813903808594,2026-02-01
2026-02-01 18:00:00,415.0,120.85356140136719,189.72570037841797,260.3570861816406,329.2095031738281,417.677001953125,2026-02-01
2026-02-01 19:00:00,310.0,162.61087036132812,251.80482482910156,300.3067321777344,345.6260681152344,438.0019226074219,2026-02-01
2026-02-01 20:00:00,295.0,213.71859741210938,268.8515090942383,320.1120910644531,376.1124267578125,447.50318908691406,2026-02-01
2026-02-01 21:00:00,400.0,240.42459106445312,313.5599670410156,360.6492004394531,431.09307861328125,508.7074279785156,2026-02-01
2026-02-01 22:00:00,307.5,224.1559600830078,316.18668365478516,370.4832458496094,429.7399597167969,542.4349365234375,2026-02-01
2026-02-01 23:00:00,562.5,278.75562286376953,335.3464126586914,367.4989013671875,438.4924774169922,520.3983154296875,2026-02-01
2026-02-02 00:00:00,495.0,296.938720703125,365.3134460449219,399.033203125,437.2427978515625,510.6532287597656,2026-02-02
2026-02-02 01:00:00,480.0,255.4564056396484,364.34800720214844,420.9948425292969,467.0087585449219,551.9261169433594,2026-02-02
2026-02-02 02:00:00,502.5,268.18238067626953,324.0497741699219,381.3163146972656,435.72991943359375,552.7474365234375,2026-02-02
2026-02-02 03:00:00,600.0,266.40769958496094,332.05274963378906,394.51861572265625,435.2351379394531,615.9580383300781,2026-02-02
2026-02-02 04:00:00,507.5,294.95904541015625,371.1805114746094,409.683837890625,492.2536926269531,607.5252075195312,2026-02-02
2026-02-02 05:00:00,430.0,239.73875427246094,327.59539794921875,371.024658203125,414.79347229003906,548.6530609130859,2026-02-02
2026-02-02 06:00:00,112.5,245.91771697998047,313.18788146972656,379.2023010253906,440.1548156738281,543.4435119628906,2026-02-02
2026-02-02 07:00:00,255.0,265.63421630859375,352.0578384399414,415.2640380859375,481.11761474609375,617.7447052001953,2026-02-02
2026-02-02 08:00:00,272.5,270.56768798828125,329.35040283203125,387.9040222167969,440.62522888183594,561.1747589111328,2026-02-02
2026-02-02 09:00:00,-23.221250534057617,240.12156677246094,319.7180862426758,378.7691955566406,452.55859375,532.3450012207031,2026-02-02
2026-02-02 10:00:00,-50.0,-60.813232421874986,38.49681854248047,100.66462707519533,186.3619842529297,399.38688659667974,2026-02-02
2026-02-02 11:00:00,277.5,-114.12611389160156,-20.250267028808594,30.174835205078125,93.48574829101565,194.38348388671875,2026-02-02
2026-02-02 12:00:00,12.5,-201.83963012695312,-58.40113067626953,1.32159423828125,89.18373107910156,218.31825256347656,2026-02-02
2026-02-02 13:00:00,-50.0,-169.67764282226562,-99.57269287109375,-16.23956298828125,51.045166015625,185.05484008789062,2026-02-02
2026-02-02 14:00:00,-50.0,-202.23399353027344,-127.81060791015625,-30.989166259765625,56.322845458984375,215.28741455078125,2026-02-02
2026-02-02 15:00:00,-50.0,-185.5455322265625,-81.07250213623047,-12.2967529296875,34.68180847167969,148.54107666015625,2026-02-02
2026-02-02 16:00:00,20.0,124.89794921875,197.6713409423828,261.1426696777344,318.90966796875,522.43994140625,2026-02-02
2026-02-02 17:00:00,458.75,237.89961242675787,325.5016403198243,405.7532348632813,495.90692138671886,685.1029968261719,2026-02-02
2026-02-02 18:00:00,197.5,249.86874389648438,353.3029022216797,419.8944091796875,511.4064483642578,662.7660980224609,2026-02-02
2026-02-02 19:00:00,35.0,239.22108459472656,350.7739486694336,399.7230224609375,505.2407989501953,640.6143341064453,2026-02-02
2026-02-02 20:00:00,10.006750106811523,134.81475830078125,238.7993621826172,307.2051696777344,383.8587341308594,583.9128112792969,2026-02-02
2026-02-02 21:00:00,123.63400268554688,69.36323547363281,167.82946014404297,260.8460388183594,336.58758544921875,709.6344604492188,2026-02-02
2026-02-02 22:00:00,-36.65975189208984,-80.18188476562499,22.47048950195314,115.5693817138672,187.8705596923828,444.4469451904297,2026-02-02
2026-02-02 23:00:00,-50.0,31.571311950683622,130.6912841796875,202.85806274414065,277.0912170410156,435.4454345703125,2026-02-02
2026-02-03 00:00:00,191.19325256347656,72.63926696777345,116.1131591796875,143.32452392578125,158.2818145751953,191.26805114746094,2026-02-03
2026-02-03 01:00:00,245.0,31.723281860351562,69.4913330078125,101.89999389648438,126.41565704345703,169.31336212158203,2026-02-03
2026-02-03 02:00:00,170.0,-9.182998657226562,36.19697570800781,65.94090270996094,93.84378814697266,155.0699005126953,2026-02-03
2026-02-03 03:00:00,165.0,-32.18476104736328,28.582664489746094,66.91009521484375,83.59503936767578,207.36600494384766,2026-02-03
2026-02-03 04:00:00,197.5,-27.917617797851562,21.409027099609375,53.69245910644531,85.37307739257812,162.21307373046875,2026-02-03
2026-02-03 05:00:00,225.0,-48.41447448730469,4.3394317626953125,38.45570373535156,80.70848083496094,187.6804962158203,2026-02-03
2026-02-03 06:00:00,186.9812469482422,-61.584197998046875,-13.6046142578125,37.22590637207031,85.46998596191406,179.01165771484375,2026-02-03
2026-02-03 07:00:00,42.65549850463867,-19.03821563720703,24.512123107910156,56.00929260253906,107.48641967773438,211.08626556396487,2026-02-03
2026-02-03 08:00:00,-48.74325180053711,-85.92913818359375,-41.98388671875,-5.37249755859375,28.642356872558594,193.92381286621097,2026-02-03
2026-02-03 09:00:00,-50.0,-121.69507598876953,-69.50537872314453,-27.38079833984375,13.002700805664062,147.28133392333984,2026-02-03
2026-02-03 10:00:00,-50.0,-122.17463684082031,-69.53842163085938,-27.415802001953125,1.8755798339843714,63.98703002929689,2026-02-03
2026-02-03 11:00:00,-50.0,3.15692138671875,48.02281188964844,68.0701904296875,110.89512634277344,221.13856506347656,2026-02-03
2026-02-03 12:00:00,-50.0,-153.80145263671875,-101.31785583496094,-49.55096435546875,-19.31354522705078,46.912567138671875,2026-02-03
2026-02-03 13:00:00,-50.0,-135.27313232421875,-81.63148498535156,-33.365325927734375,3.576019287109375,102.85342407226562,2026-02-03
2026-02-03 14:00:00,-50.0,-106.04606628417969,-57.97686767578125,-25.87240600585937,20.044624328613285,189.2235870361328,2026-02-03
2026-02-03 15:00:00,-50.0,-141.05499267578125,-71.09111022949219,-28.222686767578125,32.956947326660156,102.14149475097656,2026-02-03
2026-02-03 16:00:00,-50.0,-78.6858139038086,-23.750724792480472,23.71054077148437,116.1810531616211,191.98494720458984,2026-02-03
2026-02-03 17:00:00,-22.77775001525879,44.328025817871094,88.17227935791016,155.6558380126953,202.65296173095703,284.6271286010742,2026-02-03
2026-02-03 18:00:00,27.833499908447266,12.031585693359375,82.57231903076172,134.61236572265625,201.1673583984375,343.0229949951172,2026-02-03
2026-02-03 19:00:00,60.0,-67.95581054687499,-19.069801330566392,48.7147216796875,121.66586303710939,229.24009704589844,2026-02-03
2026-02-03 20:00:00,151.2532501220703,-44.52967071533203,16.7821044921875,50.12309265136719,121.82913970947266,426.52796173095703,2026-02-03
2026-02-03 21:00:00,184.65550231933597,-79.52972412109375,-22.518402099609375,31.943084716796875,87.49352264404297,233.73715209960938,2026-02-03
2026-02-03 22:00:00,125.0,-69.34318542480469,-18.6951904296875,16.353271484375,90.11003112792969,172.98500061035156,2026-02-03
2026-02-03 23:00:00,125.0,-121.03025817871094,-48.32826232910156,-5.18310546875,76.5787353515625,281.0501403808594,2026-02-03
2026-02-04 00:00:00,155.0,-10.589546203613281,9.857421875,27.85162353515625,43.920257568359375,96.39088439941403,2026-02-04
2026-02-04 01:00:00,205.0,-10.435958862304688,24.3525390625,48.73204040527344,83.26582336425781,166.3290023803711,2026-02-04
2026-02-04 02:00:00,257.5,40.937904357910156,96.40348052978516,126.96340942382812,152.50975036621094,224.60198211669922,2026-02-04
2026-02-04 03:00:00,102.5,-13.35321044921875,35.645721435546875,75.32106018066406,114.52909088134766,210.85865783691406,2026-02-04
2026-02-04 04:00:00,-50.0,-55.591957092285156,-8.974983215332031,26.06121826171875,70.0236587524414,175.17218780517578,2026-02-04
2026-02-04 05:00:00,-50.0,-137.53822326660156,-85.29854583740234,-36.061370849609375,16.389541625976562,101.14151000976562,2026-02-04
2026-02-04 06:00:00,-50.0,-116.0471420288086,-66.81330871582031,-33.62396240234375,-1.9503021240234375,123.73453521728516,2026-02-04
2026-02-04 07:00:00,-50.0,-126.1071548461914,-69.57915496826172,-37.536407470703125,14.381233215332031,95.31026458740234,2026-02-04
2026-02-04 08:00:00,-50.0,-119.57212829589844,-68.04466247558594,-42.354736328125,-10.134651184082031,79.22563171386719,2026-02-04
2026-02-04 09:00:00,-50.0,-109.5355224609375,-66.8177490234375,-37.93218994140625,3.629302978515625,74.51873779296875,2026-02-04
2026-02-04 10:00:00,-50.0,-122.53762817382812,-79.22013854980469,-43.73794555664063,-10.98408508300782,105.4709777832031,2026-02-04
2026-02-04 11:00:00,-50.0,-124.01068115234375,-59.032440185546875,-25.051483154296875,10.67529296875,68.06784820556639,2026-02-04
2026-02-04 12:00:00,-50.0,-118.3563232421875,-82.55645751953125,-46.87518310546875,-6.894020080566406,127.53102111816406,2026-02-04
2026-02-04 13:00:00,-50.0,-126.93006896972656,-88.85765075683594,-46.4918212890625,-12.339790344238274,92.9556884765625,2026-02-04
2026-02-04 14:00:00,-50.0,-116.77104949951172,-64.55728912353516,-42.145263671875,16.1732177734375,126.82930755615234,2026-02-04
2026-02-04 15:00:00,-50.0,-145.90797424316406,-89.85478210449219,-33.386810302734375,7.925529479980483,122.264404296875,2026-02-04
2026-02-04 16:00:00,-50.0,-127.59813690185547,-78.33924102783203,-37.1640625,12.441413879394538,173.02413177490234,2026-02-04
2026-02-04 17:00:00,27.0,-85.5348129272461,-29.66002655029297,32.374237060546875,86.1472396850586,169.43553924560547,2026-02-04
2026-02-04 18:00:00,131.333251953125,139.99211883544925,203.69570159912112,255.60716247558597,304.3670120239258,457.8418197631836,2026-02-04
2026-02-04 19:00:00,25.10650062561035,102.5345153808594,166.97949218750003,242.63150024414065,332.1962432861328,510.4767150878906,2026-02-04
2026-02-04 20:00:00,55.09149932861328,128.87327575683594,186.20296478271484,237.3398895263672,314.40867614746094,384.33082580566406,2026-02-04
2026-02-04 21:00:00,83.56575012207031,161.89212036132812,218.1368179321289,261.296875,338.4132385253906,467.27061462402344,2026-02-04
2026-02-04 22:00:00,24.95249938964844,176.83383178710932,233.48914337158197,293.0062866210937,339.270034790039,470.1552124023437,2026-02-04
2026-02-04 23:00:00,194.1000061035156,188.91857147216797,228.97328186035156,267.423095703125,307.54113006591797,464.53328704833984,2026-02-04
2026-02-05 00:00:00,365.0,349.9306182861328,379.51367950439453,395.8963317871094,412.0023193359375,448.95118713378906,2026-02-05
2026-02-05 01:00:00,232.5,303.9183044433594,346.4410705566406,366.767578125,396.6188735961914,448.35777282714844,2026-02-05
2026-02-05 02:00:00,330.0,280.5345764160156,315.0170669555664,355.0595703125,385.0122299194336,452.09889221191406,2026-02-05
2026-02-05 03:00:00,287.5,306.4524841308594,357.1912612915039,380.2339782714844,422.7356719970703,522.4582672119141,2026-02-05
2026-02-05 04:00:00,292.5,261.4475784301758,350.5898895263672,381.2893371582031,428.5958786010742,507.79698944091797,2026-02-05
2026-02-05 05:00:00,325.0,294.00743103027344,341.9286193847656,368.1282653808594,404.2712860107422,481.3436279296875,2026-02-05
2026-02-05 06:00:00,327.5,327.3132629394531,379.50669860839844,410.6486511230469,444.0132827758789,527.4875030517578,2026-02-05
2026-02-05 07:00:00,476.0,372.9888687133789,421.80615997314453,453.98681640625,482.7462844848633,559.5269393920898,2026-02-05
2026-02-05 08:00:00,558.5,290.07093048095703,330.3853225708008,367.7344665527344,397.0753707885742,481.0467300415039,2026-02-05
2026-02-05 09:00:00,394.47650146484375,197.8520736694336,238.31868743896484,265.24658203125,301.24178314208984,400.19808197021484,2026-02-05
2026-02-05 10:00:00,189.4620056152344,-34.593406677246094,-2.502876281738285,28.33578491210937,66.18647766113281,144.58478546142578,2026-02-05
2026-02-05 11:00:00,142.1875,17.43051147460939,71.77720642089845,102.2827606201172,151.7973175048828,235.9821014404297,2026-02-05
2026-02-05 12:00:00,-50.0,-87.10286712646484,-43.22051239013672,-21.724822998046875,14.564323425292969,122.03026580810547,2026-02-05
2026-02-05 13:00:00,-50.0,-116.4365234375,-66.09889221191406,-28.995086669921875,-2.2936019897460938,118.16760253906253,2026-02-05
2026-02-05 14:00:00,-50.0,-99.77413177490234,-59.75165557861328,-20.2578125,11.59561920166015,105.85088348388672,2026-02-05
2026-02-05 15:00:00,-50.0,-130.6128387451172,-70.39079284667969,-19.74188232421875,12.10135650634765,104.41601562500003,2026-02-05
2026-02-05 16:00:00,700.0,41.88910675048827,98.61434173583983,124.5517120361328,172.8157196044922,245.0870132446289,2026-02-05
2026-02-05 17:00:00,665.25,362.7138977050781,414.4845733642578,444.854736328125,485.37867736816406,590.1291198730469,2026-02-05
2026-02-05 18:00:00,627.0,580.6584091186523,631.8064956665039,680.1743774414062,720.8224105834961,810.4898147583008,2026-02-05
2026-02-05 19:00:00,712.75,474.9650421142578,528.9107894897461,560.493408203125,614.6655578613281,718.0930023193359,2026-02-05
2026-02-05 20:00:00,412.1292419433594,515.4022827148438,570.1261825561523,618.2303466796875,659.4371185302734,767.6506195068359,2026-02-05
2026-02-05 21:00:00,534.2857666015625,569.7793502807617,613.8414001464844,670.033935546875,717.5517654418945,811.9041213989258,2026-02-05
2026-02-05 22:00:00,500.0,289.9989700317383,340.97957611083984,391.26177978515625,457.24095916748047,515.8293838500977,2026-02-05
2026-02-05 23:00:00,487.5,321.5851364135742,365.6254196166992,419.06591796875,487.59349822998047,569.8932723999023,2026-02-05
2026-02-06 00:00:00,477.5,344.78257751464844,364.33900451660156,384.91412353515625,412.2860565185547,447.85186767578125,2026-02-06
2026-02-06 01:00:00,430.0,338.77967834472656,381.0704345703125,408.122802734375,434.99879455566406,471.60194396972656,2026-02-06
2026-02-06 02:00:00,500.0,326.4462585449219,387.91172790527344,416.2781982421875,446.63861083984375,558.6603698730469,2026-02-06
2026-02-06 03:00:00,590.6875,300.8561630249024,386.0877380371095,426.3442993164063,466.1850891113282,540.6082153320312,2026-02-06
2026-02-06 04:00:00,793.5,243.95361328125,349.55723571777344,383.26702880859375,422.7139434814453,499.61399841308594,2026-02-06
2026-02-06 05:00:00,751.9614868164062,188.8414840698242,327.6213684082031,373.03326416015625,404.2657012939453,495.0303039550781,2026-02-06
2026-02-06 06:00:00,425.0,244.27948760986328,294.8131790161133,376.2100830078125,418.40773010253906,478.93519592285156,2026-02-06
2026-02-06 07:00:00,537.5,236.8068695068359,324.61841583251953,401.03070068359375,434.3622741699219,534.0028381347656,2026-02-06
2026-02-06 08:00:00,436.5352478027344,167.48895263671875,269.51148223876953,363.44921875,414.5245056152344,504.2976989746094,2026-02-06
2026-02-06 09:00:00,367.35101318359375,193.28152465820312,275.77857208251953,345.2939758300781,425.2951354980469,546.2879180908203,2026-02-06
2026-02-06 10:00:00,195.0,208.5020294189453,276.9021911621094,323.8216247558594,393.1973419189453,517.9374694824219,2026-02-06
2026-02-06 11:00:00,393.7027587890625,218.78560638427734,276.16542053222656,330.7976989746094,418.51868438720703,518.1133651733398,2026-02-06
2026-02-06 12:00:00,380.8664855957031,224.26214599609375,294.94075775146484,332.62548828125,414.5577850341797,491.1129455566406,2026-02-06
2026-02-06 13:00:00,233.6202545166016,116.40452575683594,175.1683120727539,210.8847198486328,278.8564910888672,408.62852478027344,2026-02-06
2026-02-06 14:00:00,186.2875061035156,87.60826110839844,141.05701446533203,193.0596466064453,255.6468048095703,334.3992156982422,2026-02-06
2026-02-06 15:00:00,-37.5,131.1337585449219,195.73895263671878,254.5852203369141,348.22973632812506,461.4347839355469,2026-02-06
2026-02-06 16:00:00,-50.0,157.39752197265625,221.63088989257812,303.352294921875,365.46824645996094,440.73260498046875,2026-02-06
2026-02-06 17:00:00,135.93374633789062,215.22801208496094,295.13134002685547,337.461181640625,400.5865173339844,527.1084289550781,2026-02-06
2026-02-06 18:00:00,64.0,217.5643768310547,279.44580078125,338.0039367675781,471.4495086669922,558.8042144775391,2026-02-06
2026-02-06 19:00:00,60.98199844360352,91.55372619628906,222.29473876953125,318.3376159667969,374.4998474121094,502.1147155761719,2026-02-06
2026-02-06 20:00:00,60.0,101.77485656738276,188.03113555908197,278.1112670898437,331.58934020996094,520.9493560791016,2026-02-06
2026-02-06 21:00:00,91.0,114.6811294555664,207.5741729736328,276.834716796875,349.17469787597656,475.1491241455078,2026-02-06
2026-02-06 22:00:00,170.0,58.86254119873047,159.87694549560547,228.6647491455078,305.8915252685547,455.2065887451172,2026-02-06
2026-02-06 23:00:00,107.5,87.45429992675781,180.46180725097656,265.6185607910156,322.19297790527344,493.52223205566406,2026-02-06
2026-02-07 00:00:00,20.0,61.17027282714844,80.71534729003906,93.23556518554688,105.91374969482422,133.90459442138672,2026-02-07
2026-02-07 01:00:00,-50.0,6.040451049804695,26.369750976562507,40.29409790039063,58.81221771240235,97.40948486328125,2026-02-07
2026-02-07 02:00:00,97.5,-21.42174530029297,14.229515075683597,37.29142761230469,62.406341552734375,109.50469207763672,2026-02-07
2026-02-07 03:00:00,-50.0,-85.35518646240234,-27.43347930908203,3.6337890625,31.57500457763672,120.89194488525393,2026-02-07
2026-02-07 04:00:00,120.0,-97.96438598632812,-36.31371307373047,-1.00823974609375,30.818634033203125,92.346435546875,2026-02-07
2026-02-07 05:00:00,0.0,-106.69573974609375,-49.70836639404297,-11.6708984375,45.34759521484375,111.74540710449219,2026-02-07
2026-02-07 06:00:00,50.0,-97.19168853759766,-48.54749298095703,-14.461456298828123,26.38903045654297,115.82805633544925,2026-02-07
2026-02-07 07:00:00,140.0,-107.52711486816406,-63.0833740234375,-28.31158447265625,5.734146118164034,119.09323120117188,2026-02-07
2026-02-07 08:00:00,-50.0,-124.67867279052736,-61.90316772460938,-36.28778076171875,-8.065979003906257,101.5160140991211,2026-02-07
2026-02-07 09:00:00,-50.0,-127.70613861083984,-75.32318878173828,-37.171722412109375,17.77814483642579,112.41489410400393,2026-02-07
2026-02-07 10:00:00,-50.0,-127.79869842529297,-72.8927230834961,-40.427093505859375,3.6837234497070312,89.90470123291016,2026-02-07
2026-02-07 11:00:00,-50.0,-112.00787353515625,-76.32646179199219,-26.549530029296875,16.541000366210938,76.92977905273438,2026-02-07
2026-02-07 12:00:00,-50.0,-150.35887145996094,-74.34332275390625,-36.541351318359375,8.2491455078125,98.079345703125,2026-02-07
2026-02-07 13:00:00,-50.0,-116.39764404296875,-66.39797973632812,-34.90350341796875,10.395904541015625,121.26791381835938,2026-02-07
2026-02-07 14:00:00,-50.0,-144.7553482055664,-71.87262725830078,-32.60992431640625,-5.072540283203125,100.78205108642578,2026-02-07
2026-02-07 15:00:00,-50.0,-114.64547729492188,-69.43595886230469,-33.529083251953125,14.779655456542969,133.47117614746097,2026-02-07
2026-02-07 16:00:00,-50.0,-140.98271942138672,-76.96180725097656,-33.91680908203125,-3.9050674438476562,106.48502349853516,2026-02-07
2026-02-07 17:00:00,289.8699951171875,110.84615325927729,153.90479278564447,198.04788208007807,230.1435928344726,364.54404449462885,2026-02-07
2026-02-07 18:00:00,310.0,180.19542694091797,238.4809341430664,308.9145202636719,371.4227981567383,460.6554641723633,2026-02-07
2026-02-07 19:00:00,302.5,214.69863891601562,266.5125274658203,302.1561279296875,356.5236358642578,439.10211181640625,2026-02-07
2026-02-07 20:00:00,305.0,149.22862243652344,226.36988830566406,267.728271484375,342.05303955078125,435.2952880859375,2026-02-07
2026-02-07 21:00:00,330.0,195.00231170654297,245.88707733154297,286.2376708984375,366.81922149658203,427.99695587158203,2026-02-07
2026-02-07 22:00:00,325.0,152.001953125,221.62364959716797,276.2819519042969,326.63665771484375,411.6202087402344,2026-02-07
2026-02-07 23:00:00,265.0,164.77310180664062,230.03785705566406,283.8306579589844,347.85438537597656,419.90403747558594,2026-02-07
2026-02-08 00:00:00,175.0,237.645263671875,275.77369689941406,287.41424560546875,307.38155364990234,342.58799743652344,2026-02-08
2026-02-08 01:00:00,287.5,222.3832015991211,253.3666229248047,279.9283447265625,304.2751693725586,358.9887924194336,2026-02-08
2026-02-08 02:00:00,330.0,216.5782470703125,256.05296325683594,289.7698059082031,326.7640380859375,385.1802062988281,2026-02-08
2026-02-08 03:00:00,270.0,163.38133239746094,233.98861694335938,278.34393310546875,323.6861877441406,366.85272216796875,2026-02-08
2026-02-08 04:00:00,135.0,141.7006072998047,211.74401092529297,247.54676818847656,295.1762390136719,346.56407165527344,2026-02-08
2026-02-08 05:00:00,210.0,107.0299072265625,170.50901794433594,199.92633056640625,253.52229309082028,322.82667541503906,2026-02-08
2026-02-08 06:00:00,245.0,54.038047790527344,118.44975280761719,155.37091064453125,199.96990203857422,295.5685348510742,2026-02-08
2026-02-08 07:00:00,180.0,103.61293029785159,162.790641784668,194.2291412353516,235.09970092773438,325.20895385742193,2026-02-08
2026-02-08 08:00:00,-50.0,-13.867744445800781,61.83581542968749,98.88307189941406,157.29793548583984,240.9463882446289,2026-02-08
2026-02-08 09:00:00,-50.0,-93.09697723388672,-42.56092071533203,-6.115814208984375,25.059844970703125,124.82959747314453,2026-02-08
2026-02-08 10:00:00,-50.0,-124.46051788330078,-73.57230377197266,-31.0086669921875,-3.967376708984382,99.10938262939453,2026-02-08
2026-02-08 11:00:00,-50.0,-113.19263458251953,-47.30010223388672,-22.347564697265625,11.753929138183594,103.66378021240234,2026-02-08
2026-02-08 12:00:00,-50.0,-108.06363677978516,-57.678794860839844,-22.11117553710937,9.461250305175785,103.9699935913086,2026-02-08
2026-02-08 13:00:00,-50.0,-121.19398498535156,-59.78889465332031,-25.401885986328125,30.510009765625,107.7349853515625,2026-02-08
2026-02-08 14:00:00,-50.0,-108.36573028564453,-61.25379180908203,-27.826568603515625,12.39324951171875,97.88021087646484,2026-02-08
2026-02-08 15:00:00,-50.0,-107.23119354248047,-75.53290557861328,-28.44842529296875,15.207015991210938,132.38224029541016,2026-02-08
2026-02-08 16:00:00,-49.47174835205078,-74.40312194824219,-36.03443908691406,-0.366119384765625,61.7438201904297,130.2731628417969,2026-02-08
2026-02-08 17:00:00,288.0,87.97332000732425,149.99930572509768,191.8321228027344,267.2070541381836,352.68808746337896,2026-02-08
2026-02-08 18:00:00,-29.5,156.17350769042966,214.6485443115234,253.8070373535156,320.3356475830078,405.6424560546875,2026-02-08
2026-02-08 19:00:00,24.0,-4.442230224609375,56.56438446044923,136.22950744628906,193.53761291503906,241.89126586914062,2026-02-08
2026-02-08 20:00:00,42.0,-77.74652099609372,-17.87219238281247,20.54803466796875,81.76359558105472,132.43388366699222,2026-02-08
2026-02-08 21:00:00,24.75,-91.67801666259766,-19.80133819580078,35.399200439453125,82.61894989013672,181.45902252197266,2026-02-08
2026-02-08 22:00:00,12.25,-82.64364624023438,-37.08226776123047,6.266876220703125,78.11344909667969,141.95477294921878,2026-02-08
2026-02-08 23:00:00,-37.5,-151.37731170654297,-82.11563110351564,-17.82952880859375,58.30477142333983,130.72553253173828,2026-02-08
2026-02-09 00:00:00,32.04425048828125,-57.38691711425781,-28.898788452148438,-11.76190185546875,3.621826171875,28.97228240966797,2026-02-09
2026-02-09 01:00:00,20.0575008392334,-64.00212097167969,-37.65534973144531,-18.124267578125,2.8393707275390625,36.177467346191406,2026-02-09
2026-02-09 02:00:00,-50.0,-62.261444091796875,-28.627243041992188,-6.6400146484375,18.728553771972656,67.38211822509766,2026-02-09
2026-02-09 03:00:00,-50.0,-72.51876831054688,-36.106353759765625,-8.936981201171875,17.535568237304688,60.060646057128906,2026-02-09
2026-02-09 04:00:00,-50.0,-66.66297149658203,-30.888832092285156,-8.628662109375,13.075752258300781,75.56817626953125,2026-02-09
2026-02-09 05:00:00,-50.0,-99.6162109375,-51.995849609375,-24.83917236328125,8.415008544921875,103.0048828125,2026-02-09
2026-02-09 06:00:00,-50.0,-83.41224670410156,-46.376953125,-28.415008544921875,-5.833045959472656,73.3439712524414,2026-02-09
2026-02-09 07:00:00,5.791749954223633,-77.60246276855469,-40.86604309082031,1.27978515625,27.134300231933594,79.47393798828125,2026-02-09
2026-02-09 08:00:00,54.10699844360352,-70.23583984375,-12.976226806640625,6.807037353515625,32.313453674316406,78.4617919921875,2026-02-09
2026-02-09 09:00:00,-50.0,-86.44416809082031,-50.64085388183594,-23.72412109375,-2.2243881225585938,49.12403106689453,2026-02-09
2026-02-09 10:00:00,-50.0,-96.25093078613281,-45.07521057128906,-31.258453369140625,-11.691558837890625,35.481101989746094,2026-02-09
2026-02-09 11:00:00,0.0,-74.82896423339844,-50.42771911621094,-25.328155517578125,0.20844268798828125,56.21156311035156,2026-02-09
2026-02-09 12:00:00,35.0,-79.72935485839844,-46.80305480957031,-30.3656005859375,-14.060287475585934,15.356849670410156,2026-02-09
2026-02-09 13:00:00,-37.5,-85.41191101074219,-52.479766845703125,-27.27886962890625,-2.3129806518554688,61.33887481689453,2026-02-09
2026-02-09 14:00:00,-50.0,-72.56959533691406,-42.682708740234375,-26.515594482421875,24.24403381347657,140.97067260742188,2026-02-09
2026-02-09 15:00:00,-50.0,-85.69055938720703,-56.400047302246094,-27.194793701171875,-5.438346862792969,83.76966094970703,2026-02-09
2026-02-09 16:00:00,222.5,-95.06748962402344,-56.752960205078125,-24.277862548828125,9.314422607421875,71.01797485351562,2026-02-09
2026-02-09 17:00:00,207.5,-102.27207946777344,-39.1607666015625,-1.317535400390625,57.85484313964844,135.91354370117188,2026-02-09
2026-02-09 18:00:00,-49.605751037597656,-105.44320678710938,-51.153831481933594,-5.63043212890625,33.963653564453125,139.0092315673828,2026-02-09
2026-02-09 19:00:00,-49.25,-75.69198608398438,-18.11826324462891,21.61947631835937,72.00880432128906,180.77412414550784,2026-02-09
2026-02-09 20:00:00,-48.01300048828125,-60.32240295410156,-23.866775512695312,17.362548828125,72.71197509765625,178.5668487548828,2026-02-09
2026-02-09 21:00:00,-50.0,-66.01791381835938,-3.3624343872070312,28.6708984375,74.69679260253906,137.7036590576172,2026-02-09
2026-02-09 22:00:00,-49.260501861572266,-98.01339721679688,-32.519500732421875,3.147064208984375,37.25534057617189,114.83198547363281,2026-02-09
2026-02-09 23:00:00,-50.0,-94.13716125488281,-41.801483154296875,-9.44403076171875,25.78892517089845,136.71664428710938,2026-02-09
2026-02-10 00:00:00,245.09625244140625,0.591354370117184,20.567626953124996,25.90829467773437,32.48704528808594,54.28742980957031,2026-02-10
2026-02-10 01:00:00,257.5,121.04705810546875,136.27639770507812,143.5690460205078,154.37835693359375,180.67709350585938,2026-02-10
2026-02-10 02:00:00,102.5,140.6089324951172,156.17965698242188,167.4239501953125,180.1221160888672,213.14309692382812,2026-02-10
2026-02-10 03:00:00,200.0,163.25572204589847,183.97717285156253,193.96597290039065,207.73559570312503,225.60820007324222,2026-02-10
2026-02-10 04:00:00,110.03150177001952,110.617431640625,134.75909423828125,149.03953552246094,157.23855590820312,219.06228637695312,2026-02-10
2026-02-10 05:00:00,182.8757476806641,115.53842163085938,134.71267700195312,145.7152557373047,159.19593811035156,210.09210968017578,2026-02-10
2026-02-10 06:00:00,141.6165008544922,165.56095886230466,188.0760803222656,199.62738037109372,211.49926757812497,243.975959777832,2026-02-10
2026-02-10 07:00:00,216.15475463867188,200.0211181640625,220.89259338378906,234.03884887695312,252.4852752685547,286.5392761230469,2026-02-10
2026-02-10 08:00:00,152.1540069580078,199.25143432617188,228.43182373046875,244.46652221679688,256.0993957519531,348.3607482910156,2026-02-10
2026-02-10 09:00:00,1.0577499866485596,146.2590789794922,173.96694946289062,185.55796813964844,199.60972595214844,237.50373077392578,2026-02-10
2026-02-10 10:00:00,-50.0,-59.11933898925781,-29.61093139648438,-18.252655029296875,-6.07769775390625,45.25194549560547,2026-02-10
2026-02-10 11:00:00,-50.0,-67.64666748046875,-40.1661376953125,-24.242095947265625,-11.219192504882812,42.40966033935547,2026-02-10
2026-02-10 12:00:00,-50.0,-85.81663513183594,-48.506103515625,-30.62152099609375,-14.151809692382812,69.35317993164062,2026-02-10
2026-02-10 13:00:00,-50.0,-86.45364379882812,-44.074371337890625,-31.75,-18.212203979492188,22.23046112060547,2026-02-10
2026-02-10 14:00:00,-50.0,-73.40638732910156,-49.4158935546875,-31.668487548828125,-10.464920043945312,134.42555236816406,2026-02-10
2026-02-10 15:00:00,262.9327392578125,-63.57734680175781,-40.23881530761719,-21.3026123046875,-2.4145584106445312,148.0076446533203,2026-02-10
2026-02-10 16:00:00,563.4555053710938,159.54212951660156,192.63075256347656,212.31427001953125,234.02761840820312,414.86106872558594,2026-02-10
2026-02-10 17:00:00,602.1957397460938,319.6304473876953,351.8011932373047,367.34228515625,388.24268341064453,544.2900543212891,2026-02-10
2026-02-10 18:00:00,405.0,351.4296417236328,372.4544982910156,386.7218017578125,407.9137268066406,550.9070434570312,2026-02-10
2026-02-10 19:00:00,355.0,297.8997344970703,320.18898010253906,337.1617126464844,370.6477584838867,525.3415832519531,2026-02-10
2026-02-10 20:00:00,187.5,232.8811798095703,284.41554260253906,302.8187255859375,326.5611267089844,471.8372497558594,2026-02-10
2026-02-10 21:00:00,247.89149475097656,242.04026794433594,276.7322998046875,289.913818359375,319.75657653808594,520.9259490966797,2026-02-10
2026-02-10 22:00:00,215.7227478027344,199.88432312011716,229.6517639160156,250.5317230224609,266.67940521240234,424.9989318847656,2026-02-10
2026-02-10 23:00:00,82.5,101.0535888671875,135.34063720703125,155.34193420410156,180.41864013671875,374.9720916748047,2026-02-10
2026-02-11 00:00:00,250.0,205.13495635986325,229.84152984619138,249.3539123535156,265.92518615722656,305.0071487426758,2026-02-11
2026-02-11 01:00:00,-25.0,30.7147216796875,61.69108581542969,92.73878479003906,113.52201080322266,175.0712661743164,2026-02-11
2026-02-11 02:00:00,115.0,-50.07225036621094,-8.30584716796875,19.179718017578125,73.23383331298828,207.68774414062503,2026-02-11
2026-02-11 03:00:00,75.0,-97.13479614257812,-46.15068054199219,-1.04931640625,56.355316162109375,162.96600341796875,2026-02-11
2026-02-11 04:00:00,-49.00650024414063,-94.97140502929688,-51.09457397460938,0.30865478515625,50.74580383300781,125.80897521972656,2026-02-11
2026-02-11 05:00:00,-50.0,-107.81118774414061,-58.1916046142578,-7.424652099609375,72.89479064941408,144.46908569335943,2026-02-11
2026-02-11 06:00:00,-50.0,-97.32728576660156,-58.326171875,-18.524932861328125,30.50732421875,149.97186279296875,2026-02-11
2026-02-11 07:00:00,-50.0,-94.81441497802734,-54.25325775146484,-20.209930419921875,27.56299591064454,144.8335189819336,2026-02-11
2026-02-11 08:00:00,-50.0,-124.12488555908203,-57.09601593017578,-19.981353759765625,7.953819274902344,97.16143035888672,2026-02-11
2026-02-11 09:00:00,-50.0,-110.74445343017578,-69.07622528076172,-32.62445068359375,-5.00785827636718,147.98726654052734,2026-02-11
2026-02-11 10:00:00,-50.0,-108.07994842529297,-64.76209259033203,-41.00762939453125,-12.104042053222656,116.44998931884766,2026-02-11
2026-02-11 11:00:00,-50.0,-116.10336303710938,-59.264678955078125,-34.48602294921875,-19.17853546142578,32.0015869140625,2026-02-11
2026-02-11 12:00:00,-50.0,-115.05224609375,-63.464752197265625,-32.980010986328125,-2.843475341796875,124.34320068359372,2026-02-11
2026-02-11 13:00:00,-50.0,-81.71397399902344,-53.11219787597656,-33.7830810546875,-3.616607666015625,56.15727233886719,2026-02-11
2026-02-11 14:00:00,-50.0,-102.06867980957031,-62.59393310546875,-30.1087646484375,6.323089599609368,131.4086608886719,2026-02-11
2026-02-11 15:00:00,-50.0,-103.76377868652344,-54.17573547363281,-23.88897705078125,16.628982543945312,204.77215576171875,2026-02-11
2026-02-11 16:00:00,-50.0,-139.9483184814453,-83.58792114257812,-24.90814208984375,51.14002990722656,187.4407958984375,2026-02-11
2026-02-11 17:00:00,-7.0,100.20675659179688,161.70681762695312,203.0804901123047,302.2112579345703,462.40440368652344,2026-02-11
2026-02-11 18:00:00,22.75,134.27940368652344,200.83111572265625,268.2055969238281,352.8690643310547,471.4842987060547,2026-02-11
2026-02-11 19:00:00,129.5,156.06983184814453,205.36011505126953,266.2164001464844,348.140869140625,452.06024169921875,2026-02-11
2026-02-11 20:00:00,54.75,113.19749450683595,165.5633773803711,230.7696533203125,293.24603271484375,404.81626892089844,2026-02-11
2026-02-11 21:00:00,129.5,112.02732849121094,164.00122833251953,216.7603302001953,305.18870544433594,409.6377716064453,2026-02-11
2026-02-11 22:00:00,233.09625244140625,110.3528060913086,145.69065856933594,192.0245361328125,284.6203079223633,372.4012985229492,2026-02-11
2026-02-11 23:00:00,240.0,58.37982940673828,106.87020874023438,131.3311004638672,218.81383514404297,307.12084197998047,2026-02-11
2026-02-12 00:00:00,260.0,227.37639617919922,259.0001754760742,277.8961486816406,293.94657135009766,350.1339340209961,2026-02-12
2026-02-12 01:00:00,260.0,216.09356689453125,244.9543228149414,268.1181640625,293.05290222167963,352.83399963378906,2026-02-12
2026-02-12 02:00:00,262.5,181.325927734375,221.69278717041016,267.8167724609375,302.80799865722656,398.28761291503906,2026-02-12
2026-02-12 03:00:00,305.0,173.80447387695312,236.01155853271484,274.1492614746094,308.9220428466797,390.1018981933594,2026-02-12
2026-02-12 04:00:00,260.0,141.45578002929685,201.8915863037109,244.18783569335935,288.99916076660156,413.49009704589844,2026-02-12
2026-02-12 05:00:00,2.5,71.55970764160159,108.36724853515628,161.83895874023438,216.03462219238284,319.63685607910156,2026-02-12
2026-02-12 06:00:00,198.156005859375,5.617179870605469,31.366363525390625,76.95390319824219,150.3809585571289,240.18485260009766,2026-02-12
2026-02-12 07:00:00,214.062255859375,-57.77633666992189,2.618621826171861,40.88775634765625,108.53689575195311,222.40245056152344,2026-02-12
2026-02-12 08:00:00,24.97450065612793,-101.14856719970703,-17.772872924804688,15.18731689453125,57.427284240722656,186.40073394775393,2026-02-12
2026-02-12 09:00:00,-37.445499420166016,-124.93940734863281,-68.35630798339844,-7.608917236328125,30.95448303222655,144.95820617675784,2026-02-12
2026-02-12 10:00:00,-50.0,-135.46035766601562,-69.03921508789062,-31.550323486328125,53.7296142578125,161.68338012695312,2026-02-12
2026-02-12 11:00:00,-50.0,-63.710227966308594,11.956657409667969,41.23829650878906,86.66719055175783,180.2938461303711,2026-02-12
2026-02-12 12:00:00,-50.0,-120.29220581054688,-70.08753967285156,-19.487548828125,41.441650390625,120.19619750976565,2026-02-12
2026-02-12 13:00:00,-50.0,-116.76285552978516,-60.94976043701172,-17.12725830078125,11.137809753417969,118.21334075927737,2026-02-12
2026-02-12 14:00:00,-50.0,-138.27084350585938,-74.10184478759766,-23.010498046875,49.03108215332031,132.70541381835938,2026-02-12
2026-02-12 15:00:00,-50.0,-119.65681457519531,-67.00926971435547,-24.82244873046875,48.092437744140625,188.7603302001953,2026-02-12
2026-02-12 16:00:00,342.25,-154.0125732421875,-74.59199523925781,-30.08050537109375,56.08180236816406,212.64491271972656,2026-02-12
2026-02-12 17:00:00,429.4557495117188,-104.21449279785156,-35.212493896484375,23.8944091796875,115.65283203125,278.4912414550781,2026-02-12
2026-02-12 18:00:00,113.5,148.13101196289062,188.72122192382812,256.6971740722656,344.22666931152344,550.6722106933594,2026-02-12
2026-02-12 19:00:00,88.25,96.67872619628908,148.69426727294922,205.1832275390625,268.04136657714844,341.5921936035156,2026-02-12
2026-02-12 20:00:00,-49.5,137.1804046630859,197.35531616210935,242.8871154785156,309.34851074218744,387.3259582519531,2026-02-12
2026-02-12 21:00:00,25.25,170.1393280029297,216.5756607055664,249.6779022216797,335.36778259277344,457.38917541503906,2026-02-12
2026-02-12 22:00:00,14.25,145.98230743408203,189.19403076171875,231.82977294921875,318.3013381958008,419.25553131103516,2026-02-12
2026-02-12 23:00:00,162.78924560546875,133.52920532226562,182.09812927246094,229.80279541015625,306.55609130859375,494.0845184326172,2026-02-12
2026-02-13 00:00:00,100.38574981689452,-8.9117202758789,18.34156036376953,33.980682373046875,67.88316345214844,129.55789184570312,2026-02-13
2026-02-13 01:00:00,262.5,-52.994789123535156,13.824073791503906,58.01542663574219,103.6396713256836,184.6117172241211,2026-02-13
2026-02-13 02:00:00,165.0,-19.605239868164062,18.450592041015625,67.03669738769531,117.79281616210938,168.65484619140625,2026-02-13
2026-02-13 03:00:00,65.0,-40.387039184570305,15.635307312011726,56.39474487304688,117.20915222167969,158.1879119873047,2026-02-13
2026-02-13 04:00:00,62.91849899291992,-102.17468261718747,-42.88158416748044,13.84686279296875,60.21125793457034,148.51467895507815,2026-02-13
2026-02-13 05:00:00,-48.5,-101.15805053710938,-41.305702209472656,7.639923095703125,66.81933593749997,151.206787109375,2026-02-13
2026-02-13 06:00:00,-52.089500427246094,-97.76235961914062,-52.11552429199219,-7.452301025390625,35.241851806640625,123.90457153320312,2026-02-13
2026-02-13 07:00:00,-17.344499588012695,-97.64907836914062,-57.08692932128906,-16.81103515625,51.59678649902344,170.43020629882812,2026-02-13
2026-02-13 08:00:00,-50.0,-117.06983947753906,-61.26972961425781,-27.30673217773437,15.731063842773441,138.0650177001953,2026-02-13
2026-02-13 09:00:00,-50.0,-111.50032043457031,-69.03363037109375,-30.096954345703125,6.256660461425781,117.27932739257812,2026-02-13
2026-02-13 10:00:00,-50.0,-107.8996810913086,-67.06035614013672,-40.52603149414063,-5.213844299316413,132.4880599975586,2026-02-13
2026-02-13 11:00:00,-50.0,-95.60324096679688,-56.1630859375,-40.286376953125,-16.449729919433594,97.49151611328125,2026-02-13
2026-02-13 12:00:00,-50.0,-101.66973876953125,-67.54306030273438,-38.02438354492188,-12.137268066406257,84.266845703125,2026-02-13
2026-02-13 13:00:00,-50.0,-110.16313934326172,-62.934303283691406,-35.005859375,3.9511871337890625,154.53588104248047,2026-02-13
2026-02-13 14:00:00,-50.0,-106.15494537353516,-68.10945892333984,-30.55157470703125,-4.094017028808594,83.35028839111325,2026-02-13
2026-02-13 15:00:00,-50.0,-117.6003646850586,-56.90226745605469,-24.99472045898437,9.601104736328121,154.49919891357422,2026-02-13
2026-02-13 16:00:00,-50.0,-98.70372009277344,-55.200965881347656,-11.39019775390625,35.05835723876953,167.9038543701172,2026-02-13
2026-02-13 17:00:00,-48.69525146484375,-56.679901123046875,-8.5389404296875,35.3690185546875,83.92530822753906,199.21920776367188,2026-02-13
2026-02-13 18:00:00,-26.132999420166016,131.6667938232422,166.79617309570312,220.89727783203125,303.9369201660156,380.44256591796875,2026-02-13
2026-02-13 19:00:00,11.484999656677246,97.0049819946289,145.1610870361328,183.88699340820312,255.0887680053711,368.60489654541016,2026-02-13
2026-02-13 20:00:00,8.925000190734863,52.03314971923828,103.96739959716797,144.76429748535156,177.05199432373047,257.88086700439453,2026-02-13
2026-02-13 21:00:00,181.10174560546875,110.25296783447266,149.32469940185547,176.6868896484375,229.1220932006836,299.66600799560547,2026-02-13
2026-02-13 22:00:00,13.243000030517578,-3.044647216796889,41.42262268066405,99.69146728515624,160.4080352783203,287.2791748046875,2026-02-13
2026-02-13 23:00:00,32.07500076293945,-58.349830627441406,-22.10346221923828,21.7763671875,53.821006774902344,186.52094268798828,2026-02-13
2026-02-14 00:00:00,-49.49325180053711,6.218742370605469,25.16870880126953,33.48162841796875,42.567138671875,80.76063537597656,2026-02-14
2026-02-14 01:00:00,-50.0,26.43498992919922,48.868186950683594,58.17555236816406,72.62953186035156,96.0005874633789,2026-02-14
2026-02-14 02:00:00,-50.0,40.700836181640625,69.79469299316406,84.10804748535156,103.67105102539062,213.19093322753906,2026-02-14
2026-02-14 03:00:00,-50.0,103.04768371582031,125.86050415039062,140.85787963867188,164.20565032958984,317.10069274902344,2026-02-14
2026-02-14 04:00:00,-37.5,21.07830810546875,49.67738342285156,67.43649291992188,82.04383850097656,150.5876922607422,2026-02-14
2026-02-14 05:00:00,45.0,67.30935668945311,92.90579223632811,103.6173858642578,119.8633575439453,177.53558349609375,2026-02-14
2026-02-14 06:00:00,-12.5,60.61053466796875,76.99375915527344,90.91970825195312,102.31333923339844,232.72267150878903,2026-02-14
2026-02-14 07:00:00,-50.0,-0.9445953369140625,22.431793212890625,34.976348876953125,47.75785827636719,80.91961669921875,2026-02-14
2026-02-14 08:00:00,-50.0,-41.30528259277344,-20.364151000976562,-11.838531494140623,1.6581268310546875,52.30073547363281,2026-02-14
2026-02-14 09:00:00,-50.0,-48.453643798828125,-31.89813232421875,-20.38580322265625,-9.466766357421875,4.65386962890625,2026-02-14
2026-02-14 10:00:00,-50.0,-45.27128601074219,-32.829071044921875,-26.697174072265625,-21.87251281738281,-1.8825988769531214,2026-02-14
2026-02-14 11:00:00,-50.0,-59.90211486816406,-34.97331237792969,-27.0498046875,-19.438827514648438,-0.5623931884765625,2026-02-14
2026-02-14 12:00:00,-50.0,-47.53642272949219,-28.651199340820312,-18.50537109375,-10.546356201171875,16.21405029296875,2026-02-14
2026-02-14 13:00:00,-50.0,-38.470794677734375,-21.984710693359382,-14.894378662109377,-9.438247680664064,4.225906372070311,2026-02-14
2026-02-14 14:00:00,-50.0,-49.56376647949219,-31.754638671875004,-19.6358642578125,-9.639633178710938,4.5575714111328125,2026-02-14
2026-02-14 15:00:00,-50.0,-47.92198181152344,-30.118316650390625,-20.651580810546875,-11.364776611328125,21.098281860351562,2026-02-14
2026-02-14 16:00:00,-50.0,-56.74226379394531,-34.18450927734375,-21.316680908203125,-7.717681884765625,120.13278198242188,2026-02-14
2026-02-14 17:00:00,-50.0,-64.58831787109375,-26.181442260742188,-13.784912109375,-1.479248046875,46.855224609375,2026-02-14
2026-02-14 18:00:00,-46.479251861572266,-46.03178405761719,-10.663650512695312,1.755706787109375,24.620140075683594,145.36260986328125,2026-02-14
2026-02-14 19:00:00,-12.49625015258789,-34.5018310546875,0.5609893798828143,13.234100341796877,26.72557830810547,87.34090423583984,2026-02-14
2026-02-14 20:00:00,-50.0,-44.91424560546875,-0.0999755859375,16.80389404296875,46.521156311035156,155.57627868652344,2026-02-14
2026-02-14 21:00:00,-50.0,-23.279685974121094,13.169792175292969,31.0233154296875,47.654212951660156,186.53778839111328,2026-02-14
2026-02-14 22:00:00,-50.0,-32.61595153808594,-4.7451171875,8.81695556640625,25.52141571044922,107.54838562011719,2026-02-14
2026-02-14 23:00:00,-50.0,-38.912208557128906,-8.966133117675781,10.83367919921875,29.682533264160156,174.1160659790039,2026-02-14
2026-02-15 00:00:00,212.5,139.33592224121094,147.1736297607422,151.0942840576172,154.09848022460938,165.21078491210938,2026-02-15
2026-02-15 01:00:00,195.0,154.3546142578125,165.05316162109375,171.1362762451172,177.90048217773438,197.09339904785156,2026-02-15
2026-02-15 02:00:00,272.5,217.2716064453125,222.93740844726562,233.4977569580078,240.97833251953125,258.8156433105469,2026-02-15
2026-02-15 03:00:00,290.0,258.4886932373047,281.0114288330078,290.2732238769531,297.11512756347656,314.8827362060547,2026-02-15
2026-02-15 04:00:00,292.5,282.6209106445312,293.11137390136713,299.5516967773437,308.60908508300776,335.55324554443354,2026-02-15
2026-02-15 05:00:00,280.0,278.47459411621094,290.73828125,296.0920715332031,304.8077850341797,319.3217468261719,2026-02-15
2026-02-15 06:00:00,142.5,271.6109313964844,284.44525146484375,291.68621826171875,299.18809509277344,315.86402893066406,2026-02-15
2026-02-15 07:00:00,175.0,268.17417907714844,282.5878143310547,286.79034423828125,291.83665466308594,305.28208923339844,2026-02-15
2026-02-15 08:00:00,-50.0,142.82518005371094,157.8214569091797,162.1761016845703,167.80528259277344,180.1231689453125,2026-02-15
2026-02-15 09:00:00,-50.0,-29.400253295898427,-13.047760009765621,-6.06829833984375,-0.8463439941406214,10.203903198242191,2026-02-15
2026-02-15 10:00:00,-50.0,-36.92315673828124,-24.032577514648438,-16.17852783203125,-9.453292846679688,18.46240234375,2026-02-15
2026-02-15 11:00:00,-50.0,-35.22535705566406,-25.809494018554684,-21.28094482421875,-16.04229736328125,4.5116882324218786,2026-02-15
2026-02-15 12:00:00,-50.0,-33.72257995605469,-23.308837890625,-17.835540771484375,-12.15625,-0.7847137451171875,2026-02-15
2026-02-15 13:00:00,-50.0,-32.46876525878906,-20.479660034179695,-13.755462646484377,-4.350509643554689,10.551788330078123,2026-02-15
2026-02-15 14:00:00,-50.0,-27.92913818359375,-19.146759033203125,-11.640869140625,-5.71246337890625,14.20697021484375,2026-02-15
2026-02-15 15:00:00,-50.0,-27.084075927734375,-17.11004638671875,-10.633880615234377,-1.8695526123046893,7.753646850585936,2026-02-15
2026-02-15 16:00:00,-25.0,-16.484405517578125,3.0008392333984357,11.501251220703123,17.766799926757812,52.550079345703125,2026-02-15
2026-02-15 17:00:00,342.5,356.2776641845703,374.2837219238281,385.1860046386719,394.577880859375,427.1419372558594,2026-02-15
2026-02-15 18:00:00,370.0,481.3740997314453,506.3435974121094,520.0861206054688,530.9033660888672,550.1370315551758,2026-02-15
2026-02-15 19:00:00,317.5,439.9995727539063,466.0795288085938,480.4215698242188,492.60810852050787,538.2800369262695,2026-02-15
2026-02-15 20:00:00,290.0,390.275390625,409.7832489013672,419.7039794921875,430.9678649902344,472.268310546875,2026-02-15
2026-02-15 21:00:00,300.0,516.4898376464844,539.7331390380859,548.908447265625,565.338134765625,599.9132766723633,2026-02-15
2026-02-15 22:00:00,322.5,689.9441833496094,714.3838348388672,732.255859375,752.4592514038086,896.8150939941406,2026-02-15
2026-02-15 23:00:00,435.0,388.59130859375,403.84698486328125,418.2510986328125,435.37623596191406,495.42696380615234,2026-02-15
2026-02-16 00:00:00,340.0,378.27764892578125,416.62762451171875,436.2366943359375,455.41827392578125,488.9862060546875,2026-02-16
2026-02-16 01:00:00,340.0,341.12434387207037,397.0976715087891,416.8308715820313,445.6287841796876,503.72494506835943,2026-02-16
2026-02-16 02:00:00,340.0,294.29670715332037,347.8053131103516,383.4928588867188,421.0933532714845,487.7650756835938,2026-02-16
2026-02-16 03:00:00,340.0,290.1644744873047,366.6547546386719,409.008056640625,436.4996643066406,510.81272888183594,2026-02-16
2026-02-16 04:00:00,340.0,269.60147857666016,338.47438049316406,387.2262268066406,432.4514617919922,486.2126922607422,2026-02-16
2026-02-16 05:00:00,340.0,170.42990875244138,282.500244140625,330.0751037597656,366.18959045410156,440.91412353515625,2026-02-16
2026-02-16 06:00:00,340.0,181.1565399169922,277.22947692871094,332.4254150390625,355.52320861816406,474.4379425048828,2026-02-16
2026-02-16 07:00:00,332.5,227.09320068359375,285.75071716308594,333.3721618652344,420.63714599609375,516.9246673583984,2026-02-16
2026-02-16 08:00:00,130.0,190.11058807373047,235.46660614013672,274.4302062988281,314.515869140625,466.58899688720703,2026-02-16
2026-02-16 09:00:00,-50.0,71.56482696533203,116.61619567871094,137.1832275390625,165.63134002685547,281.87972259521484,2026-02-16
2026-02-16 10:00:00,-50.0,-27.781272888183594,22.78746795654297,41.70567321777344,80.94242858886719,201.8581771850586,2026-02-16
2026-02-16 11:00:00,62.5,74.80550384521484,110.49713897705078,141.07362365722656,160.29258728027344,264.5776596069336,2026-02-16
2026-02-16 12:00:00,-25.0,26.61225128173828,66.55170440673828,90.13340759277344,118.8768310546875,215.53803253173828,2026-02-16
2026-02-16 13:00:00,-50.0,-41.76304626464844,-5.203018188476566,21.47177124023437,52.52079010009764,150.66246032714844,2026-02-16
2026-02-16 14:00:00,-50.0,-12.053382873535156,33.027366638183594,58.8775634765625,100.69741821289062,251.74526214599612,2026-02-16
2026-02-16 15:00:00,-50.0,54.32491302490236,87.63475799560548,123.64520263671876,169.7305679321289,317.9119338989258,2026-02-16
2026-02-16 16:00:00,110.0,143.94543457031247,191.9581604003906,222.62591552734372,299.7765808105469,439.6134033203125,2026-02-16
2026-02-16 17:00:00,257.5,230.52627563476562,262.3374710083008,308.643310546875,402.51719665527344,508.9172821044922,2026-02-16
2026-02-16 18:00:00,295.0,245.88762664794922,288.98865509033203,320.1406555175781,418.54036712646484,533.8915939331055,2026-02-16
2026-02-16 19:00:00,280.0,212.13111877441406,264.8262252807617,330.08160400390625,379.10266876220703,456.6214828491211,2026-02-16
2026-02-16 20:00:00,257.5,269.6020202636719,316.49691009521484,353.75341796875,414.14385986328125,484.24700927734375,2026-02-16
2026-02-16 21:00:00,265.0,325.2787628173828,378.09949493408203,427.42388916015625,499.77667236328125,603.0529174804688,2026-02-16
2026-02-16 22:00:00,275.0,258.3946990966797,301.4633560180664,351.51123046875,412.4662857055664,480.56751251220703,2026-02-16
2026-02-16 23:00:00,315.0,229.16437530517578,279.7395324707031,323.6609191894531,413.00635528564453,486.2759780883789,2026-02-16
2026-02-17 00:00:00,215.0,210.78233337402344,242.1462860107422,255.2496795654297,269.29627990722656,305.69029235839844,2026-02-17
2026-02-17 01:00:00,242.5,167.43219757080078,219.89852905273438,236.992431640625,255.81222534179688,286.6739959716797,2026-02-17
2026-02-17 02:00:00,265.0,204.85536193847656,249.41665649414062,268.9565124511719,291.032470703125,324.16246032714844,2026-02-17
2026-02-17 03:00:00,-12.5,171.07859802246094,225.90208435058594,257.73944091796875,286.8199005126953,344.0113067626953,2026-02-17
2026-02-17 04:00:00,12.5,168.94821166992188,223.18829345703125,240.52438354492188,266.35560607910156,307.753173828125,2026-02-17
2026-02-17 05:00:00,-37.5,110.64743041992188,206.4735870361328,228.22000122070312,249.74794006347656,314.0580596923828,2026-02-17
2026-02-17 06:00:00,-50.0,66.80179595947266,131.79163360595703,184.2996826171875,202.51055908203125,250.58000183105472,2026-02-17
2026-02-17 07:00:00,-50.0,-30.287345886230455,26.231590270996108,103.6897430419922,137.2549591064453,198.7040252685547,2026-02-17
2026-02-17 08:00:00,-50.0,-99.3087387084961,-40.528785705566406,-4.97418212890625,37.863670349121094,124.26666259765625,2026-02-17
2026-02-17 09:00:00,-50.0,-80.34331512451172,-47.93956756591797,-16.81329345703125,12.616455078125,140.30068969726562,2026-02-17
2026-02-17 10:00:00,-50.0,-86.41802215576172,-65.26541900634766,-25.14642333984375,6.397186279296875,104.28071594238281,2026-02-17
2026-02-17 11:00:00,-50.0,-69.90203857421875,-39.27500915527344,-19.26861572265625,7.531547546386719,38.06623840332031,2026-02-17
2026-02-17 12:00:00,-50.0,-51.35895538330078,-36.80017852783203,-16.9796142578125,-5.3340988159179705,37.04771423339844,2026-02-17
2026-02-17 13:00:00,-50.0,-81.72467041015625,-45.44573974609375,-27.6669921875,-5.1259918212890625,63.080665588378906,2026-02-17
2026-02-17 14:00:00,-50.0,-84.98611450195312,-54.48616027832031,-22.44696044921875,-1.0271682739257777,123.86090850830078,2026-02-17
2026-02-17 15:00:00,-50.0,-90.5915298461914,-44.526817321777344,-21.5699462890625,10.444297790527337,134.82980346679685,2026-02-17
2026-02-17 16:00:00,-50.0,-83.39008331298828,-50.873741149902344,-25.331085205078125,43.2626953125,163.14849853515625,2026-02-17
2026-02-17 17:00:00,-50.0,-125.8456039428711,-73.43791198730469,-16.30487060546875,56.13023376464844,150.3282928466797,2026-02-17
2026-02-17 18:00:00,-50.0,46.921363830566406,105.26826477050781,148.5019073486328,206.8425750732422,288.5545196533203,2026-02-17
2026-02-17 19:00:00,-50.0,12.307357788085938,78.77210998535156,145.1623992919922,176.6561737060547,242.1462097167969,2026-02-17
2026-02-17 20:00:00,-50.0,20.40410614013672,70.70170593261719,115.91017150878906,148.20650482177734,220.46500396728516,2026-02-17
2026-02-17 21:00:00,-50.0,-14.990478515624986,25.582901000976577,73.52908325195312,128.42691040039062,183.69387817382812,2026-02-17
2026-02-17 22:00:00,-50.0,-80.45616149902344,-30.552169799804688,28.77392578125,61.98439025878906,144.3358612060547,2026-02-17
2026-02-17 23:00:00,-50.0,-78.33406829833984,-21.241485595703125,23.7110595703125,63.87077331542969,110.68045043945312,2026-02-17
2026-02-18 00:00:00,-50.0,70.91929626464844,73.30413818359375,75.04258728027344,76.62185668945312,82.257568359375,2026-02-18
2026-02-18 01:00:00,-50.0,103.77406311035156,110.9454345703125,113.22084045410156,115.84046936035156,138.18316650390625,2026-02-18
2026-02-18 02:00:00,-50.0,209.71257019042972,214.94599914550784,217.68814086914065,221.7094421386719,243.1681060791016,2026-02-18
2026-02-18 03:00:00,-50.0,243.44262695312497,249.63195800781247,253.8251037597656,256.2585296630859,291.2576599121094,2026-02-18
2026-02-18 04:00:00,-50.0,220.4910125732422,227.81582641601562,231.8523406982422,238.91360473632812,421.94850158691406,2026-02-18
2026-02-18 05:00:00,12.5,225.4172821044922,235.1532745361328,239.57421875,244.751708984375,393.3009033203125,2026-02-18
2026-02-18 06:00:00,0.0,227.45274353027344,233.140869140625,237.73709106445312,241.67279052734375,273.8049087524414,2026-02-18
2026-02-18 07:00:00,-50.0,100.86186218261719,107.29988098144531,113.35171508789062,121.11517333984375,289.4626159667969,2026-02-18
2026-02-18 08:00:00,-50.0,-31.931884765625,-20.400726318359375,-16.648712158203125,-11.060943603515625,145.52410888671875,2026-02-18
2026-02-18 09:00:00,-50.0,-39.55363464355468,-31.343170166015618,-27.26278686523437,-20.16073608398437,124.53523254394531,2026-02-18
2026-02-18 10:00:00,-50.0,-47.12022399902344,-36.45806884765625,-30.831512451171875,-24.35078430175781,173.0900115966797,2026-02-18
2026-02-18 11:00:00,-50.0,-39.23703002929687,-26.618896484374993,-23.55892944335937,-17.27305603027343,22.32804870605469,2026-02-18
2026-02-18 12:00:00,-50.0,-28.685272216796875,-20.272064208984375,-12.87237548828125,-6.0795440673828125,164.17398071289062,2026-02-18
2026-02-18 13:00:00,-50.0,-40.09278869628906,-26.934051513671875,-23.138580322265625,-18.25628662109375,141.7555389404297,2026-02-18
2026-02-18 14:00:00,-50.0,-42.77574157714844,-34.78422546386719,-29.108612060546875,-24.103500366210938,204.97183227539062,2026-02-18
2026-02-18 15:00:00,-50.0,-40.659271240234375,-29.57989501953125,-24.763641357421875,-19.215576171875,-7.196685791015625,2026-02-18
2026-02-18 16:00:00,-50.0,-33.14656066894531,-22.590026855468754,-17.047454833984375,-9.539443969726562,140.9296417236328,2026-02-18
2026-02-18 17:00:00,-50.0,-23.912841796875,-10.694412231445312,-3.29010009765625,9.161689758300781,179.1349639892578,2026-02-18
2026-02-18 18:00:00,-50.0,130.95433044433594,146.37075805664062,158.29212951660156,216.4225311279297,356.86451721191406,2026-02-18
2026-02-18 19:00:00,-50.34600067138672,41.68818664550782,54.200119018554695,61.87319946289063,87.83785247802734,330.1589050292969,2026-02-18
2026-02-18 20:00:00,-50.0,-47.16975402832031,-28.0340576171875,-19.71783447265625,-0.4598846435546875,207.70387268066406,2026-02-18
2026-02-18 21:00:00,-50.0,-48.425872802734375,-29.28569030761719,-23.09857177734375,-7.376838684082031,177.41659545898438,2026-02-18
2026-02-18 22:00:00,-50.0,-51.01837158203125,-37.21502685546875,-27.753662109375,0.28783416748046875,174.57965087890628,2026-02-18
2026-02-18 23:00:00,-50.0,-48.59306335449219,-37.298095703125,-26.847076416015625,6.9573822021484375,291.26373291015625,2026-02-18
2026-02-19 00:00:00,-50.0,-18.315200805664062,-14.204498291015623,-12.703643798828123,-11.67027282714844,-2.1029510498046857,2026-02-19
2026-02-19 01:00:00,-50.0,-24.00808715820312,-18.52215576171875,-16.56805419921875,-15.159393310546875,-9.833328247070309,2026-02-19
2026-02-19 02:00:00,-50.0,-23.752090454101562,-20.649429321289062,-18.8358154296875,-16.851287841796875,-13.791641235351562,2026-02-19
2026-02-19 03:00:00,-50.0,-21.97174072265625,-19.452789306640625,-17.595458984375,-16.427154541015625,-11.006057739257812,2026-02-19
2026-02-19 04:00:00,-50.0,-21.001831054687504,-18.883316040039062,-17.438446044921875,-16.095657348632812,-11.542694091796875,2026-02-19
2026-02-19 05:00:00,-50.0,-25.39006042480468,-20.438552856445305,-18.96200561523437,-17.27146911621093,-12.510086059570305,2026-02-19
2026-02-19 06:00:00,-50.0,-26.625228881835938,-21.855026245117188,-20.789031982421875,-19.4014892578125,-14.630966186523438,2026-02-19
2026-02-19 07:00:00,-50.0,-22.889358520507812,-20.575836181640625,-19.5947265625,-18.0159912109375,-11.996200561523438,2026-02-19
2026-02-19 08:00:00,-50.0,-28.819091796875,-26.745193481445312,-25.16204833984375,-24.1689453125,-20.596176147460938,2026-02-19
2026-02-19 09:00:00,-50.0,-25.336074829101562,-22.051544189453125,-20.68548583984375,-18.977798461914062,-15.761093139648438,2026-02-19
2026-02-19 10:00:00,-50.0,-22.51617431640625,-21.053726196289062,-19.71575927734375,-18.343460083007812,-15.831680297851562,2026-02-19
2026-02-19 11:00:00,-50.0,-27.18721008300781,-24.75167846679687,-23.561676025390625,-22.270065307617184,-19.90852355957031,2026-02-19
2026-02-19 12:00:00,-50.0,-31.52891540527344,-27.93548583984375,-26.129608154296875,-25.093032836914062,-21.932861328125,2026-02-19
2026-02-19 13:00:00,-50.0,-28.81282043457031,-26.773544311523434,-24.88201904296875,-22.93586730957031,-17.852355957031246,2026-02-19
2026-02-19 14:00:00,-50.0,-28.251296997070312,-24.907333374023438,-23.3387451171875,-21.738967895507812,-18.381591796875,2026-02-19
2026-02-19 15:00:00,-50.0,-27.413589477539062,-21.679855346679688,-19.71722412109375,-17.473922729492188,-8.066513061523438,2026-02-19
2026-02-19 16:00:00,-50.0,-22.123931884765625,-17.87739562988281,-16.62017822265625,-12.84368896484375,-8.885986328124995,2026-02-19
2026-02-19 17:00:00,-50.0,-9.586044311523441,-5.423187255859375,-2.82244873046875,-0.2956085205078125,140.48704528808594,2026-02-19
2026-02-19 18:00:00,-50.08649826049805,0.4728546142578125,4.183258056640625,6.760223388671875,8.995346069335938,14.793060302734375,2026-02-19
2026-02-19 19:00:00,-51.21200180053711,-11.180236816406246,-7.050338745117184,-4.009552001953125,-1.1646118164062464,154.88121032714844,2026-02-19
2026-02-19 20:00:00,-50.0,-23.40251159667969,-17.4234619140625,-14.6025390625,-11.682769775390625,-5.8303604125976545,2026-02-19
2026-02-19 21:00:00,-50.0,-28.17683410644531,-23.94172668457031,-20.20077514648437,-16.592285156249996,0.6813354492187536,2026-02-19
2026-02-19 22:00:00,-50.0,-25.011947631835945,-18.3099365234375,-14.950042724609377,-12.352783203125002,-1.6716537475585955,2026-02-19
2026-02-19 23:00:00,-50.0,-17.12060546875,-11.950881958007816,-7.885498046875,-4.6302490234375,7.170433044433594,2026-02-19
2026-02-20 00:00:00,-50.0,-0.73638916015625,0.3149566650390625,0.892669677734375,1.48797607421875,3.694671630859375,2026-02-20
2026-02-20 01:00:00,-50.0,-8.734344482421875,-7.43878173828125,-6.740386962890625,-6.0313873291015625,-3.4085540771484375,2026-02-20
2026-02-20 02:00:00,-50.0,-12.347793579101562,-9.556793212890625,-8.545074462890625,-7.476409912109375,135.44754028320312,2026-02-20
2026-02-20 03:00:00,-50.0,-4.7564849853515625,-2.2571563720703125,-1.32391357421875,-0.6547393798828125,1.822784423828125,2026-02-20
2026-02-20 04:00:00,-50.0,4.2835540771484375,6.6988677978515625,7.6588134765625,8.69677734375,11.4991455078125,2026-02-20
2026-02-20 05:00:00,-50.0,-0.195648193359375,2.153106689453125,3.11083984375,4.428802490234375,12.445320129394531,2026-02-20
2026-02-20 06:00:00,-50.0,-1.8901824951171875,-0.2586822509765625,0.7279052734375,1.55584716796875,4.891029357910156,2026-02-20
2026-02-20 07:00:00,-50.0,-19.06011962890625,-17.017440795898438,-16.2479248046875,-15.045135498046875,-3.3527984619140607,2026-02-20
2026-02-20 08:00:00,-50.0,-30.216964721679688,-27.994171142578125,-26.842803955078125,-25.95458984375,-23.149246215820312,2026-02-20
2026-02-20 09:00:00,-50.0,-24.276214599609375,-22.468978881835938,-21.203826904296875,-19.807052612304688,149.71691131591797,2026-02-20
2026-02-20 10:00:00,-50.0,-21.83834838867187,-20.30079650878906,-19.48080444335937,-18.25154113769531,-4.2101135253906214,2026-02-20
2026-02-20 11:00:00,-50.0,-25.497817993164062,-23.05548095703125,-22.068817138671875,-20.7298583984375,146.93738555908203,2026-02-20
2026-02-20 12:00:00,-50.0,-28.448150634765625,-26.170425415039062,-24.8192138671875,-23.478347778320312,-18.127403259277344,2026-02-20
2026-02-20 13:00:00,-50.0,-28.959533691406246,-26.402633666992184,-25.33505249023437,-23.546081542968746,110.73090362548828,2026-02-20
2026-02-20 14:00:00,-50.0,-29.04248046875,-26.632583618164062,-25.812774658203125,-24.520339965820312,158.2958297729492,2026-02-20
2026-02-20 15:00:00,-50.0,-29.852127075195312,-25.518905639648438,-23.888427734375,-21.6270751953125,139.55847930908203,2026-02-20
2026-02-20 16:00:00,-50.0,-25.642578125,-21.378372192382812,-19.92327880859375,-17.634567260742188,154.95484161376953,2026-02-20
2026-02-20 17:00:00,-50.0,-12.19287109375,-9.386764526367188,-7.0684814453125,-5.32135009765625,165.58016204833982,2026-02-20
2026-02-20 18:00:00,-50.0,8.949234008789062,11.137039184570312,13.14495849609375,14.673629760742188,158.4609832763672,2026-02-20
2026-02-20 19:00:00,-50.0,15.985244750976562,18.498870849609375,20.721588134765625,22.84461212158203,232.60758209228518,2026-02-20
2026-02-20 20:00:00,-50.0,10.433822631835938,14.907455444335938,16.06036376953125,17.560592651367188,170.35858917236328,2026-02-20
2026-02-20 21:00:00,-50.0,2.871673583984375,5.899627685546875,8.133209228515625,10.79498291015625,282.7947006225586,2026-02-20
2026-02-20 22:00:00,-50.0,18.698989868164062,21.365280151367188,23.316680908203125,27.188064575195312,284.5367202758789,2026-02-20
2026-02-20 23:00:00,-50.0,-3.4832916259765625,-0.6565093994140625,1.221649169921875,4.606254577636719,205.75415802001956,2026-02-20
2026-02-21 00:00:00,-50.0,1.9695892333984375,3.0337982177734375,3.427886962890625,4.220756530761719,5.5661468505859375,2026-02-21
2026-02-21 01:00:00,-50.0,-14.050880432128906,-12.72589111328125,-12.15667724609375,-11.743080139160156,-9.21856689453125,2026-02-21
2026-02-21 02:00:00,-50.0,-21.388130187988274,-20.06889343261718,-19.46737670898437,-18.803894042968746,-16.76268768310546,2026-02-21
2026-02-21 03:00:00,-50.0,-21.373260498046875,-20.254417419433594,-19.64459228515625,-19.12511444091797,107.56592559814453,2026-02-21
2026-02-21 04:00:00,-50.0,-21.077835083007812,-20.186569213867188,-19.702301025390625,-19.17377471923828,-16.17235565185547,2026-02-21
2026-02-21 05:00:00,-50.0,-28.271446228027344,-26.65624237060547,-26.103790283203125,-25.609039306640625,-23.953392028808594,2026-02-21
2026-02-21 06:00:00,-50.0,-34.04315185546875,-33.246986389160156,-32.78753662109375,-32.295379638671875,98.4492492675781,2026-02-21
2026-02-21 07:00:00,-50.0,-39.379920959472656,-38.255577087402344,-37.879180908203125,-37.47643280029297,-35.97099304199219,2026-02-21
2026-02-21 08:00:00,-50.0,-35.65845489501953,-34.859283447265625,-34.331756591796875,-33.81756591796875,-31.807456970214844,2026-02-21
2026-02-21 09:00:00,-50.0,-32.006431579589844,-30.904586791992188,-30.373321533203125,-29.65757751464844,148.8638458251953,2026-02-21
2026-02-21 10:00:00,-50.0,-31.00543975830078,-30.242530822753906,-29.932830810546875,-29.282333374023438,106.43115997314453,2026-02-21
2026-02-21 11:00:00,-50.0,-34.47484588623047,-33.82244110107422,-33.420440673828125,-32.83930969238281,-31.46696472167969,2026-02-21
2026-02-21 12:00:00,-50.0,-36.571510314941406,-35.87157440185547,-35.314239501953125,-34.790992736816406,-32.75304412841797,2026-02-21
2026-02-21 13:00:00,-50.0,-35.05340576171875,-34.105979919433594,-33.518585205078125,-33.12359619140625,-30.720474243164062,2026-02-21
2026-02-21 14:00:00,-50.0,-34.541343688964844,-32.95513153076172,-32.207000732421875,-31.57280731201172,115.84178161621094,2026-02-21
2026-02-21 15:00:00,-50.0,-32.47882080078125,-31.460243225097653,-30.739715576171875,-30.160583496093746,110.09832763671875,2026-02-21
2026-02-21 16:00:00,-50.0,-28.27850341796875,-26.96562957763672,-26.333648681640625,-25.66883087158203,-21.61005401611328,2026-02-21
2026-02-21 17:00:00,41.75,-32.524574279785156,-31.442161560058594,-30.822021484375,-29.767066955566406,97.63436889648438,2026-02-21
2026-02-21 18:00:00,93.270751953125,-4.10587310791016,-3.0676345825195312,-2.34991455078125,-1.4513931274414062,187.62683868408203,2026-02-21
2026-02-21 19:00:00,163.95199584960938,-19.41399383544922,-18.27142333984375,-17.471466064453125,-16.438217163085938,159.49459838867188,2026-02-21
2026-02-21 20:00:00,243.29849243164065,-11.279586791992188,-9.664939880371094,-8.935638427734375,-7.4069061279296875,191.0414581298828,2026-02-21
2026-02-21 21:00:00,249.0865020751953,82.92727661132812,85.1067886352539,86.07052612304688,86.8115234375,227.97480010986328,2026-02-21
2026-02-21 22:00:00,285.0,162.13348388671875,164.1501693725586,165.25930786132812,166.2571792602539,352.4138870239258,2026-02-21
2026-02-21 23:00:00,285.0,160.30260467529297,162.33737182617188,163.26744079589844,164.6226348876953,317.34021759033203,2026-02-21
2026-02-22 00:00:00,-37.5,177.3316650390625,241.7645263671875,253.85821533203125,275.2530517578125,316.3485565185547,2026-02-22
2026-02-22 01:00:00,-50.0,161.20989227294925,213.46383666992188,233.87106323242188,257.9207763671875,287.7890625,2026-02-22
2026-02-22 02:00:00,-50.0,123.72320556640625,167.7521209716797,201.733154296875,239.6519775390625,289.04296875,2026-02-22
2026-02-22 03:00:00,-50.0,64.37627410888672,148.81634521484375,179.91867065429688,201.15669250488278,248.68125915527344,2026-02-22
2026-02-22 04:00:00,-50.0,25.654090881347656,135.78089904785153,149.99246215820312,183.02899169921875,236.01206970214844,2026-02-22
2026-02-22 05:00:00,-50.0,50.099212646484375,136.0626220703125,163.1834259033203,198.4391632080078,262.7416076660156,2026-02-22
2026-02-22 06:00:00,-50.0,58.24669647216797,123.3883285522461,203.74343872070312,241.34243774414062,316.209228515625,2026-02-22
2026-02-22 07:00:00,-50.0,56.93234252929686,112.04317092895506,177.53759765625,213.91969299316406,301.3608703613281,2026-02-22
2026-02-22 08:00:00,-50.0,-90.10298156738281,-59.52141571044921,-11.31182861328125,56.27131652832031,168.6811294555664,2026-02-22
2026-02-22 09:00:00,-50.0,-86.38855743408203,-52.80180358886719,-27.011993408203125,8.651798248291016,115.28766632080075,2026-02-22
2026-02-22 10:00:00,-50.0,-79.0101547241211,-50.035362243652344,-18.99334716796875,1.9398651123046875,109.6612319946289,2026-02-22
2026-02-22 11:00:00,-50.0,-70.29415893554688,-39.118736267089844,-16.70330810546875,5.519248962402344,118.90888977050781,2026-02-22
2026-02-22 12:00:00,-50.0,-67.88286590576172,-41.61338806152344,-22.23764038085937,-2.431144714355465,99.18602752685547,2026-02-22
2026-02-22 13:00:00,-50.0,-70.59378051757812,-51.207862854003906,-23.54232788085937,14.579486846923832,113.93690490722656,2026-02-22
2026-02-22 14:00:00,-50.0,-67.7806167602539,-45.63910675048828,-23.319091796875,10.072399139404297,145.92650604248047,2026-02-22
2026-02-22 15:00:00,-50.0,-66.80648803710938,-40.43446350097656,-22.81787109375,37.73876190185547,128.43405151367188,2026-02-22
2026-02-22 16:00:00,-50.0,-84.15736389160156,-41.72486877441406,-22.85693359375,67.46188354492188,153.46487426757812,2026-02-22
2026-02-22 17:00:00,127.5,164.94041442871094,187.64447784423828,210.19210815429688,306.1212158203125,398.207763671875,2026-02-22
2026-02-22 18:00:00,125.7354965209961,268.3364791870117,309.3319396972656,345.9486083984375,443.57154846191406,574.3259201049805,2026-02-22
2026-02-22 19:00:00,97.70475006103516,361.7798538208008,403.9749755859375,483.15338134765625,559.5508880615234,688.9168853759766,2026-02-22
2026-02-22 20:00:00,152.04925537109375,327.89260101318365,375.6204147338868,430.4839477539063,509.5802841186524,591.3325424194336,2026-02-22
2026-02-22 21:00:00,225.0,256.73095703125,333.2263412475586,414.3470764160156,476.2120666503906,602.3637542724609,2026-02-22
2026-02-22 22:00:00,220.0,186.28650665283203,222.15135955810547,319.1487731933594,354.6593780517578,439.99761962890625,2026-02-22
2026-02-22 23:00:00,252.5,207.31436157226562,233.15570068359375,307.5069580078125,374.4106140136719,497.3715362548828,2026-02-22
2026-02-23 00:00:00,100.0,134.7474365234375,210.2630729675293,256.17877197265625,294.1171875,377.89830017089844,2026-02-23
2026-02-23 01:00:00,222.5,89.56997680664065,150.92575836181643,231.04710388183597,254.78749084472656,330.87193298339844,2026-02-23
2026-02-23 02:00:00,280.0,132.31558227539062,162.52547454833984,237.1150665283203,261.4395065307617,339.01904296875,2026-02-23
2026-02-23 03:00:00,242.5,150.9484252929687,169.930435180664,257.8124389648437,284.11186218261713,333.7490921020507,2026-02-23
2026-02-23 04:00:00,25.0,169.54230499267575,190.21149444580075,208.90219116210935,289.7461624145508,357.7699661254883,2026-02-23
2026-02-23 05:00:00,-37.5,80.78451538085939,96.85030364990236,111.20149230957033,185.58141326904297,233.26512908935547,2026-02-23
2026-02-23 06:00:00,122.5,85.30402374267578,96.63783264160156,104.85397338867188,142.6355743408203,250.33094787597656,2026-02-23
2026-02-23 07:00:00,150.0,90.38684844970703,102.2114486694336,107.87840270996094,119.56230926513672,232.84815979003906,2026-02-23
2026-02-23 08:00:00,-37.5,10.893623352050781,21.255775451660156,27.889068603515625,34.15428161621094,146.72903442382812,2026-02-23
2026-02-23 09:00:00,-50.0,-34.61387634277344,-26.853233337402344,-20.79718017578125,-13.553916931152344,79.63050842285156,2026-02-23
2026-02-23 10:00:00,-50.0,-33.419464111328125,-26.48902130126953,-22.95166015625,-17.89655303955078,9.33099365234375,2026-02-23
2026-02-23 11:00:00,-50.0,-40.66917419433594,-32.010894775390625,-27.755645751953125,-24.494735717773434,-17.293739318847653,2026-02-23
2026-02-23 12:00:00,-50.0,-40.801856994628906,-30.80724334716797,-27.288726806640625,-24.944007873535156,29.321353912353516,2026-02-23
2026-02-23 13:00:00,-50.0,-33.69996643066406,-27.699623107910156,-23.925811767578125,-20.661033630371094,4.410026550292969,2026-02-23
2026-02-23 14:00:00,-50.0,-33.26557159423828,-26.140335083007812,-22.831451416015625,-16.766151428222656,91.8779296875,2026-02-23
2026-02-23 15:00:00,-50.0,-34.30291748046875,-25.12432098388672,-22.35894775390625,-18.124343872070312,57.51293182373047,2026-02-23
2026-02-23 16:00:00,-50.0,-30.196212768554688,-20.794029235839844,-15.63623046875,2.5279159545898438,148.8900146484375,2026-02-23
2026-02-23 17:00:00,347.5,114.18351745605469,127.5435562133789,132.76153564453125,141.62445068359375,241.0542755126953,2026-02-23
2026-02-23 18:00:00,352.5,253.95819091796875,274.8998718261719,284.2324523925781,320.82587814331055,495.94974517822266,2026-02-23
2026-02-23 19:00:00,270.0,231.38427734375,248.75011444091797,282.3096923828125,373.3280563354492,444.84210205078125,2026-02-23
2026-02-23 20:00:00,282.5,197.58206939697266,216.28598022460938,310.5423278808594,351.14408111572266,449.74390411376953,2026-02-23
2026-02-23 21:00:00,212.5,225.4553985595703,245.8583984375,339.2835388183594,372.4678268432617,461.14415740966797,2026-02-23
2026-02-23 22:00:00,197.5,207.71186828613278,223.71534729003903,253.53273010253903,329.6051635742187,404.53001403808594,2026-02-23
2026-02-23 23:00:00,232.5,143.78492736816406,163.0386199951172,181.80877685546875,276.24246978759766,356.9861373901367,2026-02-23
2026-02-24 00:00:00,317.5,227.73343658447266,270.67552947998047,338.08172607421875,365.56690216064453,428.3154983520508,2026-02-24
2026-02-24 01:00:00,240.0,237.93756866455078,267.4960632324219,358.1023864746094,388.2936248779297,422.63133239746094,2026-02-24
2026-02-24 02:00:00,187.5,282.9312438964844,305.6030960083008,392.4125061035156,425.22855377197266,485.7876968383789,2026-02-24
2026-02-24 03:00:00,275.0,349.02112579345703,365.0029830932617,458.8631591796875,493.28710174560547,600.295524597168,2026-02-24
2026-02-24 04:00:00,280.0,205.49349212646484,225.01255798339844,310.5244140625,348.78772735595703,430.5292282104492,2026-02-24
2026-02-24 05:00:00,175.0,146.516616821289,163.09642028808588,256.0917358398437,284.19596862792963,379.354751586914,2026-02-24
2026-02-24 06:00:00,-50.0,165.9251480102539,177.02346801757812,195.20700073242188,311.57562255859375,390.05277252197266,2026-02-24
2026-02-24 07:00:00,-50.0,97.94279479980469,103.64556121826172,109.02528381347656,209.60103607177734,358.87821197509766,2026-02-24
2026-02-24 08:00:00,-50.0,-29.643753051757812,-22.128845214843754,-15.723388671875,85.60604095458984,146.59414672851562,2026-02-24
2026-02-24 09:00:00,-50.0,-29.186874389648438,-19.903396606445312,-16.486846923828125,-11.182258605957031,122.297119140625,2026-02-24
2026-02-24 10:00:00,-50.0,-18.540321350097656,-14.378211975097658,-10.772491455078123,-6.424736022949217,133.0502700805664,2026-02-24
2026-02-24 11:00:00,-50.0,-12.063270568847656,-4.720024108886719,-1.061187744140625,1.7067337036132812,136.81948852539062,2026-02-24
2026-02-24 12:00:00,-50.0,-14.5626220703125,-9.160293579101562,-6.597381591796875,1.1317138671875,131.16490936279297,2026-02-24
2026-02-24 13:00:00,-50.0,-20.550491333007812,-15.35453796386719,-12.180145263671877,-0.3659362792968768,121.41554260253906,2026-02-24
2026-02-24 14:00:00,-50.0,-25.975799560546875,-19.706459045410156,-14.80950927734375,-6.3636550903320295,136.80323791503906,2026-02-24
2026-02-24 15:00:00,-50.0,-29.385520935058594,-22.176353454589844,-17.564422607421875,-3.5422439575195312,142.01307678222656,2026-02-24
2026-02-24 16:00:00,-50.0,-23.9332275390625,-19.81200408935547,-15.67327880859375,0.15581512451171875,266.0890808105469,2026-02-24
2026-02-24 17:00:00,-51.0,-17.03791046142578,-8.590408325195314,-1.6358642578125,115.7101821899414,224.87351989746094,2026-02-24
2026-02-24 18:00:00,68.5,-18.031845092773438,-8.089622497558594,95.101806640625,133.40726470947266,220.70433807373047,2026-02-24
2026-02-24 19:00:00,-53.99625015258789,76.14600372314453,84.4114761352539,96.7242431640625,203.7801742553711,277.8640594482422,2026-02-24
2026-02-24 20:00:00,-50.0,-86.10517120361328,-73.56814575195312,27.086700439453125,49.8235321044922,177.8555679321289,2026-02-24
2026-02-24 21:00:00,-50.0,-103.50762176513672,-93.60810089111328,8.634002685546875,48.372108459472656,122.58757781982422,2026-02-24
2026-02-24 22:00:00,-50.0,-121.27645874023438,-108.16729736328125,-2.4664306640625,28.42294311523436,112.52604675292969,2026-02-24
2026-02-24 23:00:00,-50.0,-122.97256469726562,-114.83869171142578,-5.008331298828125,26.448150634765625,150.384033203125,2026-02-24
2026-02-25 00:00:00,-50.0,-6.4752655029296875,-4.865509033203125,-4.28466796875,-3.552154541015625,-0.773223876953125,2026-02-25
2026-02-25 01:00:00,-50.0,-9.677009582519531,-8.593910217285156,-8.055450439453125,-7.539421081542969,155.6851348876953,2026-02-25
2026-02-25 02:00:00,-50.0,-10.5013427734375,-9.216796875,-8.540283203125,-7.892906188964844,162.85285186767578,2026-02-25
2026-02-25 03:00:00,-50.0,-8.792869567871094,-7.880073547363281,-7.140472412109375,-6.67041015625,-3.5275955200195312,2026-02-25
2026-02-25 04:00:00,-50.0,-7.341545104980469,-6.2277374267578125,-5.481201171875,-4.804122924804691,113.71365356445311,2026-02-25
2026-02-25 05:00:00,-50.0,-1.9124603271484375,-0.9050979614257812,-0.351531982421875,0.36827850341796875,153.42065429687497,2026-02-25
2026-02-25 06:00:00,-36.28324890136719,65.4742431640625,66.14772033691406,66.61669921875,66.99188995361328,68.03227233886719,2026-02-25
2026-02-25 07:00:00,-50.0,35.609596252441406,36.42974853515625,36.8743896484375,37.53102111816406,161.78339385986328,2026-02-25
2026-02-25 08:00:00,47.5,-7.79998779296875,-7.054222106933594,-6.606781005859375,-6.237785339355469,-5.363212585449219,2026-02-25
2026-02-25 09:00:00,-50.0,-22.525428771972656,-21.897438049316406,-21.305816650390625,-20.880271911621097,-16.892959594726562,2026-02-25
2026-02-25 10:00:00,-50.0,-16.75311279296875,-15.567863464355467,-15.115142822265623,-14.78168487548828,-13.492187499999998,2026-02-25
2026-02-25 11:00:00,-50.0,-16.567726135253906,-15.934303283691406,-15.50457763671875,-14.851402282714847,-13.194984436035156,2026-02-25
2026-02-25 12:00:00,-50.0,-18.183341979980472,-17.627166748046875,-17.2744140625,-16.955535888671875,-14.550872802734375,2026-02-25
2026-02-25 13:00:00,-50.0,-17.658966064453125,-16.89641571044922,-16.435882568359375,-15.903587341308594,-15.207832336425781,2026-02-25
2026-02-25 14:00:00,-50.0,-17.20386505126953,-16.058761596679688,-15.338409423828123,-14.74872589111328,-1.840476989746092,2026-02-25
2026-02-25 15:00:00,-50.0,-14.078521728515627,-12.961120605468752,-12.537078857421877,-11.999694824218752,136.1968536376953,2026-02-25
2026-02-25 16:00:00,145.80799865722656,53.634735107421875,54.76868438720703,55.47264099121094,56.07487487792969,91.06805419921875,2026-02-25
2026-02-25 17:00:00,312.5,291.29388427734375,292.1567153930664,292.67449951171875,292.97703552246094,296.2679138183594,2026-02-25
2026-02-25 18:00:00,302.5,337.92364501953125,339.20362091064453,339.7552490234375,340.66747283935547,343.39966583251953,2026-02-25
2026-02-25 19:00:00,280.0,325.9292984008789,327.18802642822266,327.7529296875,328.79004669189453,491.5435562133789,2026-02-25
2026-02-25 20:00:00,277.5,287.0694580078125,288.45288848876953,289.066162109375,290.2199401855469,467.1638717651367,2026-02-25
2026-02-25 21:00:00,285.0,362.5818099975586,364.34234619140625,364.9956970214844,366.2728042602539,506.5045852661133,2026-02-25
2026-02-25 22:00:00,297.5,366.1796646118164,367.19105529785156,367.831787109375,368.9993591308594,513.2295913696289,2026-02-25
2026-02-25 23:00:00,372.5,347.5561828613281,348.6397476196289,349.1737976074219,350.52535247802734,538.2682495117188,2026-02-25
2026-02-26 00:00:00,400.0,500.14634704589844,518.7115478515625,529.1873168945312,557.5367584228516,593.1842498779297,2026-02-26
2026-02-26 01:00:00,329.4742431640625,622.7782135009766,646.8632507324219,667.9340209960938,698.0789794921875,749.9998779296875,2026-02-26
2026-02-26 02:00:00,441.5527648925781,616.9209136962891,653.7984771728516,674.5534057617188,702.7364959716797,771.8361358642578,2026-02-26
2026-02-26 03:00:00,482.3464965820313,392.3102569580078,434.83168029785156,456.9751281738281,501.0400848388672,603.5338592529297,2026-02-26
2026-02-26 04:00:00,326.69073486328125,305.6812286376953,381.91748046874994,424.69927978515625,451.3280029296875,547.8645629882812,2026-02-26
2026-02-26 05:00:00,251.13499450683597,246.68104553222656,338.6820831298828,378.5013427734375,409.9784851074219,518.3163146972656,2026-02-26
2026-02-26 06:00:00,385.7554931640625,207.21086120605463,313.6647644042968,348.1952514648437,402.2713470458984,599.7969055175781,2026-02-26
2026-02-26 07:00:00,286.8955078125,166.96324157714844,232.75569915771484,326.1521911621094,358.4688720703125,536.2681579589844,2026-02-26
2026-02-26 08:00:00,281.75,151.92101287841797,189.3366470336914,290.7913513183594,374.4424591064453,550.2129974365234,2026-02-26
2026-02-26 09:00:00,209.73374938964844,141.01203155517572,170.0856094360351,274.8290405273437,325.3661499023437,569.9121398925781,2026-02-26
2026-02-26 10:00:00,390.0,177.0063552856445,195.1886291503906,244.49740600585935,322.7429046630859,421.393310546875,2026-02-26
2026-02-26 11:00:00,375.0,165.1285629272461,190.5192413330078,227.3602294921875,330.2248229980469,447.058837890625,2026-02-26
2026-02-26 12:00:00,247.5,102.60474395751947,122.36840057373041,193.88528442382807,275.92410278320307,630.935302734375,2026-02-26
2026-02-26 13:00:00,197.5,146.8732566833496,166.40065383911133,195.0448455810547,334.4297218322754,517.043888092041,2026-02-26
2026-02-26 14:00:00,257.5,103.57553100585938,127.98524475097656,206.5988006591797,307.75437927246094,611.3741912841797,2026-02-26
2026-02-26 15:00:00,-13.023500442504885,132.2342643737793,153.41303634643555,180.53369140625,299.92287826538086,499.7780418395996,2026-02-26
2026-02-26 16:00:00,193.9057464599609,66.94666290283203,92.91232299804688,209.20870971679688,250.73728942871094,373.45526123046875,2026-02-26
2026-02-26 17:00:00,39.938751220703125,217.31927490234375,231.39488983154297,260.0132751464844,394.34983825683594,560.6473236083984,2026-02-26
2026-02-26 18:00:00,70.9384994506836,199.08868408203125,218.65869903564453,311.8568420410156,362.92362213134766,595.9159469604492,2026-02-26
2026-02-26 19:00:00,-29.25,184.4009780883789,200.24729919433594,293.63250732421875,363.61097717285156,470.8662567138672,2026-02-26
2026-02-26 20:00:00,20.75,213.77648162841797,229.6300048828125,246.51329040527344,357.4744110107422,683.8584060668945,2026-02-26
2026-02-26 21:00:00,129.6792449951172,184.65385818481445,208.42545700073242,251.31874084472656,377.6943168640137,482.03876876831055,2026-02-26
2026-02-26 22:00:00,262.5,139.04580688476562,158.10726928710938,260.9476318359375,333.9510955810547,523.1442413330078,2026-02-26
2026-02-26 23:00:00,147.5,188.80194473266602,205.48613357543945,245.332275390625,359.8972358703613,532.8362922668457,2026-02-26
2026-02-27 00:00:00,63.17300033569336,245.07067108154297,258.5506286621094,267.3486328125,344.2611312866211,497.2372817993164,2026-02-27
2026-02-27 01:00:00,-0.7917500138282776,268.96714782714844,282.4183044433594,295.3052978515625,386.8236389160156,459.9324645996094,2026-02-27
2026-02-27 02:00:00,117.5,285.09351348876953,295.9336242675781,306.1073913574219,398.1522216796875,460.89830780029297,2026-02-27
2026-02-27 03:00:00,162.5,201.76628875732422,214.58153533935547,307.8517150878906,326.76720428466797,468.50247955322266,2026-02-27
2026-02-27 04:00:00,152.5,258.45257568359375,268.2273178100586,276.9471435546875,368.31624603271484,451.3418655395508,2026-02-27
2026-02-27 05:00:00,175.0,257.2594528198242,267.5750503540039,273.5054016113281,368.58921813964844,449.54090881347656,2026-02-27
2026-02-27 06:00:00,197.5,298.5514678955078,304.7792053222656,311.0082702636719,395.06492614746094,488.3677062988281,2026-02-27
2026-02-27 07:00:00,209.8637542724609,279.4767761230469,285.1575241088867,290.5790100097656,387.85425567626953,476.0400695800781,2026-02-27
2026-02-27 08:00:00,461.75,219.15363311767578,228.2184829711914,233.946044921875,251.94207763671875,397.41661834716797,2026-02-27
2026-02-27 09:00:00,311.25201416015625,122.02603912353516,127.33075714111328,133.14793395996094,228.39108276367188,273.79869842529297,2026-02-27
2026-02-27 10:00:00,235.95425415039065,96.36947631835938,102.52511596679688,107.63778686523438,200.16221618652344,321.7841110229492,2026-02-27
2026-02-27 11:00:00,440.1784973144531,66.77980041503906,73.98783874511719,79.35411071777344,87.06991577148438,230.18498229980466,2026-02-27
2026-02-27 12:00:00,482.0870056152344,9.490859985351562,18.175628662109375,20.8328857421875,33.922889709472656,170.2632827758789,2026-02-27
2026-02-27 13:00:00,357.2787475585937,-14.068099975585941,-5.634429931640625,-0.77532958984375,33.595027923583984,179.72866821289062,2026-02-27
2026-02-27 14:00:00,326.55926513671875,-22.494522094726566,-17.175384521484375,-12.371337890625,14.586307525634766,138.64341735839844,2026-02-27
2026-02-27 15:00:00,222.0,-31.262351989746094,-24.118499755859375,-18.09112548828125,18.477806091308594,119.33097839355469,2026-02-27
2026-02-27 16:00:00,458.75,-6.237152099609375,-0.5568161010742223,4.716339111328125,73.10865783691406,156.67998504638672,2026-02-27
2026-02-27 17:00:00,518.75,110.71131896972656,118.42543029785156,129.95384216308594,245.21062469482422,401.51795196533203,2026-02-27
2026-02-27 18:00:00,62.084251403808594,204.0572052001953,213.96515655517578,219.1590118408203,320.17161560058594,387.2584762573242,2026-02-27
2026-02-27 19:00:00,51.73025131225586,288.08536529541016,295.25782775878906,302.2112121582031,394.3177185058594,463.13096618652344,2026-02-27
2026-02-27 20:00:00,-23.0314998626709,662.8699264526367,676.1930313110352,700.861083984375,806.4151382446289,881.5117797851562,2026-02-27
2026-02-27 21:00:00,156.42274475097656,227.4306640625,238.2977752685547,329.8620910644531,364.69710540771484,510.25858306884766,2026-02-27
2026-02-27 22:00:00,185.0,88.67703247070312,102.02445983886719,198.9878692626953,234.57664489746094,361.54010009765625,2026-02-27
2026-02-27 23:00:00,137.5,87.80062866210938,99.87755584716797,123.49977111816406,228.3953857421875,318.2942352294922,2026-02-27
2026-02-28 00:00:00,132.5,-18.730270385742188,-5.0930862426757795,4.085205078125,79.9082260131836,152.76528930664062,2026-02-28
2026-02-28 01:00:00,187.5,16.129241943359375,25.665496826171875,38.370025634765625,126.74663543701172,212.70415496826172,2026-02-28
2026-02-28 02:00:00,172.5,75.42939758300783,84.5506057739258,95.43377685546876,197.8433074951172,276.6304016113281,2026-02-28
2026-02-28 03:00:00,157.5,118.07290649414062,127.583251953125,136.07273864746094,218.11343383789062,299.61741638183594,2026-02-28
2026-02-28 04:00:00,160.0,77.45987701416016,84.2234878540039,97.086669921875,207.9729232788086,340.4252471923828,2026-02-28
2026-02-28 05:00:00,45.0,109.40619659423828,114.82992553710938,122.56874084472656,213.26263427734375,273.02320861816406,2026-02-28
2026-02-28 06:00:00,50.0,156.83153533935547,165.93429565429688,174.58230590820312,282.2521514892578,428.22020721435547,2026-02-28
2026-02-28 07:00:00,82.5,76.981201171875,85.9067611694336,96.62571716308594,191.43801879882812,314.91468811035156,2026-02-28
2026-02-28 08:00:00,107.96749877929688,60.24451446533203,66.89166259765625,76.35092163085938,192.57291412353516,282.0374526977539,2026-02-28
2026-02-28 09:00:00,157.5,-10.940910339355469,-3.187347412109375,3.899749755859375,95.98794555664062,252.23316192626953,2026-02-28
2026-02-28 10:00:00,190.1454925537109,61.41139221191406,71.66355895996094,77.21415710449219,108.3473892211914,245.51203155517578,2026-02-28
2026-02-28 11:00:00,90.50675201416016,243.74525451660156,249.43832397460938,254.7419891357422,365.7574920654297,536.7403335571289,2026-02-28
2026-02-28 12:00:00,96.11824798583984,148.67545318603516,154.3774642944336,158.7779083251953,260.7968292236328,339.0706481933594,2026-02-28
2026-02-28 13:00:00,334.3862609863281,14.521987915039062,23.79662322998047,29.828369140625,138.15769958496094,234.09799194335938,2026-02-28
2026-02-28 14:00:00,391.3125,-18.47473907470703,-12.95001220703125,-7.56365966796875,81.2821044921875,180.38790893554688,2026-02-28
2026-02-28 15:00:00,205.0,-31.658607482910156,-20.096664428710938,-14.60150146484375,88.72469329833984,296.22008514404297,2026-02-28
2026-02-28 16:00:00,359.75,9.822563171386719,15.205108642578125,20.4266357421875,138.02474212646484,327.65316009521484,2026-02-28
2026-02-28 17:00:00,626.7877197265625,282.8454895019531,294.6998291015625,381.01568603515625,431.3367233276367,487.9687271118164,2026-02-28
2026-02-28 18:00:00,266.56024169921875,407.2962188720703,417.60071563720703,431.35247802734375,527.6819305419922,620.6930084228516,2026-02-28
2026-02-28 19:00:00,260.0,409.22723388671875,416.99554443359375,426.3389892578125,533.304817199707,641.1547012329102,2026-02-28
2026-02-28 20:00:00,267.5,350.18273162841797,355.8656005859375,363.266357421875,473.6429901123047,651.0020294189453,2026-02-28
2026-02-28 21:00:00,242.5,332.06105041503906,341.2480010986328,351.677490234375,470.0751037597656,639.3197937011719,2026-02-28
2026-02-28 22:00:00,265.0,338.3282012939453,345.4803466796875,360.15252685546875,489.4755630493164,621.7240371704102,2026-02-28
2026-02-28 23:00:00,372.5,284.77649307250977,292.2098808288574,327.074951171875,425.8781547546387,548.2223625183105,2026-02-28
2026-03-01 00:00:00,721.5,341.17034912109375,378.8598175048828,409.3148193359375,452.2783660888672,535.8643951416016,2026-03-01
2026-03-01 01:00:00,819.75,464.8496627807617,534.6908569335938,564.0397338867188,604.2465209960938,685.5459442138672,2026-03-01
2026-03-01 02:00:00,719.3672485351562,644.3624496459961,700.9353790283203,731.0071411132812,780.1187591552734,839.6410827636719,2026-03-01
2026-03-01 03:00:00,655.2442626953125,486.48728942871094,555.9325561523438,597.9501953125,643.3701782226562,701.9546051025391,2026-03-01
2026-03-01 04:00:00,674.8257446289062,289.5469856262207,350.380859375,419.1485290527344,434.1803894042969,494.4460754394531,2026-03-01
2026-03-01 05:00:00,331.3930053710937,197.45720291137698,252.8462829589844,314.3922119140625,369.22691345214844,466.3049774169922,2026-03-01
2026-03-01 06:00:00,592.2852783203125,206.90306854248047,294.08509826660156,326.4017639160156,366.9542236328125,456.5748291015625,2026-03-01
2026-03-01 07:00:00,343.5,214.74313735961914,260.2267608642578,329.94708251953125,368.29026794433594,451.9644470214844,2026-03-01
2026-03-01 08:00:00,342.5,267.5307312011719,301.73293685913086,363.4540710449219,406.92274475097656,516.6548767089844,2026-03-01
2026-03-01 09:00:00,203.6522521972656,116.28203964233396,148.3296318054199,218.4496154785156,261.0710220336914,338.8252182006836,2026-03-01
2026-03-01 10:00:00,278.94500732421875,224.6712417602539,252.80377960205078,302.5245056152344,358.36264419555664,439.43107986450195,2026-03-01
2026-03-01 11:00:00,290.0,320.05837631225586,353.95827865600586,393.7147216796875,444.9808807373047,489.8972473144531,2026-03-01
2026-03-01 12:00:00,300.0,297.1867256164551,325.2141571044922,366.7398376464844,438.7372589111328,580.8589630126953,2026-03-01
2026-03-01 13:00:00,271.4472351074219,278.63063049316406,316.0552444458008,351.5928039550781,407.7530174255371,490.31027603149414,2026-03-01
2026-03-01 14:00:00,385.0,273.2782402038574,303.9209632873535,348.93218994140625,416.5449447631836,545.2984848022461,2026-03-01
2026-03-01 15:00:00,487.4750061035156,144.94169998168948,209.11077880859378,263.3428649902344,329.47369384765625,461.41685485839844,2026-03-01
2026-03-01 16:00:00,344.906005859375,-0.8519020080566406,97.25643157958984,134.24166870117188,184.67919921875,293.4873962402344,2026-03-01
2026-03-01 17:00:00,417.5,59.448791503906236,152.62191772460935,184.87045288085935,226.2250213623047,317.8114318847656,2026-03-01
2026-03-01 18:00:00,380.0,115.47651290893555,172.1521987915039,235.29318237304688,266.7569885253906,340.435302734375,2026-03-01
2026-03-01 19:00:00,302.5,121.80134582519531,162.00580596923828,223.24142456054688,259.3716125488281,374.5091247558594,2026-03-01
2026-03-01 20:00:00,282.5,58.15896987915039,105.04471588134766,167.42124938964844,210.5944061279297,273.10728454589844,2026-03-01
2026-03-01 21:00:00,307.5,66.81475830078128,112.61802673339847,168.27896118164062,215.04406738281253,371.3618621826172,2026-03-01
2026-03-01 22:00:00,210.0,22.514484405517578,70.71398162841797,123.23049926757812,161.74000549316406,259.0566864013672,2026-03-01
2026-03-01 23:00:00,207.0072479248047,-80.21849060058595,-33.757671356201186,34.878997802734375,84.13368988037108,180.4319839477539,2026-03-01
2026-03-02 00:00:00,-49.45975112915039,4.17115783691407,31.938903808593757,53.14956665039063,78.89602661132812,119.28021240234378,2026-03-02
2026-03-02 01:00:00,250.6467437744141,69.45587921142578,131.11222076416016,161.123046875,190.65805053710938,244.7666473388672,2026-03-02
2026-03-02 02:00:00,285.0,113.34930038452148,173.9879608154297,198.27099609375,232.80087280273438,366.9679260253906,2026-03-02
2026-03-02 03:00:00,232.5,83.39389419555661,150.99845123291013,192.77182006835935,248.3511810302734,321.4355010986328,2026-03-02
2026-03-02 04:00:00,13.006750106811523,47.256896972656236,126.58301544189452,160.4332733154297,202.06072998046875,279.20001220703125,2026-03-02
2026-03-02 05:00:00,-50.0,-118.5170440673828,-60.46843338012694,-5.97698974609375,39.80723571777342,125.69361877441406,2026-03-02
2026-03-02 06:00:00,-50.0,-133.1031494140625,-85.60829353332518,-12.65423583984375,28.539428710937514,148.78323364257812,2026-03-02
2026-03-02 07:00:00,-49.27925109863281,-151.8666763305664,-104.99603652954102,-21.96591186523437,42.01341247558594,262.1337432861328,2026-03-02
2026-03-02 08:00:00,-17.75,-133.66674041748047,-97.39248657226562,-27.07244873046875,29.425796508789062,108.26974487304688,2026-03-02
2026-03-02 09:00:00,-19.17799949645996,-88.47893524169922,-58.459129333496094,-24.5030517578125,62.93678283691408,212.97921752929688,2026-03-02
2026-03-02 10:00:00,-50.0,-61.071861267089844,-43.401607513427734,-19.736846923828125,67.91580963134766,184.04012298583984,2026-03-02
2026-03-02 11:00:00,-51.0,-65.38179016113281,-42.87519073486328,-16.165557861328125,61.164489746093736,198.7757720947266,2026-03-02
2026-03-02 12:00:00,-50.81999969482422,-56.87310791015625,-35.068321228027344,-17.33245849609375,63.527854919433594,198.8953323364258,2026-03-02
2026-03-02 13:00:00,-50.0,-76.36219024658203,-54.0864372253418,-23.469940185546875,52.86915588378906,170.70996856689453,2026-03-02
2026-03-02 14:00:00,-50.0,-84.82357788085938,-62.01328659057617,-25.89495849609375,62.82416534423827,177.86058044433594,2026-03-02
2026-03-02 15:00:00,-50.0,-143.35547637939453,-121.9715576171875,-24.598663330078125,18.724128723144503,186.60831451416016,2026-03-02
2026-03-02 16:00:00,-50.0,-157.29938507080078,-114.80522155761717,-23.41876220703125,35.4581756591797,172.73265075683594,2026-03-02
2026-03-02 17:00:00,-51.14300155639648,-120.59033966064455,-86.24241638183595,-8.977020263671875,52.33747100830077,173.4147720336914,2026-03-02
2026-03-02 18:00:00,-4.5,-127.88668060302734,-88.9848289489746,4.931884765625,79.5730438232422,263.2238464355469,2026-03-02
2026-03-02 19:00:00,15.25,-120.56440734863281,-62.078487396240234,7.9468994140625,67.89801025390625,174.43032836914062,2026-03-02
2026-03-02 20:00:00,94.37774658203124,-105.0788116455078,-24.277259826660142,21.43560791015625,87.29341888427736,220.63025665283203,2026-03-02
2026-03-02 21:00:00,59.75,-126.11724853515625,-91.72240829467773,-8.339508056640625,30.438941955566406,176.17125701904297,2026-03-02
2026-03-02 22:00:00,130.0,-156.24541473388672,-116.93338775634766,-21.21273803710937,19.528038024902347,120.5741958618164,2026-03-02
2026-03-02 23:00:00,41.22150039672852,-147.09906768798828,-60.61425018310547,-21.645965576171875,37.693023681640625,151.8569793701172,2026-03-02
2026-03-03 00:00:00,209.72674560546875,-34.02239990234375,-17.4241943359375,-0.972869873046875,57.539756774902344,129.15824890136716,2026-03-03
2026-03-03 01:00:00,-49.49325180053711,-12.790061950683594,-4.114540100097659,2.89715576171875,68.7344970703125,141.47860717773438,2026-03-03
2026-03-03 02:00:00,160.9929962158203,-5.097076416015625,2.9540634155273438,13.4202880859375,80.3964729309082,133.66207885742188,2026-03-03
2026-03-03 03:00:00,224.1767425537109,68.29425430297852,73.61794662475586,79.70875549316406,157.17255020141602,214.97078323364258,2026-03-03
2026-03-03 04:00:00,220.0,124.48741912841797,133.03227996826172,140.20643615722656,218.44011688232422,298.7761001586914,2026-03-03
2026-03-03 05:00:00,257.5,180.18717193603518,185.04077148437503,189.5455017089844,270.4669189453125,384.2455062866211,2026-03-03
2026-03-03 06:00:00,250.0,162.46925354003906,166.23402404785156,169.7764892578125,246.29107666015625,307.9595718383789,2026-03-03
2026-03-03 07:00:00,74.69249725341797,119.25141143798828,126.12437438964844,128.1228485107422,132.35440826416016,236.17259979248047,2026-03-03
2026-03-03 08:00:00,30.381999969482425,116.50465393066408,119.2883758544922,122.05853271484376,128.76721954345706,240.84669494628906,2026-03-03
2026-03-03 09:00:00,-35.18424987792969,1.387664794921875,6.297576904296875,8.05364990234375,11.969589233398438,120.01673126220703,2026-03-03
2026-03-03 10:00:00,-50.0,-12.605888366699219,-9.259895324707035,-7.435760498046875,-5.3430328369140625,139.05104064941406,2026-03-03
2026-03-03 11:00:00,-50.0,-16.08953094482422,-13.153816223144531,-11.3306884765625,-9.063812255859375,66.45598602294922,2026-03-03
2026-03-03 12:00:00,-50.0,-20.60088348388672,-16.777999877929688,-14.551666259765623,-10.363197326660154,86.79032135009766,2026-03-03
2026-03-03 13:00:00,-50.0,-14.231704711914064,-11.426971435546877,-9.606781005859377,-7.207466125488287,80.51710510253906,2026-03-03
2026-03-03 14:00:00,-50.0,-16.930023193359375,-14.795394897460936,-13.135040283203123,-11.42700958251953,94.07453918457031,2026-03-03
2026-03-03 15:00:00,-50.0,-19.585601806640625,-17.330116271972656,-14.816925048828123,-9.172485351562498,147.66545867919922,2026-03-03
2026-03-03 16:00:00,196.25,15.670158386230465,22.640228271484375,25.602813720703125,32.881229400634766,168.97661590576172,2026-03-03
2026-03-03 17:00:00,337.2239990234375,302.0676956176758,306.8790512084961,309.812255859375,313.6988296508789,445.2018127441406,2026-03-03
2026-03-03 18:00:00,362.5,337.3794708251953,343.5281982421875,347.95587158203125,426.1314353942871,534.0215606689453,2026-03-03
2026-03-03 19:00:00,292.5,292.9287414550781,299.0767593383789,305.98907470703125,395.82654571533203,466.99625396728516,2026-03-03
2026-03-03 20:00:00,280.0,290.31198501586914,301.5139350891113,309.8014831542969,397.12114334106445,467.9660530090332,2026-03-03
2026-03-03 21:00:00,290.0,315.5189514160156,322.07252502441406,327.38409423828125,419.2633514404297,516.1338043212891,2026-03-03
2026-03-03 22:00:00,340.0,320.86275100708,330.6160850524902,353.6967163085937,450.72133255004877,505.63753890991205,2026-03-03
2026-03-03 23:00:00,370.1025085449219,334.53736877441406,340.4954833984375,343.3053894042969,427.36853790283203,503.1968307495117,2026-03-03
2026-03-04 00:00:00,332.5,175.50292778015137,274.99481201171875,296.991943359375,322.82957458496094,373.05836486816406,2026-03-04
2026-03-04 01:00:00,297.5,238.16983032226562,344.34629821777344,378.9204406738281,419.8689727783203,472.5541229248047,2026-03-04
2026-03-04 02:00:00,315.0,261.0164375305176,372.9612121582031,404.2312316894531,445.9593200683594,518.1085815429688,2026-03-04
2026-03-04 03:00:00,310.0,234.17312240600592,369.824935913086,395.7799682617188,435.9611053466798,526.4850616455078,2026-03-04
2026-03-04 04:00:00,297.5,208.80228805541992,325.26709747314453,362.0592346191406,406.60528564453125,500.0312194824219,2026-03-04
2026-03-04 05:00:00,292.5,199.60736465454102,302.6399841308594,350.8128662109375,387.7400207519531,475.9237823486328,2026-03-04
2026-03-04 06:00:00,295.0,207.1495018005371,239.13629531860352,346.8451843261719,392.4425354003906,473.31494140625,2026-03-04
2026-03-04 07:00:00,335.0,173.79181289672852,200.86751174926758,304.9653015136719,344.53826904296875,414.3043975830078,2026-03-04
2026-03-04 08:00:00,320.0,174.5611228942871,189.22666549682617,302.4739990234375,354.02867126464844,450.6011657714844,2026-03-04
2026-03-04 09:00:00,439.27349853515625,294.36009216308594,307.0957489013672,330.9841613769531,439.7934455871582,523.8617210388184,2026-03-04
2026-03-04 10:00:00,391.4567565917969,287.86124420166016,296.33470916748047,306.7584228515625,424.10888290405273,562.5698661804199,2026-03-04
2026-03-04 11:00:00,461.0,306.11803436279297,313.18470764160156,317.9822082519531,409.5549964904785,495.1691474914551,2026-03-04
2026-03-04 12:00:00,487.0,270.992919921875,280.75691986083984,286.8231201171875,325.61363792419434,482.6385612487793,2026-03-04
2026-03-04 13:00:00,453.635009765625,204.72103118896484,211.65912628173828,218.3758087158203,298.36975479125977,399.78342056274414,2026-03-04
2026-03-04 14:00:00,200.0,193.8686065673828,201.92633056640625,210.0182647705078,308.62006759643555,401.4659080505371,2026-03-04
2026-03-04 15:00:00,220.8654937744141,119.34291458129883,127.32429122924805,142.53302001953125,247.4045867919922,364.30401611328125,2026-03-04
2026-03-04 16:00:00,289.5222473144531,56.3540153503418,68.9119987487793,82.12889099121094,202.48526000976562,323.5293197631836,2026-03-04
2026-03-04 17:00:00,403.6315002441406,69.79662704467773,83.89837265014648,153.51954650878906,229.0018768310547,310.68138122558594,2026-03-04
2026-03-04 18:00:00,262.5,187.52922439575195,204.50204849243164,308.3280334472656,360.4738311767578,465.80360412597656,2026-03-04
2026-03-04 19:00:00,268.2092590332031,176.98414993286133,191.6529655456543,290.32330322265625,336.4191589355469,493.2936096191406,2026-03-04
2026-03-04 20:00:00,287.60400390625,112.7827262878418,132.47113418579102,249.66249084472656,301.9752197265625,384.50242614746094,2026-03-04
2026-03-04 21:00:00,279.0564880371094,70.46593093872073,92.04655838012698,188.41275024414065,261.91407775878906,333.5861053466797,2026-03-04
2026-03-04 22:00:00,357.2852478027344,31.485851287841783,50.55376815795897,153.36526489257812,189.11293029785156,282.6547088623047,2026-03-04
2026-03-04 23:00:00,267.5,-40.355220794677734,-25.35574722290039,106.69705200195312,149.94512939453125,255.0155029296875,2026-03-04
2026-03-05 00:00:00,297.5,233.2824249267578,264.96466064453125,293.6592102050781,327.5721740722656,386.3852844238281,2026-03-05
2026-03-05 01:00:00,297.5,194.8863754272461,257.2594680786133,287.2698669433594,317.6242446899414,411.5217971801758,2026-03-05
2026-03-05 02:00:00,217.5,167.24268341064453,259.8493957519531,287.2879333496094,318.26051330566406,395.6189270019531,2026-03-05
2026-03-05 03:00:00,207.5,178.1134490966797,259.6254653930664,291.7810974121094,331.1496887207031,397.569091796875,2026-03-05
2026-03-05 04:00:00,190.0,154.14479446411133,258.5634994506836,285.93603515625,324.9717330932617,419.55394744873047,2026-03-05
2026-03-05 05:00:00,-50.0,72.10652923583987,169.54641723632815,206.68179321289065,239.60821533203128,306.18797302246094,2026-03-05
2026-03-05 06:00:00,-50.0,145.35210418701172,224.49298095703125,262.0793151855469,320.3440246582031,390.4582214355469,2026-03-05
2026-03-05 07:00:00,187.5,82.95038986206052,186.14138031005857,221.33839416503903,261.78709411621094,410.3479766845703,2026-03-05
2026-03-05 08:00:00,15.0,118.48012161254883,216.97003936767578,257.6681213378906,295.16761779785156,408.4325714111328,2026-03-05
2026-03-05 09:00:00,-50.0,-4.114459991455078,90.12164306640625,140.5636749267578,199.786376953125,357.2154541015625,2026-03-05
2026-03-05 10:00:00,-50.0,55.79063034057617,82.81571197509766,176.76065063476562,218.4767303466797,416.78990173339844,2026-03-05
2026-03-05 11:00:00,-50.0,142.20160675048828,164.46216583251953,191.21481323242188,278.5408058166504,364.6555595397949,2026-03-05
2026-03-05 12:00:00,-50.0,40.21366500854492,60.5471305847168,88.27828979492188,195.99872589111328,356.8441390991211,2026-03-05
2026-03-05 13:00:00,-50.0,-38.937744140625,-15.013420104980469,1.89678955078125,97.89981460571286,184.77283096313477,2026-03-05
2026-03-05 14:00:00,-50.0,-40.44153594970703,-29.91863250732422,-11.91632080078125,69.1406135559082,207.78969955444336,2026-03-05
2026-03-05 15:00:00,-50.0,-55.82902145385742,-43.744754791259766,-26.970916748046875,70.04066467285153,164.12548828125,2026-03-05
2026-03-05 16:00:00,-50.0,-134.0517234802246,-106.5172004699707,-27.634674072265625,46.74296569824219,136.2722625732422,2026-03-05
2026-03-05 17:00:00,-2.5472500324249268,-2.3909950256347514,18.723590850830092,107.50701904296876,157.25889587402344,244.32958984375,2026-03-05
2026-03-05 18:00:00,265.64599609375,162.4628562927246,196.88838577270508,285.4354248046875,334.11878967285156,459.6370849609375,2026-03-05
2026-03-05 19:00:00,300.0,131.99385452270508,172.22088623046875,287.6014404296875,315.6707763671875,400.2112579345703,2026-03-05
2026-03-05 20:00:00,300.0,177.01018142700195,206.58686065673828,289.46649169921875,331.0647888183594,471.9346466064453,2026-03-05
2026-03-05 21:00:00,300.0,338.24055099487305,445.6080017089844,500.2352600097656,540.4622497558594,656.6459808349609,2026-03-05
2026-03-05 22:00:00,300.0,278.39327621459967,320.50181961059576,399.9514770507813,459.51538085937506,585.4246826171875,2026-03-05
2026-03-05 23:00:00,307.5,179.7982444763183,215.8414916992187,311.3676147460937,355.35928344726557,447.57072448730463,2026-03-05
2026-03-06 00:00:00,359.5,421.49974060058594,479.1901092529297,494.2301025390625,522.9968109130859,564.4060821533203,2026-03-06
2026-03-06 01:00:00,355.0,640.2921752929688,681.5616912841797,702.084228515625,732.5659484863281,766.8596343994141,2026-03-06
2026-03-06 02:00:00,405.0,783.1056594848633,857.1756896972656,879.0709228515625,913.6631317138672,974.4455718994141,2026-03-06
2026-03-06 03:00:00,402.5,703.7917251586914,744.6123199462891,781.6446533203125,819.4461975097656,886.8551177978516,2026-03-06
2026-03-06 04:00:00,295.0,357.2854080200196,472.0525207519532,503.3482055664063,545.8355255126953,636.8426818847656,2026-03-06
2026-03-06 05:00:00,450.0,239.92729568481445,343.17889404296875,370.2117004394531,401.6385040283203,468.0963134765625,2026-03-06
2026-03-06 06:00:00,500.0,259.7587966918946,353.76692199707037,396.2267456054688,436.20700073242193,517.5922088623047,2026-03-06
2026-03-06 07:00:00,402.5,252.1125030517578,282.5873222351074,386.463134765625,429.2932434082031,574.7516021728516,2026-03-06
2026-03-06 08:00:00,285.0,176.9344024658203,209.5209503173828,311.4139709472656,370.6849365234375,456.7167053222656,2026-03-06
2026-03-06 09:00:00,315.0,157.21322631835938,177.61846542358398,262.8941650390625,306.2236328125,477.5466613769531,2026-03-06
2026-03-06 10:00:00,277.5,147.00123596191406,183.48925018310547,262.2996520996094,336.0942611694336,467.2499008178711,2026-03-06
2026-03-06 11:00:00,537.6307373046875,187.6368865966797,207.64302825927734,228.6517333984375,328.5353469848633,422.5179672241211,2026-03-06
2026-03-06 12:00:00,388.0,179.08313369750977,194.39929580688477,217.90017700195312,329.8280220031738,437.1626396179199,2026-03-06
2026-03-06 13:00:00,322.0037536621094,65.37602233886724,85.91860961914068,195.7608337402344,237.05998229980474,380.4058990478516,2026-03-06
2026-03-06 14:00:00,282.8125,35.45183181762694,73.28624343872069,120.95426940917967,214.74348068237305,352.9156303405762,2026-03-06
2026-03-06 15:00:00,271.5,106.83237838745117,127.31222152709961,186.139404296875,270.9391746520996,424.125789642334,2026-03-06
2026-03-06 16:00:00,566.25,202.4447479248047,227.51857376098633,335.9325866699219,398.75463104248047,582.2346572875977,2026-03-06
2026-03-06 17:00:00,340.0,187.05220794677734,294.0930938720703,357.1398620605469,395.29978942871094,532.483642578125,2026-03-06
2026-03-06 18:00:00,402.5,192.4528579711914,285.28971099853516,342.90692138671875,389.1715393066406,492.197021484375,2026-03-06
2026-03-06 19:00:00,262.5,176.39614868164062,282.7349548339844,329.1621398925781,418.16009521484375,592.6011352539062,2026-03-06
2026-03-06 20:00:00,285.0,140.0096664428711,176.78031158447266,303.4645690917969,379.0258331298828,487.1978454589844,2026-03-06
2026-03-06 21:00:00,407.5,142.26258850097656,249.49794006347656,299.6260986328125,367.51971435546875,494.2965087890625,2026-03-06
2026-03-06 22:00:00,447.5,142.7935562133789,201.22602462768555,300.18267822265625,364.23857116699224,448.07667541503906,2026-03-06
2026-03-06 23:00:00,260.0,140.3363800048828,208.3747329711914,277.25933837890625,325.73966217041016,467.9082260131836,2026-03-06
2026-03-07 00:00:00,267.5,196.8731231689453,223.02413177490234,250.38619995117188,278.7014923095703,324.3984832763672,2026-03-07
2026-03-07 01:00:00,100.0,19.143829345703125,97.78717803955078,129.7787322998047,162.25680541992188,212.19110107421875,2026-03-07
2026-03-07 02:00:00,195.0,100.23870849609375,178.5843048095703,214.88131713867188,241.9453125,313.0059509277344,2026-03-07
2026-03-07 03:00:00,230.0,7.435447692871094,127.18693542480469,163.27989196777344,202.52528381347656,276.58416748046875,2026-03-07
2026-03-07 04:00:00,25.0,-63.96968078613281,27.540504455566406,74.79032897949219,99.76385498046875,187.91839599609375,2026-03-07
2026-03-07 05:00:00,162.5,-104.77104187011719,-52.02421951293944,44.05009460449219,68.88452148437501,140.61395263671875,2026-03-07
2026-03-07 06:00:00,-25.0,-55.89544677734375,56.03093719482423,89.71798706054688,129.35891723632812,187.78358459472656,2026-03-07
2026-03-07 07:00:00,-50.0,-53.34503173828125,-11.346420288085938,73.21041870117188,120.80133819580078,187.5180892944336,2026-03-07
2026-03-07 08:00:00,-50.0,-68.31523132324219,-47.20138168334961,31.360870361328125,90.26017761230469,185.86526489257812,2026-03-07
2026-03-07 09:00:00,-50.0,-49.32266426086426,-24.3105411529541,12.015411376953123,97.15544700622559,171.22970390319824,2026-03-07
2026-03-07 10:00:00,-50.0,-72.76792526245117,-50.32191848754883,5.97808837890625,74.39514541625977,168.60071182250977,2026-03-07
2026-03-07 11:00:00,-50.0,-27.415393829345703,-3.9430198669433594,22.763458251953125,105.19630813598633,194.4670295715332,2026-03-07
2026-03-07 12:00:00,-50.0,-33.42640686035156,-12.420593261718752,2.470855712890625,92.84786224365234,160.06963348388672,2026-03-07
2026-03-07 13:00:00,-50.0,-125.39813232421875,-105.09774017333984,-8.56103515625,32.865699768066406,118.24338531494143,2026-03-07
2026-03-07 14:00:00,-50.0,-81.11309051513672,-56.91724395751953,-13.909576416015623,57.27037048339844,145.06769561767578,2026-03-07
2026-03-07 15:00:00,-50.0,-76.61617279052734,-51.95464324951172,-22.66830444335937,83.77321624755857,166.5640640258789,2026-03-07
2026-03-07 16:00:00,-50.0,-94.74851989746094,-62.209381103515625,24.375762939453125,57.43840789794922,128.89754486083987,2026-03-07
2026-03-07 17:00:00,25.25,-103.81279754638672,-61.87092208862303,41.679473876953125,72.35168457031251,151.468505859375,2026-03-07
2026-03-07 18:00:00,185.75,36.895164489746094,72.3101921081543,161.65567016601562,195.9021453857422,270.6423645019531,2026-03-07
2026-03-07 19:00:00,169.0,39.59346008300781,89.90993881225586,171.7115936279297,216.1542205810547,328.12892150878906,2026-03-07
2026-03-07 20:00:00,91.5,6.996063232421903,48.37410354614261,137.03353881835938,186.4311981201172,258.0436706542969,2026-03-07
2026-03-07 21:00:00,144.0,100.94244384765625,152.26889991760254,233.50320434570312,298.1672821044922,363.65484619140625,2026-03-07
2026-03-07 22:00:00,160.97674560546875,130.7547378540039,177.19689178466797,269.1803283691406,307.5893020629883,392.48355865478516,2026-03-07
2026-03-07 23:00:00,280.0,154.46906280517578,182.00390625,280.0152893066406,325.32667541503906,416.6595153808594,2026-03-07
2026-03-08 00:00:00,295.0,198.96849441528315,261.99125671386713,279.0863647460937,298.53495788574213,339.77005004882807,2026-03-08
2026-03-08 01:00:00,300.0,206.45363235473633,282.10082244873047,307.8698425292969,334.72791290283203,379.8781967163086,2026-03-08
2026-03-08 02:00:00,290.0,204.93856048583984,296.3975143432617,318.49285888671875,336.18931579589844,380.09269714355474,2026-03-08
2026-03-08 03:00:00,292.5,242.62542724609375,325.6625442504883,346.5366516113281,369.8483123779297,420.1153259277344,2026-03-08
2026-03-08 04:00:00,285.0,195.3562126159668,295.92845916748047,320.8474426269531,341.3254928588867,409.70308685302734,2026-03-08
2026-03-08 05:00:00,282.5,182.03852081298828,281.14830017089844,307.2604675292969,330.3458404541015,389.3840026855469,2026-03-08
2026-03-08 06:00:00,280.0,165.60550689697266,213.31344413757324,269.642822265625,303.0396270751953,362.19566345214844,2026-03-08
2026-03-08 07:00:00,287.5,171.38530731201172,208.2900505065918,287.8504638671875,322.9026870727539,421.2011947631836,2026-03-08
2026-03-08 08:00:00,185.0,155.25463867187497,184.45088195800778,210.2069396972656,294.7681884765625,340.67152404785156,2026-03-08
2026-03-08 09:00:00,110.0,-20.96694564819336,0.5067787170410156,17.030242919921875,88.55349349975586,147.41991043090817,2026-03-08
2026-03-08 10:00:00,-50.0,-34.51070022583008,-19.543888092041016,-3.936676025390625,21.685649871826172,119.01848220825195,2026-03-08
2026-03-08 11:00:00,-50.0,4.493824005126953,21.021915435791016,29.350799560546875,37.24455642700195,127.70072555541992,2026-03-08
2026-03-08 12:00:00,-50.0,-63.518333435058594,-44.84954833984376,-33.665191650390625,-23.793365478515625,65.22970581054688,2026-03-08
2026-03-08 13:00:00,-50.0,-57.13339614868164,-45.119632720947266,-30.69647216796875,-10.922080993652344,75.35258865356447,2026-03-08
2026-03-08 14:00:00,-50.0,-53.48579406738281,-39.45448303222656,-26.46075439453125,-16.85171127319336,94.85806274414064,2026-03-08
2026-03-08 15:00:00,-50.0,-61.36723709106445,-35.87483596801758,-24.146453857421875,54.36484146118164,123.48048782348633,2026-03-08
2026-03-08 16:00:00,-50.0,-21.80229949951172,1.7056655883789062,41.80705261230469,125.13700103759766,204.47443389892578,2026-03-08
2026-03-08 17:00:00,273.5852355957031,234.942533493042,262.78746604919434,298.0597229003906,364.05409812927246,436.1062068939209,2026-03-08
2026-03-08 18:00:00,362.8580017089844,245.01540756225586,274.3544692993164,332.9229431152344,373.9908256530762,507.0164604187012,2026-03-08
2026-03-08 19:00:00,271.6932373046875,195.37104034423822,247.91537475585932,320.6698608398437,359.3477706909179,450.6590042114257,2026-03-08
2026-03-08 20:00:00,290.0,215.37700653076172,257.62155532836914,325.0146484375,367.7652587890625,466.45890045166016,2026-03-08
2026-03-08 21:00:00,295.0,242.90929412841797,277.1547050476074,349.46405029296875,391.48531341552734,458.3345718383789,2026-03-08
2026-03-08 22:00:00,300.0,255.3784637451172,289.4067726135254,374.43798828125,425.4202880859375,506.041748046875,2026-03-08
2026-03-08 23:00:00,305.0,273.14452362060547,302.47113037109375,388.8388671875,419.3279571533203,533.3302993774414,2026-03-08
2026-03-09 00:00:00,292.5,349.7540740966797,368.15625,386.136474609375,397.44187927246094,419.6018981933594,2026-03-09
2026-03-09 01:00:00,462.5,367.29754638671875,389.9273376464844,404.8945617675781,416.5312957763672,442.8011779785156,2026-03-09
2026-03-09 02:00:00,425.0,250.62434005737305,332.0854797363281,348.71270751953125,376.14080810546875,412.10243225097656,2026-03-09
2026-03-09 03:00:00,500.0,284.51524353027344,320.78269958496094,340.0562744140625,355.5049591064453,392.7676696777344,2026-03-09
2026-03-09 04:00:00,340.0,209.57860565185547,285.0637969970703,313.6015930175781,342.2898864746094,382.90679931640625,2026-03-09
2026-03-09 05:00:00,175.0,140.8022117614746,249.99436950683594,273.8084716796875,292.15660095214844,332.53431701660156,2026-03-09
2026-03-09 06:00:00,37.5,108.36985397338867,212.85604858398438,246.0457763671875,270.735107421875,312.6112060546875,2026-03-09
2026-03-09 07:00:00,-50.0,2.7786827087402344,102.43081665039062,166.9591064453125,197.119140625,261.6578063964844,2026-03-09
2026-03-09 08:00:00,-50.0,-140.76211166381836,-90.90640258789064,1.28680419921875,36.773498535156236,118.63352966308595,2026-03-09
2026-03-09 09:00:00,-50.0,-66.93854331970215,-48.29611015319824,-9.085968017578123,118.30099296569824,172.75257682800293,2026-03-09
2026-03-09 10:00:00,-50.0,-30.169742584228516,-15.952175140380856,-0.997528076171875,97.64221191406251,146.4385528564453,2026-03-09
2026-03-09 11:00:00,-50.0,-6.7129364013671875,9.20130157470703,17.64556884765625,47.89088439941406,160.3651008605957,2026-03-09
2026-03-09 12:00:00,-50.0,-29.237163543701172,-17.887989044189453,-7.0870361328125,39.59819412231445,166.75560760498047,2026-03-09
2026-03-09 13:00:00,-50.0,-34.39179229736328,-23.390350341796875,-13.753387451171877,90.97430038452148,143.80524826049805,2026-03-09
2026-03-09 14:00:00,-50.0,-33.515663146972656,-21.8321533203125,-13.00970458984375,19.724308013916016,153.19298934936523,2026-03-09
2026-03-09 15:00:00,-50.0,-45.1125602722168,-23.785648345947266,-12.377777099609377,88.1348114013672,178.2331085205078,2026-03-09
2026-03-09 16:00:00,-50.0,12.135120391845703,23.117168426513675,41.62754821777344,159.00450897216797,234.33051300048828,2026-03-09
2026-03-09 17:00:00,-7.547249794006348,85.44402503967285,107.32236671447754,154.27236938476562,249.07748985290527,336.7477169036865,2026-03-09
2026-03-09 18:00:00,92.5,126.68504714965822,144.79547882080078,247.48374938964844,291.8113250732422,346.12770080566406,2026-03-09
2026-03-09 19:00:00,-29.5,94.71968460083008,204.2656707763672,235.32769775390625,281.79017639160156,334.88006591796875,2026-03-09
2026-03-09 20:00:00,72.25,-70.07074356079102,47.27886962890625,81.86820983886719,130.01576232910156,215.8056182861328,2026-03-09
2026-03-09 21:00:00,43.25,-120.2974967956543,-26.535099029541023,37.91915893554688,69.27114868164062,143.41452026367188,2026-03-09
2026-03-09 22:00:00,66.5,-116.62028503417969,-4.552032470703125,26.361968994140625,61.839630126953125,108.94639587402344,2026-03-09
2026-03-09 23:00:00,-28.0,-132.62712478637695,-91.87642669677734,22.294708251953125,50.28656005859375,100.07621765136719,2026-03-09
2026-03-10 00:00:00,267.5,-7.924919128417967,5.765258789062502,12.068817138671877,21.781536102294922,133.74835586547852,2026-03-10
2026-03-10 01:00:00,126.29199981689452,-8.403202056884764,1.2921562194824237,9.773651123046877,28.358196258544922,141.95782470703125,2026-03-10
2026-03-10 02:00:00,166.26300048828125,10.068458557128906,29.528045654296875,41.86442565917969,122.4911994934082,206.26582717895508,2026-03-10
2026-03-10 03:00:00,387.5,61.97666549682617,77.63876724243164,102.29283142089844,182.08922576904297,248.65478515625,2026-03-10
2026-03-10 04:00:00,239.09750366210935,45.031246185302734,61.95405197143555,87.10038757324219,176.32976531982422,325.2770309448242,2026-03-10
2026-03-10 05:00:00,180.4900054931641,102.26656723022461,120.90197372436523,132.1361846923828,220.85442352294922,288.1872100830078,2026-03-10
2026-03-10 06:00:00,292.5,237.48845291137695,248.43873977661133,267.313720703125,363.53174591064453,519.1011581420898,2026-03-10
2026-03-10 07:00:00,191.1947479248047,183.3369903564453,202.4757308959961,211.13946533203125,294.7701759338379,377.67041397094727,2026-03-10
2026-03-10 08:00:00,217.5,26.740028381347656,36.11175537109375,42.42750549316406,73.49555206298828,180.32756423950195,2026-03-10
2026-03-10 09:00:00,12.5,-13.394584655761719,-2.204574584960941,7.447418212890625,23.94406509399414,165.48945999145508,2026-03-10
2026-03-10 10:00:00,-50.0,1.7747650146484375,12.059440612792965,18.259429931640625,40.506988525390625,154.0275535583496,2026-03-10
2026-03-10 11:00:00,-50.0,93.5060577392578,102.46849822998045,107.17375183105467,124.84287261962889,259.934757232666,2026-03-10
2026-03-10 12:00:00,-50.0,36.43103790283203,47.169464111328125,53.7691650390625,79.65926361083984,190.68918991088867,2026-03-10
2026-03-10 13:00:00,-50.0,-19.517654418945312,-6.122688293457031,-2.005218505859375,76.52447509765625,150.61218643188477,2026-03-10
2026-03-10 14:00:00,-50.0,-47.91352844238281,-36.336692810058594,-27.19613647460937,52.59598159790039,103.62368392944336,2026-03-10
2026-03-10 15:00:00,-50.0,-41.74835205078126,-32.62800598144531,-24.22979736328125,59.195308685302734,155.0470314025879,2026-03-10
2026-03-10 16:00:00,-50.0,-43.29928970336914,-27.701412200927734,-9.7169189453125,81.45196533203125,146.88275146484375,2026-03-10
2026-03-10 17:00:00,142.75,146.92457199096677,173.25785064697263,246.50440979003903,304.095230102539,418.7963104248047,2026-03-10
2026-03-10 18:00:00,285.75,291.6679115295411,376.65063476562506,420.4817504882813,470.1236724853516,559.8512878417969,2026-03-10
2026-03-10 19:00:00,220.3302459716797,456.39399337768555,507.0146884918213,578.5225830078125,616.1335906982422,693.4542083740234,2026-03-10
2026-03-10 20:00:00,231.29049682617188,499.84643173217773,564.1325149536133,619.8428955078125,670.1256637573242,740.2641525268555,2026-03-10
2026-03-10 21:00:00,300.0,915.0715675354004,1010.3329010009766,1047.32470703125,1081.9142608642578,1194.4035186767578,2026-03-10
2026-03-10 22:00:00,337.5,964.5686683654785,1048.4565734863281,1082.27587890625,1111.8970336914062,1238.2115173339844,2026-03-10
2026-03-10 23:00:00,350.0,872.7092704772949,895.4716567993164,976.708251953125,1009.00732421875,1090.710205078125,2026-03-10
2026-03-11 00:00:00,663.5,553.6457672119141,575.4370269775391,589.333251953125,603.5802307128906,636.5397491455078,2026-03-11
2026-03-11 01:00:00,417.43951416015625,925.9783782958984,957.2462921142578,977.487548828125,1002.3493347167969,1027.0977478027344,2026-03-11
2026-03-11 02:00:00,970.2349853515624,583.7602081298828,617.4451446533203,641.2373046875,659.1855010986328,698.9971618652344,2026-03-11
2026-03-11 03:00:00,925.0,348.9292678833008,377.62962341308594,392.0201110839844,418.7592010498047,461.9500274658203,2026-03-11
2026-03-11 04:00:00,487.5,257.5797348022461,292.85850524902344,312.5380859375,333.2607116699219,368.4389343261719,2026-03-11
2026-03-11 05:00:00,460.896240234375,245.55905151367188,277.53904724121094,302.3960266113281,324.5014343261719,380.2888946533203,2026-03-11
2026-03-11 06:00:00,467.25,187.06280899047852,294.35792541503906,312.2475280761719,347.29066467285156,412.3224792480469,2026-03-11
2026-03-11 07:00:00,32.5,161.67323684692383,206.86422729492188,295.5927429199219,325.3675994873047,384.72279357910156,2026-03-11
2026-03-11 08:00:00,187.5,103.60899734497065,138.88723754882807,243.16458129882807,278.4944915771484,359.83280944824213,2026-03-11
2026-03-11 09:00:00,275.0,55.07939529418945,70.53381729125977,90.43299865722656,214.55203247070312,292.62782287597656,2026-03-11
2026-03-11 10:00:00,318.3080139160156,1.9240646362304652,14.77461242675781,25.50277709960937,39.97603225708008,177.1631736755371,2026-03-11
2026-03-11 11:00:00,403.0567626953125,129.1813735961914,143.81817626953125,154.06153869628906,244.38657760620117,347.464656829834,2026-03-11
2026-03-11 12:00:00,490.97650146484375,158.26626586914065,169.7746276855469,180.92747497558597,199.04345321655276,331.79904556274414,2026-03-11
2026-03-11 13:00:00,322.2852478027344,6.4112548828125,17.348541259765625,25.13531494140625,123.42470932006836,177.16386032104492,2026-03-11
2026-03-11 14:00:00,368.2522583007813,5.373481750488281,18.40019989013672,27.316131591796875,41.37135696411133,171.17779922485352,2026-03-11
2026-03-11 15:00:00,195.0,-34.197853088378906,-22.576431274414062,-7.4566650390625,90.42620468139647,211.34832382202148,2026-03-11
2026-03-11 16:00:00,375.0,26.26242446899414,50.676265716552734,145.856201171875,194.51307678222656,261.7716979980469,2026-03-11
2026-03-11 17:00:00,452.5,92.0153923034668,122.28526306152344,212.62744140625,253.51983642578125,314.16419982910156,2026-03-11
2026-03-11 18:00:00,59.25,102.8697624206543,135.10261917114258,247.2551727294922,294.3026123046875,368.86741638183594,2026-03-11
2026-03-11 19:00:00,106.5,93.54867172241214,197.34143829345706,232.3726501464844,267.6818161010742,318.3257369995117,2026-03-11
2026-03-11 20:00:00,124.0,-48.949031829833984,5.387054443359375,116.4146728515625,146.0681610107422,217.35057067871094,2026-03-11
2026-03-11 21:00:00,121.25,-56.47903823852539,-17.248062133789062,83.83146667480469,117.48477172851562,170.58233642578125,2026-03-11
2026-03-11 22:00:00,-31.99625015258789,-76.06027603149411,-17.878643035888643,75.68226623535156,115.1973571777344,148.3291931152344,2026-03-11
2026-03-11 23:00:00,-50.99625015258789,-101.93468856811523,-40.84973526000976,42.92843627929688,74.93760681152344,139.05175781250003,2026-03-11
2026-03-12 00:00:00,-49.25,-60.3548583984375,-34.789817810058594,-9.497833251953123,58.36299133300781,131.48931884765625,2026-03-12
2026-03-12 01:00:00,-51.0,-102.81027603149414,-71.46200942993164,-19.35516357421875,50.35145187377931,133.39794540405276,2026-03-12
2026-03-12 02:00:00,-50.0,-133.55636596679688,-109.5873260498047,-12.71417236328125,60.275817871093736,168.4527130126953,2026-03-12
2026-03-12 03:00:00,-50.0,-118.27281951904297,-96.91163635253906,-10.16302490234375,49.96539306640625,138.7544860839844,2026-03-12
2026-03-12 04:00:00,-50.0,-149.54642486572266,-118.26587677001953,-17.195526123046875,21.196487426757812,153.50320434570312,2026-03-12
2026-03-12 05:00:00,-50.0,-147.8291778564453,-113.77107238769531,-20.80990600585937,49.19122314453122,217.01275634765625,2026-03-12
2026-03-12 06:00:00,-51.0,-137.47815704345703,-116.57104110717773,-28.969482421875,38.33069610595703,129.9509506225586,2026-03-12
2026-03-12 07:00:00,-51.74625015258789,-145.74744415283203,-109.6353530883789,-24.59716796875,44.206520080566406,165.92728424072266,2026-03-12
2026-03-12 08:00:00,-50.0,-103.22624015808105,-76.53438377380371,-35.372100830078125,87.26896858215332,227.56953620910645,2026-03-12
2026-03-12 09:00:00,-50.0,-88.78202438354492,-65.27054977416992,-34.908355712890625,103.3878288269043,325.14760971069336,2026-03-12
2026-03-12 10:00:00,-50.0,-114.51030731201172,-95.0035400390625,-24.13705444335937,31.04211425781251,184.9185791015625,2026-03-12
2026-03-12 11:00:00,-50.0,-42.39403533935547,-16.385047912597656,6.019134521484375,128.58843231201172,271.1541976928711,2026-03-12
2026-03-12 12:00:00,-50.0,-63.76270294189453,-37.05913543701172,-21.128936767578125,122.38208770751953,281.29846954345703,2026-03-12
2026-03-12 13:00:00,-50.0,-82.21309280395508,-58.100399017333984,-36.152862548828125,65.71854782104491,148.64741134643555,2026-03-12
2026-03-12 14:00:00,-50.0,-82.66862487792969,-57.994972229003906,-38.006195068359375,95.95217132568357,222.08611297607422,2026-03-12
2026-03-12 15:00:00,-50.0,-119.90479278564453,-99.03196716308594,-36.51235961914063,57.410652160644524,190.29085540771484,2026-03-12
2026-03-12 16:00:00,-50.0,-145.88880157470703,-117.56487274169922,-30.898101806640625,30.666763305664062,224.07095336914062,2026-03-12
2026-03-12 17:00:00,-50.99625015258789,-64.60773849487305,-43.795108795166016,-8.710723876953125,57.42826461791991,180.37133407592773,2026-03-12
2026-03-12 18:00:00,70.0,-105.008056640625,-71.38914108276367,22.89852905273437,73.40858459472656,187.04129028320312,2026-03-12
2026-03-12 19:00:00,106.75,-105.3542251586914,-70.54887390136719,34.42315673828125,84.9039611816406,229.1312255859375,2026-03-12
2026-03-12 20:00:00,150.0,-133.2263641357422,-97.03212356567383,7.642425537109375,76.47913360595703,239.07996368408203,2026-03-12
2026-03-12 21:00:00,154.63400268554688,-98.64889526367188,-64.01204299926758,27.41925048828125,82.18817138671875,189.10791015625,2026-03-12
2026-03-12 22:00:00,50.80350112915039,-116.10523986816406,-73.76287841796876,25.30865478515625,88.63227081298827,190.56790924072266,2026-03-12
2026-03-12 23:00:00,83.10150146484375,-122.88380432128906,-91.62018966674805,15.591033935546877,65.49649047851562,241.40338134765625,2026-03-12
2026-03-13 00:00:00,250.24549865722656,-38.81973648071289,-3.2961044311523438,17.970703125,62.28333282470703,150.8658447265625,2026-03-13
2026-03-13 01:00:00,280.0,-60.05839920043945,-22.32537841796875,21.609619140625,46.55657958984375,111.39071655273438,2026-03-13
2026-03-13 02:00:00,279.3475036621094,-62.5782585144043,-25.060245513916016,17.91143798828125,47.100547790527344,142.2660140991211,2026-03-13
2026-03-13 03:00:00,238.29299926757807,-10.377765655517578,16.925148010253906,63.17942810058594,99.2635269165039,202.24785614013672,2026-03-13
2026-03-13 04:00:00,40.0,-13.595294952392578,11.539596557617188,63.971282958984375,102.93092346191408,167.73895263671872,2026-03-13
2026-03-13 05:00:00,-50.0,-59.20254898071289,-36.47450637817383,23.07550048828125,61.751373291015625,130.31324768066403,2026-03-13
2026-03-13 06:00:00,-50.0,-52.79642105102539,-14.484001159667969,38.82334899902344,90.02198791503906,213.24017333984378,2026-03-13
2026-03-13 07:00:00,-50.0,-16.443363189697266,18.515522003173828,39.32945251464844,103.23583984375,191.89957427978516,2026-03-13
2026-03-13 08:00:00,34.138999938964844,-61.790727615356445,-21.90257453918457,15.200408935546877,77.88308143615723,244.36721229553223,2026-03-13
2026-03-13 09:00:00,251.42349243164065,-29.445465087890625,-3.4855499267578125,33.961181640625,113.12795639038083,280.7747917175293,2026-03-13
2026-03-13 10:00:00,-10.558250427246094,47.80772399902344,69.51065826416016,93.15354919433594,156.17557907104492,283.21835708618164,2026-03-13
2026-03-13 11:00:00,95.39350128173828,137.64390182495117,152.71838760375977,172.13339233398438,237.2530975341797,329.6074905395508,2026-03-13
2026-03-13 12:00:00,-49.1150016784668,75.88388061523438,100.1033935546875,118.95262145996094,178.76610946655273,234.2610969543457,2026-03-13
2026-03-13 13:00:00,-50.0,113.05148315429688,132.47167205810547,150.41140747070312,173.4150390625,343.682918548584,2026-03-13
2026-03-13 14:00:00,185.0,88.49367523193361,101.80217742919923,118.98846435546876,179.2161331176758,317.85293960571295,2026-03-13
2026-03-13 15:00:00,234.01649475097656,11.859184265136719,34.764984130859375,51.0472412109375,125.56340408325195,238.98863601684573,2026-03-13
2026-03-13 16:00:00,217.0034942626953,137.9997444152832,156.86235427856445,179.61917114257812,245.87124633789062,389.74237060546875,2026-03-13
2026-03-13 17:00:00,432.5,203.5970344543457,238.7522850036621,306.53350830078125,340.73717498779297,499.7905502319336,2026-03-13
2026-03-13 18:00:00,342.25,217.35674667358398,242.01468658447266,317.28741455078125,345.47637939453125,429.6311569213867,2026-03-13
2026-03-13 19:00:00,482.25,231.56889724731445,258.43574142456055,313.06072998046875,342.6512451171875,491.65492248535156,2026-03-13
2026-03-13 20:00:00,450.0,201.47562789916992,247.81717681884766,305.51629638671875,366.98939514160156,506.3141326904297,2026-03-13
2026-03-13 21:00:00,457.5,226.59344100952148,249.04461288452148,316.1236267089844,373.0878219604492,499.34119415283203,2026-03-13
2026-03-13 22:00:00,500.0,232.78187942504883,280.33315658569336,337.05157470703125,375.4097595214844,494.2712707519531,2026-03-13
2026-03-13 23:00:00,550.0,263.82816314697266,293.88036727905273,321.6147155761719,375.83240127563477,470.3156547546387,2026-03-13
2026-03-14 00:00:00,577.5,510.31297302246094,547.6305236816406,602.9697265625,647.7344665527344,751.8170471191406,2026-03-14
2026-03-14 01:00:00,500.0,663.95068359375,698.7503051757812,748.6224365234375,798.3979797363281,875.1990661621094,2026-03-14
2026-03-14 02:00:00,500.0,594.0002899169922,654.8905029296875,698.63232421875,754.8608093261719,924.9541625976562,2026-03-14
2026-03-14 03:00:00,485.0,853.3474960327148,945.0970458984375,1012.17626953125,1076.2240142822266,1238.6551055908203,2026-03-14
2026-03-14 04:00:00,497.5,544.8010063171387,658.1194763183594,696.457763671875,766.8075256347656,910.4529876708984,2026-03-14
2026-03-14 05:00:00,500.0,449.6076889038086,500.26798248291016,575.023681640625,647.9229736328125,807.4936981201172,2026-03-14
2026-03-14 06:00:00,608.3914794921875,471.0882453918457,521.4308090209961,631.2894287109375,721.5752716064453,849.8982086181641,2026-03-14
2026-03-14 07:00:00,487.5,419.32912826538086,477.7210807800293,559.858642578125,636.0037155151367,804.6729965209961,2026-03-14
2026-03-14 08:00:00,437.5,265.7242012023926,353.5702209472656,412.2526550292969,492.9014434814453,652.8895721435547,2026-03-14
2026-03-14 09:00:00,165.0,150.0290412902832,180.79102325439453,313.3222351074219,400.9496612548828,603.3263702392578,2026-03-14
2026-03-14 10:00:00,278.04376220703125,140.9397239685058,167.3087997436523,277.0663452148437,345.8796234130859,471.02529907226557,2026-03-14
2026-03-14 11:00:00,287.5,252.82120895385742,287.0471534729004,390.939208984375,468.6544647216797,609.8134918212891,2026-03-14
2026-03-14 12:00:00,302.5,227.6460075378418,255.88177490234375,348.0065002441406,403.73780822753906,519.7221832275391,2026-03-14
2026-03-14 13:00:00,290.0,175.68288040161133,191.01257705688477,280.6736755371094,365.7337188720703,447.8943176269531,2026-03-14
2026-03-14 14:00:00,287.5,260.0552749633789,291.91160583496094,323.5894775390625,423.96194076538086,706.0032157897949,2026-03-14
2026-03-14 15:00:00,185.0,196.23553848266596,228.11425781249994,335.0336303710937,464.1836318969726,635.8746566772461,2026-03-14
2026-03-14 16:00:00,420.0,226.01202011108398,258.3645706176758,387.3540344238281,445.7511444091797,626.3466796875,2026-03-14
2026-03-14 17:00:00,339.5,595.0831871032715,620.4644355773926,723.037109375,819.6798629760742,1017.7633285522461,2026-03-14
2026-03-14 18:00:00,377.5,555.0699729919434,597.4745979309082,722.4571533203125,806.2139282226562,921.2185211181641,2026-03-14
2026-03-14 19:00:00,290.0,483.10879135131836,513.0986137390137,602.4775390625,682.6406784057617,855.9996719360352,2026-03-14
2026-03-14 20:00:00,292.5,563.5648765563965,598.8808822631836,715.9788208007812,788.4846343994141,1048.4475708007812,2026-03-14
2026-03-14 21:00:00,285.0,792.8281517028809,828.180046081543,920.8103637695312,1035.941177368164,1262.2825469970703,2026-03-14
2026-03-14 22:00:00,290.0,634.0050468444824,750.7520141601562,806.7030639648438,878.5965728759766,1079.3992156982422,2026-03-14
2026-03-14 23:00:00,290.0,466.7781867980957,542.918098449707,623.4969482421875,710.0482177734375,885.4636077880859,2026-03-14
2026-03-15 00:00:00,292.5,260.1718444824219,283.212158203125,299.0927429199219,319.6208038330078,351.9295959472656,2026-03-15
2026-03-15 01:00:00,290.0,213.9596824645996,268.70713806152344,295.9551696777344,319.85723876953125,364.36305236816406,2026-03-15
2026-03-15 02:00:00,280.0,215.5956573486328,288.4019241333008,314.9632873535156,354.62628173828125,445.6105651855469,2026-03-15
2026-03-15 03:00:00,282.5,195.8101043701172,276.03665924072266,308.3344421386719,328.52740478515625,379.35350036621094,2026-03-15
2026-03-15 04:00:00,295.0,195.94900512695312,269.7310562133789,307.1653747558594,329.8199157714844,369.76942443847656,2026-03-15
2026-03-15 05:00:00,352.5,155.20001220703125,256.6619567871094,291.048095703125,323.91685485839844,422.7117462158203,2026-03-15
2026-03-15 06:00:00,500.0,185.6345672607422,237.9413833618164,293.9566955566406,335.50291442871094,441.9821472167969,2026-03-15
2026-03-15 07:00:00,395.0,136.29766082763672,213.99111938476562,287.1434020996094,307.9237060546875,373.8466491699219,2026-03-15
2026-03-15 08:00:00,177.5,183.57514190673828,231.29808807373047,274.21392822265625,343.0193176269531,419.89231872558594,2026-03-15
2026-03-15 09:00:00,75.0,217.3593406677246,262.30595779418945,288.26104736328125,367.7704048156738,452.5138130187988,2026-03-15
2026-03-15 10:00:00,261.1467590332031,170.09287643432617,199.86034393310547,221.0081024169922,296.4156684875488,404.84148025512695,2026-03-15
2026-03-15 11:00:00,440.0,198.8363456726074,219.72215652465817,238.17953491210935,278.2628517150879,403.8485450744629,2026-03-15
2026-03-15 12:00:00,285.0,275.6062240600586,302.26861572265625,317.9616394042969,346.90272521972656,433.40238189697266,2026-03-15
2026-03-15 13:00:00,337.5,133.4141960144043,163.34926223754883,180.3823699951172,207.25972366333008,296.0696678161621,2026-03-15
2026-03-15 14:00:00,285.0,149.0211029052734,168.2836990356445,191.74261474609372,240.8600273132324,381.26575469970703,2026-03-15
2026-03-15 15:00:00,404.6694946289063,104.5532341003418,135.09406661987305,156.83465576171875,210.7533302307129,308.01964950561523,2026-03-15
2026-03-15 16:00:00,571.25,182.35993576049805,231.57937240600586,268.1726379394531,349.9321632385254,437.7571449279785,2026-03-15
2026-03-15 17:00:00,392.5,193.11791229248047,239.81052780151367,321.152099609375,362.0763168334961,444.34952545166016,2026-03-15
2026-03-15 18:00:00,365.0,555.493049621582,629.4383697509766,704.4863891601562,736.6275939941406,834.7824096679688,2026-03-15
2026-03-15 19:00:00,310.0,530.895866394043,583.6300430297852,655.552490234375,704.5087890625,776.7527618408203,2026-03-15
2026-03-15 20:00:00,259.8905029296875,420.2059783935547,505.435302734375,569.15185546875,593.8355712890625,705.7168884277344,2026-03-15
2026-03-15 21:00:00,287.5,369.1586074829102,431.66700363159185,485.4265747070313,544.789161682129,618.241569519043,2026-03-15
2026-03-15 22:00:00,290.0,225.24114227294922,318.43204498291016,393.067138671875,437.4902801513672,528.0802154541016,2026-03-15
2026-03-15 23:00:00,312.5,249.80020904541018,327.92144775390625,385.2177734375,443.50520324707037,534.4425811767578,2026-03-15
2026-03-16 00:00:00,410.0,303.1968536376953,354.1439208984375,376.767822265625,403.27679443359375,449.7129211425781,2026-03-16
2026-03-16 01:00:00,300.0,332.0355529785156,361.6781921386719,376.34381103515625,407.9302978515625,465.3162384033203,2026-03-16
2026-03-16 02:00:00,110.0,258.72959899902344,340.0032501220703,367.00628662109375,391.9672393798828,444.2966003417969,2026-03-16
2026-03-16 03:00:00,52.5,164.59717178344727,252.68963623046875,285.45379638671875,320.4595947265625,393.7042236328125,2026-03-16
2026-03-16 04:00:00,150.0,153.23181915283203,246.73095703124997,278.0412902832031,305.2317199707031,414.2494812011719,2026-03-16
2026-03-16 05:00:00,222.5,161.29975128173828,221.84645080566406,242.5275421142578,275.269287109375,324.4245300292969,2026-03-16
2026-03-16 06:00:00,188.25,121.0933418273926,204.3239898681641,243.2362060546875,271.6365661621094,366.248291015625,2026-03-16
2026-03-16 07:00:00,-50.0,-31.620834350585938,56.509735107421875,117.42893981933594,152.05279541015625,234.27130126953125,2026-03-16
2026-03-16 08:00:00,-50.67850112915039,-137.34777069091797,-52.595252990722656,2.82171630859375,41.25138854980469,114.57305908203125,2026-03-16
2026-03-16 09:00:00,-50.0,-130.03177642822266,-92.00198364257814,-14.92218017578125,13.906532287597614,84.13440704345702,2026-03-16
2026-03-16 10:00:00,-50.0,-125.34703063964844,-58.40338134765625,-11.217803955078123,63.80026245117185,148.8613739013672,2026-03-16
2026-03-16 11:00:00,-50.0,-54.07276916503906,-14.037055969238281,25.5369873046875,103.51954650878906,178.6912841796875,2026-03-16
2026-03-16 12:00:00,-50.0,-102.87113952636719,-62.73780059814453,-0.54248046875,61.23199462890625,147.86170959472656,2026-03-16
2026-03-16 13:00:00,-50.0,-142.70471954345703,-100.23404693603516,-14.2474365234375,20.140777587890625,69.87295532226562,2026-03-16
2026-03-16 14:00:00,-50.0,-93.48225021362305,-48.201534271240234,-7.91552734375,66.34048080444337,162.05585861206058,2026-03-16
2026-03-16 15:00:00,-50.0,-139.82196044921875,-81.73789596557617,-18.9149169921875,55.85546875,127.93783569335938,2026-03-16
2026-03-16 16:00:00,-50.0,-171.5987319946289,-101.4696044921875,-16.131988525390625,22.876007080078125,88.90464782714844,2026-03-16
2026-03-16 17:00:00,6.25,-127.83283996582031,-65.10877990722658,23.82879638671875,52.347770690917955,161.6915512084961,2026-03-16
2026-03-16 18:00:00,82.5,78.72947692871094,133.93362045288086,218.1742706298828,269.8231964111328,359.2341766357422,2026-03-16
2026-03-16 19:00:00,126.25,43.583717346191406,96.61930465698242,206.8099365234375,246.86941528320312,326.01495361328125,2026-03-16
2026-03-16 20:00:00,-15.75,14.820762634277344,67.48422622680663,152.4019317626953,196.69388580322266,260.7625045776367,2026-03-16
2026-03-16 21:00:00,-31.5,-34.49737548828122,70.49421691894534,132.1121368408203,168.34255981445315,238.6288757324219,2026-03-16
2026-03-16 22:00:00,-49.5,-16.566299438476562,44.40962600708008,129.44834899902344,174.85595703125,245.6990203857422,2026-03-16
2026-03-16 23:00:00,-52.25,-12.528366088867188,60.177787780761726,119.57980346679688,157.60369873046875,231.020263671875,2026-03-16
2026-03-17 00:00:00,-14.49625015258789,23.128990173339844,28.990310668945312,31.160552978515625,33.77007293701172,40.33251190185547,2026-03-17
2026-03-17 01:00:00,94.5,64.94087982177734,69.36902618408203,71.80677795410156,74.50768280029297,174.32589721679688,2026-03-17
2026-03-17 02:00:00,196.5,229.8604507446289,235.3684310913086,238.6829071044922,243.05252838134766,407.0102005004883,2026-03-17
2026-03-17 03:00:00,198.6719970703125,239.16055297851562,244.96431732177734,248.53887939453125,253.01750946044922,422.2144470214844,2026-03-17
2026-03-17 04:00:00,240.46925354003903,163.20135498046875,167.88915252685547,172.73826599121094,176.89635467529297,430.34202575683594,2026-03-17
2026-03-17 05:00:00,282.5,196.46782684326172,200.8310775756836,204.362548828125,208.4326171875,361.4258575439453,2026-03-17
2026-03-17 06:00:00,455.0,238.03759765625,245.57183074951172,248.50857543945312,265.0490264892578,449.10164642333984,2026-03-17
2026-03-17 07:00:00,612.9307250976562,39.28325653076172,45.145729064941406,48.71385192871094,53.69474792480469,205.1966857910156,2026-03-17
2026-03-17 08:00:00,445.0050048828125,-14.093086242675781,-8.80078125,-5.13409423828125,-1.54620361328125,123.88041687011719,2026-03-17
2026-03-17 09:00:00,285.0,-32.033416748046875,-23.064529418945312,-20.567138671875,-15.973007202148438,127.05445861816406,2026-03-17
2026-03-17 10:00:00,380.01025390625,-24.79635620117187,-20.866157531738278,-18.840484619140625,-15.046340942382809,154.10011291503906,2026-03-17
2026-03-17 11:00:00,483.2309875488281,-19.05242156982422,-14.940780639648438,-11.6297607421875,-6.280059814453125,172.11585998535156,2026-03-17
2026-03-17 12:00:00,115.25,-45.744361877441406,-42.38079833984375,-36.92333984375,-32.29804229736328,83.26446533203125,2026-03-17
2026-03-17 13:00:00,-49.50149917602539,-32.753700256347656,-28.088150024414062,-24.442840576171875,-15.304306030273438,153.98125457763672,2026-03-17
2026-03-17 14:00:00,-50.0,-19.954917907714844,-12.661766052246094,-9.17327880859375,-4.326774597167969,108.72831726074219,2026-03-17
2026-03-17 15:00:00,-50.0,-46.056976318359375,-40.01020050048828,-35.717132568359375,39.06256866455078,149.03308868408203,2026-03-17
2026-03-17 16:00:00,-50.0,-25.653244018554695,-18.9615478515625,-15.300994873046877,-9.164649963378908,139.59896850585938,2026-03-17
2026-03-17 17:00:00,-54.75,-20.772499084472656,-13.367210388183597,-7.730865478515625,8.680656433105469,181.19672393798828,2026-03-17
2026-03-17 18:00:00,239.0,-1.6039886474609375,4.9737548828125,8.732574462890625,104.69133758544922,167.23204803466797,2026-03-17
2026-03-17 19:00:00,252.5,29.87677764892578,35.77629089355469,39.676300048828125,57.70634460449219,241.09110260009766,2026-03-17
2026-03-17 20:00:00,199.0,-2.4230194091796857,7.0193405151367205,13.212615966796877,22.297523498535156,146.93800354003906,2026-03-17
2026-03-17 21:00:00,164.0,14.008018493652344,18.802963256835938,25.81866455078125,128.41997528076172,225.52782440185547,2026-03-17
2026-03-17 22:00:00,121.5,18.988037109375,27.619438171386715,32.858428955078125,50.711875915527344,301.3339157104492,2026-03-17
2026-03-17 23:00:00,211.0570068359375,44.83844757080078,59.08570861816406,65.46929931640625,175.9654541015625,250.25580596923828,2026-03-17
2026-03-18 00:00:00,335.0,127.94271469116212,180.28524017333984,223.48614501953125,250.96976470947266,309.79077911376953,2026-03-18
2026-03-18 01:00:00,297.5,174.57956314086914,250.7146987915039,279.368896484375,307.1896743774414,360.54114532470703,2026-03-18
2026-03-18 02:00:00,295.0,182.68985748291016,250.01234436035156,278.96368408203125,301.3597717285156,338.08355712890625,2026-03-18
2026-03-18 03:00:00,282.5,194.1630630493164,280.6155548095703,301.5306701660156,341.7881774902344,407.4813690185547,2026-03-18
2026-03-18 04:00:00,242.5,192.625732421875,284.33656311035156,309.9779357910156,337.84368896484375,391.0378875732422,2026-03-18
2026-03-18 05:00:00,247.7010040283203,163.96514511108398,243.7935333251953,276.1015930175781,309.1851501464844,392.5030212402344,2026-03-18
2026-03-18 06:00:00,168.88299560546875,164.98857498168945,235.3813018798828,264.1887512207031,303.8827819824219,423.71661376953125,2026-03-18
2026-03-18 07:00:00,-47.81949996948242,89.40996551513672,171.57420349121094,231.6547088623047,258.9971008300781,335.92254638671875,2026-03-18
2026-03-18 08:00:00,-49.837249755859375,-104.71094512939453,-46.582740783691406,23.4586181640625,74.20063018798828,153.05452728271484,2026-03-18
2026-03-18 09:00:00,-50.0,-121.35169982910156,-79.18424224853516,-14.200592041015623,34.54484558105469,126.63430786132812,2026-03-18
2026-03-18 10:00:00,-50.0,-71.33484268188477,-36.771060943603516,-0.9207763671875,65.26713180541992,149.70173263549808,2026-03-18
2026-03-18 11:00:00,-50.0,-70.97748947143555,-44.39431381225586,-14.987274169921877,59.682285308837905,140.7287712097168,2026-03-18
2026-03-18 12:00:00,-50.0,-86.89588928222656,-58.080352783203125,-39.797943115234375,16.069274902343743,107.27106475830075,2026-03-18
2026-03-18 13:00:00,-50.0,-71.90868377685547,-56.29566192626953,-35.977203369140625,-8.126838684082031,103.37957000732422,2026-03-18
2026-03-18 14:00:00,-50.0,-69.42765808105469,-49.375450134277344,-31.34799194335937,64.65378570556642,137.70526885986328,2026-03-18
2026-03-18 15:00:00,-50.0,-65.76720428466797,-45.016876220703125,-26.31829833984375,8.30532455444336,225.03649139404297,2026-03-18
2026-03-18 16:00:00,-11.0,-7.453960418701172,15.154109954833984,44.886627197265625,143.45185470581055,230.84377670288086,2026-03-18
2026-03-18 17:00:00,266.0,140.34599685668945,177.5534553527832,209.05300903320312,298.1816215515137,432.33898544311523,2026-03-18
2026-03-18 18:00:00,231.0,217.89170837402344,250.46674346923828,348.95428466796875,390.05606842041016,467.76700592041016,2026-03-18
2026-03-18 19:00:00,193.75,235.00849151611325,260.19251251220703,350.5267944335937,390.57017517089844,443.84425354003906,2026-03-18
2026-03-18 20:00:00,208.6267547607422,142.52684783935547,173.37218475341797,261.8033447265625,300.47438049316406,384.0850372314453,2026-03-18
2026-03-18 21:00:00,217.0554962158203,196.07221603393555,221.8521614074707,262.2901611328125,353.5763359069824,425.27514266967773,2026-03-18
2026-03-18 22:00:00,221.0,136.74585723876956,162.92906188964847,264.1279296875,296.6276397705078,359.98570251464844,2026-03-18
2026-03-18 23:00:00,134.25,81.3930435180664,124.51612854003906,211.06964111328125,255.85232543945312,340.8903503417969,2026-03-18
2026-03-19 00:00:00,270.6885070800781,158.92192077636713,203.21909332275385,260.4823608398437,282.92765808105463,328.1955947875976,2026-03-19
2026-03-19 01:00:00,280.0,159.3302459716797,221.88815307617188,289.8177490234375,317.32757568359375,364.0264434814453,2026-03-19
2026-03-19 02:00:00,282.5,165.66719055175776,224.410415649414,279.3656616210937,296.74314117431635,332.9496688842773,2026-03-19
2026-03-19 03:00:00,285.0,145.5287094116211,237.01009368896484,260.61151123046875,306.90570068359375,360.80450439453125,2026-03-19
2026-03-19 04:00:00,203.69200134277344,122.4056625366211,211.48218536376953,235.35787963867188,258.9902038574219,314.30810546875,2026-03-19
2026-03-19 05:00:00,119.0,86.88835144042969,176.17456817626953,203.8021697998047,235.0009307861328,293.66502380371094,2026-03-19
2026-03-19 06:00:00,-1.8227499723434448,109.21672058105469,162.5111541748047,244.4529266357422,285.0699157714844,353.671142578125,2026-03-19
2026-03-19 07:00:00,209.04299926757807,127.54901885986331,155.03787231445315,240.46702575683597,280.0587692260742,349.8303451538086,2026-03-19
2026-03-19 08:00:00,75.33625030517578,94.70816421508789,118.33475112915039,162.63926696777344,258.40259170532227,392.90637588500977,2026-03-19
2026-03-19 09:00:00,-50.0,-31.75838851928711,-8.780452728271484,15.88397216796875,102.55468368530273,171.98691177368164,2026-03-19
2026-03-19 10:00:00,-50.0,24.66627502441407,43.956649780273445,57.91671752929688,78.27653503417969,195.3565902709961,2026-03-19
2026-03-19 11:00:00,-50.0,96.8713150024414,109.04560852050781,117.77955627441406,132.77862548828125,262.99112701416016,2026-03-19
2026-03-19 12:00:00,-50.0,59.09019470214844,66.9871597290039,76.10678100585938,92.50558471679688,215.1804656982422,2026-03-19
2026-03-19 13:00:00,-50.0,1.1424484252929688,14.122001647949219,27.85015869140625,103.771728515625,169.93560028076172,2026-03-19
2026-03-19 14:00:00,-50.0,-60.17095184326172,-40.08866882324219,-20.75204467773437,74.12928009033203,172.53138732910156,2026-03-19
2026-03-19 15:00:00,-50.0,-67.20263671875,-40.06866455078125,-22.79534912109375,87.98892211914062,220.9633483886719,2026-03-19
2026-03-19 16:00:00,-47.13874816894531,32.623817443847656,51.77592468261719,72.97373962402344,159.42784118652344,237.24986267089844,2026-03-19
2026-03-19 17:00:00,460.552001953125,223.60897064208984,253.55777740478516,350.9928283691406,385.5782928466797,577.3324432373047,2026-03-19
2026-03-19 18:00:00,329.9880065917969,384.21604919433594,422.89814376831055,503.423095703125,550.2504730224609,654.0399627685547,2026-03-19
2026-03-19 19:00:00,333.2720031738281,489.3666000366211,540.0031318664551,631.34521484375,662.15771484375,750.3900756835938,2026-03-19
2026-03-19 20:00:00,500.0,480.98230743408203,519.4751014709473,609.483642578125,642.4425048828125,792.502685546875,2026-03-19
2026-03-19 21:00:00,500.0,536.6127700805664,568.5045318603516,664.3510131835938,687.7506790161133,781.2652893066406,2026-03-19
2026-03-19 22:00:00,430.0,506.7014465332031,552.5295181274414,628.9417724609375,676.7865142822266,765.8723602294922,2026-03-19
2026-03-19 23:00:00,447.5,475.96519470214844,514.0146217346191,600.8538818359375,628.8600616455078,719.7778015136719,2026-03-19
2026-03-20 00:00:00,420.0,282.4095001220703,320.80682373046875,358.656005859375,389.23394775390625,457.4071960449219,2026-03-20
2026-03-20 01:00:00,442.5,201.25617599487305,304.3937225341797,341.32305908203125,373.44073486328125,427.81988525390625,2026-03-20
2026-03-20 02:00:00,475.0,213.20665740966797,305.1913757324219,330.2363586425781,365.4156188964844,428.3633117675781,2026-03-20
2026-03-20 03:00:00,305.0,201.6245346069336,274.8390197753906,311.4384460449219,339.38616943359375,392.66107177734375,2026-03-20
2026-03-20 04:00:00,352.5,207.2666320800781,246.0433349609375,274.46405029296875,311.3808898925781,359.24505615234375,2026-03-20
2026-03-20 05:00:00,205.0,148.11303710937497,231.63922119140622,267.94366455078125,309.3525085449219,397.0325012207031,2026-03-20
2026-03-20 06:00:00,117.5,99.78090667724612,187.86270904541018,252.41966247558597,303.76658630371094,367.5664520263672,2026-03-20
2026-03-20 07:00:00,87.5,91.72421264648438,158.93336486816406,240.33029174804688,288.5463562011719,360.6866760253906,2026-03-20
2026-03-20 08:00:00,-50.0,47.03913879394531,108.00900268554688,173.95220947265625,254.86383056640628,374.0699462890625,2026-03-20
2026-03-20 09:00:00,102.5,34.68125534057616,61.64770126342772,98.5021514892578,188.6333122253418,266.18456649780273,2026-03-20
2026-03-20 10:00:00,-50.0,95.13841247558594,124.63250732421875,169.27105712890625,240.97056579589844,327.51424407958984,2026-03-20
2026-03-20 11:00:00,-50.0,189.67902755737302,210.86465835571286,239.42042541503903,333.67985916137695,455.8801460266113,2026-03-20
2026-03-20 12:00:00,-50.0,95.28395080566406,125.57942962646484,147.88609313964844,185.89745330810547,319.4498748779297,2026-03-20
2026-03-20 13:00:00,-50.0,-60.555179595947266,-31.711627960205078,-4.21771240234375,31.513351440429695,164.5168342590332,2026-03-20
2026-03-20 14:00:00,-50.0,-92.90742874145508,-66.96845626831055,-30.0213623046875,52.433773040771484,149.9767723083496,2026-03-20
2026-03-20 15:00:00,-50.0,-95.9930419921875,-65.67753601074219,-33.4464111328125,-15.361774444580078,121.40938568115234,2026-03-20
2026-03-20 16:00:00,-50.0,-102.4805793762207,-68.62249374389648,-34.30828857421875,52.57069778442384,152.87363052368164,2026-03-20
2026-03-20 17:00:00,-15.494500160217283,-122.92056274414062,-76.0907096862793,-20.209930419921875,49.773780822753906,134.53113555908203,2026-03-20
2026-03-20 18:00:00,127.5,-2.654296875,71.43058013916017,144.52674865722656,183.48634338378906,300.7393493652344,2026-03-20
2026-03-20 19:00:00,228.5,38.94541931152344,104.34046554565431,179.32008361816406,220.25789642333984,312.84786224365234,2026-03-20
2026-03-20 20:00:00,61.5,-116.41251373291013,-38.43996810913083,65.82432556152344,100.37455749511722,174.18205261230472,2026-03-20
2026-03-20 21:00:00,168.5,-97.66363525390625,-37.861392974853516,44.48042297363281,85.57536315917969,178.02293395996094,2026-03-20
2026-03-20 22:00:00,128.5,-114.00492095947266,-64.17301559448242,27.257965087890625,68.18876647949219,162.64706420898438,2026-03-20
2026-03-20 23:00:00,131.0,-146.8946075439453,-74.22720336914062,10.888092041015623,69.30230712890625,129.13082885742188,2026-03-20
2026-03-21 00:00:00,139.5,-70.65577697753906,-50.61193084716797,-26.557830810546875,-6.392272949218736,45.22521209716797,2026-03-21
2026-03-21 01:00:00,78.5,-99.38937759399414,-66.72046279907227,-32.67669677734375,-12.531501770019545,45.313804626464844,2026-03-21
2026-03-21 02:00:00,-11.026249885559082,-100.98439025878906,-68.29840850830078,-38.05245971679688,0.07059478759764914,64.9085922241211,2026-03-21
2026-03-21 03:00:00,-50.0,-123.77475738525389,-92.26499938964842,-40.1805419921875,-14.496688842773423,20.619895935058608,2026-03-21
2026-03-21 04:00:00,-44.0,-125.54662322998047,-87.61808013916016,-41.70782470703125,-22.39981079101561,56.081443786621094,2026-03-21
2026-03-21 05:00:00,-49.5,-141.6300277709961,-83.73797607421875,-39.62176513671875,-11.281875610351562,40.801544189453125,2026-03-21
2026-03-21 06:00:00,-45.5,-103.3094367980957,-68.01489639282227,-38.1744384765625,7.427173614501953,64.37529373168945,2026-03-21
2026-03-21 07:00:00,-40.12125015258789,-83.59123992919922,-56.8582763671875,-35.293212890625,10.929275512695312,95.6670913696289,2026-03-21
2026-03-21 08:00:00,-50.0,-77.78023529052734,-52.97432708740235,-38.07394409179688,-17.849761962890632,68.91705322265625,2026-03-21
2026-03-21 09:00:00,-50.0,-85.62205505371094,-61.946983337402344,-45.48309326171875,-36.506568908691406,44.787384033203125,2026-03-21
2026-03-21 10:00:00,-50.0,-43.64903259277344,-27.399459838867188,-14.558441162109377,-0.5809555053710955,92.95974731445314,2026-03-21
2026-03-21 11:00:00,-50.0,-45.19182586669922,-35.26805877685547,-23.521392822265625,-13.81951904296875,63.70720672607422,2026-03-21
2026-03-21 12:00:00,-50.0,-82.09610748291016,-61.145606994628906,-48.37445068359375,-35.92109680175781,74.81986236572266,2026-03-21
2026-03-21 13:00:00,-50.0,-80.12303924560547,-57.96002960205079,-45.51715087890625,-37.269126892089844,7.390094757080078,2026-03-21
2026-03-21 14:00:00,-50.0,-71.4120101928711,-60.26995849609375,-46.147308349609375,-30.98113250732422,68.79676055908205,2026-03-21
2026-03-21 15:00:00,-50.0,-80.65221405029297,-55.512191772460945,-44.04660034179688,-23.995239257812507,76.97223663330078,2026-03-21
2026-03-21 16:00:00,-49.0,-95.99632263183595,-60.040031433105476,-40.16452026367188,-7.042560577392585,68.7072830200195,2026-03-21
2026-03-21 17:00:00,-14.5,-82.14323425292969,-50.212615966796875,-29.264068603515625,23.88506317138672,117.5072250366211,2026-03-21
2026-03-21 18:00:00,95.0,-108.20940399169922,-54.10737609863281,7.00604248046875,41.507972717285156,130.36627960205078,2026-03-21
2026-03-21 19:00:00,-48.5,-87.07311248779297,-27.077957153320316,30.82162475585937,75.34798431396484,125.6009292602539,2026-03-21
2026-03-21 20:00:00,64.0,-101.74002838134766,-32.504657745361335,17.27618408203125,61.36975860595703,158.40497589111328,2026-03-21
2026-03-21 21:00:00,18.87874984741211,-105.101203918457,-13.111274719238253,19.8072509765625,56.0472412109375,216.07598876953128,2026-03-21
2026-03-21 22:00:00,-48.24250030517578,-122.31784057617188,-48.29437255859375,-13.12701416015625,11.920501708984375,68.47256469726565,2026-03-21
2026-03-21 23:00:00,81.6624984741211,-136.4698791503906,-58.6052551269531,-29.17822265625,8.293670654296903,82.8518676757813,2026-03-21
2026-03-22 00:00:00,260.0,76.1116714477539,95.77716827392578,108.85507202148438,123.65221786499023,201.7405776977539,2026-03-22
2026-03-22 01:00:00,234.96749877929688,101.60009384155273,135.06704330444336,154.86520385742188,164.7979621887207,237.46462631225586,2026-03-22
2026-03-22 02:00:00,162.1219940185547,105.27677154541016,137.9960174560547,150.1775360107422,191.4387435913086,281.9234313964844,2026-03-22
2026-03-22 03:00:00,235.2140045166016,178.03178787231445,217.20178604125977,233.0953369140625,268.3985786437988,355.8615379333496,2026-03-22
2026-03-22 04:00:00,244.36700439453125,206.63037490844727,230.02467727661133,256.4773254394531,289.7825736999512,371.0680503845215,2026-03-22
2026-03-22 05:00:00,275.0,241.87202072143555,263.6941566467285,279.0892028808594,295.8941345214844,390.4087562561035,2026-03-22
2026-03-22 06:00:00,280.0,250.343017578125,280.42994689941406,291.0643310546875,313.2042350769043,404.67552947998047,2026-03-22
2026-03-22 07:00:00,272.5,209.83438110351562,232.76783752441406,252.6273956298828,276.94228744506836,420.2094497680664,2026-03-22
2026-03-22 08:00:00,247.5,134.53081512451172,155.42718505859375,170.67340087890625,187.6820945739746,270.6248321533203,2026-03-22
2026-03-22 09:00:00,145.0,-37.84344482421875,-15.78186798095703,-9.602081298828123,-1.6001129150390607,17.40406036376953,2026-03-22
2026-03-22 10:00:00,62.5,-18.93841552734375,-8.451416015625,3.391021728515625,15.475189208984375,37.77688980102539,2026-03-22
2026-03-22 11:00:00,112.5,103.03148651123047,118.76416015625,126.57630920410156,134.56857299804688,227.79049682617188,2026-03-22
2026-03-22 12:00:00,237.5,136.3770751953125,151.69293212890625,163.84356689453125,177.442138671875,270.7110290527344,2026-03-22
2026-03-22 13:00:00,237.5,62.646682739257805,84.10237884521484,92.65194702148438,102.34809875488281,128.30055618286133,2026-03-22
2026-03-22 14:00:00,262.5,-16.087188720703125,-1.5225296020507848,6.741668701171875,14.14281463623047,30.643592834472656,2026-03-22
2026-03-22 15:00:00,265.0,47.4022216796875,63.79682922363281,71.05259704589844,79.58491516113281,100.49309539794922,2026-03-22
2026-03-22 16:00:00,477.5,276.1944808959961,287.97178649902344,299.45721435546875,311.2485580444336,329.8857612609863,2026-03-22
2026-03-22 17:00:00,887.25,472.6833648681641,492.7651748657227,510.2164916992188,531.2390022277832,630.6567611694336,2026-03-22
2026-03-22 18:00:00,497.5,914.5515289306641,937.6456527709961,950.1886596679688,963.0402679443359,1075.9710388183594,2026-03-22
2026-03-22 19:00:00,477.5,498.3653984069824,521.3218193054199,540.9444580078125,613.8135261535645,726.5408592224121,2026-03-22
2026-03-22 20:00:00,365.0,454.8783340454102,489.7481002807618,505.0359497070313,570.8221740722656,650.6834335327148,2026-03-22
2026-03-22 21:00:00,576.75,571.9392242431641,594.5962524414062,606.0789794921875,674.2340698242188,741.7838287353516,2026-03-22
2026-03-22 22:00:00,472.5,637.613883972168,662.1648941040039,678.77978515625,706.2138175964355,809.8125915527344,2026-03-22
2026-03-22 23:00:00,455.0,431.56506729125977,464.88021087646484,497.0286865234375,555.9490776062012,645.429386138916,2026-03-22
2026-03-23 00:00:00,397.5,326.13148498535156,355.16648864746094,379.9454040527344,392.5107727050781,454.88063049316406,2026-03-23
2026-03-23 01:00:00,322.5,253.58274841308594,319.3465576171875,346.0718994140625,365.74867248535156,437.29595947265625,2026-03-23
2026-03-23 02:00:00,397.5,240.2638702392578,296.0663757324219,327.2373352050781,377.4019012451172,449.57891845703125,2026-03-23
2026-03-23 03:00:00,295.0,224.5389404296875,278.99005126953125,321.8902282714844,357.35411071777344,451.1385803222656,2026-03-23
2026-03-23 04:00:00,200.0,193.94963836669922,257.7822570800781,294.6630859375,349.9549560546875,421.2544708251953,2026-03-23
2026-03-23 05:00:00,42.5,131.4686050415039,234.41470336914062,264.5655517578125,303.5800323486328,365.468017578125,2026-03-23
2026-03-23 06:00:00,128.00924682617188,129.85760498046875,216.55934143066406,266.9399108886719,294.7738952636719,395.6571807861328,2026-03-23
2026-03-23 07:00:00,124.67575073242188,79.19654083251956,128.09023284912112,208.3355407714844,244.20732879638675,335.31620025634766,2026-03-23
2026-03-23 08:00:00,-50.0,-47.94922637939453,-6.210662841796875,34.534759521484375,102.84310913085935,229.38717651367188,2026-03-23
2026-03-23 09:00:00,-50.0,-58.891807556152344,-35.54894256591797,-15.950347900390623,3.2555885314941424,106.60449981689453,2026-03-23
2026-03-23 10:00:00,-50.0,-43.73383331298828,-14.079574584960938,-1.80224609375,17.44184112548828,102.52296447753906,2026-03-23
2026-03-23 11:00:00,-50.0,9.179206848144531,26.012184143066406,38.0875244140625,52.64574432373047,73.15634155273438,2026-03-23
2026-03-23 12:00:00,-50.0,-50.70149230957031,-31.05767822265625,-17.726043701171875,-3.3133544921875,83.7857666015625,2026-03-23
2026-03-23 13:00:00,-50.0,-51.73780822753906,-34.16681671142578,-25.50958251953125,-11.040962219238283,21.527931213378906,2026-03-23
2026-03-23 14:00:00,-50.0,-64.43344116210938,-44.58966827392578,-27.782623291015625,-8.633209228515625,82.45665740966797,2026-03-23
2026-03-23 15:00:00,-50.0,-74.17463684082031,-47.71369171142578,-32.60650634765625,-11.142356872558594,135.97223663330078,2026-03-23
2026-03-23 16:00:00,-50.0,-134.99018096923828,-97.07829284667969,-12.414642333984377,33.615692138671875,220.7198944091797,2026-03-23
2026-03-23 17:00:00,-9.0,46.449337005615234,85.13835144042969,125.8658447265625,190.10444259643555,263.32162857055664,2026-03-23
2026-03-23 18:00:00,-18.25,79.43256378173828,162.85558319091797,236.83761596679688,288.060302734375,442.3747253417969,2026-03-23
2026-03-23 19:00:00,73.75,117.5976791381836,231.71115112304688,260.677978515625,309.5542297363281,415.3917999267578,2026-03-23
2026-03-23 20:00:00,-19.25,84.66799926757812,198.92893981933594,248.48883056640625,300.02325439453125,381.87147521972656,2026-03-23
2026-03-23 21:00:00,68.92424774169922,98.89632797241214,185.48451995849612,217.27903747558597,266.26756286621094,369.50933837890625,2026-03-23
2026-03-23 22:00:00,78.32424926757812,67.22530746459964,166.25980377197268,214.4055938720703,257.0683898925781,333.84971618652344,2026-03-23
2026-03-23 23:00:00,148.26425170898438,26.72554016113284,94.14691162109378,185.34349060058597,229.61801147460943,393.35589599609375,2026-03-23
2026-03-24 00:00:00,225.8267517089844,158.65469360351562,196.38682174682617,223.10467529296875,258.2859191894531,321.80409240722656,2026-03-24
2026-03-24 01:00:00,230.0,113.48102951049802,163.97026062011716,195.66009521484372,227.87247467041013,290.55725860595703,2026-03-24
2026-03-24 02:00:00,187.5,48.25265884399414,118.74818420410156,134.5150909423828,169.99034118652344,218.3638458251953,2026-03-24
2026-03-24 03:00:00,148.60850524902344,-3.9819259643554688,64.79750061035156,98.26686096191406,124.1797866821289,199.6353530883789,2026-03-24
2026-03-24 04:00:00,87.5,-78.59745788574219,-22.928802490234375,6.29962158203125,22.31524658203125,99.0191345214844,2026-03-24
2026-03-24 05:00:00,-50.0,-128.5916748046875,-68.82888031005858,-29.510528564453125,7.601013183593764,79.96325683593751,2026-03-24
2026-03-24 06:00:00,-48.5,-122.60784912109375,-76.41629409790039,-23.72467041015625,25.676345825195312,136.9439849853516,2026-03-24
2026-03-24 07:00:00,-41.9739990234375,-115.14766693115234,-64.72300720214844,-20.72674560546875,28.083824157714844,81.61898040771484,2026-03-24
2026-03-24 08:00:00,-50.0,-84.1257095336914,-60.89391326904297,-37.75128173828125,8.515121459960938,92.6493911743164,2026-03-24
2026-03-24 09:00:00,-50.0,-90.86415100097656,-62.34484100341797,-39.6072998046875,-27.47974395751953,65.8297805786133,2026-03-24
2026-03-24 10:00:00,-50.0,-67.63526153564453,-44.13922882080078,-21.46197509765625,-0.40683746337890625,116.177978515625,2026-03-24
2026-03-24 11:00:00,-50.0,-44.020599365234375,-23.161384582519535,-10.823333740234377,15.29750061035156,149.52603912353516,2026-03-24
2026-03-24 12:00:00,-50.0,-89.13619995117188,-62.44573974609375,-45.400970458984375,-22.327030181884766,112.95406341552734,2026-03-24
2026-03-24 13:00:00,-50.0,-65.16939544677734,-51.67290496826172,-36.81103515625,-17.346641540527344,78.55791473388672,2026-03-24
2026-03-24 14:00:00,-50.0,-84.44876098632812,-56.49421691894531,-30.910369873046875,47.09546661376953,100.29708099365234,2026-03-24
2026-03-24 15:00:00,-50.0,-68.64240264892578,-48.34465789794922,-28.40557861328125,55.468467712402344,142.52140045166016,2026-03-24
2026-03-24 16:00:00,-50.0,-68.97166442871094,-51.16425323486328,-25.387725830078125,27.324821472167976,119.88801574707031,2026-03-24
2026-03-24 17:00:00,-51.25,-76.15116500854492,-50.79416275024414,-20.478759765625,50.379779815673814,131.0334358215332,2026-03-24
2026-03-24 18:00:00,7.5,136.6848373413086,167.16349029541016,186.48434448242188,208.2441864013672,319.38753509521484,2026-03-24
2026-03-24 19:00:00,162.0,207.003662109375,231.3882064819336,254.20925903320312,347.44029998779297,467.31996154785156,2026-03-24
2026-03-24 20:00:00,215.0,198.07510375976562,216.9725341796875,243.1812744140625,281.8572311401367,361.37933349609375,2026-03-24
2026-03-24 21:00:00,242.5,189.1117286682129,220.7931785583496,243.35809326171875,329.37511825561523,395.51391983032227,2026-03-24
2026-03-24 22:00:00,292.5,164.5232162475586,204.25607299804688,242.62625122070312,303.0490036010742,367.4251022338867,2026-03-24
2026-03-24 23:00:00,347.5,137.01020050048828,179.7061309814453,258.8838195800781,283.82891845703125,372.56317138671875,2026-03-24
2026-03-25 00:00:00,500.0,226.15512084960938,246.29161071777344,278.9827575683594,318.6253356933594,379.2453308105469,2026-03-25
2026-03-25 01:00:00,405.0,199.58171844482422,234.23284912109375,254.18328857421875,291.88983154296875,370.84950256347656,2026-03-25
2026-03-25 02:00:00,297.5,150.6821746826172,228.1333770751953,258.3992614746094,289.59539794921875,361.6133728027344,2026-03-25
2026-03-25 03:00:00,450.0,144.45175933837893,218.3445587158203,249.3967437744141,299.60580444335943,371.64959716796875,2026-03-25
2026-03-25 04:00:00,230.0,125.74223327636719,204.96109771728516,245.6548614501953,282.9235382080078,385.4143524169922,2026-03-25
2026-03-25 05:00:00,157.5,135.14073181152344,206.9028091430664,258.27667236328125,292.16124725341797,391.2300338745117,2026-03-25
2026-03-25 06:00:00,107.5,190.4095077514648,237.402904510498,266.3427124023437,332.7329483032226,422.72592926025385,2026-03-25
2026-03-25 07:00:00,55.76475143432617,197.4529151916504,227.08064651489258,251.49490356445312,310.4212074279785,409.7472114562988,2026-03-25
2026-03-25 08:00:00,-44.95375061035156,-11.91890716552735,23.85619354248047,51.61578369140625,71.06233978271484,163.94639587402344,2026-03-25
2026-03-25 09:00:00,-50.0,-60.490875244140625,-39.31121826171875,-15.59002685546875,12.094367980957031,108.81400299072266,2026-03-25
2026-03-25 10:00:00,-50.0,-40.61507415771484,-16.949279785156254,-0.0089111328125,21.59880828857422,178.9768829345703,2026-03-25
2026-03-25 11:00:00,-50.0,-14.584556579589844,15.061752319335938,38.067138671875,80.73208236694336,186.48678588867188,2026-03-25
2026-03-25 12:00:00,-50.0,15.215972900390625,34.74861145019531,51.06645202636719,78.41400527954102,189.88123321533203,2026-03-25
2026-03-25 13:00:00,-50.0,-40.13825988769531,-8.917198181152344,7.278350830078125,44.04756164550781,148.67252349853516,2026-03-25
2026-03-25 14:00:00,-50.0,-21.497207641601562,3.7852325439453125,24.39129638671875,57.42155456542969,142.83477783203125,2026-03-25
2026-03-25 15:00:00,-50.0,48.12029266357423,77.61540985107423,105.92425537109376,143.7253532409668,249.33689880371094,2026-03-25
2026-03-25 16:00:00,-5.0,169.99350738525393,195.78102874755862,211.5074157714844,251.68560791015628,385.90098571777344,2026-03-25
2026-03-25 17:00:00,348.25,286.0364418029785,316.6150779724121,341.0182800292969,403.914608001709,466.5563163757324,2026-03-25
2026-03-25 18:00:00,271.0,387.178955078125,428.1147003173828,493.77825927734375,521.2135620117188,576.2658233642578,2026-03-25
2026-03-25 19:00:00,311.6090087890625,267.7000198364258,311.57378005981445,370.590576171875,409.7820053100586,488.7306442260742,2026-03-25
2026-03-25 20:00:00,412.5,250.8689804077149,316.0852661132813,369.2418823242188,409.7826538085938,486.91818237304693,2026-03-25
2026-03-25 21:00:00,407.5,294.41366577148443,338.7056312561036,385.3609008789063,437.07581329345703,533.7395095825196,2026-03-25
2026-03-25 22:00:00,480.0,276.49130630493164,342.65142822265625,387.34228515625,424.64691162109375,514.3875732421875,2026-03-25
2026-03-25 23:00:00,515.0,229.1541633605957,310.2261047363281,340.5909729003906,395.210693359375,494.23541259765625,2026-03-25
2026-03-26 00:00:00,775.0,330.23081970214844,349.82069396972656,382.52545166015625,403.2925567626953,481.6062774658203,2026-03-26
2026-03-26 01:00:00,1000.0,728.302490234375,760.4104156494141,790.2235107421875,818.2513427734375,900.1189727783203,2026-03-26
2026-03-26 02:00:00,825.0,349.4974594116211,408.94740295410156,448.9476318359375,504.5805206298828,565.3927459716797,2026-03-26
2026-03-26 03:00:00,615.0,219.3913879394531,256.07232666015625,298.2732238769531,334.6246032714844,407.58966064453125,2026-03-26
2026-03-26 04:00:00,462.5,194.70610046386716,233.4907989501953,270.4237365722656,316.39544677734375,396.4257507324219,2026-03-26
2026-03-26 05:00:00,312.5,159.08977508544922,229.35812377929688,264.986083984375,313.6058044433594,422.7388000488281,2026-03-26
2026-03-26 06:00:00,84.0,145.3208465576172,199.58743286132812,261.72265625,317.8070068359375,458.2776794433594,2026-03-26
2026-03-26 07:00:00,50.81449890136719,195.9239349365234,218.69747161865232,247.41351318359372,322.09664154052734,442.0794982910156,2026-03-26
2026-03-26 08:00:00,222.91900634765625,123.13555145263675,156.44036865234378,188.99136352539065,240.7139358520508,334.7551803588867,2026-03-26
2026-03-26 09:00:00,207.5,117.72180938720703,135.1222381591797,146.6784210205078,164.2018814086914,258.9750671386719,2026-03-26
2026-03-26 10:00:00,238.8000030517578,13.857696533203132,33.504257202148445,48.62814331054688,62.60929107666016,150.1323471069336,2026-03-26
2026-03-26 11:00:00,179.87550354003906,61.14650726318358,87.01456451416014,93.81681823730467,110.21381378173827,215.66477203369138,2026-03-26
2026-03-26 12:00:00,152.5,73.95221710205077,86.61666870117186,99.15568542480467,110.83040618896483,232.22794342041016,2026-03-26
2026-03-26 13:00:00,-50.0,-28.96551513671875,-14.603904724121094,1.71380615234375,24.727813720703125,144.40949249267578,2026-03-26
2026-03-26 14:00:00,97.75,-70.24626159667969,-56.412750244140625,-43.94854736328125,-29.870880126953125,70.00464630126953,2026-03-26
2026-03-26 15:00:00,277.5,-16.788986206054688,5.627639770507814,20.557098388671875,43.153541564941406,177.98326873779297,2026-03-26
2026-03-26 16:00:00,410.0,178.3105697631836,206.0354995727539,236.96563720703125,288.45196533203125,436.59764862060547,2026-03-26
2026-03-26 17:00:00,487.5,168.93724060058594,227.25901412963867,303.2063903808594,331.4806137084961,455.47061920166016,2026-03-26
2026-03-26 18:00:00,475.0,229.9234390258789,318.5228042602539,362.06158447265625,415.7627258300781,554.4021606445312,2026-03-26
2026-03-26 19:00:00,412.5,203.96237182617185,273.5166320800781,329.8170471191406,415.0541076660156,487.451904296875,2026-03-26
2026-03-26 20:00:00,450.0,214.69039916992188,301.82200622558594,341.9586181640625,400.7890930175781,495.08441162109375,2026-03-26
2026-03-26 21:00:00,440.0,372.08345031738287,412.1277465820313,440.5481567382813,518.4725341796875,659.3657836914062,2026-03-26
2026-03-26 22:00:00,500.0,266.2182312011719,345.3544006347656,384.04791259765625,445.3736572265625,547.1228942871094,2026-03-26
2026-03-26 23:00:00,714.8690185546875,271.7543716430664,323.143798828125,352.1401672363281,412.8230438232422,486.4364318847656,2026-03-26
2026-03-27 00:00:00,665.833251953125,542.0092468261719,577.6700439453125,608.4476318359375,650.537109375,737.2138061523438,2026-03-27
2026-03-27 01:00:00,490.7634887695313,747.2839050292969,794.1576995849609,829.0103149414062,883.0593872070312,962.7594299316406,2026-03-27
2026-03-27 02:00:00,715.4044799804688,858.6948852539064,899.5738830566407,949.3934326171876,1002.4021606445314,1141.3766784667969,2026-03-27
2026-03-27 03:00:00,589.4012451171875,694.5626373291016,756.0373992919922,799.4423828125,836.7013244628906,977.6841430664062,2026-03-27
2026-03-27 04:00:00,638.6827392578125,615.6913299560547,671.1323852539062,713.0546875,768.6015014648438,874.4876403808594,2026-03-27
2026-03-27 05:00:00,532.8252563476562,421.67232513427734,483.40521240234375,524.7218627929688,551.8142242431641,636.4374694824219,2026-03-27
2026-03-27 06:00:00,500.0,407.26330947875977,500.50701904296875,549.0919189453125,573.1468353271484,657.2319030761719,2026-03-27
2026-03-27 07:00:00,450.0,257.7481002807617,348.16370391845703,398.1543884277344,449.2692108154297,562.1342010498047,2026-03-27
2026-03-27 08:00:00,295.0,207.29619598388672,258.60268783569336,327.5157470703125,381.1645050048828,515.9525146484375,2026-03-27
2026-03-27 09:00:00,210.0,214.18502807617188,282.2285346984863,300.9576721191406,349.77784729003906,460.47735595703125,2026-03-27
2026-03-27 10:00:00,300.0,229.39452362060547,264.69519805908203,289.9586486816406,342.9932632446289,487.06813049316406,2026-03-27
2026-03-27 11:00:00,297.5,264.5252914428711,291.8925094604492,311.41571044921875,334.44657135009766,479.97444915771484,2026-03-27
2026-03-27 12:00:00,297.5,265.7525329589844,292.11585998535156,314.66973876953125,354.51129150390625,435.5955123901367,2026-03-27
2026-03-27 13:00:00,277.5,277.26110076904297,308.3975830078125,337.353759765625,370.05875396728516,462.1906967163086,2026-03-27
2026-03-27 14:00:00,280.0,349.2689437866211,375.7747497558594,403.9849853515625,436.93239974975586,564.0304946899414,2026-03-27
2026-03-27 15:00:00,42.5,417.99736404418945,453.5644874572754,483.3944091796875,518.5825080871582,630.5999031066895,2026-03-27
2026-03-27 16:00:00,455.0,475.4343376159668,494.2416572570801,531.46728515625,612.213207244873,764.7654991149902,2026-03-27
2026-03-27 17:00:00,415.0,704.0778350830078,752.6026229858398,840.3027954101562,894.4443511962891,1037.856430053711,2026-03-27
2026-03-27 18:00:00,371.7007446289063,831.4152069091797,889.6176719665527,970.3982543945312,1024.0189208984375,1277.9069366455078,2026-03-27
2026-03-27 19:00:00,500.0,343.96651458740234,419.6081085205078,479.2896423339844,539.4115600585938,634.1549377441406,2026-03-27
2026-03-27 20:00:00,500.0,265.7659683227539,323.2587127685547,394.619384765625,459.35662841796875,626.3095703125,2026-03-27
2026-03-27 21:00:00,985.0,315.4684600830078,380.32686614990234,446.5570068359375,495.81199645996094,617.3228302001953,2026-03-27
2026-03-27 22:00:00,500.0,351.04867935180664,439.8016815185547,473.2694091796875,517.2947692871094,658.36181640625,2026-03-27
2026-03-27 23:00:00,500.0,365.27696228027344,482.5301055908203,529.912841796875,580.1359710693359,691.12841796875,2026-03-27
2026-03-28 00:00:00,400.0,561.7947387695312,592.0285034179688,628.242431640625,661.472412109375,724.7410278320312,2026-03-28
2026-03-28 01:00:00,302.5,571.1307067871094,614.3609008789062,638.7459716796875,668.5000610351562,752.7455444335938,2026-03-28
2026-03-28 02:00:00,355.0,489.22019958496094,542.2133178710938,579.0109252929688,618.4610595703125,767.3313903808594,2026-03-28
2026-03-28 03:00:00,412.5,470.9169158935547,574.669189453125,614.9988403320312,649.8248138427734,741.3552703857422,2026-03-28
2026-03-28 04:00:00,455.0,339.6573486328125,457.44384765625,503.7286987304688,543.5787048339844,647.2861938476562,2026-03-28
2026-03-28 05:00:00,355.0,284.60933685302734,385.11950683593744,445.36761474609375,505.5814514160156,607.2253723144531,2026-03-28
2026-03-28 06:00:00,470.2862548828125,314.48437500000006,389.07250976562506,431.0181274414063,477.4428100585938,572.2893371582031,2026-03-28
2026-03-28 07:00:00,302.5,279.70463562011724,321.4343872070313,364.0602416992188,433.37707519531256,545.7994842529297,2026-03-28
2026-03-28 08:00:00,302.5,271.60464096069336,305.8523292541504,352.9006042480469,412.9185905456543,482.04655838012695,2026-03-28
2026-03-28 09:00:00,305.0,265.93148040771484,327.50574493408203,350.0509338378906,396.91773986816406,487.66947174072266,2026-03-28
2026-03-28 10:00:00,297.5,296.7322540283203,341.5905075073242,372.0101013183594,417.48619079589844,509.9888916015625,2026-03-28
2026-03-28 11:00:00,345.0,329.4628791809082,380.08742904663086,422.4437255859375,471.0003242492676,569.456241607666,2026-03-28
2026-03-28 12:00:00,373.78424072265625,291.1648139953614,326.6230201721192,361.2966918945313,407.8319816589356,515.1932716369629,2026-03-28
2026-03-28 13:00:00,453.5327453613281,265.24532318115234,295.54954528808594,325.5099182128906,356.47557067871094,446.31117248535156,2026-03-28
2026-03-28 14:00:00,448.5012512207031,313.79137420654297,345.6503677368164,379.6927185058594,407.2271156311035,462.09264373779297,2026-03-28
2026-03-28 15:00:00,398.2539978027344,308.326229095459,340.7188606262207,374.2275390625,413.4996147155762,495.89506912231445,2026-03-28
2026-03-28 16:00:00,276.7244873046875,225.1810760498047,281.2756156921387,306.925537109375,357.68672943115234,473.91387939453125,2026-03-28
2026-03-28 17:00:00,200.78775024414065,155.20535278320312,206.89380645751953,253.53912353515625,289.9880065917969,390.31121826171875,2026-03-28
2026-03-28 18:00:00,281.3104858398437,148.83211517333984,213.2240982055664,272.3102111816406,340.19227600097656,448.6769561767578,2026-03-28
2026-03-28 19:00:00,222.99349975585935,163.52229309082028,217.01924133300778,267.73907470703125,299.4358215332031,382.4162902832031,2026-03-28
2026-03-28 20:00:00,260.0,145.0032730102539,219.24693298339844,271.0792236328125,342.42262268066406,454.2469482421875,2026-03-28
2026-03-28 21:00:00,225.0,154.6043701171875,236.42166137695312,279.7872314453125,331.0292205810547,442.67352294921875,2026-03-28
2026-03-28 22:00:00,210.9750061035156,142.14681243896482,206.74739074707028,270.82720947265625,317.5902404785156,446.7480163574219,2026-03-28
2026-03-28 23:00:00,115.69650268554688,39.47088623046875,131.77703857421875,185.59478759765625,229.180908203125,376.74346923828125,2026-03-28
2026-03-29 00:00:00,179.2480010986328,201.20530319213867,242.13142013549805,268.2076110839844,317.6678276062012,390.42917251586914,2026-03-29
2026-03-29 01:00:00,250.2845001220703,212.19093322753906,264.5279006958008,298.6360778808594,350.35691833496094,445.2942352294922,2026-03-29
2026-03-29 02:00:00,267.5,164.46060943603516,226.2332000732422,304.5867614746094,347.9436798095703,412.1491394042969,2026-03-29
2026-03-29 03:00:00,166.354248046875,163.83935546875,233.04409790039062,289.4500732421875,333.6581268310547,465.6667785644531,2026-03-29
2026-03-29 04:00:00,285.0,117.13352966308594,183.34706115722656,277.0596618652344,329.17189025878906,434.3538360595703,2026-03-29
2026-03-29 05:00:00,292.5,157.76383209228516,213.35823440551758,280.00665283203125,318.2040557861328,400.4321594238281,2026-03-29
2026-03-29 06:00:00,292.5,151.50565338134766,210.40961456298828,275.32958984375,317.3981704711914,385.9230422973633,2026-03-29
2026-03-29 07:00:00,277.5,60.969383239746094,119.59991455078125,173.0392303466797,212.63790130615234,356.80672454833984,2026-03-29
2026-03-29 08:00:00,253.4302520751953,25.455528259277344,83.680419921875,133.12249755859375,184.0444107055664,255.2136154174805,2026-03-29
2026-03-29 09:00:00,275.0,2.9689254760742188,74.47154235839844,110.36134338378906,169.06851196289062,269.991455078125,2026-03-29
2026-03-29 10:00:00,280.0,54.26106262207031,114.05489730834961,150.4010772705078,210.50050354003906,268.9577331542969,2026-03-29
2026-03-29 11:00:00,287.5,81.90045166015625,138.0557518005371,189.79571533203125,246.35181427001953,315.1647720336914,2026-03-29
2026-03-29 12:00:00,295.25,100.99168395996094,159.5792007446289,229.49859619140625,274.50518798828125,336.91111755371094,2026-03-29
2026-03-29 13:00:00,273.6507568359375,45.07817840576175,102.40296173095706,185.28016662597656,234.3280944824219,312.73155212402344,2026-03-29
2026-03-29 14:00:00,287.5,10.338058471679688,67.56388092041016,121.99789428710938,166.26979064941406,243.4029998779297,2026-03-29
2026-03-29 15:00:00,305.0,-151.46491241455078,-97.18359375,-19.96786499023437,30.326492309570316,109.26576232910156,2026-03-29
2026-03-29 16:00:00,447.5,-160.20398712158203,-73.04505157470703,-13.2801513671875,31.48693847656253,117.033447265625,2026-03-29
2026-03-29 17:00:00,405.0,-93.07206726074219,-30.094219207763672,46.7962646484375,101.25193786621094,246.42173767089844,2026-03-29
2026-03-29 18:00:00,412.5,180.95731353759766,284.40142822265625,315.03485107421875,364.3898468017578,461.55458068847656,2026-03-29
2026-03-29 19:00:00,284.9027404785156,205.84820556640625,295.5743865966797,349.0783386230469,392.9479217529297,531.3131256103516,2026-03-29
2026-03-29 20:00:00,256.4339904785156,248.70923614501953,294.23524475097656,344.5688171386719,384.7596893310547,449.2333068847656,2026-03-29
2026-03-29 21:00:00,249.04649353027344,388.2104873657227,446.9469184875489,509.6121215820313,538.1838531494141,638.0810546875,2026-03-29
2026-03-29 22:00:00,282.5,286.1149139404297,336.31164932250977,387.72802734375,430.56944274902344,510.0902862548828,2026-03-29
2026-03-29 23:00:00,297.5,326.34273529052734,384.70946502685547,438.8858642578125,471.86263275146484,524.3706893920898,2026-03-29
2026-03-30 00:00:00,300.0,381.0158004760742,398.7353820800781,417.1435546875,428.029052734375,448.8814392089844,2026-03-30
2026-03-30 01:00:00,312.5,404.92186737060547,435.2509460449219,455.86138916015625,471.8928985595703,509.38587951660156,2026-03-30
2026-03-30 02:00:00,447.7777404785156,334.437469482422,390.3054809570313,412.9539184570313,425.7180938720704,470.8743591308595,2026-03-30
2026-03-30 03:00:00,682.9337768554688,348.887939453125,397.20741271972656,423.0321044921875,444.6709899902344,492.6900329589844,2026-03-30
2026-03-30 04:00:00,682.509521484375,280.9720916748047,343.760498046875,379.44573974609375,401.70603942871094,442.6209411621094,2026-03-30
2026-03-30 05:00:00,612.0905151367188,255.46580505371088,328.93811035156244,349.2841186523437,372.2185668945312,417.09536743164057,2026-03-30
2026-03-30 06:00:00,630.75,246.23516082763672,302.24574279785156,350.8493957519531,376.40696716308594,424.49072265625,2026-03-30
2026-03-30 07:00:00,312.5,220.32608795166016,275.4292297363281,328.7055969238281,350.7976837158203,421.5098419189453,2026-03-30
2026-03-30 08:00:00,257.5,180.07238006591797,240.03811264038086,289.8294982910156,320.8485107421875,373.21742248535156,2026-03-30
2026-03-30 09:00:00,290.0,43.281715393066406,99.56428909301758,145.92886352539062,182.4385986328125,248.60416412353518,2026-03-30
2026-03-30 10:00:00,300.0,53.682220458984375,105.23343658447266,160.0378875732422,196.15460205078125,253.5143508911133,2026-03-30
2026-03-30 11:00:00,387.0,7.0316162109375,44.49456024169922,88.99372863769531,131.84394073486328,190.02881622314453,2026-03-30
2026-03-30 12:00:00,402.5,-21.872421264648438,32.623321533203125,72.29617309570312,124.49594116210936,168.3337860107422,2026-03-30
2026-03-30 13:00:00,450.0,36.987770080566406,94.39242553710938,129.09408569335938,190.75613403320312,255.59718322753906,2026-03-30
2026-03-30 14:00:00,645.13623046875,77.96723175048828,140.31357192993164,187.1292724609375,216.1608123779297,264.4417724609375,2026-03-30
2026-03-30 15:00:00,302.5,27.239120483398438,80.70910263061523,132.7847442626953,181.16251373291016,293.7252883911133,2026-03-30
2026-03-30 16:00:00,302.5,21.77906036376953,96.16545867919922,153.77684020996094,192.07915496826172,276.5385971069336,2026-03-30
2026-03-30 17:00:00,455.0,97.27429962158203,162.1781768798828,210.967041015625,255.20741271972656,330.5537872314453,2026-03-30
2026-03-30 18:00:00,297.5,195.96549224853516,264.6521224975586,304.4800720214844,343.12133026123047,412.1509017944336,2026-03-30
2026-03-30 19:00:00,297.5,186.75245666503906,244.557861328125,305.2514343261719,337.9740295410156,411.9136199951172,2026-03-30
2026-03-30 20:00:00,295.0,156.45841217041016,242.83047485351562,293.66314697265625,347.63844299316406,421.35850524902344,2026-03-30
2026-03-30 21:00:00,295.0,128.93095397949222,220.26863861083987,266.2648010253906,297.38946533203125,384.3446044921875,2026-03-30
2026-03-30 22:00:00,280.0,169.204460144043,236.0600280761719,287.72369384765625,316.49322509765625,369.19213867187506,2026-03-30
2026-03-30 23:00:00,215.0,140.87586212158203,213.9893569946289,253.43829345703125,274.69920349121094,351.05479431152344,2026-03-30
2026-03-31 00:00:00,262.5,235.09037017822268,263.2163772583008,298.28631591796875,314.4118194580078,362.0855407714844,2026-03-31
2026-03-31 01:00:00,277.5,222.63420867919922,258.31768798828125,282.6725769042969,297.9389953613281,335.11767578125,2026-03-31
2026-03-31 02:00:00,250.0,178.68475341796875,222.6435089111328,250.9185333251953,272.54620361328125,344.3155822753906,2026-03-31
2026-03-31 03:00:00,118.91999816894533,134.46289062500003,187.92297363281253,211.0279235839844,239.97097778320318,291.353515625,2026-03-31
2026-03-31 04:00:00,74.80774688720703,96.2037582397461,158.83157348632812,187.64244079589844,212.60058593750003,253.0473175048828,2026-03-31
2026-03-31 05:00:00,-47.83000183105469,-57.31839370727539,6.430328369140625,38.10357666015625,55.21478271484372,97.53729248046875,2026-03-31
2026-03-31 06:00:00,-50.0,-96.27215576171875,-34.84031677246095,1.941436767578125,28.596755981445312,105.52635192871094,2026-03-31
2026-03-31 07:00:00,-43.2822494506836,-101.20048522949219,-52.653526306152344,-5.60223388671875,19.100425720214844,62.501014709472656,2026-03-31
2026-03-31 08:00:00,-50.0,-134.016357421875,-87.10712814331053,-22.45611572265625,-0.5897827148437358,72.82412719726564,2026-03-31
2026-03-31 09:00:00,-50.0,-117.55549621582031,-63.61589431762695,-17.127288818359375,30.107864379882812,80.62178039550784,2026-03-31
2026-03-31 10:00:00,-50.0,-123.2054672241211,-68.33366394042969,-3.57373046875,60.600067138671875,131.19134521484375,2026-03-31
2026-03-31 11:00:00,-50.0,-58.16603088378906,-23.961387634277344,20.141876220703125,87.02191925048828,140.29878997802734,2026-03-31
2026-03-31 12:00:00,-50.0,-65.65147018432617,-3.593585968017578,34.1483154296875,100.45220565795897,182.78580856323242,2026-03-31
2026-03-31 13:00:00,-50.0,-86.24817276000977,-38.733829498291016,4.719146728515625,58.363040924072266,154.4562873840332,2026-03-31
2026-03-31 14:00:00,-50.0,-127.20031356811523,-60.92436599731446,-11.54638671875,54.79372787475583,105.59574508666992,2026-03-31
2026-03-31 15:00:00,-50.0,-152.39328002929688,-74.6599349975586,-16.358642578125,34.7030029296875,114.92562866210938,2026-03-31
2026-03-31 16:00:00,-50.03799819946289,-134.91374969482422,-34.18115997314453,23.911773681640625,48.703521728515625,135.2166748046875,2026-03-31
2026-03-31 17:00:00,197.5,128.60531616210935,187.00367736816403,252.19808959960935,278.7729187011719,351.4529571533203,2026-03-31
2026-03-31 18:00:00,207.5,246.4181671142578,336.06787109375,369.132568359375,396.9230499267578,512.3852996826172,2026-03-31
2026-03-31 19:00:00,211.75,210.52748107910156,300.09204864501953,349.6298522949219,378.1663360595703,460.43846130371094,2026-03-31
2026-03-31 20:00:00,231.4564971923828,229.16566467285162,314.2288970947266,371.8595581054688,402.5772552490235,485.3526458740235,2026-03-31
2026-03-31 21:00:00,290.0,362.11966705322266,409.51204681396484,490.907470703125,520.0191955566406,597.3677062988281,2026-03-31
2026-03-31 22:00:00,300.0,520.3235778808594,607.3797073364258,651.79443359375,694.9308929443359,776.2609100341797,2026-03-31
2026-03-31 23:00:00,347.5,661.0464935302734,723.3030853271484,778.8108520507812,816.9672088623047,896.5221099853516,2026-03-31
2026-04-01 00:00:00,412.5,271.3963088989258,291.8980407714844,306.6640930175781,341.052978515625,389.4840850830078,2026-04-01
2026-04-01 01:00:00,567.8695068359375,254.68338775634766,280.24249267578125,308.963623046875,333.16900634765625,389.4290313720703,2026-04-01
2026-04-01 02:00:00,500.0,246.48662567138666,290.61421203613276,326.2450561523437,359.4198913574219,400.36421203613276,2026-04-01
2026-04-01 03:00:00,500.0,196.35070800781244,252.110122680664,282.5492553710937,303.56159973144526,370.32048034667963,2026-04-01
2026-04-01 04:00:00,452.5,192.2813720703125,261.25121307373047,286.4493103027344,321.7834167480469,420.4752502441406,2026-04-01
2026-04-01 05:00:00,500.0,263.616268157959,324.7532653808594,366.35498046875,391.2411804199219,463.1771545410156,2026-04-01
2026-04-01 06:00:00,457.5,202.7584457397461,254.13927459716797,299.249267578125,340.74302673339844,395.21583557128906,2026-04-01
2026-04-01 07:00:00,372.5,177.684928894043,209.57709121704104,253.7877349853516,295.1869354248047,363.97630310058594,2026-04-01
2026-04-01 08:00:00,160.0,-68.61991119384766,-26.753276824951172,21.602020263671875,66.09523010253906,139.97003173828125,2026-04-01
2026-04-01 09:00:00,260.0,-72.03915405273438,-27.153793334960938,13.97906494140625,58.991912841796875,143.50304412841797,2026-04-01
2026-04-01 10:00:00,268.3697509765625,91.08443450927734,119.66498565673828,150.87612915039062,206.9546966552734,270.1439514160156,2026-04-01
2026-04-01 11:00:00,156.2364959716797,98.1902847290039,167.5731964111328,200.86398315429688,254.62725067138672,304.0413284301758,2026-04-01
2026-04-01 12:00:00,237.5,-5.277061462402344,43.655967712402344,88.64210510253906,127.52037811279298,251.28455352783203,2026-04-01
2026-04-01 13:00:00,117.03900146484376,-70.9314956665039,-41.35671234130859,6.29119873046875,64.20104217529297,146.62920379638675,2026-04-01
2026-04-01 14:00:00,62.5,-85.21142578125,-39.49834442138672,-16.6453857421875,39.39688873291017,123.43351745605469,2026-04-01
2026-04-01 15:00:00,-50.0,-131.88155364990234,-90.64929580688477,-31.239166259765625,25.49272918701172,112.40100860595703,2026-04-01
2026-04-01 16:00:00,32.5,-114.23191070556642,-60.2585906982422,-19.3173828125,10.967582702636705,148.73088836669922,2026-04-01
2026-04-01 17:00:00,295.0,-1.9400711059570312,62.38250732421875,108.74185180664062,154.68150329589844,279.6057434082031,2026-04-01
2026-04-01 18:00:00,302.5,134.98994445800778,205.28372955322263,245.72608947753903,290.1375274658203,360.7640075683594,2026-04-01
2026-04-01 19:00:00,370.0,181.83916091918948,240.67671966552737,280.270263671875,321.2335815429688,390.5033874511719,2026-04-01
2026-04-01 20:00:00,450.0,139.38006973266602,184.7279281616211,222.2116241455078,248.35548400878903,395.13584899902344,2026-04-01
2026-04-01 21:00:00,450.0,105.31796264648438,179.804931640625,199.5301818847656,233.8561706542969,307.4712219238281,2026-04-01
2026-04-01 22:00:00,327.854736328125,91.07817459106445,160.34860229492188,188.20703125,223.84426879882812,327.36048889160156,2026-04-01
2026-04-01 23:00:00,273.468994140625,114.74951171875,165.96668243408203,206.1238250732422,236.66633605957034,318.67979431152344,2026-04-01
2026-04-02 00:00:00,287.5,154.89816284179688,191.60743713378906,208.038818359375,222.37908935546875,249.17434692382812,2026-04-02
2026-04-02 01:00:00,350.0,244.46571350097656,286.70433044433594,305.72216796875,326.9851379394531,372.0518493652344,2026-04-02
2026-04-02 02:00:00,285.0,209.20745849609375,267.9661102294922,285.6171569824219,308.23175048828125,359.3188934326172,2026-04-02
2026-04-02 03:00:00,280.0,181.66554260253906,249.57530212402344,282.31854248046875,304.166015625,389.6463317871094,2026-04-02
2026-04-02 04:00:00,127.75,160.89319610595703,238.90545654296875,271.4075012207031,289.25518798828125,361.72210693359375,2026-04-02
2026-04-02 05:00:00,10.0,89.07909393310547,151.909912109375,215.36471557617188,252.6531524658203,308.2638702392578,2026-04-02
2026-04-02 06:00:00,-50.0,127.8576431274414,212.08914184570312,251.72772216796875,275.20806884765625,344.35093688964844,2026-04-02
2026-04-02 07:00:00,-47.21749877929688,61.97052764892578,104.02813720703125,146.0428466796875,199.9946746826172,265.76121520996094,2026-04-02
2026-04-02 08:00:00,-50.0,-66.83342742919922,-21.13726043701172,16.193634033203125,69.2803726196289,138.5309829711914,2026-04-02
2026-04-02 09:00:00,-50.0,-62.429527282714844,-24.2569580078125,4.455718994140625,34.88514709472656,136.41407012939453,2026-04-02
2026-04-02 10:00:00,-50.0,-38.153755187988274,-15.155281066894531,8.54144287109375,28.076393127441406,123.36338806152344,2026-04-02
2026-04-02 11:00:00,-50.0,-52.25366210937501,-28.39997100830078,-9.053680419921877,6.504096984863278,56.33100509643555,2026-04-02
2026-04-02 12:00:00,-50.0,-49.68141174316406,-30.660690307617188,-12.852691650390623,7.842926025390627,54.470096588134766,2026-04-02
2026-04-02 13:00:00,-50.0,-56.559471130371094,-38.208412170410156,-18.25155639648437,-1.7385864257812464,54.79998779296875,2026-04-02
2026-04-02 14:00:00,-50.0,-65.43965148925781,-42.03174591064453,-20.57391357421875,-4.2757720947265625,41.58593749999999,2026-04-02
2026-04-02 15:00:00,-50.0,-80.87347412109375,-52.04997253417969,-28.92269897460937,-3.55336761474609,79.58609771728516,2026-04-02
2026-04-02 16:00:00,-51.0359992980957,-66.97013092041016,-47.31159973144531,-18.058074951171875,8.040924072265625,82.57486724853516,2026-04-02
2026-04-02 17:00:00,1.5,-52.827117919921875,-30.043678283691406,13.19720458984375,39.514068603515625,136.233642578125,2026-04-02
2026-04-02 18:00:00,186.5,-29.976829528808587,17.52404022216797,38.33999633789063,90.3392868041992,210.4969177246094,2026-04-02
2026-04-02 19:00:00,165.88475036621094,-96.06497955322263,-29.91430664062497,38.68272399902344,81.57209777832034,167.8282165527344,2026-04-02
2026-04-02 20:00:00,-30.572250366210938,-91.10701751708983,-36.5367851257324,13.011077880859377,67.43822479248048,140.10816192626956,2026-04-02
2026-04-02 21:00:00,-27.17374992370605,-109.24300384521484,-34.29308319091797,11.271942138671877,35.08594512939453,123.5136489868164,2026-04-02
2026-04-02 22:00:00,-54.85599899291992,-137.38661193847656,-73.43647003173828,1.795928955078125,51.545646667480455,141.1725082397461,2026-04-02
2026-04-02 23:00:00,-50.946998596191406,-109.6913604736328,-48.62393188476561,-4.9898681640625,19.72447204589845,94.77294921875004,2026-04-02
2026-04-03 00:00:00,-50.946998596191406,-31.356040954589844,-20.967628479003906,-15.8026123046875,-9.157218933105469,65.5806999206543,2026-04-03
2026-04-03 01:00:00,-50.0,-41.63078308105469,-27.632965087890625,-21.93609619140625,-15.535697937011717,8.294090270996094,2026-04-03
2026-04-03 02:00:00,-50.0,-39.837425231933594,-31.565025329589844,-23.82666015625,-14.904167175292969,128.54986572265625,2026-04-03
2026-04-03 03:00:00,-50.0,-46.785911560058594,-34.862327575683594,-26.466949462890625,-12.030174255371094,120.9622802734375,2026-04-03
2026-04-03 04:00:00,-50.0,-36.683860778808594,-23.754226684570312,-15.103271484375,-8.173538208007812,106.21935272216795,2026-04-03
2026-04-03 05:00:00,-50.0,-45.33476257324219,-28.782646179199222,-20.80157470703125,-8.98211669921875,125.16991424560547,2026-04-03
2026-04-03 06:00:00,-50.0,-41.22296142578125,-33.49980163574219,-24.325225830078125,-2.5999679565429688,132.0278549194336,2026-04-03
2026-04-03 07:00:00,-50.0,-52.12653350830078,-38.69440460205078,-29.788726806640625,-17.971107482910156,119.82820129394531,2026-04-03
2026-04-03 08:00:00,-50.0,-55.40924835205078,-38.67792510986328,-26.83636474609375,-16.107643127441403,104.69932556152344,2026-04-03
2026-04-03 09:00:00,-50.0,-52.344230651855455,-34.735862731933594,-27.93588256835937,-16.479545593261715,112.28401184082031,2026-04-03
2026-04-03 10:00:00,-50.0,-39.29404449462891,-26.023780822753906,-15.467742919921877,1.0450515747070295,149.53428649902344,2026-04-03
2026-04-03 11:00:00,-50.0,-40.46148681640625,-25.949783325195312,-17.949554443359375,-11.459915161132812,116.14179992675781,2026-04-03
2026-04-03 12:00:00,-50.0,-46.569480895996094,-36.946739196777344,-27.296417236328125,-15.517143249511719,125.04838562011719,2026-04-03
2026-04-03 13:00:00,-50.0,-51.75237274169922,-37.52024841308594,-27.603759765625,-14.642066955566406,118.28189086914062,2026-04-03
2026-04-03 14:00:00,-50.0,-46.357444763183594,-35.342124938964844,-28.475006103515625,-11.487739562988281,128.88583374023438,2026-04-03
2026-04-03 15:00:00,-50.0,-52.090057373046875,-37.386253356933594,-23.808349609375,33.002864837646484,193.88547515869143,2026-04-03
2026-04-03 16:00:00,-50.0,-69.63606262207031,-46.651641845703125,-27.01702880859375,82.71337127685547,150.84221649169922,2026-04-03
2026-04-03 17:00:00,294.0,108.7477035522461,129.95519256591797,145.7776641845703,265.33921813964844,337.64068603515625,2026-04-03
2026-04-03 18:00:00,371.75,254.02368927001953,280.7168731689453,303.7752380371094,411.61671447753906,485.0881805419922,2026-04-03
2026-04-03 19:00:00,423.25,301.6608200073242,338.97176361083984,360.8529357910156,491.25421142578125,583.4282989501953,2026-04-03
2026-04-03 20:00:00,525.0,677.3238220214844,701.753173828125,728.5989990234375,842.4987564086914,929.4011306762695,2026-04-03
2026-04-03 21:00:00,500.0,541.7904281616211,579.850341796875,615.9349365234375,709.6644439697266,784.6628570556641,2026-04-03
2026-04-03 22:00:00,367.0,306.97913360595703,331.46764373779297,354.379150390625,465.6112747192383,576.2881774902344,2026-04-03
2026-04-03 23:00:00,212.5,252.28082275390625,274.6398010253906,290.1953125,392.1618347167969,510.3380813598633,2026-04-03
2026-04-04 00:00:00,277.5,208.29741668701172,254.4149932861328,302.33526611328125,333.4950942993164,368.8606948852539,2026-04-04
2026-04-04 01:00:00,89.72474670410156,128.9195785522461,200.6938247680664,240.8914031982422,262.0384521484375,328.17535400390625,2026-04-04
2026-04-04 02:00:00,-48.99599838256836,14.572257995605469,113.65348052978517,161.50653076171875,183.12005615234375,236.16453552246094,2026-04-04
2026-04-04 03:00:00,-50.0,-107.0053482055664,-54.85437774658203,26.9110107421875,52.17961120605469,115.72323608398438,2026-04-04
2026-04-04 04:00:00,94.60749816894533,-102.2525634765625,-60.826866149902344,-0.077117919921875,47.19860076904297,77.80464172363281,2026-04-04
2026-04-04 05:00:00,-48.75,-106.66196060180664,-74.19282913208008,-15.48260498046875,47.15549850463867,180.01247024536133,2026-04-04
2026-04-04 06:00:00,-51.25,-104.3155517578125,-67.0544204711914,-27.65911865234375,41.997520446777344,95.8479232788086,2026-04-04
2026-04-04 07:00:00,-50.0,-104.99099731445312,-59.41350555419922,-31.25091552734375,50.398612976074205,118.71677398681638,2026-04-04
2026-04-04 08:00:00,-50.0,-77.8837661743164,-48.42900085449219,-27.63201904296875,-3.3120193481445312,113.818603515625,2026-04-04
2026-04-04 09:00:00,-50.0,-70.28158569335938,-41.77173614501953,-28.215240478515625,-10.466827392578125,91.26566314697266,2026-04-04
2026-04-04 10:00:00,-50.0,-72.67361450195312,-38.39308166503906,-23.275787353515625,-6.5097808837890625,133.1833267211914,2026-04-04
2026-04-04 11:00:00,-50.0,-53.8250732421875,-33.06718444824219,-21.865936279296875,-1.8324127197265625,112.15270233154297,2026-04-04
2026-04-04 12:00:00,-50.0,-75.23812866210938,-47.3980712890625,-27.07086181640625,-3.9326705932617188,97.06731414794919,2026-04-04
2026-04-04 13:00:00,-50.0,-61.43311309814453,-37.563377380371094,-25.6285400390625,-5.551170349121094,115.35531616210938,2026-04-04
2026-04-04 14:00:00,-50.0,-62.148292541503906,-42.46910095214844,-21.88653564453125,1.2274627685546875,129.68655395507812,2026-04-04
2026-04-04 15:00:00,-50.0,-76.91700744628906,-57.256134033203125,-23.07647705078125,68.89922332763672,182.52162933349612,2026-04-04
2026-04-04 16:00:00,-50.0,-85.0179443359375,-57.135169982910156,-24.20443725585937,57.43595886230467,156.70044708251956,2026-04-04
2026-04-04 17:00:00,-52.140750885009766,-87.27456665039062,-52.1243896484375,-9.3072509765625,73.4419174194336,169.65782928466797,2026-04-04
2026-04-04 18:00:00,90.5,-101.84375,-38.11466979980469,46.22749328613281,89.84082794189453,188.7352066040039,2026-04-04
2026-04-04 19:00:00,181.5,43.621429443359375,94.46127700805663,180.2286376953125,231.27015686035156,359.69068908691406,2026-04-04
2026-04-04 20:00:00,133.0,90.86638641357422,153.25489044189453,215.77381896972656,266.6846466064453,350.97007751464844,2026-04-04
2026-04-04 21:00:00,115.75,66.91280364990234,107.799072265625,193.53390502929688,234.40487670898438,313.7177734375,2026-04-04
2026-04-04 22:00:00,25.75,87.02292633056643,142.8070640563965,211.824951171875,251.6496124267578,323.4991912841797,2026-04-04
2026-04-04 23:00:00,36.97724914550781,152.83869552612305,174.08030319213867,205.55877685546875,286.1836280822754,360.9459571838379,2026-04-04
2026-04-05 00:00:00,-4.130000114440918,225.51319122314453,248.65148162841797,259.7995910644531,267.75550079345703,288.13519287109375,2026-04-05
2026-04-05 01:00:00,16.727249145507812,222.848403930664,247.26664733886713,257.1010131835937,270.20161437988276,312.6846275329589,2026-04-05
2026-04-05 02:00:00,193.2144927978516,224.29886627197266,237.38182067871094,247.8462371826172,263.9571762084961,364.54298400878906,2026-04-05
2026-04-05 03:00:00,52.64400100708008,226.46466064453125,238.63085174560547,254.3576202392578,262.2141342163086,302.6517868041992,2026-04-05
2026-04-05 04:00:00,283.229736328125,266.0714416503906,284.05188751220703,296.233154296875,308.86749267578125,356.804012298584,2026-04-05
2026-04-05 05:00:00,267.5,200.7123031616211,219.16004943847656,225.04400634765625,235.2416000366211,288.5239906311035,2026-04-05
2026-04-05 06:00:00,-45.69649887084961,100.84747314453125,116.59122467041016,125.95797729492188,134.4949951171875,197.13823699951172,2026-04-05
2026-04-05 07:00:00,27.054750442504883,-16.023643493652344,1.8821334838867188,10.77227783203125,21.970199584960938,134.7241668701172,2026-04-05
2026-04-05 08:00:00,-50.0,-38.14972686767578,-26.00861358642578,-16.3489990234375,-4.324455261230469,50.18389892578125,2026-04-05
2026-04-05 09:00:00,-50.0,-44.15446472167969,-30.616058349609375,-24.68817138671875,-19.205535888671875,40.56114196777344,2026-04-05
2026-04-05 10:00:00,-50.0,-40.893775939941406,-30.31700897216797,-20.100860595703125,-13.20273590087891,6.881446838378906,2026-04-05
2026-04-05 11:00:00,-50.0,-52.50785827636719,-34.24247741699219,-26.41058349609375,-16.070632934570312,15.868820190429688,2026-04-05
2026-04-05 12:00:00,-50.0,-52.60527038574217,-35.631813049316406,-27.412811279296875,-17.86306762695312,9.89581298828125,2026-04-05
2026-04-05 13:00:00,-50.0,-50.14399719238281,-36.607391357421875,-23.130523681640625,-11.806312561035156,42.83912658691406,2026-04-05
2026-04-05 14:00:00,-50.0,-42.75123596191406,-31.751014709472656,-22.2159423828125,-3.0012359619140625,117.21324157714844,2026-04-05
2026-04-05 15:00:00,-50.0,-44.95087432861328,-32.853309631347656,-21.13534545898437,0.6152572631835938,135.0252914428711,2026-04-05
2026-04-05 16:00:00,-50.0,-43.990516662597656,-33.469558715820305,-20.83700561523437,-4.717605590820309,104.76302337646484,2026-04-05
2026-04-05 17:00:00,-0.3597500026226043,-46.97393798828125,-25.97925567626953,-10.856414794921877,11.060356140136713,146.20913696289062,2026-04-05
2026-04-05 18:00:00,101.3582534790039,83.1327133178711,118.310302734375,130.3806610107422,226.51151275634766,301.09024810791016,2026-04-05
2026-04-05 19:00:00,171.5,199.1143035888672,224.80055236816406,250.55474853515625,338.9566116333008,421.70997619628906,2026-04-05
2026-04-05 20:00:00,138.0,216.54312133789062,251.86914825439453,266.57452392578125,326.2909927368164,458.94810485839844,2026-04-05
2026-04-05 21:00:00,307.5,340.3308563232422,373.28226470947266,389.0205078125,413.7107620239258,543.4151916503906,2026-04-05
2026-04-05 22:00:00,295.0,475.2738342285156,509.30751037597656,525.6170043945312,634.6700439453125,688.0933227539062,2026-04-05
2026-04-05 23:00:00,355.0,414.86402130126953,447.24293518066406,459.7752380371094,485.2017707824707,596.5076675415039,2026-04-05
2026-04-06 00:00:00,397.5,332.46187591552734,359.1473083496094,386.6064758300781,411.98748779296875,467.3000793457031,2026-04-06
2026-04-06 01:00:00,465.0,497.4606475830078,549.5566711425781,571.7369995117188,609.9644165039062,700.1718444824219,2026-04-06
2026-04-06 02:00:00,440.0,148.6920509338379,224.9252166748047,253.41525268554688,283.3582763671875,333.29364013671875,2026-04-06
2026-04-06 03:00:00,257.5,122.80282974243164,196.60515594482422,232.4783935546875,278.84544372558594,386.35816955566406,2026-04-06
2026-04-06 04:00:00,285.0,122.35908126831055,181.23624420166016,225.63650512695312,266.461669921875,345.00579833984375,2026-04-06
2026-04-06 05:00:00,277.9945068359375,106.96821975708008,161.01593780517578,202.7069091796875,250.34841918945312,312.7677001953125,2026-04-06
2026-04-06 06:00:00,-45.64925003051758,69.84195709228516,111.29711532592773,151.38284301757812,198.4790802001953,247.61727905273438,2026-04-06
2026-04-06 07:00:00,74.36849975585938,-5.303153991699219,38.12980651855469,62.662017822265625,86.71216583251953,182.9643325805664,2026-04-06
2026-04-06 08:00:00,-50.0,-49.30596923828125,-28.023666381835938,-10.29364013671875,15.0887451171875,76.36717987060545,2026-04-06
2026-04-06 09:00:00,-50.0,-54.35132598876953,-34.65406036376953,-17.644927978515625,-7.0440826416015625,16.370586395263672,2026-04-06
2026-04-06 10:00:00,-50.0,-55.679771423339844,-35.80992889404297,-20.3179931640625,-10.87164306640625,-0.02651214599609375,2026-04-06
2026-04-06 11:00:00,-50.0,-46.92704772949219,-32.85935974121094,-22.17742919921875,-13.360130310058594,5.1642608642578125,2026-04-06
2026-04-06 12:00:00,-50.0,-55.96894073486328,-44.269378662109375,-29.53857421875,-19.06501007080078,-5.2613983154296875,2026-04-06
2026-04-06 13:00:00,-50.0,-47.288490295410156,-33.487396240234375,-27.28717041015625,-15.553520202636719,-1.1102981567382777,2026-04-06
2026-04-06 14:00:00,-50.0,-60.12079620361328,-40.47772216796875,-26.80429077148437,-17.397445678710934,11.125907897949222,2026-04-06
2026-04-06 15:00:00,-50.0,-65.46500396728516,-43.25574493408203,-26.683349609375,-14.524955749511719,16.584552764892578,2026-04-06
2026-04-06 16:00:00,-50.0,-11.236259460449219,12.231437683105469,29.652740478515625,50.600616455078125,86.03323364257812,2026-04-06
2026-04-06 17:00:00,69.8324966430664,113.46060943603516,146.3510971069336,178.38223266601562,218.51055145263672,310.29842376708984,2026-04-06
2026-04-06 18:00:00,225.6647491455078,237.82976913452148,272.8959617614746,310.5039978027344,369.6743812561035,490.7928123474121,2026-04-06
2026-04-06 19:00:00,204.0,223.5532913208008,276.66525650024414,352.799560546875,410.5002746582031,551.7831878662109,2026-04-06
2026-04-06 20:00:00,162.92825317382812,246.53724670410156,308.8441848754883,343.7436828613281,391.2790985107422,498.4418487548828,2026-04-06
2026-04-06 21:00:00,245.8789978027344,246.42370223999023,296.2035675048828,331.77154541015625,365.4520568847656,462.45228576660156,2026-04-06
2026-04-06 22:00:00,392.5,186.01554107666016,277.5648498535156,313.6454772949219,380.87408447265625,499.8717346191406,2026-04-06
2026-04-06 23:00:00,455.0,182.24198150634766,262.07395935058594,299.88922119140625,352.9934844970703,458.01414489746094,2026-04-06
2026-04-07 00:00:00,396.5,231.27040100097656,257.8396453857422,275.5048828125,298.0517120361328,361.78546142578125,2026-04-07
2026-04-07 01:00:00,392.5,277.443115234375,302.6189270019531,327.21453857421875,375.839111328125,428.8623962402344,2026-04-07
2026-04-07 02:00:00,917.0,250.3929443359375,304.7233123779297,333.620361328125,355.30914306640625,419.7619934082031,2026-04-07
2026-04-07 03:00:00,677.5,164.90982055664062,267.5989227294922,290.23297119140625,329.30885314941406,377.87754821777344,2026-04-07
2026-04-07 04:00:00,500.0,102.61034393310547,207.15760803222656,243.5690460205078,279.61358642578125,356.6382598876953,2026-04-07
2026-04-07 05:00:00,417.5,108.20540618896487,178.6569480895996,237.926513671875,268.4306106567383,327.54415130615234,2026-04-07
2026-04-07 06:00:00,285.0,116.92878341674808,172.49818801879886,212.8503570556641,270.9295310974121,346.4388008117676,2026-04-07
2026-04-07 07:00:00,115.0,-48.089324951171875,-7.292121887207035,26.04623413085937,95.97886657714844,170.32126617431643,2026-04-07
2026-04-07 08:00:00,282.5,-67.02684020996094,-40.62085723876953,-20.584869384765625,5.240608215332031,92.88419342041017,2026-04-07
2026-04-07 09:00:00,132.5,-51.960113525390625,-34.439971923828125,-23.7220458984375,0.5713577270507812,113.6179504394531,2026-04-07
2026-04-07 10:00:00,0.0,-57.05244445800781,-30.501480102539062,-19.07464599609375,-2.73272705078125,99.5132827758789,2026-04-07
2026-04-07 11:00:00,0.0,8.471694946289062,27.421630859375,43.001007080078125,60.92689514160156,182.13609313964844,2026-04-07
2026-04-07 12:00:00,0.0,-15.656021118164062,2.1421127319335938,19.371246337890625,30.377105712890625,128.73558044433594,2026-04-07
2026-04-07 13:00:00,0.0,-45.74364471435547,-25.636268615722656,-11.118896484375,2.5622482299804688,55.97343444824219,2026-04-07
2026-04-07 14:00:00,0.0,-50.13926696777344,-31.455131530761722,-16.840667724609375,-1.5559921264648438,25.919170379638672,2026-04-07
2026-04-07 15:00:00,-50.0,-51.07849884033203,-33.01679229736328,-19.192779541015625,-4.517601013183594,33.371463775634766,2026-04-07
2026-04-07 16:00:00,-11.5,-63.55461120605469,-35.9603271484375,-10.3729248046875,11.00332260131836,117.58341217041016,2026-04-07
2026-04-07 17:00:00,202.5,-25.59978485107422,0.10541534423828125,25.540802001953125,58.327301025390625,166.9334716796875,2026-04-07
2026-04-07 18:00:00,129.75,11.430084228515625,60.28533935546875,99.8472900390625,174.16004943847656,236.04783630371094,2026-04-07
2026-04-07 19:00:00,-9.0,31.087745666503906,79.21761322021484,145.62490844726562,175.1527862548828,252.12115478515625,2026-04-07
2026-04-07 20:00:00,-55.75,-89.4331283569336,-14.205329895019531,35.98162841796875,70.83847045898438,137.6358642578125,2026-04-07
2026-04-07 21:00:00,88.0,-131.5426254272461,-35.517478942871094,4.9620361328125,34.80438232421875,95.91485595703125,2026-04-07
2026-04-07 22:00:00,-33.324501037597656,-130.83722686767575,-34.51495361328122,-6.950531005859375,24.19702148437503,95.5428161621094,2026-04-07
2026-04-07 23:00:00,-51.75775146484375,-132.1884994506836,-47.381317138671875,-13.12811279296875,32.10870361328125,111.94815063476562,2026-04-07
2026-04-08 00:00:00,-53.74274826049805,-56.28594970703125,-24.157188415527344,-4.713958740234375,34.25214385986328,136.14588928222656,2026-04-08
2026-04-08 01:00:00,-52.598751068115234,-69.52739334106445,-45.77024459838867,-16.528533935546875,76.83955001831055,179.83666610717773,2026-04-08
2026-04-08 02:00:00,-51.31475067138672,-153.80400848388672,-85.85397338867188,-9.55224609375,36.53520965576172,117.7121505737305,2026-04-08
2026-04-08 03:00:00,-50.0,-137.99185180664062,-77.20848846435547,-6.88275146484375,43.398895263671875,136.180908203125,2026-04-08
2026-04-08 04:00:00,-50.56499862670898,-139.51787567138672,-85.79024124145508,-15.340667724609377,35.53005218505861,135.20121002197266,2026-04-08
2026-04-08 05:00:00,-48.83174896240234,-85.52098083496094,-55.64436340332031,-6.73577880859375,66.73069763183594,130.80731201171875,2026-04-08
2026-04-08 06:00:00,-46.853248596191406,-66.11173248291016,-28.73169708251953,0.079345703125,99.58554840087889,187.36254119873047,2026-04-08
2026-04-08 07:00:00,-48.067501068115234,-45.38056945800781,-24.26189422607422,-10.106964111328123,34.408344268798835,157.3797149658203,2026-04-08
2026-04-08 08:00:00,-50.0,-56.958274841308594,-37.50049591064453,-24.5638427734375,-11.256523132324219,102.11519622802733,2026-04-08
2026-04-08 09:00:00,-50.0,-48.09575653076172,-36.36015319824219,-23.4908447265625,-9.171005249023438,147.4908218383789,2026-04-08
2026-04-08 10:00:00,-50.54850006103516,-42.06104278564453,-31.08306884765625,-20.00018310546875,-2.5354080200195312,38.50503921508789,2026-04-08
2026-04-08 11:00:00,-41.979000091552734,16.306068420410156,33.97124481201172,41.47761535644531,48.50360870361328,70.8252944946289,2026-04-08
2026-04-08 12:00:00,-52.53350067138672,-4.693000793457031,11.866180419921875,24.438751220703125,34.36772155761719,137.02219390869138,2026-04-08
2026-04-08 13:00:00,-51.747501373291016,-5.217140197753906,13.29926300048828,22.2601318359375,31.846099853515625,97.57205200195311,2026-04-08
2026-04-08 14:00:00,30.75,1.3396224975585938,18.51324462890625,28.563140869140625,45.439605712890625,147.78750610351562,2026-04-08
2026-04-08 15:00:00,149.2657470703125,-12.709686279296875,7.955894470214844,21.165191650390625,39.130287170410156,197.83515167236328,2026-04-08
2026-04-08 16:00:00,179.72850036621094,84.69270324707031,104.75066375732422,127.46571350097656,163.61835861206055,301.4315185546875,2026-04-08
2026-04-08 17:00:00,150.9147491455078,195.5404052734375,229.0309295654297,260.9705810546875,350.7939147949219,433.0134582519531,2026-04-08
2026-04-08 18:00:00,199.0,214.76374053955078,236.94281005859375,300.1885986328125,384.6675033569336,495.19078826904297,2026-04-08
2026-04-08 19:00:00,209.0,175.4258270263672,228.32822799682617,305.01739501953125,334.94093322753906,409.21900939941406,2026-04-08
2026-04-08 20:00:00,70.5,165.975341796875,229.03499603271484,307.69549560546875,354.65027618408203,467.16895294189453,2026-04-08
2026-04-08 21:00:00,208.9960021972656,161.8110580444336,215.2151336669922,301.60552978515625,346.9412307739258,513.9760208129883,2026-04-08
2026-04-08 22:00:00,185.34649658203125,153.91024017333984,188.91880416870117,262.94879150390625,315.21729278564453,397.5239944458008,2026-04-08
2026-04-08 23:00:00,257.2304992675781,103.0270385742187,161.73435211181635,234.88430786132807,270.367202758789,366.59126281738276,2026-04-08
2026-04-09 00:00:00,282.5,115.51212310791018,175.10828399658206,192.9810943603516,229.5506744384766,297.3155212402344,2026-04-09
2026-04-09 01:00:00,280.0,47.89250183105469,117.21456909179688,149.55654907226562,180.65151977539062,230.81210327148438,2026-04-09
2026-04-09 02:00:00,247.5,100.6335563659668,159.5870819091797,211.00439453125,241.7646484375,335.7855987548828,2026-04-09
2026-04-09 03:00:00,55.89125061035156,96.72032165527344,190.49142456054688,233.66807556152344,266.80198669433594,348.8955993652344,2026-04-09
2026-04-09 04:00:00,198.19924926757807,128.9109420776367,204.43330383300778,241.49407958984372,283.9019012451172,356.10704040527344,2026-04-09
2026-04-09 05:00:00,197.9982452392578,37.21482849121094,116.25386810302734,170.20098876953125,208.03509521484375,293.34381103515625,2026-04-09
2026-04-09 06:00:00,57.98949813842773,24.63951873779297,90.10013198852539,136.3021240234375,200.24556732177734,247.22058868408203,2026-04-09
2026-04-09 07:00:00,0.0,-67.83173370361328,-24.289596557617188,1.8255615234375,46.00822448730469,158.53781127929688,2026-04-09
2026-04-09 08:00:00,-50.0,-77.27009582519531,-43.63377380371094,-15.483306884765623,10.104759216308596,120.15652465820312,2026-04-09
2026-04-09 09:00:00,-50.0,-87.34724426269531,-50.987518310546875,-20.94012451171875,24.034278869628906,142.7888641357422,2026-04-09
2026-04-09 10:00:00,-37.5,-68.30599975585938,-41.38349151611328,-6.031463623046875,33.3516616821289,105.31289672851562,2026-04-09
2026-04-09 11:00:00,19.03274917602539,-68.61341094970703,-39.71410369873047,-17.029052734375,10.385086059570305,99.23120880126953,2026-04-09
2026-04-09 12:00:00,273.5,-67.98171997070312,-42.59107971191406,-22.59185791015625,13.880954742431648,98.5003890991211,2026-04-09
2026-04-09 13:00:00,170.0,-65.40863037109375,-34.21435546875,-8.162841796875,14.677867889404297,149.36065673828125,2026-04-09
2026-04-09 14:00:00,140.0,-75.36224365234375,-40.467323303222656,-15.81414794921875,21.044116973876953,119.7894287109375,2026-04-09
2026-04-09 15:00:00,17.5,-107.42868041992188,-59.198944091796875,-27.728759765625,19.825973510742188,104.91160583496094,2026-04-09
2026-04-09 16:00:00,-50.0,-91.60905075073242,-60.094425201416016,-19.184539794921875,33.75878524780275,106.99538040161136,2026-04-09
2026-04-09 17:00:00,155.75,-41.240119934082045,14.661010742187486,72.62191772460938,121.52123260498045,219.2815170288086,2026-04-09
2026-04-09 18:00:00,250.0,135.71297454833984,180.2823028564453,246.19732666015625,294.52198028564453,397.78141021728516,2026-04-09
2026-04-09 19:00:00,267.8659973144531,167.3000717163086,217.68653106689453,276.1914978027344,323.06163024902344,371.77955627441406,2026-04-09
2026-04-09 20:00:00,350.0,97.43885803222658,143.86772537231445,203.0650329589844,239.1385726928711,330.5612564086914,2026-04-09
2026-04-09 21:00:00,256.5385131835937,1.5852813720703267,60.65554046630861,108.57595825195312,145.01866149902344,203.51805114746094,2026-04-09
2026-04-09 22:00:00,324.07000732421875,-47.26641845703125,8.2158203125,75.67134094238281,127.01695251464844,210.9010467529297,2026-04-09
2026-04-09 23:00:00,282.5,14.920356750488281,78.7372055053711,145.48377990722656,189.55514526367188,304.7355041503906,2026-04-09
2026-04-10 00:00:00,267.5,111.88630676269531,158.2364616394043,223.2662353515625,251.3759994506836,307.9625930786133,2026-04-10
2026-04-10 01:00:00,230.0,89.46710968017581,166.12324523925784,203.3965759277344,242.78283691406253,313.51869201660156,2026-04-10
2026-04-10 02:00:00,156.6719970703125,-32.168128967285156,67.00204467773438,106.55831909179688,143.76565551757812,229.47665405273438,2026-04-10
2026-04-10 03:00:00,200.0,-77.6331558227539,-22.676101684570312,30.12091064453125,60.34857940673828,149.65509796142578,2026-04-10
2026-04-10 04:00:00,262.5,-99.7123794555664,-55.03007507324219,28.65399169921875,72.62391662597656,135.6238555908203,2026-04-10
2026-04-10 05:00:00,262.5,-113.35332489013672,-47.89418029785156,34.63006591796875,57.87921905517575,177.03882598876953,2026-04-10
2026-04-10 06:00:00,99.9187469482422,-93.43994140625,-39.03990173339844,15.97705078125,77.45270538330078,125.51419830322266,2026-04-10
2026-04-10 07:00:00,8.789250373840332,-57.912994384765625,-22.46283721923828,-1.8524169921875,22.216632843017578,112.81735992431638,2026-04-10
2026-04-10 08:00:00,-47.37749862670898,-77.6471939086914,-41.58885955810547,-22.046051025390625,-4.908317565917969,50.25440979003906,2026-04-10
2026-04-10 09:00:00,-50.0,-77.75390625,-45.96659851074219,-18.76708984375,3.2111663818359375,59.226402282714844,2026-04-10
2026-04-10 10:00:00,-50.0,-59.638946533203125,-35.444122314453125,-19.925018310546875,4.9046173095703125,104.76975250244142,2026-04-10
2026-04-10 11:00:00,-50.0,-65.5947265625,-44.273468017578125,-24.5877685546875,0.490325927734375,34.248958587646484,2026-04-10
2026-04-10 12:00:00,-50.0,-57.89752197265625,-37.68721008300781,-21.251434326171875,-5.764457702636719,43.688621520996094,2026-04-10
2026-04-10 13:00:00,-50.0,-64.49311065673828,-41.835540771484375,-21.07666015625,-4.6469268798828125,22.130977630615234,2026-04-10
2026-04-10 14:00:00,-50.0,-78.45779418945312,-49.22724151611328,-21.13531494140625,-3.2262725830078125,61.24038696289061,2026-04-10
2026-04-10 15:00:00,-50.0,-84.93402862548828,-53.11460876464844,-20.111053466796875,20.03235626220703,93.87423706054688,2026-04-10
2026-04-10 16:00:00,-50.0,-98.94322204589844,-59.860862731933594,-18.135284423828125,18.134353637695312,134.878173828125,2026-04-10
2026-04-10 17:00:00,19.098249435424805,-107.41722869873047,-53.97933578491211,-5.020111083984375,49.312034606933594,122.45125579833984,2026-04-10
2026-04-10 18:00:00,136.75625610351562,51.26702117919922,99.8014907836914,179.4618682861328,221.49948120117188,290.5411682128906,2026-04-10
2026-04-10 19:00:00,175.25799560546875,196.22077178955078,251.28755950927737,309.2537536621094,352.7574462890625,504.5883331298828,2026-04-10
2026-04-10 20:00:00,286.49725341796875,298.318229675293,349.38690948486334,419.2418823242188,448.3428039550782,547.920654296875,2026-04-10
2026-04-10 21:00:00,432.0,305.72045898437506,364.04787445068365,421.5083618164063,476.15596008300787,579.6229248046875,2026-04-10
2026-04-10 22:00:00,1300.0,131.6728057861328,197.7661895751953,255.35671997070312,294.7865753173828,386.2098846435547,2026-04-10
2026-04-10 23:00:00,1050.0,109.34363555908203,186.1407241821289,239.41574096679688,294.59800720214844,408.1364288330078,2026-04-10
2026-04-11 00:00:00,1050.0,99.60176086425776,136.73904418945307,231.90042114257807,331.8191833496093,496.73281860351557,2026-04-11
2026-04-11 01:00:00,487.5,-8.392974853515625,60.72157287597656,155.9708709716797,247.11106872558594,408.9152069091797,2026-04-11
2026-04-11 02:00:00,450.0,-47.86991119384767,58.142517089843736,122.68682861328124,188.00299072265625,400.93414306640625,2026-04-11
2026-04-11 03:00:00,317.5,-4.575653076171875,106.8756103515625,165.1483154296875,265.224853515625,424.86145019531256,2026-04-11
2026-04-11 04:00:00,275.0,-31.097892761230483,40.68423461914061,90.81402587890624,147.826904296875,338.9859924316406,2026-04-11
2026-04-11 05:00:00,280.0,-68.87908554077148,6.121368408203125,60.0115966796875,124.32682800292969,361.0252990722657,2026-04-11
2026-04-11 06:00:00,77.5,-109.24231719970702,-52.44560241699217,2.93841552734375,55.70309448242189,190.2804718017578,2026-04-11
2026-04-11 07:00:00,53.78575134277344,-120.39002227783203,-68.68804931640625,-24.53021240234375,42.51490020751953,118.54659271240234,2026-04-11
2026-04-11 08:00:00,-49.05974960327149,-93.41067504882812,-60.556114196777344,-28.01156616210937,33.84666442871094,101.87605285644531,2026-04-11
2026-04-11 09:00:00,-50.0,-21.512779235839844,7.706085205078125,30.04278564453125,91.95806884765625,287.03597259521484,2026-04-11
2026-04-11 10:00:00,-50.0,-75.17245101928711,-33.52481460571289,-5.946014404296875,23.9644775390625,114.05591201782227,2026-04-11
2026-04-11 11:00:00,-50.0,-96.30732727050781,-54.24359130859375,-30.2186279296875,16.321395874023438,174.92341613769534,2026-04-11
2026-04-11 12:00:00,-50.0,-114.49964141845703,-64.54568481445312,-31.4090576171875,6.736061096191406,113.47277069091797,2026-04-11
2026-04-11 13:00:00,-50.0,-90.72455596923828,-61.52763366699219,-30.945281982421875,-9.231048583984375,107.84639739990234,2026-04-11
2026-04-11 14:00:00,-50.0,-88.19054412841797,-56.728607177734375,-33.77294921875,13.390106201171875,144.44325256347656,2026-04-11
2026-04-11 15:00:00,-50.0,-91.86414337158203,-64.27935791015625,-33.494964599609375,3.2461013793945312,116.2498779296875,2026-04-11
2026-04-11 16:00:00,-50.0,-93.7916030883789,-59.75389862060547,-33.691436767578125,1.9788055419921875,150.97662353515625,2026-04-11
2026-04-11 17:00:00,-48.42974853515625,-103.74352264404297,-66.83001327514648,-28.70050048828125,20.204055786132827,155.78125,2026-04-11
2026-04-11 18:00:00,13.344499588012695,-133.0564727783203,-76.03470611572266,-10.5703125,72.13328552246094,288.7120666503906,2026-04-11
2026-04-11 19:00:00,-45.5,-117.09693908691406,-50.97346496582031,-8.735992431640625,59.86077880859378,273.8024597167969,2026-04-11
2026-04-11 20:00:00,15.64150047302246,-132.4554443359375,-55.2547607421875,-5.246246337890625,69.3800048828125,316.6815490722656,2026-04-11
2026-04-11 21:00:00,133.8767547607422,-152.56249237060547,-70.55821228027344,15.0621337890625,72.66752624511719,183.21409606933594,2026-04-11
2026-04-11 22:00:00,191.604248046875,-146.61682891845703,-47.55149841308594,12.20245361328125,81.15142822265625,250.06103515624994,2026-04-11
2026-04-11 23:00:00,213.71499633789065,-130.35323333740234,-45.23246765136719,8.286529541015625,96.44078063964844,237.5437774658203,2026-04-11
2026-04-12 00:00:00,340.0,72.04737854003908,103.44116973876953,143.40586853027344,186.19020080566406,229.5701293945313,2026-04-12
2026-04-12 01:00:00,285.0,7.943527221679702,46.9716148376465,101.79949951171876,124.40612030029298,168.26424407958984,2026-04-12
2026-04-12 02:00:00,-27.868000030517575,-101.61251068115236,-37.82712554931642,6.329193115234375,41.50507354736324,113.89945220947264,2026-04-12
2026-04-12 03:00:00,-39.30950164794922,-116.47872924804688,-79.21460723876953,-3.93109130859375,35.090789794921875,116.90391540527344,2026-04-12
2026-04-12 04:00:00,37.119998931884766,-102.7751235961914,-60.49317169189453,3.362152099609375,45.415855407714844,90.31757354736328,2026-04-12
2026-04-12 05:00:00,95.385498046875,-16.194602966308594,14.12005615234375,46.46870422363281,118.94599151611327,175.43207550048825,2026-04-12
2026-04-12 06:00:00,138.0332489013672,7.5474090576171875,27.245193481445312,51.919769287109375,83.4527359008789,164.60956573486328,2026-04-12
2026-04-12 07:00:00,8.397000312805176,-15.8199462890625,18.699028015136715,34.96807861328125,51.55345916748047,141.32386016845703,2026-04-12
2026-04-12 08:00:00,-49.385501861572266,-51.33885955810547,-35.21168518066406,-17.10113525390625,-6.087623596191408,79.97875213623047,2026-04-12
2026-04-12 09:00:00,37.5,-55.26873016357422,-31.890426635742184,-22.61166381835937,-12.775573730468746,10.27756500244141,2026-04-12
2026-04-12 10:00:00,117.2125015258789,-49.388832092285156,-29.5340576171875,-19.18048095703125,-3.9948577880859375,92.61102294921875,2026-04-12
2026-04-12 11:00:00,25.0,-49.416603088378906,-32.54344940185547,-16.580841064453125,-5.57073974609375,91.53514099121094,2026-04-12
2026-04-12 12:00:00,21.294750213623047,-59.83064270019531,-34.53486633300781,-19.36962890625,-1.1922683715820312,85.0047836303711,2026-04-12
2026-04-12 13:00:00,0.0,-57.69786071777344,-37.28373718261719,-21.370819091796875,-10.186569213867188,78.97408294677733,2026-04-12
2026-04-12 14:00:00,60.0,-57.870460510253906,-34.69151306152344,-21.750762939453125,-11.7183837890625,82.19841766357422,2026-04-12
2026-04-12 15:00:00,231.57974243164065,-67.4075698852539,-41.63422393798828,-24.8223876953125,-2.0593795776367188,157.8375701904297,2026-04-12
2026-04-12 16:00:00,227.5,-14.840560913085938,11.368659973144531,32.19061279296875,55.032554626464844,156.096435546875,2026-04-12
2026-04-12 17:00:00,280.0,247.6385955810547,284.88314056396484,305.515625,327.3817329406738,428.95748138427734,2026-04-12
2026-04-12 18:00:00,282.5,456.74233627319336,484.51445388793945,510.3851318359375,568.6495170593262,656.5208778381348,2026-04-12
2026-04-12 19:00:00,215.7387542724609,343.83487701416016,376.78282928466797,409.6816711425781,468.4652557373047,587.1983642578125,2026-04-12
2026-04-12 20:00:00,29.75,252.63294219970703,290.27574157714844,349.75323486328125,402.9347229003906,509.72589111328125,2026-04-12
2026-04-12 21:00:00,88.75,307.1521759033203,342.0812759399414,414.95123291015625,454.19310760498047,571.952018737793,2026-04-12
2026-04-12 22:00:00,71.5,230.614028930664,322.0728607177734,343.8515014648437,385.34223937988276,504.74214172363276,2026-04-12
2026-04-12 23:00:00,153.65725708007812,132.4763641357422,216.10064697265625,237.4601287841797,271.6241760253906,360.5318603515625,2026-04-12
2026-04-13 00:00:00,185.60874938964844,33.483985900878906,109.46269226074219,152.2320098876953,180.1199798583984,335.80833435058594,2026-04-13
2026-04-13 01:00:00,113.09925079345705,-3.6658706665039062,55.512298583984375,116.71475219726562,142.11265563964844,182.4777069091797,2026-04-13
2026-04-13 02:00:00,172.5,72.91542053222656,158.20135498046875,194.78692626953125,244.4352569580078,362.5512237548828,2026-04-13
2026-04-13 03:00:00,150.0,79.88427734375001,144.44730758666992,203.80821228027344,249.20355224609375,322.7162170410156,2026-04-13
2026-04-13 04:00:00,208.989501953125,11.918571472167969,91.98511505126953,151.07968139648438,205.74047088623047,295.2711715698242,2026-04-13
2026-04-13 05:00:00,150.10174560546875,3.014636993408203,47.52743911743164,99.15408325195312,173.17116928100586,242.6200981140137,2026-04-13
2026-04-13 06:00:00,128.50050354003906,77.80061721801758,108.83499526977539,134.1719207763672,174.62501907348633,250.89715194702148,2026-04-13
2026-04-13 07:00:00,18.436250686645508,-40.127845764160156,-21.371498107910156,10.121337890625,47.86703109741211,156.63951873779297,2026-04-13
2026-04-13 08:00:00,85.34124755859375,-56.75199890136719,-34.138031005859375,-20.089141845703125,16.551132202148438,127.82089233398435,2026-04-13
2026-04-13 09:00:00,-45.47299957275391,-58.30235290527344,-33.09230041503906,-21.269561767578125,0.8131866455078125,127.79186248779297,2026-04-13
2026-04-13 10:00:00,-14.018250465393066,-57.807281494140625,-37.32806396484375,-17.92071533203125,0.6985931396484375,108.09738159179689,2026-04-13
2026-04-13 11:00:00,8.366000175476074,-38.00090026855469,-24.337448120117188,-9.90289306640625,9.311531066894531,137.39198303222656,2026-04-13
2026-04-13 12:00:00,210.0,-46.4354248046875,-23.041580200195312,-7.317047119140625,7.711204528808594,130.50615692138672,2026-04-13
2026-04-13 13:00:00,217.5,-44.6285400390625,-24.491806030273438,-6.41949462890625,17.964756011962894,121.43743896484375,2026-04-13
2026-04-13 14:00:00,182.5,-57.13822937011719,-35.565208435058594,-13.16632080078125,2.7315216064453125,92.73413848876952,2026-04-13
2026-04-13 15:00:00,245.0,-73.90897369384766,-45.94774627685547,-16.62213134765625,15.853031158447266,132.94236755371094,2026-04-13
2026-04-13 16:00:00,282.5,-40.949378967285156,-11.268104553222656,9.953369140625,96.33281707763672,266.49044036865234,2026-04-13
2026-04-13 17:00:00,300.0,193.14509201049805,237.25098037719727,272.484375,326.05858993530273,463.71306228637695,2026-04-13
2026-04-13 18:00:00,287.5,264.79713439941406,315.46142578125,351.1282958984375,418.24867248535156,516.982048034668,2026-04-13
2026-04-13 19:00:00,285.0,247.43726348876953,296.78453063964844,339.02020263671875,397.5553741455078,483.9096374511719,2026-04-13
2026-04-13 20:00:00,280.0,205.6050682067871,240.89970016479492,277.3106994628906,345.65263748168945,391.01113510131836,2026-04-13
2026-04-13 21:00:00,280.0,252.58885192871094,284.49671173095703,301.3786926269531,374.1128845214844,469.97864532470703,2026-04-13
2026-04-13 22:00:00,285.0,183.78855133056635,242.3648300170898,273.0619506835937,326.352066040039,381.9398117065429,2026-04-13
2026-04-13 23:00:00,280.0,176.8251495361328,240.16465377807617,285.1062927246094,336.93724060058594,451.2932434082031,2026-04-13
2026-04-14 00:00:00,452.5,245.74361419677734,306.5612258911133,326.05633544921875,347.5545196533203,424.5198974609375,2026-04-14
2026-04-14 01:00:00,447.5,247.47746658325195,296.2227096557617,314.8072814941406,352.74159240722656,422.67132568359375,2026-04-14
2026-04-14 02:00:00,500.0,152.4758033752441,225.0337905883789,248.55519104003903,288.93003845214844,359.80970764160156,2026-04-14
2026-04-14 03:00:00,397.5,124.10166931152347,200.23270416259768,234.42593383789065,275.5900421142578,369.82078552246094,2026-04-14
2026-04-14 04:00:00,603.4404907226562,127.19001770019527,188.82172393798822,231.58937072753903,262.9230651855468,319.9986267089844,2026-04-14
2026-04-14 05:00:00,912.75,102.52416229248047,154.82425689697266,209.0864105224609,240.60836791992188,308.8549041748047,2026-04-14
2026-04-14 06:00:00,447.5,20.92333221435547,59.06983184814453,123.05032348632812,151.06275939941406,219.11920928955078,2026-04-14
2026-04-14 07:00:00,417.5,-62.84356689453125,-28.363746643066406,0.041839599609375,61.811607360839844,135.8404312133789,2026-04-14
2026-04-14 08:00:00,604.0,-65.59780883789062,-44.26774597167969,-18.0396728515625,19.127532958984368,103.31536865234375,2026-04-14
2026-04-14 09:00:00,218.25,-58.06598663330078,-32.979026794433594,-15.434326171875,2.1278533935546875,97.69039916992188,2026-04-14
2026-04-14 10:00:00,115.0,-58.23743438720703,-34.45484161376953,-12.1798095703125,12.135536193847656,107.77998352050781,2026-04-14
2026-04-14 11:00:00,-50.0,-45.087310791015625,-23.798904418945312,-5.17291259765625,18.341171264648438,123.5617904663086,2026-04-14
2026-04-14 12:00:00,-50.0,-56.18445587158203,-30.365760803222656,-13.384490966796877,14.122169494628904,93.2022933959961,2026-04-14
2026-04-14 13:00:00,-50.0,-52.78135681152344,-33.19951629638672,-7.98358154296875,15.819538116455078,141.32528686523438,2026-04-14
2026-04-14 14:00:00,-50.0,-39.85240173339844,-19.61627197265625,-5.90228271484375,29.691905975341797,147.59291076660156,2026-04-14
2026-04-14 15:00:00,-50.0,-57.59800720214844,-32.43196105957031,-12.590576171875,25.96611785888672,167.34762573242188,2026-04-14
2026-04-14 16:00:00,-25.5,-69.78937149047852,-37.10383224487305,-10.002471923828123,39.42374038696289,149.42427444458008,2026-04-14
2026-04-14 17:00:00,149.0072479248047,-52.2812271118164,-9.725166320800774,56.23648071289063,96.52731323242188,208.32659912109375,2026-04-14
2026-04-14 18:00:00,224.6957550048828,155.0294189453125,189.89222717285156,259.05780029296875,316.1815719604492,433.2482223510742,2026-04-14
2026-04-14 19:00:00,289.6762390136719,231.06572723388672,278.5834617614746,309.2613220214844,366.8109359741211,466.1044387817383,2026-04-14
2026-04-14 20:00:00,241.6374969482422,298.41226959228516,348.8062324523926,415.4737548828125,465.1277160644531,571.597412109375,2026-04-14
2026-04-14 21:00:00,240.38525390625,361.9819107055664,417.6153755187988,469.9250793457031,515.6503067016602,672.628532409668,2026-04-14
2026-04-14 22:00:00,260.0,194.3337860107422,255.4366226196289,319.68359375,364.39137268066406,482.44569396972656,2026-04-14
2026-04-14 23:00:00,255.0,145.53803253173828,185.6802215576172,259.66363525390625,297.2715377807617,418.5680160522461,2026-04-14
2026-04-15 00:00:00,225.0,137.05351257324213,177.0504531860351,200.31838989257807,219.85092163085932,263.48182678222656,2026-04-15
2026-04-15 01:00:00,215.0,145.02429199218753,189.7103729248047,221.37466430664065,237.54412841796878,316.3106689453125,2026-04-15
2026-04-15 02:00:00,197.5,145.4127197265625,198.77268981933594,228.73922729492188,254.65322875976562,314.3015594482422,2026-04-15
2026-04-15 03:00:00,115.01074981689452,148.4381332397461,211.03160095214844,236.04122924804688,264.97174072265625,324.33677673339844,2026-04-15
2026-04-15 04:00:00,132.5,164.95040893554685,203.85865783691403,225.14877319335935,253.9793701171875,337.160400390625,2026-04-15
2026-04-15 05:00:00,13.166749954223633,-65.2464599609375,-7.224700927734403,19.3701171875,55.28399658203125,136.2521209716797,2026-04-15
2026-04-15 06:00:00,-49.51499938964844,-93.14281463623048,-31.821342468261733,14.785919189453123,52.58558654785155,115.92970275878908,2026-04-15
2026-04-15 07:00:00,-52.01224899291992,-116.51618194580078,-73.15719604492188,-1.417205810546875,27.92945098876953,126.50469207763672,2026-04-15
2026-04-15 08:00:00,-49.76974868774414,-77.6577262878418,-34.1140022277832,-12.907867431640623,44.69514846801758,124.60644149780273,2026-04-15
2026-04-15 09:00:00,-50.0,-64.61678695678711,-29.656627655029297,-3.6734619140625,28.083988189697273,133.1970329284668,2026-04-15
2026-04-15 10:00:00,-50.0,-65.39530944824219,-29.408302307128906,-10.2625732421875,7.221160888671875,90.67466735839842,2026-04-15
2026-04-15 11:00:00,-50.0,-36.08344268798828,-8.542198181152344,6.061553955078125,23.19237518310547,90.53366088867188,2026-04-15
2026-04-15 12:00:00,-50.0,-31.795974731445312,-8.399475097656252,14.985992431640623,29.84625244140625,136.8185882568359,2026-04-15
2026-04-15 13:00:00,-50.0,-66.41759490966797,-33.217491149902344,-11.73663330078125,22.770008087158203,129.7474136352539,2026-04-15
2026-04-15 14:00:00,-50.0,-61.020877838134766,-37.239315032958984,-11.60040283203125,44.84123611450195,133.9742317199707,2026-04-15
2026-04-15 15:00:00,-50.80974960327149,-86.43671417236328,-53.98509216308594,-26.28045654296875,17.88134002685547,123.29067993164062,2026-04-15
2026-04-15 16:00:00,-53.73550033569336,-97.04278564453125,-60.11785125732421,-22.13995361328125,45.398109436035156,163.7548370361328,2026-04-15
2026-04-15 17:00:00,-51.780250549316406,-140.23580169677734,-83.74726486206055,-10.8564453125,31.355621337890625,165.37057495117188,2026-04-15
2026-04-15 18:00:00,-32.40224838256836,-145.12149810791016,-85.57526779174805,-6.28790283203125,45.08869934082031,172.23599243164062,2026-04-15
2026-04-15 19:00:00,-30.43824958801269,-85.31047821044922,9.403511047363267,40.10374450683594,70.81629943847656,130.8230743408203,2026-04-15
2026-04-15 20:00:00,11.18274974822998,-101.60505676269531,-33.550071716308594,36.92387390136719,104.29144287109375,263.8260498046875,2026-04-15
2026-04-15 21:00:00,-22.902999877929688,-70.74079132080078,-7.560699462890625,48.03131103515625,77.15513610839844,177.95323181152344,2026-04-15
2026-04-15 22:00:00,110.2614974975586,-118.3638687133789,-47.93016815185547,-2.009552001953125,38.74464416503909,193.86375427246094,2026-04-15
2026-04-15 23:00:00,302.1397399902344,-48.3372802734375,34.18951416015625,62.66978454589844,95.09825134277344,171.4490509033203,2026-04-15
2026-04-16 00:00:00,360.0,108.64529418945312,161.08403778076172,178.79177856445312,211.47889709472656,324.9706268310547,2026-04-16
2026-04-16 01:00:00,295.0,152.6383514404297,211.38996124267578,237.50791931152344,271.23736572265625,317.0535125732422,2026-04-16
2026-04-16 02:00:00,437.5,231.33191680908203,279.27278900146484,303.3942565917969,329.18748474121094,389.4381866455078,2026-04-16
2026-04-16 03:00:00,559.5,186.31492233276367,251.28028106689453,287.460693359375,310.4850311279297,411.0877990722656,2026-04-16
2026-04-16 04:00:00,335.0,175.94989013671875,217.77184677124023,274.4435119628906,305.1496124267578,417.18444061279297,2026-04-16
2026-04-16 05:00:00,332.5,230.54141998291016,258.65283966064453,312.0765380859375,343.56800842285156,390.3207550048828,2026-04-16
2026-04-16 06:00:00,300.0,314.8485336303711,336.7543640136719,356.2208251953125,409.26902770996094,484.7195053100586,2026-04-16
2026-04-16 07:00:00,255.833251953125,210.64414978027347,231.26924133300784,247.1086578369141,270.1673774719238,405.9400329589844,2026-04-16
2026-04-16 08:00:00,310.0,40.0755615234375,53.92676544189453,63.51432800292969,75.97736358642578,176.63645935058594,2026-04-16
2026-04-16 09:00:00,265.0,-4.808967590332035,17.702491760253903,28.72763061523437,39.841224670410156,140.96119689941406,2026-04-16
2026-04-16 10:00:00,265.0,21.34785461425782,33.11392211914063,41.87838745117188,53.81363677978516,166.4980010986328,2026-04-16
2026-04-16 11:00:00,277.5,10.937446594238281,22.703147888183594,30.59527587890625,37.38811492919922,56.318267822265625,2026-04-16
2026-04-16 12:00:00,165.0,-16.791725158691406,-6.174362182617186,6.760650634765625,15.85527801513672,123.75618743896484,2026-04-16
2026-04-16 13:00:00,40.0,-15.258956909179688,-3.467559814453125,3.669189453125,9.330230712890625,140.2536849975586,2026-04-16
2026-04-16 14:00:00,-50.0,-35.109031677246094,-22.16362762451172,-12.787109375,-5.839981079101564,14.467765808105469,2026-04-16
2026-04-16 15:00:00,-50.0,-41.341148376464844,-29.732910156250007,-23.07403564453125,-11.812416076660158,87.3879623413086,2026-04-16
2026-04-16 16:00:00,-50.0,-42.972557067871094,-27.28729248046875,-16.518310546875,1.2052688598632812,81.3554153442383,2026-04-16
2026-04-16 17:00:00,-49.33324813842773,-5.8224639892578125,13.822479248046875,25.23388671875,52.8672981262207,148.08889770507812,2026-04-16
2026-04-16 18:00:00,-44.22124862670898,30.899490356445312,48.21855926513672,67.68327331542969,138.9080352783203,195.26971435546875,2026-04-16
2026-04-16 19:00:00,-49.75,30.413322448730455,69.92656326293944,137.58599853515625,167.73887634277344,239.07149505615234,2026-04-16
2026-04-16 20:00:00,5.803999900817871,-60.188934326171875,29.360015869140625,51.90037536621094,76.59701538085938,146.01312255859378,2026-04-16
2026-04-16 21:00:00,-51.760250091552734,-55.03227996826172,-27.610557556152344,34.25213623046875,67.0185546875,140.49314880371094,2026-04-16
2026-04-16 22:00:00,-51.16875076293945,-34.50732421875,29.365333557128906,56.39453125,92.67786407470703,176.8841781616211,2026-04-16
2026-04-16 23:00:00,73.0,-26.64226531982422,51.954139709472656,85.22567749023438,115.22032165527344,207.66807556152344,2026-04-16
2026-04-17 00:00:00,116.19100189208984,-88.08656311035156,-52.07171630859375,17.45086669921875,44.53479766845702,126.21846771240234,2026-04-17
2026-04-17 01:00:00,239.75,-111.55319213867188,-69.06220245361328,-3.331451416015625,39.55091094970703,116.68692779541018,2026-04-17
2026-04-17 02:00:00,397.5,-95.02677154541016,-37.657894134521484,19.12811279296875,53.56237030029297,166.3450698852539,2026-04-17
2026-04-17 03:00:00,-37.5,-127.60639953613281,-72.04126358032227,7.190032958984375,37.378456115722656,124.42650604248047,2026-04-17
2026-04-17 04:00:00,-50.0,-140.84674835205078,-72.67761993408205,0.157440185546875,28.571594238281236,98.31788635253908,2026-04-17
2026-04-17 05:00:00,17.5,-93.65276718139648,-57.38153457641601,0.23931884765625,66.72479629516602,145.87912368774414,2026-04-17
2026-04-17 06:00:00,20.795499801635746,-59.13861846923828,-16.61736297607422,8.92242431640625,106.76280212402344,203.15106201171875,2026-04-17
2026-04-17 07:00:00,45.0,-85.82769012451172,-49.61710357666016,8.614837646484375,74.3346176147461,184.0787048339844,2026-04-17
2026-04-17 08:00:00,-50.0,-57.05645751953125,-33.063873291015625,-17.497772216796875,25.44997787475586,118.12408447265625,2026-04-17
2026-04-17 09:00:00,-50.0,-81.30118560791016,-47.325706481933594,-25.15228271484375,6.6530914306640625,116.62684631347656,2026-04-17
2026-04-17 10:00:00,-50.0,-56.07677459716797,-33.94371795654297,-20.17950439453125,5.334827423095707,136.46070098876953,2026-04-17
2026-04-17 11:00:00,-50.0,-50.60194396972656,-34.45085906982422,-15.450592041015623,1.3067779541015643,118.00962829589844,2026-04-17
2026-04-17 12:00:00,-50.0,-57.88398742675781,-43.95225524902344,-24.889068603515625,-17.067970275878906,10.000980377197266,2026-04-17
2026-04-17 13:00:00,-50.0,-62.881614685058594,-49.76787567138672,-35.68707275390625,-24.827239990234375,12.688228607177734,2026-04-17
2026-04-17 14:00:00,-50.0,-67.89498901367188,-47.75160217285156,-38.02471923828125,-26.689666748046875,80.51924896240234,2026-04-17
2026-04-17 15:00:00,-50.0,-55.126251220703125,-41.97987365722656,-33.0311279296875,-20.331161499023438,74.20656585693361,2026-04-17
2026-04-17 16:00:00,-49.16450119018555,-62.44303894042969,-42.73893737792969,-29.394683837890625,-9.368553161621094,141.9066162109375,2026-04-17
2026-04-17 17:00:00,289.3160095214844,131.1424789428711,143.1671905517578,159.37310791015625,178.65782928466797,287.22928619384766,2026-04-17
2026-04-17 18:00:00,182.5,182.77351379394528,200.86188507080075,217.5814514160156,240.56195068359372,334.5654525756836,2026-04-17
2026-04-17 19:00:00,158.87750244140625,193.1209259033203,216.34823608398438,228.79229736328125,244.95045471191406,369.0312271118164,2026-04-17
2026-04-17 20:00:00,16.036500930786133,185.65007019042966,212.77713775634763,225.76596069335935,248.05318832397458,352.5691986083984,2026-04-17
2026-04-17 21:00:00,-8.5,92.6010971069336,115.09222412109375,132.8013458251953,150.24724197387695,245.58164978027344,2026-04-17
2026-04-17 22:00:00,-50.30149841308594,20.642005920410156,45.553504943847656,62.1767578125,92.20330810546875,193.60601043701172,2026-04-17
2026-04-17 23:00:00,-52.20600128173828,-0.6261520385742116,32.10694885253906,57.01722717285156,134.2132568359375,218.83050537109375,2026-04-17
